,userName,userImage,content,score,thumbsUpCount,reviewCreatedVersion,at,Unnamed: 0,Unnamed: 0.1,Unnamed: 0.1.1,Unnamed: 0.1.1.1,Unnamed: 0.1.1.1.1,Unnamed: 0.1.1.1.1.1,Unnamed: 0.1.1.1.1.1.1,Unnamed: 0.1.1.1.1.1.1.1
1,andre poeira,https://lh3.googleusercontent.com/-a3X4CNwN5Qc/AAAAAAAAAAI/AAAAAAAAAAA/ACHi3rfZ-MpLS8nE4qeTYaKhUpyVqa42Hw/photo.jpg,What can I say? Number one. The most! Fine game!!!!,5,46,3.51,2020-02-13 07:05:49,,,,,,,,
2,Um usuário do Google,https://lh3.googleusercontent.com/EGemoI2NTXmTsBVtJqk8jxF9rh8ApRWfsIMQSt2uE4OcpQqbFu7f7NbTK05lx80nuSijCz7sc3a277R67g,Podiam dar mais créditos grátis. Top,5,15,3.51,2020-02-12 21:59:26,,,,,,,,
3,Rossana Lima,https://lh3.googleusercontent.com/--6PN49Y_u1I/AAAAAAAAAAI/AAAAAAAAAAA/ACHi3rclxRUu6KX6uppv_hvEV8QTGTx8vQ/photo.jpg,"Magnifico , Perfeito e Maravilhoso um verdadeiro Show💕💕💕💕💕💕💕💕💕",5,34,3.51,2020-02-12 19:58:13,,,,,,,,
4,cristina sousa,https://lh3.googleusercontent.com/a-/AAuE7mBclbXZo905CwE3iqEEv9aCkmMGR3CL6QLfXDxX,Gosto....mas o jogo faz de tudo para zerar suas moedas...fazendo vc comprar mais e perder mais....uma pena,1,0,3.51,2020-02-12 19:49:18,,,,,,,,
5,Um usuário do Google,https://lh3.googleusercontent.com/EGemoI2NTXmTsBVtJqk8jxF9rh8ApRWfsIMQSt2uE4OcpQqbFu7f7NbTK05lx80nuSijCz7sc3a277R67g,"ótimo demais goste muito, muito bom 👍",5,1,3.50,2020-02-12 17:50:38,,,,,,,,
6,Tiago Luis Felgueiras Geraldes,https://lh3.googleusercontent.com/-OmRI8htt-Bs/AAAAAAAAAAI/AAAAAAAAAAA/ACHi3rdD8-eiLo14QL817vtD5PUcyk7sSQ/photo.jpg,Prêmios baixos e muito tempo de espera entre os bonus.,3,0,3.51,2020-02-12 16:14:07,,,,,,,,
7,Pedro Correia,https://lh3.googleusercontent.com/-olN_HA2vP74/AAAAAAAAAAI/AAAAAAAAAAA/ACHi3rdFK9xA-xDKMv3yaRVRwsUnxSNu1g/photo.jpg,Very good,5,0,3.51,2020-02-12 13:17:08,,,,,,,,
8,Ana Maria Souza,https://lh3.googleusercontent.com/-aIP7iA_lolo/AAAAAAAAAAI/AAAAAAAAAAA/ACHi3reRzCViU8q_Ng_cO0Jkwn2RrnMzrg/photo.jpg,Estou totalmente maravilhada.,4,32,3.51,2020-02-11 21:35:03,,,,,,,,
9,maria isalina mendonça moreira,https://lh3.googleusercontent.com/a-/AAuE7mASTa00mH5CIG2XINkIg_4pPX-kJQBNXh45PK21,Muito bom! Divertido!,5,2,3.50,2020-02-10 04:27:35,,,,,,,,
10,Um usuário do Google,https://lh3.googleusercontent.com/EGemoI2NTXmTsBVtJqk8jxF9rh8ApRWfsIMQSt2uE4OcpQqbFu7f7NbTK05lx80nuSijCz7sc3a277R67g,o mekhor jogo de cassino que ja joguei,5,1,3.50,2020-02-08 21:04:46,,,,,,,,
11,Nuno Silva,https://lh3.googleusercontent.com/a-/AAuE7mAbsCnPcLPFrcQ1EYe5seaaFeBEWELXQJr-CKQVbw,Bom jogo,5,5,3.50,2020-02-07 15:45:53,,,,,,,,
12,Roselene Linden,https://lh3.googleusercontent.com/-epCxgSPTyDI/AAAAAAAAAAI/AAAAAAAAAAA/ACHi3rckLqtWI-YoBZalBwkF6rgchQmzXQ/photo.jpg,Excelente! Muitos jogos interessantes e várias opções de moedas grátis. Adoro House of Fun!!🌟🌟🌟🌟🌟,5,23,3.50,2020-02-06 20:58:44,,,,,,,,
13,Estores JCosta,https://lh3.googleusercontent.com/a-/AAuE7mBFoYrhP2ycBXLYjEXxHV06xDGVovYfk-gh8TsJRg,Nice,5,0,3.50,2020-02-06 17:52:25,,,,,,,,
14,Helder Pereira,https://lh3.googleusercontent.com/a-/AAuE7mDdYzEJflGoIN916rJj0viWy_P3Pm0yGM0PVIkQbQ,MUITO bom,5,0,3.48.1,2020-02-05 14:39:48,,,,,,,,
15,Enzo Gabriel Almeida,https://lh3.googleusercontent.com/-u2XqrKHZk54/AAAAAAAAAAI/AAAAAAAAAAA/ACHi3rcKC6Z0TzGyVibj9oN5fDU455oRZw/photo.jpg,Muito bom mais muito pouca moeda,5,0,3.50,2020-02-02 18:35:07,,,,,,,,
16,Luiz Carlos Lula,https://lh3.googleusercontent.com/a-/AAuE7mDEP-oDtGjMaAqdIpu3gE2WSwTxfusAi0T3Jyz_,Bom,5,0,3.50,2020-02-01 23:38:11,,,,,,,,
17,Jose Augusto Oliveira,https://lh3.googleusercontent.com/-H2EMDNsKwSk/AAAAAAAAAAI/AAAAAAAAAAA/ACHi3rc94SEzWK6Q9EgbMEtomLJDOU-uiQ/photo.jpg,Voce gasta muito não ganha nada e melhor aproveitar o dinheiro para um cassino,5,0,3.48.1,2020-02-01 10:30:36,,,,,,,,
18,Maria Duarte,https://lh3.googleusercontent.com/-leI36Kjt3Jw/AAAAAAAAAAI/AAAAAAAAAAA/ACHi3reuRURsXa43PhZvh7PmpDznBtZTOg/photo.jpg,Preciso de mais moedas gratis,5,0,3.48.1,2020-01-31 18:10:12,,,,,,,,
19,David Cavaco,https://lh3.googleusercontent.com/-Lf7MzhIk9Kc/AAAAAAAAAAI/AAAAAAAAAAA/ACHi3rdWjh8yyVEg1l5W0gxwoBZfmAtlJQ/photo.jpg,"Espectacular, muito bom",5,8,3.50,2020-01-29 19:54:11,,,,,,,,
20,Catarina Nabais,https://lh3.googleusercontent.com/a-/AAuE7mCugVJUMTp0HNC_zuDGZ12t__w44WcMlKUsGZdk4Q,Simple the best,5,6,3.48.1,2020-01-26 22:27:58,,,,,,,,
21,Pedro Santos,https://lh3.googleusercontent.com/-tymt1fQgW3Q/AAAAAAAAAAI/AAAAAAAAAAA/ACHi3rdOTFbRN-1dFR-IzFfgCRXuJrshwA/photo.jpg,Excelente,5,0,3.48.1,2020-01-26 19:47:36,,,,,,,,
22,António Batista,https://lh3.googleusercontent.com/a-/AAuE7mBc2qnBN2PJ1j69Vue8k9FRY1bjR_GNG-qE9Us7Zw,I LOVE THIS GAME,5,0,3.48.1,2020-01-24 15:08:24,,,,,,,,
23,Maria da Graca Sacramento,https://lh3.googleusercontent.com/-N3D3mp4EIOA/AAAAAAAAAAI/AAAAAAAAAAA/ACHi3rd0fGuccVponF_v5JnzdRSLa2Teng/photo.jpg,Great game!,5,0,3.48.1,2020-01-23 21:40:11,,,,,,,,
24,Um usuário do Google,https://lh3.googleusercontent.com/EGemoI2NTXmTsBVtJqk8jxF9rh8ApRWfsIMQSt2uE4OcpQqbFu7f7NbTK05lx80nuSijCz7sc3a277R67g,O jogo é muito bom pena que dá poucos bônus,5,1,3.48.1,2020-01-23 19:10:48,,,,,,,,
25,Binho Gonzalez,https://lh3.googleusercontent.com/a-/AAuE7mBDtXFcAXEYqdsrq8ZAnt1l2IVc0RNnHHP3Tp6C-w,bom muito bom,5,0,3.48.1,2020-01-23 17:13:52,,,,,,,,
26,Eliane e djulia,https://lh3.googleusercontent.com/a-/AAuE7mCRuDSWKSge1pU456m2Foh534FfvXW4QyShkCzX,Adorei,5,0,,2020-01-22 23:22:29,,,,,,,,
27,Maria Joao Mendes,https://lh3.googleusercontent.com/a-/AAuE7mD6wjUfyr3PMQG_tppBR2U-mim0hTyXx_3yac23,adoro,5,5,3.48.1,2020-01-22 14:15:12,,,,,,,,
28,Aldair Ferreira,https://lh3.googleusercontent.com/-ZgUayttOlYA/AAAAAAAAAAI/AAAAAAAAAAA/ACHi3rdc2Bcs_c72Yol-E6_8YNqBmc3ARQ/photo.jpg,Muito bom,5,0,3.48.1,2020-01-22 09:00:28,,,,,,,,
29,Márinho Outlaw,https://lh3.googleusercontent.com/a-/AAuE7mCSRncpJnNXrKhVXFvCuIWmpJY9Msj2R87mfiSo,Top,5,0,3.48.1,2020-01-20 19:35:50,,,,,,,,
30,Sergio Dias,https://lh3.googleusercontent.com/-9NkDwA5oyUM/AAAAAAAAAAI/AAAAAAAAAAA/ACHi3rcHfZahR821zAL6giSQpGg4vBkuhA/photo.jpg,Show,4,0,3.48.1,2020-01-20 04:47:30,,,,,,,,
31,Um usuário do Google,https://lh3.googleusercontent.com/EGemoI2NTXmTsBVtJqk8jxF9rh8ApRWfsIMQSt2uE4OcpQqbFu7f7NbTK05lx80nuSijCz7sc3a277R67g,500 500,5,4,3.48.1,2020-01-19 17:37:22,,,,,,,,
32,Um usuário do Google,https://lh3.googleusercontent.com/EGemoI2NTXmTsBVtJqk8jxF9rh8ApRWfsIMQSt2uE4OcpQqbFu7f7NbTK05lx80nuSijCz7sc3a277R67g,Adoro ! Aconselho a todos!!!! Espectacular Amazimg!!#😄😄😄Recomendo👍,5,57,3.48.1,2020-01-19 17:06:15,,,,,,,,
33,Daniel de Assiz,https://lh3.googleusercontent.com/a-/AAuE7mAvwH1WerwFJpXiY_iMAGfTfyaPwgESqf9FFDCZ,"Bom jogo! Poderia dar mais chances de ganho de acordo com o nível. Quanto maior o nível, mais chances de jackpot.",4,15,3.48.1,2020-01-19 01:57:52,,,,,,,,
34,Sergio Cirumbolo,https://lh3.googleusercontent.com/a-/AAuE7mDZtMijwO3ZTLc8GVFP5piP8y4wbdzxNMWxaELI,Ótimo jogo,5,0,,2020-01-18 17:05:54,,,,,,,,
35,Um usuário do Google,https://lh3.googleusercontent.com/EGemoI2NTXmTsBVtJqk8jxF9rh8ApRWfsIMQSt2uE4OcpQqbFu7f7NbTK05lx80nuSijCz7sc3a277R67g,Para me desestressar jogo house of fun,5,0,3.48.1,2020-01-16 20:04:12,,,,,,,,
36,Tania Canuto,https://lh3.googleusercontent.com/-kYuwRK_4WZs/AAAAAAAAAAI/AAAAAAAAAAA/ACHi3repP4GdRDqFHlCHJb8Fh7RaIva4mA/photo.jpg,Exelente,5,1,3.48.1,2020-01-16 18:31:47,,,,,,,,
37,Hugo Oliveira,https://lh3.googleusercontent.com/-o12fCqWcOvI/AAAAAAAAAAI/AAAAAAAAAAA/ACHi3rdYymhd5sKwtCnvsX0n3sQiWlSS1A/photo.jpg,Muito bom,5,0,,2020-01-16 18:22:22,,,,,,,,
38,Fernando Ribeiro,https://lh3.googleusercontent.com/-vBKUgPSF9J0/AAAAAAAAAAI/AAAAAAAAAAA/ACHi3reKTF_JY9agkWjzX7Dr7JmwEluxcg/photo.jpg,Muito divertido,5,0,3.48.1,2020-01-15 19:48:04,,,,,,,,
39,Fernanda Leme,https://lh3.googleusercontent.com/a-/AAuE7mB1UOhojDRSZBQKG1WBficptBrpYKIjEGGkoZlD,No começo achei ótimo jogo mais depois de um tempo jogando vc não ganha nada de bônus chega a gastar todas as moedas sem conseguir um bônus enfim vc sempre perde tudo,1,21,3.48.1,2020-01-14 20:23:52,,,,,,,,
40,Elderson Luis,https://lh3.googleusercontent.com/a-/AAuE7mCFMJJkDulg7xHpLd5HX-8gKgP1B8tAXNaf2gtS,Excelentes,4,0,3.48.1,2020-01-14 14:14:11,,,,,,,,
41,Mauricio Augusta,https://lh3.googleusercontent.com/a-/AAuE7mAGJmYuAbvQs3KAXOpR1kREGySyWXviuiwTSbQY,Nonos rápidos e não trava.,5,0,3.48.1,2020-01-14 06:48:39,,,,,,,,
42,Ricardo Magalhães,https://lh3.googleusercontent.com/-KWtriYkwEYY/AAAAAAAAAAI/AAAAAAAAAAA/ACHi3rcJRGp9Jg5C64fr2qL3abMW_IcoRw/photo.jpg,Excelent,5,0,3.48.1,2020-01-13 20:28:07,,,,,,,,
43,Marcia Ribeiro,https://lh3.googleusercontent.com/-rNBn33jaSA4/AAAAAAAAAAI/AAAAAAAAAAA/ACHi3rdhWVapDiNdKGG2AHP3Ixc2kbdP0w/photo.jpg,Jogo muito bom,5,0,3.48.1,2020-01-09 21:08:50,,,,,,,,
44,Herve Morandini Silva,https://lh3.googleusercontent.com/a-/AAuE7mBQqOfeSgL5fI8yLjkD8GTUEqti6TQIAD_De8cntdI,Bom divertido . .amei recomendo a todos idades não é problema vamos toca a baixar e divertem-se muito bom jogo,5,1,3.48.1,2020-01-09 13:54:47,,,,,,,,
45,Fifa 16 Souza,https://lh3.googleusercontent.com/a-/AAuE7mC7sG68Z9b8Ouq2AyPKHXbYBOJYCGX_VSfrTC-DcQ,Bom,2,0,,2020-01-09 06:56:09,,,,,,,,
46,Jaine Bortoli,https://lh3.googleusercontent.com/a-/AAuE7mDTay9VfoR6VJ7R_fW4QQa7rIstEYTKgbByUuzq,Bom,5,0,,2020-01-08 23:26:26,,,,,,,,
47,Daira maria da costa rosa Rosa,https://lh3.googleusercontent.com/-9oILdKeMVCc/AAAAAAAAAAI/AAAAAAAAAAA/ACHi3rezHhydcN8L-IZIsdWrsyzSVX1Jlw/photo.jpg,Por enquanto não da pra reclamar,5,0,3.48.1,2020-01-08 14:45:14,,,,,,,,
48,Isolete Silva,https://lh3.googleusercontent.com/a-/AAuE7mBSejxpnmLYvkPu6ldXvIu9sr36TI0QWWByE79qVQ,Top,5,0,3.48.1,2020-01-08 10:36:06,,,,,,,,
49,Urso Gamer,https://lh3.googleusercontent.com/a-/AAuE7mBgwPPOXw87_en6R20PcXZv1dd6zeQQoRZRsvOK,Ok,5,0,,2020-01-07 19:38:37,,,,,,,,
50,fs Oliveira,https://lh3.googleusercontent.com/-3t9p4MajVJ0/AAAAAAAAAAI/AAAAAAAAAAA/ACHi3rdU1o2eYLWUw-VgtGjQMG3u9l7a7Q/photo.jpg,Muito bom,5,0,3.48.1,2020-01-07 17:47:03,,,,,,,,
51,Um usuário do Google,https://lh3.googleusercontent.com/EGemoI2NTXmTsBVtJqk8jxF9rh8ApRWfsIMQSt2uE4OcpQqbFu7f7NbTK05lx80nuSijCz7sc3a277R67g,bombeir,4,0,3.48.1,2020-01-07 17:31:04,,,,,,,,
52,Agostinho Jorge,https://lh3.googleusercontent.com/-3IoEZwQakYY/AAAAAAAAAAI/AAAAAAAAAAA/ACHi3rcjIZnpPLiQCy3bUErQcG3VF3dD9g/photo.jpg,Ok,4,0,3.48.1,2020-01-05 13:53:27,,,,,,,,
53,Luiz Fernando Da Rosa,https://lh3.googleusercontent.com/-ph7jBfQH8j4/AAAAAAAAAAI/AAAAAAAAAAA/ACHi3reouZ8-ztjZ9jedavKOm-R9IBZq8w/photo.jpg,Bom jogo,5,0,3.48.1,2020-01-05 05:54:46,,,,,,,,
54,Marcio Passos,https://lh3.googleusercontent.com/a-/AAuE7mDAN97EofNM8l_wKrULM1fjnpYRwbjIg5vL7myf,Show,5,1,3.48.1,2020-01-04 17:53:07,,,,,,,,
55,Vitor Garcia,https://lh3.googleusercontent.com/-TYht2DkZZrY/AAAAAAAAAAI/AAAAAAAAAAA/ACHi3rd_6jbbSDrpohu_IMTZECjPqW8xuA/photo.jpg,É bom,5,0,3.48.1,2020-01-04 14:30:24,,,,,,,,
56,Artur Telo,https://lh3.googleusercontent.com/a-/AAuE7mDHCDwfRFtQo5_HvmeZPaOi-HZO-rmvJwICcFlOZA,Nice,5,0,3.48.1,2020-01-04 13:44:24,,,,,,,,
57,Um usuário do Google,https://lh3.googleusercontent.com/EGemoI2NTXmTsBVtJqk8jxF9rh8ApRWfsIMQSt2uE4OcpQqbFu7f7NbTK05lx80nuSijCz7sc3a277R67g,best,5,0,3.48.1,2020-01-04 09:09:35,,,,,,,,
58,JULIO JOSÉ Andrade,https://lh3.googleusercontent.com/-uyIvXOPG1Bc/AAAAAAAAAAI/AAAAAAAAAAA/ACHi3re-N4mQPAQi2XdvW5cYPb09dKqpmA/photo.jpg,"Então, os controladores das redes sociais, no ano passado, apagavam os vídeos para nao ver curtir ou talvez comentar até mesmo compartilhar, só que esse ano, continuam com a mesma coisa, muitas vezes, tentei entrar na página oficial do fundador do facebook, para denunciar todos. Infelizmente não consegui, aguardo uma solução, pois até saí definitivamente do facebook, por causa dessa paranoia desses controladores de ficarem apagando os vídeos . Inclusive, apagaram esse para eu denunci",5,0,,2020-01-03 05:16:10,,,,,,,,
59,Valdo Santos,https://lh3.googleusercontent.com/-NWzQfsmiQ3w/AAAAAAAAAAI/AAAAAAAAAAA/ACHi3rfRPhnGGuUdZhcZwExCI6eXWpdmYQ/photo.jpg,Muito bom .,5,0,3.43,2020-01-02 20:03:00,,,,,,,,
60,paulo marques,https://lh3.googleusercontent.com/a-/AAuE7mBIPhyhBIyfoRa98-3N0wXt_v4AiV4Z-OoUPPx0XQ,Muito bom......,5,18,3.47,2019-12-31 14:06:31,,,,,,,,
61,Carlos Vieira,https://lh3.googleusercontent.com/-8qF4FtG91uw/AAAAAAAAAAI/AAAAAAAAAAA/ACHi3rdfXGe2elNHwR3oTknfC5ZaulqNJQ/photo.jpg,Bom jogo,3,0,,2019-12-31 13:45:44,,,,,,,,
62,Reinaldo Dias,https://lh3.googleusercontent.com/-SbGj2vn14q4/AAAAAAAAAAI/AAAAAAAAAAA/ACHi3rd-Y9lK21iJI19MeWVuaAjsEY8IEg/photo.jpg,Excelente,3,0,,2019-12-31 09:58:58,,,,,,,,
63,Abraham Gonçalves,https://lh3.googleusercontent.com/-n7xmQdHEPpI/AAAAAAAAAAI/AAAAAAAAAAA/ACHi3rdGfxFGuF7-XQ41Pe4rOqkmua0vRA/photo.jpg,Bom passatempo.. Não se esqueçam de dar mais moedas..,5,0,3.47,2019-12-29 12:10:16,,,,,,,,
64,Hugo Pereira,https://lh3.googleusercontent.com/-ZZ3WkiA_AU8/AAAAAAAAAAI/AAAAAAAAAAA/ACHi3reoE225WlgGM2XwjiysQBN_-RSegg/photo.jpg,Nice,5,0,3.47,2019-12-29 11:47:08,,,,,,,,
65,Rafael Sebastião,https://lh3.googleusercontent.com/-r653bbQcTfw/AAAAAAAAAAI/AAAAAAAAAAA/ACHi3rf5KhqJpjA3u0JJ_C9UVA8RkhA6hQ/photo.jpg,É muito bom,5,0,3.47,2019-12-29 08:55:05,,,,,,,,
66,manuel mata,https://lh3.googleusercontent.com/--_bNn7XuXTA/AAAAAAAAAAI/AAAAAAAAAAA/ACHi3rc7SK9g1HcXpQz0UCKGWakiHvCZDg/photo.jpg,"Purchases always go wrong, but games are very good.",5,0,3.47,2019-12-28 07:18:35,,,,,,,,
67,Pedro Silva,https://lh3.googleusercontent.com/a-/AAuE7mBkVPYNXaOhz1dEDRHLOIJyTRcvAVERqWncWrpNBA,Gostei,5,0,3.47,2019-12-27 23:27:30,,,,,,,,
68,Adilson Leonardo De Souza Graeff,https://lh3.googleusercontent.com/a-/AAuE7mAVoPSkZSsaNs6wtgtnaZ3VYAqaZM7rcdteGt_kpw,Ótimo jogo,5,0,3.47,2019-12-27 17:24:35,,,,,,,,
69,rolando trafolha,https://lh3.googleusercontent.com/-sKb_JiAgas8/AAAAAAAAAAI/AAAAAAAAAAA/ACHi3retaCCciOJTgWjFzAvL292oX4fFhw/photo.jpg,Grande jogo,5,0,,2019-12-26 10:42:35,,,,,,,,
70,jose imperiano meira,https://lh3.googleusercontent.com/a-/AAuE7mAVEbLVoi2eNRamSXl-vxGJEDNPINzgzekCBhbfjQ,Isso é um tipo de jogo que eu particularmente detesto,1,0,3.47,2019-12-26 10:07:53,,,,,,,,
71,fortnitebrothers,https://lh3.googleusercontent.com/a-/AAuE7mD1YxznCFxKhNT0sHlWkK4ZWwo4_gJIMMRkuCVeeQ,Muito bom,5,0,3.47,2019-12-24 15:35:34,,,,,,,,
72,Joel Neto,https://lh3.googleusercontent.com/a-/AAuE7mCQlPYKC8ViovlX82V5p3sgdSq4Fb2HwMSJieTh,Best slots game so far tbh,5,0,3.47,2019-12-24 03:37:29,,,,,,,,
73,Jose Sergio Gonçalves,https://lh3.googleusercontent.com/-eY4Og6LSQsM/AAAAAAAAAAI/AAAAAAAAAAA/ACHi3rcl67Gb4yW8D1_ZhE6mFNEShWiK7Q/photo.jpg,Muito bom de se jogar,5,0,,2019-12-23 21:22:53,,,,,,,,
74,André Limeira,https://lh3.googleusercontent.com/-fJj3KA_2kTw/AAAAAAAAAAI/AAAAAAAAAAA/ACHi3rewfzQTdM2c-lrAmIdfGTMCHOWCFw/photo.jpg,110 reais por mês.. nunca vi isso... Não instalem!!!!!,1,0,,2019-12-23 15:50:34,,,,,,,,
75,Ana Casanova,https://lh3.googleusercontent.com/a-/AAuE7mCIr09zWptltpvyUM0s88U8YSuZUpZLbmKaIsU,Cool,3,0,3.47,2019-12-22 21:27:18,,,,,,,,
76,Joao Lopes,https://lh3.googleusercontent.com/-a-ZiK9dtBYM/AAAAAAAAAAI/AAAAAAAAAAA/ACHi3rdvXWlAZpGjcQdtddEffqgBcS6mrA/photo.jpg,Cool,5,0,3.47,2019-12-22 13:36:03,,,,,,,,
77,Joel Ferreira,https://lh3.googleusercontent.com/a-/AAuE7mDZJrKSZBhmf2ngxxB3CArN-VzOF7cGRnzsjY_Iug,Ótimo,5,0,3.47,2019-12-22 09:32:34,,,,,,,,
78,Erivaldo De Ramos,https://lh3.googleusercontent.com/a-/AAuE7mBXCgBZCyOwo7u1BfNSOM31EI15ZfKJNcVNk4Xt2Oo,Muito bom,5,0,3.47,2019-12-19 17:45:15,,,,,,,,
79,joao lopes,https://lh3.googleusercontent.com/-CfWMiL9GCiM/AAAAAAAAAAI/AAAAAAAAAAA/ACHi3reyYgtlTAPITdkNdK6gWP-gzNDfcA/photo.jpg,Muito fixe,5,0,3.47,2019-12-19 14:05:40,,,,,,,,
80,ricardomoura moura,https://lh3.googleusercontent.com/-V3gD7WOkNs8/AAAAAAAAAAI/AAAAAAAAAAA/ACHi3rfr5HS1GsiALzc3lfs7yzqxLutc1w/photo.jpg,Top,5,0,3.46,2019-12-19 10:30:13,,,,,,,,
81,rui pestana,https://lh3.googleusercontent.com/a-/AAuE7mASuFUdM4IMOQL_zDC_-4EEQBDurCEMxgUmGecDIQ,Tenho uma coisa ladroes o jogo e manipulado completamente nem vale a pena so da quando querem ladroes ladroes ladroes.... Nem merecem se quer estrelas a desinstalar ladroes,1,19,3.46,2019-12-18 21:52:14,,,,,,,,
82,Maneecas Junior,https://lh3.googleusercontent.com/a-/AAuE7mB7W4xlJDjJ6NqSd1h6hbwk5Ycs8boBETZki0Ff,Bacana,5,0,3.47,2019-12-18 06:33:01,,,,,,,,
83,Luis Filipe Espirito Santo,https://lh3.googleusercontent.com/-klV_SDR0YqY/AAAAAAAAAAI/AAAAAAAAAAA/ACHi3rc9Nlt4f3GdqHpzEuvgRPujHHlDHw/photo.jpg,Fixe,4,0,3.46,2019-12-17 17:43:50,,,,,,,,
84,Robinson Benedito Caruso pinto,https://lh3.googleusercontent.com/-PfkePjnkX6w/AAAAAAAAAAI/AAAAAAAAAAA/ACHi3rf4s-yTC89kFPuNUJWCntEDzzS8nQ/photo.jpg,"Agora já deu,esse jogo só come créditos,pondo credito pago ou grátis continua a mesma coisa.esta uma droga melhores esse jogo. Por favor me responda em português,eu não entendo inglês.obrigado",2,1,3.39,2019-12-16 23:17:51,,,,,,,,
85,Ana Chapelas,https://lh3.googleusercontent.com/-vHUSsNxAmO0/AAAAAAAAAAI/AAAAAAAAAAA/ACHi3rduIfqD0fG3ovkCY6YNlpdpSFe2jw/photo.jpg,Boa adoro este jogo,5,0,3.46,2019-12-16 07:21:24,,,,,,,,
86,Sérgio Ventura,https://lh3.googleusercontent.com/a-/AAuE7mD0SLAtJKmiaQug-FS6BxWfy8ZtymQ8M6vDCJUg,Senao dava 5 estrelas,4,26,3.46,2019-12-13 01:03:13,,,,,,,,
87,joao fonseca,https://lh3.googleusercontent.com/-mgCNcXrL0RE/AAAAAAAAAAI/AAAAAAAAAAA/ACHi3rdlyhZKVQx1XpsDn-TLzT2AnJuYoQ/photo.jpg,Brutal,5,4,3.46,2019-12-12 19:30:49,,,,,,,,
88,sónia pereira,https://lh3.googleusercontent.com/a-/AAuE7mDUGHX8_nwZxVYTV90gevx7zOXQxWa-94I2hWMF,Muito bom,5,0,3.46,2019-12-12 09:07:30,,,,,,,,
89,Devils Razor,https://lh3.googleusercontent.com/a-/AAuE7mA416eFIXnyylPcpyIsl_T-CNzZT2pZKpGr9QY2xw,Bom,5,0,3.46,2019-12-11 22:02:42,,,,,,,,
90,Ricardo Martins,https://lh3.googleusercontent.com/-rNeRG2eLMgg/AAAAAAAAAAI/AAAAAAAAAAA/ACHi3reeDoCH2tJqq9uCuFehrI5O3Dq3KQ/photo.jpg,Very nice,5,0,3.46,2019-12-10 23:48:27,,,,,,,,
91,AGENT'S FIRE DO BRASIL,https://lh3.googleusercontent.com/a-/AAuE7mBssvXjejhNzjpiV7xJlA4ufgzcVP0HbM93l17h,Ótimo pena que os prêmios são baixos,5,0,3.46,2019-12-10 19:35:47,,,,,,,,
92,Geovanareissantos Santos,https://lh3.googleusercontent.com/-vOGGnzw-ieg/AAAAAAAAAAI/AAAAAAAAAAA/ACHi3rfVdeeyiHJzLPmIvoku7wH8oWULwA/photo.jpg,"Muito pouco denheiro, não gostei",2,0,,2019-12-10 18:46:31,,,,,,,,
93,Joao Mendes,https://lh3.googleusercontent.com/-0p7OndDo3JU/AAAAAAAAAAI/AAAAAAAAAAA/ACHi3rfoFeDJPjy_nJpHs0D2qqISKjV_pg/photo.jpg,Muito fixe..,5,0,3.46,2019-12-10 14:49:39,,,,,,,,
94,Elcio ramos da silva,https://lh3.googleusercontent.com/a-/AAuE7mAhSqEU61kRa5yzXi7NPKSPOAQIGegBvEQ9FA3DpCU,Muito bom gostei muito,5,0,3.46,2019-12-10 08:41:38,,,,,,,,
95,Maria Juana de Paula,https://lh3.googleusercontent.com/a-/AAuE7mDXUW2YUxJi_AQxF5bKqFLbP7kXW-HJvNSZovM,"Continue assim, muito bom, obrigado",5,1,3.46,2019-12-08 19:04:08,,,,,,,,
96,Daniel Paulo Da Silva Franche,https://lh3.googleusercontent.com/-jpk7e_cFfx0/AAAAAAAAAAI/AAAAAAAAAAA/ACHi3rcx8AY8WhL5OghrPw788kVYqioxHg/photo.jpg,Muito Divertido!,5,0,3.45,2019-12-08 02:29:32,,,,,,,,
97,Antôniocarlosribeiro Ribeiro,https://lh3.googleusercontent.com/-EIkMcbeU38I/AAAAAAAAAAI/AAAAAAAAAAA/ACHi3rcqpDyoR1MDmJP0wS_8EgsPnzLHsQ/photo.jpg,Muito boa,5,0,,2019-12-07 15:17:58,,,,,,,,
98,Mara Goncalves,https://lh3.googleusercontent.com/-1kPy_PiBS20/AAAAAAAAAAI/AAAAAAAAAAA/ACHi3rflzspVaJcsCjz5UATY3fQNqGaBxQ/photo.jpg,Bom,5,0,,2019-12-07 12:30:56,,,,,,,,
