,userName,userImage,content,score,thumbsUpCount,reviewCreatedVersion,at
0,Raphael Sampaio,https://lh3.googleusercontent.com/a-/AOh14GiJdJlQ68L8QfaWkmvFDFezU-aQTb6JbfRQG6O1YNc,"O jogo é legal, tem a ideia de desenvolver seu exército e muralha, mas as ondas são curtas e o tempo de espera dos soldados é longo. Tirando isso, dá pra passar um bom tempo jogando tranquilamente.",3,7,1.4.43,2020-05-17 11:08:50
1,Mario Vieira Negro,https://lh3.googleusercontent.com/a-/AOh14GiOBkVNgdLESpqqfi0epK-ciFP-fjNYFLVqM7Zk,"é um bom jogo para quem quer se distrair, é simples de se jogar. É pá o jogo é bwé (bué) fixe, mas como de costume é necessário que tenhamos internet ou seja estarmos ligados sempre a uma rede WiFi para que possamos ganhar extra points.",4,9,1.4.44,2020-05-20 18:14:41
2,rosana rodrigues,https://lh3.googleusercontent.com/-roKmaNjtAMY/AAAAAAAAAAI/AAAAAAAAAAA/AMZuucn7hW62Ek8qVjHD2UB_LFywvGJUow/photo.jpg,Jogo é muito bom não tenho que falar ruim delealguém tem a nota baixa para esse jogo eu não sei se ela gosta de jogos porque é muito bom eu aconselho instalar a está jogo para todo mundo e leve e pode jogar em quase qualquer eu achei tudo que ele falou na capa do grupo tem nonão é mentiroso que tem algum jogo que posta uma coisa e no jogo é outra tipo da Márcia que é um jogo de escolha mas você tem que depois você ver que é um jogo de por isso que eu acho que ele é um melhor jogo depois do free,5,8,1.4.44,2020-05-21 10:23:33
3,Francisco Ailton,https://lh3.googleusercontent.com/a-/AOh14GjSIw6XhCMxjHy8OC_EuiGS1HSBn0suzBLoCskVvg,"Adorei o jogo! Gráficos simples mas jogabilidade boa. Apesar de compras para melhorar seu exército, vc pode conseguir moedas de forma simples também.",5,1,1.4.44,2020-05-22 12:18:00
4,Luis Eduardo Camargo,https://lh3.googleusercontent.com/a-/AOh14GjTLc8O-yxG8QpZFTnCBlwvh_jOogc2NUywL3U9rg,Muito bom! Alguns ajustes poderiam ser feitos no mecanismo de combate corpo a corpo mas em geral o jogo é muito bom e muito bem pensado!,4,1,1.4.41,2020-05-15 11:55:53
5,Lidiane Ferreira,https://lh3.googleusercontent.com/-z3gOPRBm6pY/AAAAAAAAAAI/AAAAAAAAAAA/AMZuucnkYO0MAChZaQ4FG1O6xyFsyIIuWw/photo.jpg,Esse jogo é um pouco chato por causa que é népor causa que a gente tem muita gente às vezes não tem dinheiro suficiente paraentão é muito difícil de passar nas coisas um bocado é muito mas para vocês saberem tudo não é fácil agora temos que saber como que vai fazer esse jogo porque ele é muito difícil ter muita fase,5,1,1.4.43,2020-05-17 10:27:13
6,Wagner Costa,https://lh3.googleusercontent.com/-3SNUQEexlpo/AAAAAAAAAAI/AAAAAAAAAAA/AMZuucm5E-Bvp2KrVu3wA42GB9IeL6uVTw/photo.jpg,Eu gosto de jogos de guerra o grafico do jogo não é dos melhores mas é bom ele não trava e tem variás missoes objetivos é um jogo de estrategia e precisão e muito legal,4,0,1.4.44,2020-05-31 11:32:26
7,Morgan Bertaiolli,https://lh3.googleusercontent.com/a-/AOh14GgFiHeBT5ssuc37AYiYwM_RAxYc4iVVxF48xSDHxQ,"O jogo é até divertido mas ganhar XP e Gold é bem difícil e XP é o mais difícil, quase não ganha xp demora MT tempo E MT rounds para upar... deveria dar o triplo de xp para diminuir em 50% a demora pra upar de lvl",1,0,1.4.43,2020-05-20 04:33:46
8,Dalton Marcondes,https://lh3.googleusercontent.com/-3HlSFvld428/AAAAAAAAAAI/AAAAAAAAAAA/AMZuuckmHCkRsq5PThtW2s3Wb4UUobKj0Q/photo.jpg,"Completei este jogo em cerca de 5 meses. Gostei das fases do jogo e dos desafios. Entretanto, fiquei surpreso pois não precisei desenvolver os últimos dois heróis e nem mesmo conseguir obter o espadachim cartagines. Desenvolvi plenamente os dois primeiros heróis (até o nível 100) e com eles e os todos os mercenários menos o último alcancei quase 90% do jogo. Para avançar além tive de desenvolver quase plenamente os outros dois heróis obtidos na sequência, pois só com eles consegui me defender.",5,128,1.4.39,2020-05-02 23:00:55
9,Joao Carlos Mendes,https://lh3.googleusercontent.com/-a_kwQu7Kg2w/AAAAAAAAAAI/AAAAAAAAAAA/AMZuuclgheCzj0F2sfYCeit-w3KPji6u8Q/photo.jpg,As unidades que são do Fortaleza deveria ficar posicionada onde o jogador determinar e não sair andando sozinhas. Ficando fora do reforço das torres e arqueiros.,2,1,1.4.43,2020-05-19 11:24:44
10,Simão Mestre,https://lh3.googleusercontent.com/-qybwgOAMRVU/AAAAAAAAAAI/AAAAAAAAAAA/AMZuuckulP8kmCrdboDsXACxy_KUHbKeOA/photo.jpg,Comecei a jogar há pouco tempo e o jogo é muito bom e viciante demais! Desde que comecei a jogar não quis parar. É muito fixe ver a cidade a evoluir e a experiência de conquistar as cidades é simplesmente demais. É os diferentes tipos de tropas e a mecânica das vantagens e desvantagens ficou muito bom. Para além de que o jogo é bem simples. Não encontrei nem um bug sequer. Recomendo muito este jogo.,5,89,1.4.39,2020-05-09 13:59:21
11,Billy Silva,https://lh3.googleusercontent.com/a-/AOh14GjpJJCbesOW9tyXCNmHncpMOL0XQl4YqdMjCItJ,"O jogo poderia te dar a opção de construir quarteis, edificios, tendas pra aumentar o tamanho do exercito, marcha, clima do tempo, estações, poderia ser parecido com Age of Empires, onde vc construia edificios, quarteis, coletava recursos para recrutar, pra lembrar um pouco os jogos desse genero que tem da microsoft pra pc, porém TUDO OFFLINE, busco um jogo assim nessa mesma pegada para android, mas infelizmente nao tem nenhum, ou tem porém é ONLINE.... Isso me decepciona.",3,96,1.4.39,2020-05-07 22:42:16
12,Vinicius de Lima,https://lh3.googleusercontent.com/a-/AOh14GjzJivm4AbgDsQQ9oDlTLZuNYdYN95fbxdKUo5QOw,"Não há muitos anúncios e bom para passar o tempo, mas se não tem paciência, não tente.",5,0,1.4.44,2020-05-26 11:05:34
13,Ricardo Viana,https://lh3.googleusercontent.com/-AiqknrqQlIk/AAAAAAAAAAI/AAAAAAAAAAA/AMZuucl4VC7GgqP2ZJx_0N1BxnEj5Ie1yg/photo.jpg,"Jogo muito bom, não tem propaganda e isso é vantagem. Mas o que não me fez dar 5 estrelas foi porque estou no nível alto (acima de 550) e demora muito para ganhar experiência (XP) e quando ganho só posso usar 3x. Sendo que tudo eu consigo evoluir, menos experiência. Meus guerreiros estão no nível máximo, consigo ganhar dinheiro colocando no banco e mesmo assim demora para ganhar XP e isso faz o jogo ficar um pouco chato.",4,48,1.4.37,2020-04-30 19:20:58
14,Marcos Santos,https://lh3.googleusercontent.com/-AWhQJCZELuQ/AAAAAAAAAAI/AAAAAAAAAAA/AMZuucn8CA92qTcFbQIjlyRNhUdFtAiL8g/photo.jpg,"O jogo é muito bom,viciante,só acho que poderia ter mais tipos de soldados rápido",5,1,1.4.43,2020-05-20 14:09:03
15,Márcia Helena,https://lh3.googleusercontent.com/-yeX8VqNn30k/AAAAAAAAAAI/AAAAAAAAAAA/AMZuuclXGYhE96Mm7FQGHuONMiKw5hLHMA/photo.jpg,Incrivelmente otimo!! Estou jogando a pouco tempo e não paro! Parabens aos desenvolvedores,5,0,1.4.41,2020-05-13 10:28:34
16,Robson Porteiro,https://lh3.googleusercontent.com/-ZDF2PMwlSqE/AAAAAAAAAAI/AAAAAAAAAAA/AMZuucnhJr0K1f--3qMBOJDq01qRc4qG6w/photo.jpg,Com nova versão ficou muito RUI porque agora está demorando carregar o soldado aí nós perde o jogo é também o anúncios atrabalhado nós jogos favor tirar este anúncio e colocar nosso soldado mais rápido obrigado.,1,2,1.4.44,2020-05-23 20:57:33
17,Renato Freitas,https://lh3.googleusercontent.com/-9annED8zNUA/AAAAAAAAAAI/AAAAAAAAAAA/AMZuuck8n8PfjUdzToeu3TZjPX1YfiWDjg/photo.jpg,"Muito legal mesmo, principalmente eu adorei mesmo os upgrades muito bom o jogo (eu viciei)",5,0,1.4.44,2020-05-29 10:19:23
18,Noe azzinian de andrade,https://lh3.googleusercontent.com/a-/AOh14GjNan6abYzvqshpUdzIfpOtW_T0Xw9ngMDtRVp6QA,jogo bom .poderia melhorar como aumentar o nivel mas rapido e as unidades de soldados,5,2,1.4.43,2020-05-18 17:39:46
19,Victor Oliveira,https://lh3.googleusercontent.com/-knqjxcqn7Gg/AAAAAAAAAAI/AAAAAAAAAAA/AMZuucnMYYvTafO_kgyA5lSZJmrlrIQciQ/photo.jpg,"Game muito bom! Apenas acho que para inovar poderiam colocar um sistema para controlar o seu herói ( andar, atacar com o jogador em seu controle) e também um sistema de editar seu exército ao conquistar uma colônia ( no meio da partida).",5,58,1.4.37,2020-04-26 16:32:18
20,Polyana Alexandre,https://lh3.googleusercontent.com/-XQUvkKYMd8g/AAAAAAAAAAI/AAAAAAAAAAA/AMZuucmncdy3B0ylcWyvc2gPC5yXsNBLVg/photo.jpg,O jogoe otimo e muito simples de se jogar mas ele e muito repetitivo e não tem muitos vilões.,4,0,1.4.44,2020-05-30 08:32:51
21,Lilian Albuquerque Carvalho de Lima Lilian,https://lh3.googleusercontent.com/-N_NWyQihgmw/AAAAAAAAAAI/AAAAAAAAAAA/AMZuuclpza_a7rTD4X3ZgVJMVWXfYCAtqA/photo.jpg,"Adorei, os controles são ótimos, e é muito legal",5,0,1.4.43,2020-05-18 21:23:30
22,Shobu Matsushita,https://lh3.googleusercontent.com/a-/AOh14GgF1IWnV5eO5E3sIeYwMuYmGEx9UBOX0vcCFcu7,"Simples, fácil e divertido, e poderia receber 5 estrelas se tivesse opção de repetir as ondas de ataque ou defesa, para poder acumular moedas e facilitar evolução dos soldados e armamentos.",3,95,1.4.30,2020-04-08 19:44:18
23,Áquila 2107 Romi,https://lh3.googleusercontent.com/-OfqP31LcHuM/AAAAAAAAAAI/AAAAAAAAAAA/AMZuucn27oWRP84Twbf4_77eX4ay8lxYZA/photo.jpg,"Precisa melhorar o gráfico, mais a jogabilidade é boa",3,0,1.4.43,2020-05-17 13:28:14
24,Pedro Francino Neto,https://lh3.googleusercontent.com/a-/AOh14GgubVcjQcy2DB07kLgGZAkGXjek2LX8kJmSomxtaQ,"Fácil jogabilidade, ótimo passa tempo! Super recomendo para crianças.",5,0,1.4.44,2020-05-23 19:57:38
25,Gabriel Santos,https://lh3.googleusercontent.com/a-/AOh14GiRCd037CmgE3gYLi5lRUqfkm8wvFeWswlMk0A,"Eu gosto muito de jogos de defender a torre e adm de recursos, esse é meio simples Mas a jogabilidade é muito boa e atendeu mais do que bem as minhas expectativas!",5,27,1.4.39,2020-05-05 04:09:29
26,scorpio br,https://lh3.googleusercontent.com/-YIPZwDXvmfg/AAAAAAAAAAI/AAAAAAAAAAA/AMZuucl9KRrw2q21Q15Oe8DatJ4hSP3gww/photo.jpg,o jogo até que é legal mas depois dessas atualizações o jogo piorou agora tem que comprar os mercenários e os heróis com gemas por favor tirem isso de melhorar os heróis com gemas,2,2,1.4.41,2020-05-09 19:55:55
27,Carlos Couto,https://lh3.googleusercontent.com/a-/AOh14GiUMqY1KJ808cN7GLdWJKtTJXf1nCU3_Zbm6jyU,"Acho o gráfico simples, e nao temos muito comandos, mas é legal!",3,0,1.4.44,2020-05-24 06:57:53
28,Vinícius Rodrigues Vieira,https://lh3.googleusercontent.com/-h0vtAUP0rmU/AAAAAAAAAAI/AAAAAAAAAAA/AMZuucmDmfbswOaI10Sb4RzFBeB9TXDWmQ/photo.jpg,O jogo é muito bom mais o preço dos upgrades é muito alto. Tirando o jogo é muito bom,4,2,1.4.41,2020-05-10 09:04:44
29,Nilva Marciana,https://lh3.googleusercontent.com/-QsiFWnibXCI/AAAAAAAAAAI/AAAAAAAAAAA/AMZuucmz83XRkZGVt53qyCZX1AB0d3TWPw/photo.jpg,super legal eu gostei causa que tem espadas essas outras coisas eu amei e também foi muito bom bom e também esse é o melhor jogo tem você pode autorizar seus soldados outras,5,0,1.4.43,2020-05-16 16:06:30
30,Regina Benayon,https://lh3.googleusercontent.com/-BrdVBczRxK8/AAAAAAAAAAI/AAAAAAAAAAA/AMZuucmsfvLZl4lopEpcyCeMJCUM4bLNTg/photo.jpg,E muito bom eu só garoto tô só tô aproveitando a quarentena estudando e jogando então esse jogo e tópicos muito tópicos ele é muito bom se vc instala vc vai ver,5,0,1.4.41,2020-05-11 00:36:08
31,Vanessa Arruda,https://lh3.googleusercontent.com/-ZPkSvtSNhvQ/AAAAAAAAAAI/AAAAAAAAAAA/AMZuucm-Jy4GwDCBaAj14NgqXFb42dbX8Q/photo.jpg,melhor jogo mas é difícil para mim eu tô melhorando Fortaleza aí tem uma fortaleza que tem muitos caras aí eu não consigo derrotar aí quando eu mostro o meus melhores saudades eu compro aí eu não consigo nem ganhar essa foto a letra porque essa Fortaleza é muito Pô mais eu jogo é bom demais,5,56,1.4.37,2020-04-20 10:07:22
32,Felipe Araujo,https://lh3.googleusercontent.com/-XZT6nU9VBPA/AAAAAAAAAAI/AAAAAAAAAAA/AMZuucl6PtqJtrB37ybCHW1dtpodpxqziQ/photo.jpg,"Simples, fácil de entender, muito divertido, recomendo muito a jogarem",5,0,1.4.44,2020-05-27 12:52:05
33,Diosney Gonçalves,https://lh3.googleusercontent.com/a-/AOh14Ggp4FAKCJwaMulvcZEqCpZJst18gENQC8NQOun89A,"Tirando as propagandas e custo alto pra tirar elas, é um jogo muito bom e não é super repetitivo.",5,5,1.4.39,2020-05-03 13:26:52
34,SenkuDeku_ff YT,https://lh3.googleusercontent.com/a-/AOh14GjoaIiHkBkliuHN6Czcq12XIfAv4lQpk30Ar4Xl,"o jogo é muito bom, Poucos anúncios, sem exagero, bem equilibrado, muito bom mesmo.",5,0,1.4.41,2020-05-12 10:13:43
35,Danieu Carlinda,https://lh3.googleusercontent.com/-KTMsNtJjxSM/AAAAAAAAAAI/AAAAAAAAAAA/AMZuucmE084mG6Z0j3TyZ7zcjTMJZQPIdg/photo.jpg,Cara eu recomendo todos abaixar esse jogo e muito bom eu com deis dias consegui a muralha de pedra e trez torre de pedra e já to na segunda legião do jogo🙋👍😂 vamos jogar para se destrair a querentena e fique em casa e se for sair pra resolver poblema serios use máscara meu nome é Daniel e tenho 11 anos,5,7,1.4.39,2020-05-05 11:11:46
36,Brenoo Oliveira,https://lh3.googleusercontent.com/-OO9skgeYYgY/AAAAAAAAAAI/AAAAAAAAAAA/AMZuucnZpGGaoul8_-6mB2JDvjfB1vhnBA/photo.jpg,"O jogo é bom, eu gosto, mas devia ter a opção entrar pelo Facebook ou pelo Google porque a pessoa crescer no jogo gasta muito tempo e depois pega outro celular e tem que começar do zero de novo.",4,3,1.4.39,2020-05-03 22:07:40
37,kauan plays br,https://lh3.googleusercontent.com/-_PfFeV3YMgw/AAAAAAAAAAI/AAAAAAAAAAA/AMZuucntQiGKTlYtkR0CHDVPrG3ol0klNg/photo.jpg,Muito bom o problema é os anúncios mas é só desativar a internet é para mas é muito bom 5 estrelas,5,1,1.4.41,2020-05-10 11:28:57
38,Ronald Neves,https://lh3.googleusercontent.com/-If4h4qc1Np4/AAAAAAAAAAI/AAAAAAAAAAA/AMZuuckSdjqv6GkxMgF-ceGji1MIVDUxHQ/photo.jpg,Muito bom. Ótimo passatempo. Proporciona horas de diversão.,5,0,1.4.44,2020-05-22 12:38:11
39,Alexandre Felippe,https://lh3.googleusercontent.com/-bd3BCiJHe74/AAAAAAAAAAI/AAAAAAAAAAA/AMZuucnAPT8yG8bMZfZPyXTaa_cxYyb8VA/photo.jpg,"Nunca tinha visto um jogo de defesa de torre tão inovador como este, parabéns aos desenvolvedores. O mesmo nos faz ter contado com uma experiência totalmente nova.",5,29,1.4.37,2020-04-24 01:31:43
40,Raphael Dittrich,https://lh3.googleusercontent.com/-wWknEyG0mlw/AAAAAAAAAAI/AAAAAAAAAAA/AMZuucnynxSxxMpAhpVq6m1GpS3k4EcCTQ/photo.jpg,Ótima. Jogabilidade muito boa e simples. Bom passatempo,5,1,1.4.41,2020-05-10 11:23:41
41,Bruno Santos,https://lh3.googleusercontent.com/a-/AOh14GhFxWew6s6DoekNymds9YezLmWLPI__dS4IhvCTjw,"É um jogo bem feito, dinâmico, e devido a rápida evolução dos equipamentos não se torna massante.",5,2,1.4.37,2020-04-14 22:56:24
42,Oldemar Junior,https://lh3.googleusercontent.com/-xxIoXtxF_Y0/AAAAAAAAAAI/AAAAAAAAAAA/AMZuucm9NNCvTfjXqDXU5HoY-t9XYM5kWw/photo.jpg,E muito bom e demais ese jogo a primeira vez que eu joguei ese jogo eu adorei eu ja baixei ese jogo muitas veses voce que ver ese jogo baixe voce não vai se arepender.,5,0,1.4.41,2020-05-12 16:22:32
43,W. Vinicius,https://lh3.googleusercontent.com/a-/AOh14GixrPKGUeQITD48p3GnRgG8kMMWy47q9V7fUzGddg,"Muito bom! Ótimo para passar algum tempo vago, sem perder horas refém de construções que demoram horas a serem concluídas.",4,36,1.4.37,2020-04-12 10:44:05
44,Silas Estumano,https://lh3.googleusercontent.com/-cLCDDyVEanU/AAAAAAAAAAI/AAAAAAAAAAA/AMZuucnfCVQXZ7_9twKwtqTkEgmaNbY5xQ/photo.jpg,O jogo é bom mais o rui e que e lento a melhora dá muralha fora isso o jogo é bom,3,0,1.4.41,2020-05-14 19:46:00
45,kauã marinho,https://lh3.googleusercontent.com/-9ZwlIfgdiLA/AAAAAAAAAAI/AAAAAAAAAAA/AMZuucnM2ueDtA00l-guXoI_OP6EInWW-w/photo.jpg,"O jogo é muito bom mas ele precisa ter mais ouro e não tem e as coisas são muito caros mas jogo é bom , ele se avicia muito rápido eu recomendo para instalar.",3,10,1.4.30,2020-04-03 11:09:25
46,Fábio Oliveira,https://lh3.googleusercontent.com/-A4zWsIEikwY/AAAAAAAAAAI/AAAAAAAAAAA/AMZuucmo06_1_7E18Lh8JP7pRgkyi5aWhg/photo.jpg,"Muito bom, o que incomoda são as propagandas automáticas que chegam a travar o celular",3,0,1.4.41,2020-05-10 20:01:20
47,bruninho Ferreira,https://lh3.googleusercontent.com/-nRkAH312aiI/AAAAAAAAAAI/AAAAAAAAAAA/AMZuucnVOzV6BAml1FqIBJP0510C9s1qXQ/photo.jpg,Jogo muito bom recomendo só podia melhorar uma coisa podia ganhar mais dinheiro e os arqueiros podiam ser mais baratos,5,0,1.4.44,2020-05-21 16:34:20
48,Antonio Marcelo Souza arauzo,https://lh3.googleusercontent.com/-leKuzPiYOsc/AAAAAAAAAAI/AAAAAAAAAAA/AMZuucmsjbrrzLZCKL69wA2CFWAD5knvPg/photo.jpg,E muito legal só que deveria ser mais barato a evolução das unidades deixem barato as evoluções. Tirando isso E muito bem elaborado o jogo.,4,5,1.4.37,2020-04-23 01:38:28
49,Elizabeth Maria da Cunha,https://lh3.googleusercontent.com/a-/AOh14GhKXTRmApWt4Ess6Jn-g76UINGJdAdex9-bnoW5Kw,Ele é bom só que tinham que melhorar é para colocar mais tropa é bom o gráfico tudo é um bom jogo,4,0,1.4.41,2020-05-14 21:24:27
50,Alan Alves,https://lh3.googleusercontent.com/-luwSozFx8eg/AAAAAAAAAAI/AAAAAAAAAAA/AMZuuclP_S62ZvarY24laRNlWgazV0J3yg/photo.jpg,Deveria ter mais explicações sobre os itens e tatefas do jogo. É muito difícil defender as colônias.,4,0,1.4.30,2020-04-09 09:43:18
51,Itamara souza,https://lh3.googleusercontent.com/a-/AOh14GjXx99-O6QBYTkrU4x38gYJiaRG3r_ozD4Ryip5,Só não dou 5 estrelas pq poderia ter uma opção de usar as tropas mais individualmente..como por exemplo poder controlar as tropas,4,3,1.4.39,2020-05-04 11:28:09
52,Palmeirante Vli,https://lh3.googleusercontent.com/-9fp3HYI0Agk/AAAAAAAAAAI/AAAAAAAAAAA/AMZuucnyqeH5z6uif1iX6AFTUCxNSdYA0w/photo.jpg,Jogo e muito bom os gráficos são ótimos eu só não dei 5 estrelas por causa que agente ganha pouco diamante más fora a isso o jogo e ótimo estão de PARABÉNS !!!!,4,8,1.4.37,2020-04-18 20:55:53
53,Douglas Matos Gonçalves,https://lh3.googleusercontent.com/-ZaENpwFhxoM/AAAAAAAAAAI/AAAAAAAAAAA/AMZuuck_28b8oCPl84UcDON4eczDgN5ngQ/photo.jpg,"Ótimo jogo, consegui melhorar bastante aprimorando os arqueiros ao invés dos soldados de campo. Recomendo o jogo",5,4,1.4.39,2020-05-09 08:51:14
54,Joao Momesso,https://lh3.googleusercontent.com/-mj9H47jxBXY/AAAAAAAAAAI/AAAAAAAAAAA/AMZuuckJLSpInjCLy46_9_neHz2fXJ6DtA/photo.jpg,Top para caramba poderia ter mais controle sob as tropas mas muito bom.,4,3,1.4.39,2020-05-04 02:18:29
55,vinícius pistor,https://lh3.googleusercontent.com/-lile98GbxRM/AAAAAAAAAAI/AAAAAAAAAAA/AMZuuclKtboV07BC2H73-zjBRcEpyKBqcw/photo.jpg,"Muito bom, adorei, mas acho que não deveria demorar tanto assim para a recarga das tropas mas o jogo tá maravilhoso :)",5,6,1.4.37,2020-04-12 12:22:43
56,ArtNovCampina CG-PB,https://lh3.googleusercontent.com/a-/AOh14Ggw_GFtfSTcowUUqsWW7LUpimTLRZizFC_lEv2p2w,"Gostei muito do jogo, principalmente por ser leve e bem divertido, deixa um pouco a desejar no gráfico, mas os bonequinhos são bem desenhados",5,2,1.4.37,2020-04-24 21:01:24
57,Elicia Silva,https://lh3.googleusercontent.com/a-/AOh14GjCSQtqJ9-FX9l__vyr6OuTzeCMUIsNzhZaLIN9QA,Esse é o meu melhor jogo eu já tive muitas vezes é muito bom e quem não gosta do jogo deveria desinstalar e nunca mais instalar,5,0,1.4.43,2020-05-19 22:47:02
58,CL17,https://lh3.googleusercontent.com/a-/AOh14GghRl_gjFr64OpNHlkiZklpvs3sU7g1UIHplf0heA,"Um bom jogo, mais acho que poderiam liberar mais dinheiro, pois as colônias dão muito pouco e as melhorias da base vão ficando cada vez mais caras.",4,2,1.4.37,2020-04-23 17:52:22
59,Expedito Nunes,https://lh3.googleusercontent.com/a-/AOh14Gji398uNEnBPTeKThOzd-xzMqJAjI-kBWccbye03g,"Até o momento o melhor jogo do segmento. Simples e objetivo, porém cheio de estratégias e articulações para a fase.",5,5,1.4.30,2020-04-03 09:37:11
60,Marcolino Dias Nunes,https://lh3.googleusercontent.com/a-/AOh14GgDNlM56UgKwCPhT3MrfjAVuII6n0BaQzNmclH1gA,Adorei instalei quando tinha 7 anos quase zerei vou instalar de novo hoje é só vou desinstalar quando eu zerar (tenho 10 anos esse cel é do meu pai),5,0,1.4.41,2020-05-11 10:44:31
61,JONATHAN WILLIAM SOUZA DE LIMA,https://lh3.googleusercontent.com/-CNPUOWMb_oY/AAAAAAAAAAI/AAAAAAAAAAA/AMZuuckpntVTXAn5XUV8ctP2izaYLgLxfQ/photo.jpg,A jogabilidade as abilidades esse jogo e incrivel,5,0,1.4.44,2020-05-24 18:15:09
62,Henrique Oliveira,https://lh3.googleusercontent.com/-jUfmpQCaOVw/AAAAAAAAAAI/AAAAAAAAAAA/AMZuucnWE3Ga7hOgNbJ1REdBBUppTRTrhg/photo.jpg,O que é muito legal é 10 eu dou cinco estrelas porque o jogo é muito muito você pode ter baixar não tem um probleminha,5,0,1.4.44,2020-05-24 19:56:26
63,Rafael Sousa,https://lh3.googleusercontent.com/-CJk7yBXzDMk/AAAAAAAAAAI/AAAAAAAAAAA/AMZuuck3jHjUWmj95FpEL8ns0B6x1jD-Ww/photo.jpg,Ele é muito bom gostei da parte de acelerar mas poderia ter mais gráficos,4,1,1.4.37,2020-04-17 10:39:34
64,Eunice Ferreira Santos,https://lh3.googleusercontent.com/-7ODZ8dVMA54/AAAAAAAAAAI/AAAAAAAAAAA/AMZuucl-JVkESnn-HYulL8RJncnVLE8E_g/photo.jpg,Muito viciante e muito legal mas é muito dificil conseguir dinheiro para melhorar as tropas e defesas _________________________________ Por fafor melhorem isso dai dou 5 estrelas👍,3,2,1.4.37,2020-04-13 22:03:43
65,Marco Aurélio,https://lh3.googleusercontent.com/-saA-Tr0mn5A/AAAAAAAAAAI/AAAAAAAAAAA/AMZuucllOytDfZl-KEP0DLA1ajWQ45IAGg/photo.jpg,"Podia ser melhor na questão dos ganhos em moedas, o jogo tenta mesmo é vender pacotes e contem uma quantidade de anuncios para ganhar alguns itens..",3,1,1.4.39,2020-05-06 00:56:07
66,Ricardo Rocha,https://lh3.googleusercontent.com/-PSZrF-WUqtQ/AAAAAAAAAAI/AAAAAAAAAAA/AMZuuckSXEuQnuwVag0vfIH6kING7IQe0A/photo.jpg,Muito massa Mas acho que poderia colocar um sistema de comando de ataque e defesa,5,0,1.4.30,2020-04-05 02:34:32
67,Nelson Carvalho,https://lh3.googleusercontent.com/a-/AOh14GieCLv-Hp8dz28A207R-du32W6tp-bG-jhYURo4KQ,"Para passar o tempo, simples mas eficaz!",4,0,1.4.44,2020-05-25 19:15:49
68,alex franklin,https://lh3.googleusercontent.com/a-/AOh14GgXEdxrzhnJKn_6pkljozlDJ1l9kWugmJ3Vhxjqyw,"Bom, o jogo ter uma jogabilidade tradicional com estilo medieval...",4,0,1.4.30,2020-04-06 10:10:42
69,Danielli Sudre,https://lh3.googleusercontent.com/-xnvzosPkZCI/AAAAAAAAAAI/AAAAAAAAAAA/AMZuuclBwMKXLc-tBxKLeYWNNFU-hn4TYw/photo.jpg,"Ele é ótimo e tem um gráfico excepcional, tudo oq indica ser realmente é. Sem propaganda enganosa pessoal, e eu recomendo",5,0,1.4.37,2020-04-27 20:34:21
70,Gordao Zika,https://lh3.googleusercontent.com/-4h7c-3jVGc8/AAAAAAAAAAI/AAAAAAAAAAA/AMZuucl31rxZC0S7Z1VQ348lgHJ0qCu1Jg/photo.jpg,"Muito bom, porem poderiamos usar todos os herois que a gente compra com diamante e nao 2 somente.",3,0,1.4.39,2020-05-29 15:27:45
71,Everaldo Freitas,https://lh3.googleusercontent.com/-VRzYORWJbhI/AAAAAAAAAAI/AAAAAAAAAAA/AMZuucmO3CA3qO2EDL_PVnd2uTniaHLF5w/photo.jpg,Boa jogabilidade mas o carregamento do dinheiro poderia ser mais rápido,5,2,1.4.37,2020-04-13 00:14:12
72,Gabriel Maciel,https://lh3.googleusercontent.com/a-/AOh14Gju907QdVAl0SkkUEIpbZ-J4IHHXqS8op1ZrUhe7A,Jogo muito bom de guerra.. Pra distrair e passar o tempo é ótimo.. Mas é muito bom mesmo.,5,1,1.4.37,2020-04-29 21:45:01
73,Mateus H,https://lh3.googleusercontent.com/-QYzI8_C9tf8/AAAAAAAAAAI/AAAAAAAAAAA/AMZuuckg86kikYoXQuQrJZMqbMcAQd5uuQ/photo.jpg,Muito bom esse game faz tempo que to preucurando um game assim e complexo e prefeito.obrigado ao criadores e desenvolvedores desse game vlw.,5,2,1.4.37,2020-04-09 21:47:15
74,Denise Barros,https://lh3.googleusercontent.com/a-/AOh14GgQ8QVU09D7XGlqBnv71iBoeMWtYqkqWgoEE43M,Vale muito a pena instalar esse jogo ele é muito da hora e precisa de estratégia,5,0,1.4.37,2020-04-25 14:27:26
75,Cristóvão Manuel,https://lh3.googleusercontent.com/a-/AOh14Gg-6iyF6glGFSPjg4KJUUbmykIXSMKHwPQHWrLy,"O Jogo é bastante fixe, baixem e vão gostar, também gostei bastante do gráfico",4,0,1.4.30,2020-04-06 12:58:23
76,Juan Lima,https://lh3.googleusercontent.com/-V80DEsZ2VQs/AAAAAAAAAAI/AAAAAAAAAAA/AMZuuclXvNhIKAssQnu9E9WSoqgf0PHnbA/photo.jpg,É um dos melhores jogos que eu já joguei só perde pro free fire mas ainda è o melhor jogo de guerra super aconselho,1,1,1.4.41,2020-05-12 21:54:25
77,tuco do fut,https://lh3.googleusercontent.com/a-/AOh14GiRKvByfPZ2KYTypYX6YfPtRDgD6GVqowAfB1Fa6Q,Jogo muito legal de upgrades muito realista e bem legal,5,0,1.4.44,2020-05-22 10:00:19
78,O CALE,https://lh3.googleusercontent.com/a-/AOh14GiaDsA54jPsMTHxmImiUtpS-ceUSMMfzRvRhMK1,Muito bom mais é muito caro e no modo de defesa é difícil,5,0,1.4.37,2020-04-30 13:01:46
79,Matheus Mafra,https://lh3.googleusercontent.com/a-/AOh14GjHxuXjZERHbR03CBfc8MNTtD_jTFJv7I-DV5x_LA,Melhor jogo que eu joguei em toda minha vida muito bom vcs podem instalar esse jogo vcs não vão se arrepender não buga o celular nem tablete e etc.,5,0,1.4.30,2020-04-01 15:59:32
80,João vitor silva de oliveira Silva,https://lh3.googleusercontent.com/a-/AOh14Gjuu2_u5E0mQJ03rXSiuJvtyVH3Vq_8eKRxpTEroA,"Gostei muito do jogo,mas acho que deveria ter mais militares nas invasões aos outros reinos...",4,0,1.4.30,2020-04-09 01:24:33
81,eduardo 109e,https://lh3.googleusercontent.com/-Sm-Jpg5gA6k/AAAAAAAAAAI/AAAAAAAAAAA/AMZuucnC39jqgW1-nu5oZSklmkebozKtkA/photo.jpg,Top demais e também e muito daora os gráficos são tops demais e também o jogo e muito bom com guerras e lutas épicas,5,0,1.4.37,2020-04-25 09:54:06
82,Henrique Silva,https://lh3.googleusercontent.com/-drz60tI6XPU/AAAAAAAAAAI/AAAAAAAAAAA/AMZuucm2ELE74OC9fHoFi-XKXAbkAgHLvA/photo.jpg,"o jogo é ótimo, eu so quero que me tire uma dúvida, tem fim? pq eu melhoro as tropas e não acaba nunca aff, nao tem nível máximo não?",5,0,1.4.30,2020-04-08 14:08:47
83,Lucas Bernardes Silva,https://lh3.googleusercontent.com/-TyfO9vG9niU/AAAAAAAAAAI/AAAAAAAAAAA/AMZuuckpxU5_YPsr-b3UkRYUmZbJZQvopQ/photo.jpg,Ele é um jogo muito bom mesmo com estratégia e táticas incríveis espero que tenha mais jogos assim ❕,5,0,1.4.37,2020-04-16 14:47:07
84,Erik Silva,https://lh3.googleusercontent.com/-WXLlLvfdk4o/AAAAAAAAAAI/AAAAAAAAAAA/AMZuuclvXeHRX-2JQ4U_yoV6yf_K-mr9Fw/photo.jpg,Legal gostei muito desse jogo poderia ter mas opções para ganhar dinheiro mas ele eh muito bomba,5,0,1.4.44,2020-05-30 21:56:16
85,Diego,https://lh3.googleusercontent.com/a-/AOh14GhHK4yoPNMDyWkiTcaXvt0gi1PI_JFp-1c7otdQdA,"Faltando um endgame melhor, mas o jogo é bem interessante. Também um aviso de atualização.",5,0,1.4.37,2020-04-24 21:10:14
86,Gabriel Chagas,https://lh3.googleusercontent.com/-BIWVd28Zoa4/AAAAAAAAAAI/AAAAAAAAAAA/AMZuucnWZXnA__Nbl_V2p_ax4fAf1yZ_bQ/photo.jpg,"Muito bom o jogo, bons gráficos, Boa jogabilidade,e etc.",5,2,1.4.39,2020-05-04 19:23:20
87,Renan gaspar,https://lh3.googleusercontent.com/-mS8GEARnNMQ/AAAAAAAAAAI/AAAAAAAAAAA/AMZuuck6yhgteVvZO0shumR6_yIxBhBO3Q/photo.jpg,O jogo não é ruim nem bom mas vá subindo de nível e nunca mais desinstalara jogue bastante gente.No começo e ruim mas vai ficando bom aos poucos muito bom ✓,4,0,1.4.30,2020-04-03 00:31:46
88,Samuel Lacerda,https://lh3.googleusercontent.com/-k68kJMoFzxc/AAAAAAAAAAI/AAAAAAAAAAA/AMZuucm1jNxiqxIlrVvUzl62OA-1-YOq6A/photo.jpg,Esse jogo e muito bom eu gosto do estilo de guerra essas coisas,5,0,1.4.44,2020-05-27 19:36:41
89,Arthur Life,https://lh3.googleusercontent.com/a-/AOh14GitnrQaYfG9UNG966gcw6mcAIBpTRZitWg-gerh,"Gostei Do Jogo,E divertido,Tem Batalhas Difíceis e Ótimos Gráficos,Bem que podiam fazer uma sequência",5,0,1.4.39,2020-05-05 13:18:08
90,Gonçalo Dias,https://lh3.googleusercontent.com/a-/AOh14Ghl5t5M6Ti3L3IDatO7a_rFZihZhoEDulESFJCy,O jogo é muito muito muito bom a única coisa que eu acho que está mal no jogo é que também podemos defender a nossa cidade eu acho que era melhor se só desse para atacar mas é bastante bom 😎😍😍,5,0,1.4.37,2020-04-22 09:12:03
91,daniel calebe,https://lh3.googleusercontent.com/a-/AOh14GiMATGYxCcRWz46ggRXJ6k7ujbgkniBwjhINCZomA,"Jogo excepecional, no começo é difícil, mas depois pegamos o jeito!",5,0,1.4.41,2020-05-13 20:53:38
92,LorePlay Games,https://lh3.googleusercontent.com/-yuS1sGC1nuI/AAAAAAAAAAI/AAAAAAAAAAA/AMZuucmtHSMycWUlpVroFj-MnjgJPVEdxw/photo.jpg,"O game e bom demais pois não te estressa e também tem várias mecânicas bacanas pra joga então recomendo, só acho que deveria ter mais coisas pra fazer no jogo, mais e bem da hora.",5,0,1.4.37,2020-04-28 03:31:04
93,Éverton Lisbôa,https://lh3.googleusercontent.com/a-/AOh14Gicfeda9fFrtMRFSr-INf54riUMbrNp7oIkJTpwbg,"Muito legal, além de usar o universo romano, o jogo fatores históricos quando expandimos nosso império, eu recomendo",5,0,1.4.37,2020-04-15 12:33:54
94,Fábio José,https://lh3.googleusercontent.com/-z1RtaGTdgZ0/AAAAAAAAAAI/AAAAAAAAAAA/AMZuuckVUOS4zRwVZJ88xHsa4rOj3RWkIA/photo.jpg,"Simples mas muito criativo , muitas opções de combate e de guerreiros",5,0,1.4.39,2020-05-09 10:43:06
95,Bruno Sevilha Palomo,https://lh3.googleusercontent.com/--SFpslYcTD8/AAAAAAAAAAI/AAAAAAAAAAA/AMZuucmyW6XTk2tsNmJsJ5-5TzXUn8gWiA/photo.jpg,Divertido rápido e bom para passar o tempo,4,0,1.4.41,2020-05-11 13:47:59
96,Gabriel Ribeiro,https://lh3.googleusercontent.com/-RGXpOA2PwKY/AAAAAAAAAAI/AAAAAAAAAAA/AMZuuclMl8wPACDYIqE_i4miZKdKwgSHJQ/photo.jpg,Eu gostei do jogo e muito legal mais Eu não Teixeira cinco estrelas por que para melhorar os soltamos e muito caro mais tirando isso é bom Obrigado,4,0,1.4.37,2020-04-27 22:52:57
97,Pedro Bueno Leite,https://lh3.googleusercontent.com/-QqjqUYbtnvU/AAAAAAAAAAI/AAAAAAAAAzA/AMZuuclob9TdG--sVxgytwrWUxCooZqXoQ/photo.jpg,"Freemium,alem dos anúncios tem que comprar gema.",2,0,1.4.39,2020-05-08 15:49:56
98,Bruno Gonçalves,https://lh3.googleusercontent.com/-98_nYDLzq8Y/AAAAAAAAAAI/AAAAAAAAAAA/AMZuucnBPLgRXTCbwzWVJrGaDiG01rJDCQ/photo.jpg,Quase muito bom.É um pouco monótono.Muito repetitivo.Mas regra geral está muito bem.,4,1,1.4.44,2020-05-27 19:07:37
99,Casmila Rodrigues,https://lh3.googleusercontent.com/-y-PPat76QsU/AAAAAAAAAAI/AAAAAAAAAAA/AMZuuckZ_my2T51ZYmeK0DV966MoAB_ksw/photo.jpg,Jogabilidade muito boa muito bom poder melhorar as tropas que no começo tive dificuldade,4,0,1.4.37,2020-04-25 13:26:39
