,userName,userImage,content,score,thumbsUpCount,reviewCreatedVersion,at
0,Aylton Vadner,https://lh3.googleusercontent.com/a-/AOh14GhzqrAzTegZ18vqRAyrVywn-9BVFA4BVoGiqG4L,O jogo tem uma boa jogabilidade mas tem um bug no multi-player que faz com que seja quase impossível jogar no multi-player,2,18,5.3.5002,2020-04-28 12:07:54
1,Adriano Padiar Dias,https://lh3.googleusercontent.com/a-/AOh14GgBaAjRLn2QsClh4vBItfQSBh-GW8Sg8dILkqJblQ,"Baixei o app uma semana e toda vez que dou início ao jogo, ele volta ao início.",2,421,5.3.5002,2020-05-01 01:09:24
2,Adilson Valerio rodrigues,https://lh3.googleusercontent.com/-OgnAbl7t2Uw/AAAAAAAAAAI/AAAAAAAAAAA/AMZuucmLlbbIRUBAifAIJBOeUkC0EW4ZVw/photo.jpg,"Jogo muito bom, grafico exelente , parabens pelo jogo",5,10,5.3.5002,2020-05-17 20:02:30
3,Rodrigues Sousa,https://lh3.googleusercontent.com/-N8hKF4muY1Q/AAAAAAAAAAI/AAAAAAAAAAA/AMZuucmGpFF-63FmqTk7EJSB_1E6pTcHVA/photo.jpg,Dou 5 estrelas pq esse jogo é muito bom não trava e não tem anúncios insuportáveis e os carros tem várias opções,5,50,5.2.5002,2020-04-13 21:53:41
4,Gerssica Duarte,https://lh3.googleusercontent.com/a-/AOh14GhrilpOTZt3ffsjA8DKzc1o4Exwsqa364mHCbE,O jogo é horrível a fase 3 a mais difícil eu não gostei gente não joga esse jogo pelo amor de Deus,1,43,5.2.5002,2020-03-07 19:57:42
5,Dinilson Gulube,https://lh3.googleusercontent.com/a-/AOh14GjkAFd-SWJrwV8B-y3AqT1TDKztOokve89hONeiJw,É muito bom pq ele é bom e muito bom também pq tem gráficos bons e carros um pouco mais pequenos mas a velocidade ñ me é suficiente e eu sou muito rápido mentalmente!!,5,1,,2020-04-28 13:14:03
6,AGNEFIC444,https://lh3.googleusercontent.com/a-/AOh14GjYELaVaZtsg3KLwFagBUvPX9V0fijcA1x4P1CYNQ,Jogar no mobile e MT bom gráfico bom e tudo só não gosto tanto da sensibilidade e os controles Já no pc e bem legal também só agr não quer ir os botões eu cliko neles e não vai mas antes era ótimo ent vou dar 5 estrelas,5,1,,2020-04-18 09:00:14
7,Lourival Nascimento Dos Santos,https://lh3.googleusercontent.com/a-/AOh14Gis2Un6XHRBiBSobVruGt-SMyjxeJeYhFqYnVQ3LQ,"Olha,o jogo é maravilhoso! eu só não dei 5 estrelas porque aparece muitas propagandas. Por favor,retirem essas propagandas chatas,porque se não retirarem,será mais um que irá desinstalar o jogo. E aposto que eu não sou o único aqui que reclama dessas propagandas. Então por favor,retirem isso,ou infelizmente eu irei desinstalar o jogo. Obrigado!",3,42,3.9.3179,2019-03-27 19:02:06
8,SOUSA MARIA,https://lh3.googleusercontent.com/-8Q4Ou83kSss/AAAAAAAAAAI/AAAAAAAAAAA/AMZuucmH0MEqtyjt5Xgkj45odegGIkk4bA/photo.jpg,"Bom esse jogo é muito mais só que quando eu chego na tesera fazer do jogo fica difícil de mais. Os carros que preciso é muito caro uma atualização no jogo poderia ficar melhor não esso mudar a foto de entrada preciosa, bota mais pistas, mais fases ,diminuir o preso dos carros,algumas paizagems mais atraentes etc. Bom é isso galera o jogo é bom 4 estrelas tá, à já ia me esquecendo por favor coloquem outros tipos de (CAMERA) no CARRO tá.",4,8,,2019-03-05 14:46:58
9,anndrè amanciio,https://lh3.googleusercontent.com/-pUCger2fSis/AAAAAAAAAAI/AAAAAAAAAJI/AMZuucmZKjReai8OE2Dj-gly7IBaDgJhfQ/photo.jpg,traduzam para o português e coloquem uma explicação de como conseguir as 3 estrelas na pista que è por distancia e deixem desbloqueado já no inicio do jogo há opção multiplayer arrumem isso ai eu dou 5 estrelas,3,182,5.1.3179,2020-02-21 19:19:26
10,Antonio Pedro CROSS,https://lh3.googleusercontent.com/a-/AOh14GioYW5Z_mIVONvc2MpQwSH3Q__P3khSzbm_-Ww6-Tw,"Os gráficos poderiam melhorar, para se destacarem, a música de fundo que colocaram foi ótima deixa muito mais dinâmico o jogo.",3,23,5.1.3179,2019-12-19 13:53:43
11,hora de aventura,https://lh3.googleusercontent.com/a-/AOh14GgUDEbLGJykLxQTznY7UGR4CnpxDBMnZK5IB1sRSw,Esse é um dos primeiros jogos que eu já joguei esse jogo não titraris adrenalina mais não ti deixa em chuado e também tem muitos carros é muitas vezes e os carros tem diferença entre a velocidade,5,17,5.1.3179,2019-12-06 10:41:31
12,Mizzael Souza dos anjos,https://lh3.googleusercontent.com/-KBrnyCP9FHE/AAAAAAAAAAI/AAAAAAAAAAA/AMZuucmeaqc6r7s9RaEipRsOaqKsuuT15g/photo.jpg,Esse jogo é um cú...quem fez é um esmolé.. morto a fome se vc quiser ganhar vantagens no jogo tem que pagar.. fora isso vc só perde tempo jogando na 1 e na 2 fazer pra ganhar umas merreca. Pra consegui comprar outro carro fulero,1,3,,2020-03-19 19:02:05
13,Valdir Izlowisky Santos,https://lh3.googleusercontent.com/a-/AOh14Gho5hvZVFOH_-ufZFE_FIUVdkxrPi4LMwb_0z4dsg,Muito bom é recomendavel para todas as idades. Só falta aumentar o valor do prêmio para poder comprar os carros. Também premiar pra vencedores com diamantes aê sim dar pra comprar carros caros. No mais o jogo é muito bom... valeu....,4,8,3.5.3179,2019-02-22 00:32:16
14,Emanuel Braga,https://lh3.googleusercontent.com/a-/AOh14GjSHG_ffrwaHZViBhFgRCXKQz9Yd0754-Odr-5E1A,Seria bom se tivesse como fazer uma conta no jogo para salvar o progresso no caso de trocar de celular 😢,4,4,,2020-03-05 21:38:53
15,May Girl,https://lh3.googleusercontent.com/a-/AOh14GiiHD8sttSVLt6DMLPunyQ3s6r0IECmSXgOxYov,"*adorei* Muito bom o jogo, mas poderia ter mais um pouco de facilidade de ganhar dinheiro, e diamante, ou seja abaixar um pouco o preço dos carros.",5,18,5.1.3179,2020-02-14 19:51:50
16,Marcos Lacerda,https://lh3.googleusercontent.com/a-/AOh14Gj2HsbTZOnBrHGkX-mstNC4D1vjaLnBtZU-A7US,Carros muito caros e dificeis de comprar... mas o jogo é exelente.,5,5,,2019-12-19 18:43:47
17,Gabriel Pinheiro Dias,https://lh3.googleusercontent.com/-L-Y5amyfVqw/AAAAAAAAAAI/AAAAAAAAAAA/AMZuucmFeRyehGtv-nBdrtlklPm4JGzWSw/photo.jpg,"Dei ☆☆☆☆ pq é muito facíl de hakear ,mas tirando isso o jogo é bom demais, os gráficos de 0 à 100 está em 90 !!!",4,44,,2020-01-05 10:43:54
18,Jonatas,https://lh3.googleusercontent.com/a-/AOh14Gi5OBoUZxBAJkRLulzXNcKwB3rUtbrFtU-RfBiZXg,"Lan não funciona. Só fica habilitado a primeira vez, depois fica deaabilitado.",2,3,,2019-12-21 19:55:29
19,Luís Patrício,https://lh3.googleusercontent.com/a-/AOh14GjpsYL28PpWKLEY2NUaOlyb0QGrGtypfCKgM3AD,Gostei da jogabilidade. No entanto já jogo há alguns dias e ainda não descobri como se ativa o multiplayer.,3,38,3.6.3179,2018-11-05 18:47:42
20,Joni Marques,https://lh3.googleusercontent.com/-_1x0xQL3HL8/AAAAAAAAAAI/AAAAAAAAAAA/AMZuuclaoeXz3TTM5qp1Cs22jor_pIWo-Q/photo.jpg,Eu gosto muito jogo de corrida que é divertido para jogar,5,49,5.2.5002,2020-03-13 13:17:27
21,Um usuário do Google,https://lh3.googleusercontent.com/EGemoI2NTXmTsBVtJqk8jxF9rh8ApRWfsIMQSt2uE4OcpQqbFu7f7NbTK05lx80nuSijCz7sc3a277R67g,"Ele é um jogo muito bom,mas o que estraga ele são as compras dentro dele,que te obriga a comprar com dinheiro real as coisas no jogo.Pra mim é jogar dinheiro fora.Fica sem graça jogar com as cosas bloqueadas.",4,1,,2018-11-21 14:34:30
22,ClAuDiO dEniS,https://lh3.googleusercontent.com/-9g0ZoRLCVXQ/AAAAAAAAAAI/AAAAAAAAAAA/AMZuuclzJOOxFUtirDAvyaD0mRoWmoKN0w/photo.jpg,"Jogava quando eu tinha 9 anos , para mim era o melhor jogo de carro para celular ; hoje com 13 anos né deu saldade de joga esse jogo incrível parabéns para seus criadores",5,1,,2019-12-14 22:45:00
23,KRATOS GANG,https://lh3.googleusercontent.com/a-/AOh14GgL9rI6PDGJaepgAQDL3g5bxJGOt1XYrwdX5t0Z,Gostei muito do jogo mais voceis podiam colocar mais carros tipo uns 200 carros no jogo,5,0,,2020-04-05 11:46:50
24,Jose leoniçio Silva,https://lh3.googleusercontent.com/-qWmu60Q1Z5U/AAAAAAAAAAI/AAAAAAAAAAA/AMZuucnRT-Yi2RIPAXxiQMTdCqLWTd6ARg/photo.jpg,"to dando 3 estrelas porque o jogo melhorou um pouco mas o turbo ainda tà falhando eu troquei o meu celular por outro 1 k10 pra ver se o problema era esse mas continua, e os carros poçantes são muitos caros melhora isso ai eu sou fã de jogo de corrida e esse è bom basta corrigir esses detalhes . valeu conto com vcs",3,6,3.9.3179,2019-04-29 14:13:40
25,Lucas Gonçalves,https://lh3.googleusercontent.com/a-/AOh14GhhkhEUNvAmbXgOQQGu2L7lo_3eMCjFJ6F2vYI,"O jogo é bom, mas o ruim é q demora muito pra gente ganhar dinheiro e conseguir novos carros, mas tirando isso o jogo é bom e os gráficos são excelentes.",5,3,,2019-04-11 11:45:11
26,Nycolas GMPL,https://lh3.googleusercontent.com/a-/AOh14GhiKZ9k8gvUnTm4YktIaymahbGabGKkQj4IdNt3,"jogo top,encontrar um jogo com essa qualidade gráfica,tamanho dos mapas,carros,com menos de 70mb e sem travar não é todo dia que se encontra",5,4,,2019-08-10 13:05:12
27,Bruno Silva,https://lh3.googleusercontent.com/-LmdCDwLn7yo/AAAAAAAAAAI/AAAAAAAAAAA/AMZuucnT6o1mcl6mfQhlEEa-oZTXuzP0ZA/photo.jpg,O jogo é bom os gráficos do menu de seleção de carros e muito realista mas na hora da corrida os gráficos pioram por iso de três estrelas o jogo é muito bom seria mais melhor se consertar se os gráficos na hora da corrida,3,6,,2019-11-24 14:13:25
28,Adrian Souza,https://lh3.googleusercontent.com/-mYGBjlVqLq0/AAAAAAAAAAI/AAAAAAAAAAA/AMZuucmRvMgRcCawjeUiLlnAKqMpOREdyQ/photo.jpg,Coloquem carros novos mais potência mais pistas etc esses carros já estão velhos não aguento mais dirigir os mesmos coloquem novos blz conto com vcs.,4,0,,2020-01-22 12:18:03
29,Sidney Lucas,https://lh3.googleusercontent.com/a-/AOh14GgDVzSeBD1imNd3HpaBRV76IZk5HY8MOQIn11VbKg,"Deveria ter uma atualização para podermos assistir propaganda para ganharmos moedas, pois é impossível subir de nível e a maioria acaba enjoando. Acabei de desinstalar!",1,19,,2019-09-12 18:50:46
30,Arthur Felipe,https://lh3.googleusercontent.com/a-/AOh14Gh5UkjPPg0ZLmVDQQ2BerPN3xqsec-5AvxDVx8_mQ,Olha Vocês fizeram o melhor jogo de corrida de todos os tempos o melhor e que vocês fizeram a versão lite isso sim que e massa mas esse jogo tem ótimos graficos e uma ótima jogabilidade meus parabéns👍👍👍👍👍👏👏👏,5,2,,2018-09-30 17:34:12
31,A.J SOUZA,https://lh3.googleusercontent.com/a-/AOh14GhgRlybctBuvwrmq_D6bDfd3lFM3FoXx9nHfB0M,"O jogo é muito bom, mas ele não renderiza direito nas pistas, poderiam almentar o gráfico ou alguma coisa assim.",3,1,,2019-07-02 18:32:37
32,Matheus Santos,https://lh3.googleusercontent.com/-aKda-gJZOQA/AAAAAAAAAAI/AAAAAAAAAAA/AMZuucmHpGhuJdnexU_Ituj5jIVS73k2XQ/photo.jpg,muito ruim!!!! é muito dificil fazer drift e é obrigatorio vc escolher o primeiro carro q é 3000 moedas so q tem outro carro com mesmo valor q ñ te deixa comprar,1,2,5.1.3179,2020-02-15 03:02:21
33,Murilo Cesar,https://lh3.googleusercontent.com/-cgFf_15wmx4/AAAAAAAAAAI/AAAAAAAAAAA/AMZuucmFlY_sUPRHtU72Q5mJEiaVfspiTA/photo.jpg,A velocidade Max dos carros tá toda errada e outros dados tá tudo errado,1,1,,2019-12-26 03:43:36
34,Um usuário do Google,https://lh3.googleusercontent.com/EGemoI2NTXmTsBVtJqk8jxF9rh8ApRWfsIMQSt2uE4OcpQqbFu7f7NbTK05lx80nuSijCz7sc3a277R67g,o jogo levaria cinco estrelas c desse pra progredir melhor é muito dificil conseguir tudo deveriam ser mais justos com a gente,2,41,3.7.3179,2020-02-12 14:35:21
35,Luzia Wenzel,https://lh3.googleusercontent.com/-F7UCVJP_pzc/AAAAAAAAAAI/AAAAAAAAAAA/AMZuucnpo8upJncJaxC0WJEblmOQfThA5g/photo.jpg,"Muito top, grafico bom, soque ginha que arrumar os controles. E colocar mais modos de camera.",5,4,2.8.087,2019-09-14 10:36:26
36,Luca,https://lh3.googleusercontent.com/-O6nRH_Kyxgc/AAAAAAAAAAI/AAAAAAAAAAA/AMZuuckq9GnsN-V_tcngaSTrOOx259-lEw/photo.jpg,"Bom não deu de eu instalar o jogo no meu celular mais eu recomendo vcs baixarem o jogo é muito top, eu tinha ele no meu outro celular",5,0,,2020-02-11 00:58:39
37,Maycom Oliveira,https://lh3.googleusercontent.com/-fqgM5y4l18U/AAAAAAAAAAI/AAAAAAAAAAA/AMZuucnfXkYssXS5qQJdxvVnZAacsZb8ow/photo.jpg,"o jogo e bom mas quando chega no cenário paris fica lento , as vezes eu to em uma faze sai do jogo e volta tudo de novo quando eu to com diamante perco tudo quando o jogo sai",5,5,3.9.3179,2019-05-15 06:51:09
38,Um usuário do Google,https://lh3.googleusercontent.com/EGemoI2NTXmTsBVtJqk8jxF9rh8ApRWfsIMQSt2uE4OcpQqbFu7f7NbTK05lx80nuSijCz7sc3a277R67g,O jogo e otimo mas poderia melhorar os graficos os controles e adicionar slguns carros novos tirando isso e legal,5,1,,2018-12-01 22:32:31
39,Brunna Williams,https://lh3.googleusercontent.com/a-/AOh14GjxA50d6IJoxTcQK8bPnRfD1IYLBBC4IgrPO6XpTg,Er meu jogo preferido de carro.. mais seria muito legal se atualizassem pra competir on line com amigos por exemplo do Facebook. . Deixaria o jogo bem mais legal,4,8,3.0.130,2019-10-10 14:02:53
40,Alexandre Domingos Lopes,https://lh3.googleusercontent.com/-ejEaOCGYCr4/AAAAAAAAAAI/AAAAAAAAAAA/AMZuuclBJqTgarJMZK3Tys1c8ySfkaMulA/photo.jpg,"eu já tinha baixado esse jogo no meu celular antigo e agora estou baixando nesse moto c,é muito bom man eu recomendo ""pra quem tem o celular bom""",5,77,3.9.3179,2019-05-20 19:11:41
41,davi silva,https://lh3.googleusercontent.com/a-/AOh14GglXrn1ekHh0qzDHnI2aR3Hdd11zjX9GJsspwDv1w,Eu baixei esse jogo comprei alguns carros depôs de um tempo eles pegaram todos os carros de volta tive que começar do zero tudo de novo desinstalei na mesma hora,1,2,,2019-11-11 07:02:35
42,Joel de Jesus da silva Jesus da silva,https://lh3.googleusercontent.com/a-/AOh14GiQOKCfFffCb0bUH0r8_jJn7X6Qd8j23M6tVbpG,O Jogo é Muito Bom Mesmo Bons Gráficos Bons Controles e Jogabilidade é Incrivel o Melhor jogo de Corrida da play store,5,0,,2019-06-27 15:44:23
43,Gameplayer,https://lh3.googleusercontent.com/a-/AOh14GiaQ_YXCmFZeNZIHpmdN07a9uhiGfhXGkKyEe6Nig,ótimo mas não gostei das pessoas falando mal se liga fale do seu mas pra não arrumar confusão o jogo tá muito ótimo só de vista,5,191,5.1.3179,2019-07-16 13:21:25
44,Vera Lucia Rodrigues,https://lh3.googleusercontent.com/-KdTDperh5ms/AAAAAAAAAAI/AAAAAAAAAAA/AMZuucluz3HME4TeEIdz_6e_6TbPBUGjIQ/photo.jpg,O MELHOR NÃO TENHO NADA A RECLAMAR eceto o fato do multiplayer ficar apacando depois da primeira corrida ou ir reconher recpmpensas ele apsga e não acende mais tirando isso AMMMMMMMMMMOOOOOO O JOGO ENTÃO ATUALIZEM ELE COM MAIS frequencia com coisas novas.😍😍😍😍😍😍🌟🌟🌟🌟🌟👍.,5,2,,2019-07-28 18:37:42
45,Jhonata Pereira,https://lh3.googleusercontent.com/-lqkwEK7CDjU/AAAAAAAAAAI/AAAAAAAAAAA/AMZuucmqSqGYM4Rg6qiLCP0VEYxaSqFPDw/photo.jpg,"jogo ótimo,só é dificil passar de algumas fazes mas tem vários carros bons, audi r8 ,mac laren 570s 🙊.",4,3,,2019-08-27 16:47:51
46,Jefferson Alves,https://lh3.googleusercontent.com/-O3oGnXGwg2k/AAAAAAAAAAI/AAAAAAAAAAA/AMZuuckLkzlurnyfkvu_PWLI_GbDdTqpKQ/photo.jpg,Esse jogo até que a ideia é boa mas o problema é obter creditos pra compra de carros mais velozes,3,4,,2019-08-27 12:16:51
47,Um usuário do Google,https://lh3.googleusercontent.com/EGemoI2NTXmTsBVtJqk8jxF9rh8ApRWfsIMQSt2uE4OcpQqbFu7f7NbTK05lx80nuSijCz7sc3a277R67g,Top na trava mas ele deveria ter o preço dos veículos mais baixo.,5,6,3.5.3179,2018-10-26 18:33:52
48,João Paulo Brandão,https://lh3.googleusercontent.com/-eBCre6L0uxQ/AAAAAAAAAAI/AAAAAAAAAAA/AMZuucl0sw7eQWaxMvBv-O24gZ-oVrrZTA/photo.jpg,si eu podesse botar mas de cinco estrelas eu daria milhões de estrelas esse jogo mesmo não fucionando o multiplayer e um jogo muito bom 👏👏👏,5,5,,2019-06-03 03:36:07
49,Fabiele Beniciano,https://lh3.googleusercontent.com/a-/AOh14Gh9_-VUGBW2hx-wUyWmuMcbJO0xeBo8HHHeIPu_sw,"Muito ruim. Difícil de mexer, péssimo. E ainda tem mais anúncio do que tudo, aff.",1,1,,2020-01-08 12:49:19
50,família do grau,https://lh3.googleusercontent.com/a-/AOh14GgFirEm8Q33jyUhpxatdref0NZKIBL60zt8sFy2,Gostei mas tem que colocar pra andar no free mode tenta fazer igual the crew 2,5,0,,2020-04-02 19:01:37
51,Um usuário do Google,https://lh3.googleusercontent.com/EGemoI2NTXmTsBVtJqk8jxF9rh8ApRWfsIMQSt2uE4OcpQqbFu7f7NbTK05lx80nuSijCz7sc3a277R67g,gostei de do jogo é muito bom mesmos comecei jogar agora.mais tá incrível eu vou deixar mensagem para aqueles que ainda não jogaram discargaõ o jogo sei vai gostar muito como eu obrigado.,5,35,3.5.3179,2018-09-26 21:20:07
52,Luciene Silva,https://lh3.googleusercontent.com/-eoQPkQOPjo8/AAAAAAAAAAI/AAAAAAAAAAA/AMZuucnzMNZUBHGTsQEeqCBZPKNhuOStpA/photo.jpg,Eu queria saber o porque quando agente desbloqueia a 3 pista is outros carrots que é menos potente que os nossos correm mais do que os da Gente me responda,2,12,5.1.3179,2019-09-20 09:11:00
53,VicentaPaiva Vivi38,https://lh3.googleusercontent.com/a-/AOh14GgBKRcV_6UgFIiDoz9BUcGoiThx1abUXXa5Gl17,o jogo é bom mas só não sei porque não fica guardado eu jogo e depois saio do jogo volta tudo do começo novamente alguém poderia me explicar o porquê acontece isso??,2,83,3.9.3179,2019-07-09 17:42:14
54,Matheus Oziel Neves Souza Francisco,https://lh3.googleusercontent.com/-y9Wszig5vTM/AAAAAAAAAAI/AAAAAAAAAAA/AMZuucmT7GYdyXP6ef7uV7zuzRmOYhPGPw/photo.jpg,"esse jogo e muito bom,tem bons graficos e boa jogabilidade",5,0,,2020-05-25 14:18:35
55,André SoareS,https://lh3.googleusercontent.com/a-/AOh14GhuNucn7YmYyZ4I9YhjrZNOwty5D4JZ3w34XMNM,"Era um dos melhores app, mais as propagandas tomaram conta de tudo. perdeu a graça...",1,86,3.7.3179,2019-02-15 21:43:00
56,GABRIEL HENRIQUE NOGUEIRA,https://lh3.googleusercontent.com/a-/AOh14GgBE7dgn1j6rgO9JjEFQ6p1OeaDjYdSW3K4yBZuzA,e muito facil eu n perco faz tempo pois recarreguei money e comprei o penultimo carro que eu chamo de :americão❤ sou basicamente uma lenda,5,2,,2019-05-08 18:37:21
57,Nenèm santos,https://lh3.googleusercontent.com/a-/AOh14Gj-fOymeX5soTRLRFt9uls6k1D4oCjp3XENjyDzJw,Eu odiei este jogo dos carros é tudo caro e o dinheiro muito pouco,1,0,,2020-04-22 09:39:45
58,Luciene Gonçalves,https://lh3.googleusercontent.com/-6mhG2mHH4Wo/AAAAAAAAAAI/AAAAAAAAAAA/AMZuucnQ3BOYO2UIhlYQVpKs5YFtcDVKCg/photo.jpg,tudo é caro e tudo nele é enjoativo e repleto de microtransacao de diamantes não recomendo,2,0,,2019-04-29 20:42:28
59,Allan Lima,https://lh3.googleusercontent.com/-KyWxab1FLWo/AAAAAAAAAAI/AAAAAAAAAAA/AMZuucku-oUHniptsxt0okzlsARxoj-5-w/photo.jpg,muito bom todos os dias eu procurava um jogo como esse super recomendo só que nois deveria ganhar diamante quando ganhasse as corridas,5,14,3.9.3179,2019-05-18 20:30:56
60,Um usuário do Google,https://lh3.googleusercontent.com/EGemoI2NTXmTsBVtJqk8jxF9rh8ApRWfsIMQSt2uE4OcpQqbFu7f7NbTK05lx80nuSijCz7sc3a277R67g,O jogo é ourives o gráfico e péssimo e muito fácil e ainda é um lixo,1,13,3.6.3179,2018-11-29 09:42:32
61,orlimdo play,https://lh3.googleusercontent.com/-W34fGnWMCkA/AAAAAAAAAAI/AAAAAAAAAAA/AMZuuckrqWvUwEynBh4AquX_vQtYDMB38Q/photo.jpg,Simpesmente ótimo não tenho o que dizer mas tem algums erros,5,0,5.3.5002,2020-04-30 20:16:51
62,Renata Caroline,https://lh3.googleusercontent.com/a-/AOh14Gh9K4mRtyLUnaMgEDwsztOlL-afUNYGvi5uL4ku2Q,Jogo muito ladrao tudo tem que comprar... tem ele com dinheiro e diamente infinito no YouTube galera,1,1,,2019-06-23 21:34:48
63,Um usuário do Google,https://lh3.googleusercontent.com/EGemoI2NTXmTsBVtJqk8jxF9rh8ApRWfsIMQSt2uE4OcpQqbFu7f7NbTK05lx80nuSijCz7sc3a277R67g,Cara simplesmente ótimo desbloqueia o estágio profissional pra jogar lan,5,0,,2018-11-22 13:38:41
64,LUP CRAFT,https://lh3.googleusercontent.com/a-/AOh14Gg5TK2r0uhtvxMMMADZFAexjxuuf_sW-QLYjfo08g,jogabilidade ruim. e não da pra destruir os caros.,1,4,3.9.3179,2019-07-05 15:13:23
65,Um usuário do Google,https://lh3.googleusercontent.com/EGemoI2NTXmTsBVtJqk8jxF9rh8ApRWfsIMQSt2uE4OcpQqbFu7f7NbTK05lx80nuSijCz7sc3a277R67g,melho que varios jogos de corrida só tira a propaganda :-),5,0,,2019-03-06 14:44:42
66,Sandro Rocha,https://lh3.googleusercontent.com/-0N-uenJByX8/AAAAAAAAAAI/AAAAAAAAAAA/AMZuucm9bIuCOUQ7PdsS43-zOywJqNSVQA/photo.jpg,"Ótimo jogo, ótima jogabilidade parabéns para o criador do jogo",5,0,,2020-03-10 20:13:52
67,William Sousa,https://lh3.googleusercontent.com/-fpCYoOJqC34/AAAAAAAAAAI/AAAAAAAAAAA/AMZuucl2901kjGDyMWiJq_QPKeZa9_E4Vg/photo.jpg,O outro e pior porque mano e muito caro os carros,5,0,,2020-05-27 18:17:58
68,Geneildo Pereira,https://lh3.googleusercontent.com/-2fSfJsRRRLQ/AAAAAAAAAAI/AAAAAAAAAAA/AMZuuclMjM7SrIkGIqW26g18UbqPEhqoSg/photo.jpg,muito ruim essa nova atualização por que apaga tudo quando você sai do jogo ai tem que começar tudo de novo 😡digo porque baxei e foi desse jeito,1,3,,2019-06-02 09:26:35
69,Lawakuri Javae,https://lh3.googleusercontent.com/-b5Wmqx5I3Ug/AAAAAAAAAAI/AAAAAAAAAAA/AMZuucm3zugI43juVfR3cThybGwwS8rGsA/photo.jpg,Eu dei quatros 🌟 porque não tenho como fazer um pedido para que possamos fazer um novo jogo muito legal,4,0,,2020-01-23 13:58:22
70,Guilherme Santana,https://lh3.googleusercontent.com/-_V7IsvQCjd4/AAAAAAAAAAI/AAAAAAAAAAA/AMZuuclMOi-shH-J8xmqgWXSVC3EYciuZA/photo.jpg,Esi jogo e muinto bom o que e rui e que fica saindo do jogo mas a simesmo eu dou sinco estrelas,5,0,5.1.3179,2020-01-17 21:25:00
71,Kite Batista Batista,https://lh3.googleusercontent.com/-C91Lowz2PT4/AAAAAAAAAAI/AAAAAAAAAAA/AMZuuckvafREb3vAEKHogENJdGZfr8I6rQ/photo.jpg,"É muito injusto, só o carro da gente que não anda.",2,0,,2019-10-06 23:12:29
72,Um usuário do Google,https://lh3.googleusercontent.com/EGemoI2NTXmTsBVtJqk8jxF9rh8ApRWfsIMQSt2uE4OcpQqbFu7f7NbTK05lx80nuSijCz7sc3a277R67g,"é bom, mais so darei mais duas estrela depois que colocar o modo de colocar neon dibaixo dos carros!",3,0,,2019-02-09 20:31:33
73,Game Hoje,https://lh3.googleusercontent.com/a-/AOh14GhH-H2MHFcrKTa84V14pXnttjFryiMHbGKFVvLw,Gostei muito. Só não gostei porque não tem o multiplay,5,0,,2018-09-26 20:39:26
74,Amidy Antonio,https://lh3.googleusercontent.com/-NlJxePIrVrQ/AAAAAAAAAAI/AAAAAAAAAAA/AMZuucnR81HbnOnJL-C2-yOfGOn1AEdpIw/photo.jpg,"Gostei muito do jogo,mas ele é muito dificil na 3* parte foggo!",4,0,,2020-03-27 06:46:28
75,Douglas Botelho,https://lh3.googleusercontent.com/a-/AOh14GjtJaYRocVlVPRMPK1m6cym5WpDLiGYRaDohsAe,Exagero de ficção. Prefiro algo mais simples....,1,0,5.1.3179,2020-02-16 03:48:27
76,Carlos Eduardo Santos Monteiro,https://lh3.googleusercontent.com/-rCNcPBMDIa8/AAAAAAAAAAI/AAAAAAAAAAA/AMZuuclvdidduNPIFWcBzK_bjTPx_BGopQ/photo.jpg,O jogo é muito massa mais tem que ganhar diamante correndo e dinheiro.,4,0,,2018-11-09 23:49:27
77,Paulo Pedro Supi,https://lh3.googleusercontent.com/-8R4IibScBb0/AAAAAAAAAAI/AAAAAAAAAAA/AMZuucmm1OB8z1RvLEDpTA_jFjnBLJRvkA/photo.jpg,É fantastico este jogo ainda por cima em 3D,5,0,,2019-09-22 14:09:39
78,JR GAMER,https://lh3.googleusercontent.com/a-/AOh14Gixd2M5RKehn3Q_T5E-_fRUqlKSNJUpb9C5aYE3PA,Muito bom o jogo e excelente para quem gosta de adrenalina 4 estrelas pq o jogo e fodah,4,0,,2019-10-26 21:30:29
79,Adamo junior,https://lh3.googleusercontent.com/-CA2e5f3D31M/AAAAAAAAAAI/AAAAAAAAAAA/AMZuucnz3GkOCza78lwmKgsAyDpYcg_J3Q/photo.jpg,"Aumentem mas qualidade no jogo, se inspirem um pouco no nfs",1,0,,2020-02-09 03:15:04
80,Um usuário do Google,https://lh3.googleusercontent.com/EGemoI2NTXmTsBVtJqk8jxF9rh8ApRWfsIMQSt2uE4OcpQqbFu7f7NbTK05lx80nuSijCz7sc3a277R67g,Esse jogo e muito bom de mais só que o jogo e copia de city racing lite mais e bom,5,0,,2018-09-30 21:25:12
81,Nuno Melo,https://lh3.googleusercontent.com/-vXyWBdSNCKg/AAAAAAAAAAI/AAAAAAAAAAA/AMZuucmmQfe--x_nXlL7_fFwax7Xzg9B6A/photo.jpg,Acho que os carros em sentido contrario são uma estupidez e torna o jogo uma palhaçada,2,0,3.9.3179,2019-06-28 14:17:09
82,Tomé Chambal,https://lh3.googleusercontent.com/a-/AOh14GiTdbZzkNGOJZ_9ycT-hSWb-uqeCPUNmbDZyn-OMQ,"O jogo é legal,so que as viaturas estao caras.Por favor façam promocao estamos em Natal.",5,0,,2018-12-15 20:38:47
83,Um usuário do Google,https://lh3.googleusercontent.com/EGemoI2NTXmTsBVtJqk8jxF9rh8ApRWfsIMQSt2uE4OcpQqbFu7f7NbTK05lx80nuSijCz7sc3a277R67g,jogo ele faz tempo mas eu tenho só uma coisa a dizer: maravilhosamente maravilhoso.,5,2,,2019-01-24 21:11:22
84,Sidney Claudino,https://lh3.googleusercontent.com/-cREBRObRyHI/AAAAAAAAAAI/AAAAAAAAAAA/AMZuucmECfhzOgG6AKy3fR8FzA3rR8CCOA/photo.jpg,E muito bom mais os carros são muito caros e ajente ganha muito pouco dinheiro!,2,2,3.9.3179,2019-06-22 17:03:55
85,Arielacelene Oliveira,https://lh3.googleusercontent.com/a-/AOh14Ggipc0ZASILRzZaaL1mn1CPhNbd6L-y2eijyNNZvA,"O jogo é muito bom, mas é bastante difícil de passar os níveis.",4,0,5.1.3179,2019-11-29 21:25:06
86,Lucio Dallas Santos silva,https://lh3.googleusercontent.com/a-/AOh14Ggt_lyJHcBz2r_G4JfLfOjrJfNNahFkIgneKT0qRg,Queria saber se realmente esse jogo tem perseguição Polícia e elicoptero?,3,0,5.1.3179,2020-01-09 23:18:41
87,Alessandro /023,https://lh3.googleusercontent.com/a-/AOh14GjFZfTpwe_AonI36gMCSpvSoPVAWDoxr7eW_FO_,Top de mais o multiplayer parabéns,5,0,,2020-02-26 20:40:52
88,Adson Ferreira,https://lh3.googleusercontent.com/-MSzq1PmxsfQ/AAAAAAAAAAI/AAAAAAAAAAA/AMZuucktcVMzEP-nJoRlFZd-Mj3k3lQVcw/photo.jpg,"Muito bom esse jogo, só é um pouco ruim pra juntar moedas e comprar os melhores carros, fora isso muito bom...",5,1,,2019-05-22 01:55:26
89,Alex Gomes,https://lh3.googleusercontent.com/-l-iUCITY8Co/AAAAAAAAAAI/AAAAAAAAAAA/AMZuucl85m_TyKvY7ZsbyTY5hc8fv1T50Q/photo.jpg,"Era pra valer mais as corridas, e ter como pegar muito mais diamantes!",3,0,5.1.3179,2020-02-23 13:28:06
90,Um usuário do Google,https://lh3.googleusercontent.com/EGemoI2NTXmTsBVtJqk8jxF9rh8ApRWfsIMQSt2uE4OcpQqbFu7f7NbTK05lx80nuSijCz7sc3a277R67g,E só que na corrida de Paris tá travando muito só isso mesmo o jogo é muito top legal de mais amei,5,0,,2018-09-30 18:53:00
91,Aparecida De Lourdes Rosa,https://lh3.googleusercontent.com/-3QzW_0XZKu8/AAAAAAAAAAI/AAAAAAAAAAA/AMZuuckkwryHvzcHQPYktE7fnn0dHoDxOQ/photo.jpg,Muito legal para um jogo antigo ele tem pvp off line,5,0,,2020-05-09 08:09:23
92,Edite Barbosa,https://lh3.googleusercontent.com/-643OuggxQD4/AAAAAAAAAAI/AAAAAAAAAAA/AMZuucnjqFVIl9bVqLt-7PHBZW1IZ6KJkg/photo.jpg,Esse jogo é muito bom Mas poderia ter mais carros da lamborghini.,5,0,,2019-11-30 12:37:18
93,Striker Gamer C.V.,https://lh3.googleusercontent.com/a-/AOh14GjG8GMNUWyMrdojpQDdgdXZvM9D-bgFsbUjeQ4d,Fica voutano no inicio toda hora e o multiplayer nao fuciona consertem isso,1,0,,2018-09-14 12:20:00
94,Um usuário do Google,https://lh3.googleusercontent.com/EGemoI2NTXmTsBVtJqk8jxF9rh8ApRWfsIMQSt2uE4OcpQqbFu7f7NbTK05lx80nuSijCz7sc3a277R67g,o jogo não funciona no modo multiplayer,1,54,3.9.3179,2019-03-31 22:44:13
95,JOSIMO ROMAINA COSTA,https://lh3.googleusercontent.com/-UdMEDU8R6ZM/AAAAAAAAAAI/AAAAAAAAAAA/AMZuuckBZS93IvYvaliq6EX4izT6Diq3RA/photo.jpg,eu gosto muito desse jogo mais uma pergunta por Que esse jogo não guarda os dados?,4,0,,2019-08-09 22:18:02
96,Adao Silva De Sousa,https://lh3.googleusercontent.com/-AXiOpueZqJI/AAAAAAAAAAI/AAAAAAAAAAA/AMZuucnk9ZmXyGexv5FbnNRkLXqWhGUQ_w/photo.jpg,Muito bom esse jogo para quem gosta de adrenalina,5,0,,2019-12-23 12:48:51
97,maria eduarda,https://lh3.googleusercontent.com/a-/AOh14GjEI_0gmr08Ge_sjHxJuCyqt91H7I32D9P4aPGe,Esse jogo é muito ótimo dos cinco estrelas porque ela é muito ótimo,5,0,,2020-01-17 08:40:49
98,Um usuário do Google,https://lh3.googleusercontent.com/EGemoI2NTXmTsBVtJqk8jxF9rh8ApRWfsIMQSt2uE4OcpQqbFu7f7NbTK05lx80nuSijCz7sc3a277R67g,"O jogo é muito bom , mais no meu J5 toda vez o jogo volta ao início do test drive",4,0,,2018-09-22 09:31:44
99,Breno Eduardo,https://lh3.googleusercontent.com/-bOLjr4c_lpc/AAAAAAAAAAI/AAAAAAAAAAA/AMZuuck30qUFCQR01E2ylqon-W5meEO-YA/photo.jpg,esse jg e bom e nao tem anuncios que nem os outros,5,0,5.3.5002,2020-04-18 14:15:09
