,userName,userImage,content,score,thumbsUpCount,reviewCreatedVersion,at
0,Alex Muniz Santos,https://lh3.googleusercontent.com/-KKqkWYJmNYs/AAAAAAAAAAI/AAAAAAAAAAA/ACHi3rdTQsH9_jYyDPC4-FczAaCVbt-cUg/photo.jpg,"Muito bom, mas poderia ter a opção de se escutar a pronúncia das palavras. Fica a dica.",4,0,28.1-4297-en,2020-01-19 07:10:03
1,Um usuário do Google,https://lh3.googleusercontent.com/EGemoI2NTXmTsBVtJqk8jxF9rh8ApRWfsIMQSt2uE4OcpQqbFu7f7NbTK05lx80nuSijCz7sc3a277R67g,"É fantástico, mas tem imagens que não combinam muito. Mas amo esse jogo.",5,6,,2018-12-07 19:40:48
2,Marina Teixeira,https://lh3.googleusercontent.com/a-/AAuE7mBHwMUNl_huUqpCr7xgk5efTEJ1RKUY62D5ch4Cng,O jogo está em inglês não estou conseguindo colocar no português adoro o jogo mais no inglês não dar pra jogar.,1,7,23.0-4225-en,2019-08-27 16:15:31
3,Um usuário do Google,https://lh3.googleusercontent.com/EGemoI2NTXmTsBVtJqk8jxF9rh8ApRWfsIMQSt2uE4OcpQqbFu7f7NbTK05lx80nuSijCz7sc3a277R67g,Esse jogo é muito legal não tenho palavras para expressar o seu jogo (157 só por Deus mano),5,5,,2018-12-11 01:01:10
4,PACANALAIELOS PACANALAIELINHOS,https://lh3.googleusercontent.com/a-/AAuE7mD0IeKcPuhy4cFzkqsxT2ggcHNMTbikKwn6Y9oV,Amei. Gente voçeis sabiam que dá para jogar esse jogo no facebook? Pois é da Mais gostei demais é o meu novo passatempo💜😘,5,1,,2018-11-01 10:40:03
5,Quel Caval,https://lh3.googleusercontent.com/-g8m8jnAkstI/AAAAAAAAAAI/AAAAAAAAAAA/ACHi3rfoyHfNKmYQJaflATwMB5tTzm44wQ/photo.jpg,e muito bom mesmo vcs pode instalar vcs não vão se arepender,5,2,,2018-12-26 13:54:37
6,Yasmin Fernandes Nabuco,https://lh3.googleusercontent.com/a-/AAuE7mBz4ky0yFrTFOn1H01-YI5RyAfAVcHEOolP9uCxLA,Interessante e ensina a escrever em inglês.,5,1,23.1-4227-en,2019-09-01 16:35:19
7,laíla santos da silveira,https://lh3.googleusercontent.com/a-/AAuE7mD9QsnPRgTSik0vQpkOlmpejC4sJEAhg8GaBg_V,Jogo ótimo sempre quando não tenho nada para fazer ele está com migo,5,0,,2020-01-02 21:12:30
8,William Pedrosa,https://lh3.googleusercontent.com/-2QGIrvjj10I/AAAAAAAAAAI/AAAAAAAAAAA/ACHi3rdC9jEIjT7O56-_k6wdipWBhdA5fw/photo.jpg,Simples mas instigador.,5,3,16.2-4076-en,2019-04-17 20:54:05
9,Um usuário do Google,https://lh3.googleusercontent.com/EGemoI2NTXmTsBVtJqk8jxF9rh8ApRWfsIMQSt2uE4OcpQqbFu7f7NbTK05lx80nuSijCz7sc3a277R67g,"Esse jogo é ótimo para aprender inglês, caso vc já jogou o de português",5,1,,2018-10-28 10:38:05
10,Janyele Galvao,https://lh3.googleusercontent.com/-LnTpN34kqwY/AAAAAAAAAAI/AAAAAAAAAAA/ACHi3rd61Zs4zNwV-TxdxT6bwyAC1WIHbQ/photo.jpg,E muinto bom recomendo baixar o aplicativo 😄😄😄😄😄😄😄😄😄😄😄😄😄😄😄😄,5,0,,2020-01-31 21:45:26
11,Tony Lavrador,https://lh3.googleusercontent.com/a-/AAuE7mDyODyjxkgP6L06-0YOQJ2Nw-Y0yUv_K5Vhs4Pw,Pena tem muito anúncios,5,12,8.8.2-3598-en,2018-10-20 10:39:34
12,Um usuário do Google,https://lh3.googleusercontent.com/EGemoI2NTXmTsBVtJqk8jxF9rh8ApRWfsIMQSt2uE4OcpQqbFu7f7NbTK05lx80nuSijCz7sc3a277R67g,muito bem elaborado,5,0,,2018-10-13 18:01:24
13,Fernando lima Lima,https://lh3.googleusercontent.com/-361mnZWig_Y/AAAAAAAAAAI/AAAAAAAAAAA/ACHi3rdVk7dPxtbpU92MoIMivmuWSBfzSQ/photo.jpg,4 pic 1 Word 2 much ads,3,1,28.1-4297-en,2019-12-31 14:38:12
14,Walter CL,https://lh3.googleusercontent.com/a-/AAuE7mAy38zn6RMxWap9-ppU6gU2oEfJm9arqaw59ta6,It's helpme Very must to learn English,5,0,28.1-4297-en,2019-12-19 23:48:27
15,Priscilla Medeiros,https://lh3.googleusercontent.com/a-/AAuE7mAOWKAEUh_0ybKyhlRhjcxu9URqQD9gSf9kOe08PQ,I love it!,5,0,19.2-4132-en,2019-07-01 20:21:49
16,Ana Lima,https://lh3.googleusercontent.com/-pT890qSs4r8/AAAAAAAAAAI/AAAAAAAAAAA/ACHi3rePDL5Lrc14iPLp0ajjQGW82MhftA/photo.jpg,very entertaining,5,0,18.2-4119-en,2019-06-28 17:53:22
17,Um usuário do Google,https://lh3.googleusercontent.com/EGemoI2NTXmTsBVtJqk8jxF9rh8ApRWfsIMQSt2uE4OcpQqbFu7f7NbTK05lx80nuSijCz7sc3a277R67g,perfect,5,0,15.1-4007-en,2019-03-31 15:52:40
18,mariana Cagy,https://lh3.googleusercontent.com/a-/AAuE7mD0tngcqM8fD1DpYKnx6wIZ-CgDbL0p7r_F8-pN,adorei,5,7,12.0-3899-en,2019-01-06 17:51:01
19,Um usuário do Google,https://lh3.googleusercontent.com/EGemoI2NTXmTsBVtJqk8jxF9rh8ApRWfsIMQSt2uE4OcpQqbFu7f7NbTK05lx80nuSijCz7sc3a277R67g,Ok,4,4,10.7-3851-en,2018-12-02 06:46:52
20,Anderson da Costa,https://lh3.googleusercontent.com/-180nKLsKeSY/AAAAAAAAAAI/AAAAAAAAAAA/ACHi3redb2zaH6fRRU_w2v7Aoe4pkvbC-Q/photo.jpg,"Good game, not too difficult. But then again I am at the early stages. 
Let's see how it plays out.",5,5,8.7.0-en,2018-08-19 12:53:23
21,Vivian Magalhães,https://lh3.googleusercontent.com/-0KlYmViSIEY/AAAAAAAAAAI/AAAAAAAAAAA/ACHi3refXvg6IqpZBpbKGENpUqieXmcmyw/photo.jpg,"Muito legal, exceto pelo excesso de anúncios.",5,4,8.7.0-en,2018-08-24 01:23:51
22,Luis Cabral,https://lh3.googleusercontent.com/-JCJ3sZxZPfw/AAAAAAAAAAI/AAAAAAAAAAA/ACHi3rcKG0JxjOXolXLFDlwl3_J1mrMeZQ/photo.jpg,Muitos anuncios,4,8,8.7.0-en,2018-07-28 10:42:00
23,Um usuário do Google,https://lh3.googleusercontent.com/EGemoI2NTXmTsBVtJqk8jxF9rh8ApRWfsIMQSt2uE4OcpQqbFu7f7NbTK05lx80nuSijCz7sc3a277R67g,Toppp,5,5,8.7.0-en,2018-08-11 00:50:45
24,Julia Paiffer,https://lh3.googleusercontent.com/a-/AAuE7mCYKKKvrb5u9C3T85HNTp67yV6kY4zxBTeYelTu,Excelente para melhorar seu inglês e ainda exercitar o cérebro e a memória.,5,4,8.4.6-en,2018-06-16 19:48:56
25,Erik cordeiro,https://lh3.googleusercontent.com/a-/AAuE7mD8ULpD3K2qFlDooQluYbiy8TJdLTinDdvo1KcMYw,O jogo é muito bom,4,5,8.4.6-en,2018-06-21 11:32:07
26,Cat C,https://lh3.googleusercontent.com/a-/AAuE7mAzhQk-ADe8gQM3mzxtVk0TV1nOHNor-xgcad7fdw,Mentally challenging,5,6,8.4.5-en,2018-06-03 14:30:25
27,Rody Claber,https://lh3.googleusercontent.com/a-/AAuE7mCu14RQvZWp32lA4JozUqrlrk4vQMk0Oc-qG76k0g,"Depois dá última atualização.. costuma não abrir..""agarra""",3,4,8.4.3-en,2018-05-27 15:33:37
28,Ricardo Correia,https://lh3.googleusercontent.com/a-/AAuE7mCjRKkYGS_4dsLKEJDcwHzbhTZFqku9kCISA0GmVA,"Good game to learn new words in English.  Should keep your progress somewhere, had to format my phone and lost 2k levels :(",4,10,8.2.0-en,2018-03-18 19:22:25
29,Anicleide Silva,https://lh3.googleusercontent.com/a-/AAuE7mCuSaBlysHyCv6-tOH_Ilk4NBhWHT_QKMh92YQV,Não gostei por ser em inglês as palavras quero em português,2,9,8.2.0-en,2018-03-23 08:59:21
30,Rosiane Almeida dos Santos,https://lh3.googleusercontent.com/a-/AAuE7mCFbUCn09EkeM2z5v-4t4aRQQv1avRqfnxKoqmc2Q,"Amo esse jogo, é ótimo, até agora não travou nem nada, muito desafiador",4,10,8.0.2-en,2018-02-20 09:39:50
31,Tertuliano Souza Neto,https://lh3.googleusercontent.com/a-/AAuE7mARZRJmKSHAqKqu7LjK4VcG_nH-25jbeOTUwbIU_A,Incredible game for fun.,5,12,8.0.2-en,2018-02-15 21:29:14
32,Tania Tedeschi,https://lh3.googleusercontent.com/a-/AAuE7mDx3h2suGpH4GGLANguFjnboRORGt4Gc8xnDk1f,Helps my memory and improves my vocabulary.,5,10,7.8.3-en,2018-01-20 09:57:00
33,CHARLENE LOPES DE SOUZA,https://lh3.googleusercontent.com/a-/AAuE7mC2qUYA5sfeOJWEAo9aea9LOgi_7URDmiOwOPtw,Excelente para treinar o inglês. Eu recomendo.,5,28,7.8.3-en,2017-12-27 09:02:15
34,Laura sp,https://lh3.googleusercontent.com/-Na0xLT56Cag/AAAAAAAAAAI/AAAAAAAAAAA/ACHi3rehutXq8A_es5EeNm293cPILqedQw/photo.jpg,Muito bom contém anúncios,5,10,7.8.3-en,2018-01-17 20:10:10
35,Zé,https://lh3.googleusercontent.com/a-/AAuE7mCYSEAtKIttry4l1Ub3XSMzHZwB1FypUbJhkXPDaw,Bom (good),5,3,7.8.3-en,2018-01-18 09:43:41
36,Leonardo Villagran,https://lh3.googleusercontent.com/a-/AAuE7mDANx9Ret82DHdB88txNTHIPZUowuvbOOZPi7rwcg,"Hello, would be great if you guys put different languages in this game. All peoples would download your game instead of copies of it",3,14,7.7.3-en,2017-11-21 14:34:56
37,Tathy Dko,https://lh3.googleusercontent.com/a-/AAuE7mAufCfQ-EU1dAWqiU4eus8B2OEf9mMBz99CW4M8Cw,Very nice,5,14,7.7.3-en,2017-11-19 16:10:31
38,Leila Corso,https://lh3.googleusercontent.com/a-/AAuE7mD9pKRO1_StzCGtRBJGKXVodJjEKPWQjgXLh42bUg,"Pretty good, specially for people like me (Brazilians) that wants to learn some words in English..",5,3,7.6.1-en,2017-11-12 20:18:57
39,Um usuário do Google,https://lh3.googleusercontent.com/EGemoI2NTXmTsBVtJqk8jxF9rh8ApRWfsIMQSt2uE4OcpQqbFu7f7NbTK05lx80nuSijCz7sc3a277R67g,Really good fun to learn,4,14,7.6.1-en,2017-10-12 08:29:12
40,Cristophod de Souza dos Santos,https://lh3.googleusercontent.com/a-/AAuE7mCz7Ho76Vegnzr7NSLdlEr__NKBwKLeBxhmvJv6LQ,Very nice!,5,5,7.6.1-en,2017-10-29 19:15:03
41,Joao Batista Vasconcelos,https://lh3.googleusercontent.com/a-/AAuE7mB9zVnuhXT42LNGXaFQ5dCemsMo8iOBOGJNAFPupi8,Very funny,5,8,7.6.1-en,2017-10-28 07:06:32
42,Rafael Dantas,https://lh3.googleusercontent.com/-LvJ7CU7pmvQ/AAAAAAAAAAI/AAAAAAAAAAA/ACHi3rfw2XW4p2AaJoQ6ZUeodeqbniUzhA/photo.jpg,Awesome,5,3,7.6.1-en,2017-11-14 11:29:31
43,Nilva Cavalcante,https://lh3.googleusercontent.com/a-/AAuE7mAm2oKAPHeqLlEqMVgu6jC7jlKMIgMJRTFoecMQNA,I Love This Game!!!,5,8,7.5.1-en,2017-09-25 19:49:04
44,Mauricio Santos,https://lh3.googleusercontent.com/a-/AAuE7mA1Nvtrks7LB_2ey41daoa2GWsylLlt6kxb7LXw0g,Muito divertido. Parabéns aos desenvolvedores.,5,15,7.5.1-en,2017-09-18 16:47:16
45,Cle Mendes,https://lh3.googleusercontent.com/a-/AAuE7mAVsbkD7_SOZq6e1buwgI8TTmPAYZQY5DUP81GC,Muito bom este jogo,5,8,7.4.1-en,2017-08-04 23:57:51
46,Gilberto Botelho,https://lh3.googleusercontent.com/a-/AAuE7mCKIE_TTKAEenz2co2kjCjPMekSHziAcvuVm1Xzog,Excelent game!!!,5,13,7.4.1-en,2017-07-17 06:58:46
47,Sara Nina,https://lh3.googleusercontent.com/a-/AAuE7mAciSwSu0XggXJNdDfvLpvQPTgUAGw85OHilwINow,Fun :),4,9,7.2.4-en,2017-04-28 14:26:16
48,Thais Vieira,https://lh3.googleusercontent.com/a-/AAuE7mDQsCjehYRBLUkFfGx6zXmPkebT2RxllwS_VnkR,Legalzinho,4,11,7.2.4-en,2017-04-21 15:16:47
49,M4RK ROCK,https://lh3.googleusercontent.com/a-/AAuE7mCChZ_NP9uHdc-yZSfymbzp1I39N8435UQXm8SP,Extremamente necessario,5,11,7.1.2-en,2017-03-18 00:38:31
50,Eduardo Lima De Oliveira,https://lh3.googleusercontent.com/-eJUdr6vrpE0/AAAAAAAAAAI/AAAAAAAAAAA/ACHi3rdIqAZPh8xkoaOjh9I8IgJJ4daWWQ/photo.jpg,massa,5,13,7.1.2-en,2017-03-07 15:58:12
51,Luis Turra,https://lh3.googleusercontent.com/-6g_M5XUrvW8/AAAAAAAAAAI/AAAAAAAAAAA/ACHi3rf7AY7fdJkjBsQT2GKgVXbKb_6IOw/photo.jpg,Good,5,6,7.1.2-en,2017-04-04 14:45:02
52,Adeilton Boscardin,https://lh3.googleusercontent.com/a-/AAuE7mAkdVQrc7o3Ahc8-ivErTamSHt9_9NmPO0AW5rIHw,Odiei,5,9,7.1.2-en,2017-03-14 19:36:01
53,Caroline Oliveira,https://lh3.googleusercontent.com/a-/AAuE7mAhXt21Gc-4b7GRqY6fkoMUCyE39qzAXEpeiHx8qNw,Ótimo para ver como está seu vocabulário de Inglês.,4,10,7.0.3-en,2017-01-09 07:13:09
54,Miriam Cabral,https://lh3.googleusercontent.com/-SjKqozyb5Mg/AAAAAAAAAAI/AAAAAAAAAAA/ACHi3rerpQDvTPiwCtvsLMqudGYWkcnXTg/photo.jpg,Fun,5,13,7.0.3-en,2017-01-02 12:02:33
55,Gabriel Rando,https://lh3.googleusercontent.com/a-/AAuE7mAmcO4iKzaxdvGn2UnAaTebEInv8AoIjHgL9cRy6g,The app goal is fantastic but takes up a lot of unnecessary space because no history is viewed,3,1,6.7.1-en,2017-01-05 07:11:25
56,Um usuário do Google,https://lh3.googleusercontent.com/EGemoI2NTXmTsBVtJqk8jxF9rh8ApRWfsIMQSt2uE4OcpQqbFu7f7NbTK05lx80nuSijCz7sc3a277R67g,Jogo pra familia,5,21,6.7.1-en,2016-10-24 23:48:34
57,Fabio Batista Gomes,https://lh3.googleusercontent.com/a-/AAuE7mBhy0kLvsAcc13ftTLCjwHz3yWYgISZ-AowsAEEuP8,I love it. Helps exercise the brain.,5,2,6.7.1-en,2016-12-20 16:26:08
58,Enes Doe,https://lh3.googleusercontent.com/-gQ4Yjonv48o/AAAAAAAAAAI/AAAAAAAAAAA/ACHi3rd22FLOFkTkSA4tlNdhZ1lK_rehVw/photo.jpg,Fun!,5,18,6.7.1-en,2016-11-07 10:27:57
59,Silvia Rolimdo br,https://lh3.googleusercontent.com/a-/AAuE7mAffN1X-MbHdq6eAbIK-1b4PN7_bcHk4TVIq3LwQg,Me faz pensar,5,5,6.7.1-en,2016-12-11 20:24:05
60,Angela Candido da Silva,https://lh3.googleusercontent.com/a-/AAuE7mDubiVj4ZHEJD0xpYYGrjYMoPXTxWovboPPypLGFA,Adoro! Muito bom.,5,6,6.7.1-en,2016-11-22 07:38:17
61,Sabrina Alencar,https://lh3.googleusercontent.com/a-/AAuE7mAmbTZb56hV9Lx-zrNBDzGORgbZJHPQt1qII8U6zQ,Super educativo,5,1,6.7.1-en,2016-12-08 19:45:32
62,Soraya Santos,https://lh3.googleusercontent.com/a-/AAuE7mC2RTcUfRhbTaXqJpPmXfO3IzhHCWmeKqft68uP2g,Melhpr maneira de aprender ingles,5,15,6.6.0-en,2016-09-22 18:40:22
63,Deborah Cecília Saraiva Bezerra,https://lh3.googleusercontent.com/-A7kYRhrjS6k/AAAAAAAAAAI/AAAAAAAAAAA/ACHi3rfoGmNdFyutarp7yKmF0QFt0G_m2w/photo.jpg,Very funny!,5,7,6.6.0-en,2016-09-06 22:26:25
64,Cristina Cornelsen,https://lh3.googleusercontent.com/a-/AAuE7mBE8YXWqtSlGLPBT2Vw4k701x-oUv9jtMPf7i1dYQ,"O jogo é muito bom, o que incomoda são os anúncios!",4,20,6.5.1-en,2016-07-26 19:50:11
65,Augusto Chagas,https://lh3.googleusercontent.com/a-/AAuE7mDVFphH_u7gzhVO50gxrLPaswBI8hq1-s0C_b70_Q,Tem mt propaganda,5,10,6.5.1-en,2016-08-24 23:12:36
66,Um usuário do Google,https://lh3.googleusercontent.com/EGemoI2NTXmTsBVtJqk8jxF9rh8ApRWfsIMQSt2uE4OcpQqbFu7f7NbTK05lx80nuSijCz7sc3a277R67g,Re@lly good.,4,6,6.5.1-en,2016-08-28 18:32:30
67,Ricardo Abreu,https://lh3.googleusercontent.com/a-/AAuE7mDKn95WugHg_8-E9fmqfdrXmBLS0TXrPKTrt0RE,O melhor.,5,12,6.5.1-en,2016-07-26 19:59:56
68,Paulo Melo,https://lh3.googleusercontent.com/a-/AAuE7mB9UHC_VU3LKpkcZzagv_pFgCb_qV9Xg57SdC6H,gostei muito.. somente não gostei dos anúncios,5,16,6.4.1-en,2016-07-12 08:37:33
69,Danilo Cintrão,https://lh3.googleusercontent.com/-tCgUyx7KFWE/AAAAAAAAAAI/AAAAAAAAAAA/ACHi3rdMTgKtqTXmduNPjVnQAoKujKVY8w/photo.jpg,Bacana,3,11,6.4.1-en,2016-07-07 18:46:35
70,Anderson Aredes,https://lh3.googleusercontent.com/a-/AAuE7mDKUX9-mLXjhZ7gG1EOo1BYwUvDfxuc4B_wlnyKhw,Legal pra treinar o raciocínio em inglês.,5,16,6.3.0-en,2016-05-29 18:42:52
71,Piero Medori,https://lh3.googleusercontent.com/-X2c_3x-MV8M/AAAAAAAAAAI/AAAAAAAAAAA/ACHi3rdfhDqoMMDQhwpfxKVe9YoKbM3LSg/photo.jpg,"Excelente jogo! Às vezes de tanto parecer difícil, acaba sendo fácil.",5,22,6.2.0-en,2016-04-15 04:25:54
72,Ulle Ráfaga Campos e Figueiredo,https://lh3.googleusercontent.com/a-/AAuE7mCU68sbKICZQlMV2eqmyH5L9DHhFWK_fQBZ7QzwXQ,Bastante versátil e divertido.,4,2,6.2.0-en,2016-05-01 14:43:17
73,Um usuário do Google,https://lh3.googleusercontent.com/EGemoI2NTXmTsBVtJqk8jxF9rh8ApRWfsIMQSt2uE4OcpQqbFu7f7NbTK05lx80nuSijCz7sc3a277R67g,I love this app,5,2,6.2.0-en,2016-05-04 20:12:19
74,Ricardo Pitol,https://lh3.googleusercontent.com/-DwUhF4L6gx8/AAAAAAAAAAI/AAAAAAAAAAA/ACHi3rcuG3GOAQqvu6lqPxwbhIMfj1JSMA/photo.jpg,Muito bom mesmo,5,1,6.2.0-en,2016-05-10 21:05:47
75,Ricardo Braga,https://lh3.googleusercontent.com/a-/AAuE7mDJUYXJ3XoPKaAq_mOfEXvEo3ej5iLblnFq6ePi,Top top,5,1,6.2.0-en,2017-07-02 22:30:44
76,C.R.I.S :3,https://lh3.googleusercontent.com/a-/AAuE7mCsMMtkmNqi6Z6bjo0fz1n5Ga0RXZXiM0AvpA1hxw,Oooooooooiiiiiiiiiiiiiiiii,4,1,6.2.0-en,2016-05-14 11:41:28
77,Ana Marta Azevedo,https://lh3.googleusercontent.com/-rGd3HNm7YKs/AAAAAAAAAAI/AAAAAAAAAAA/ACHi3reRxpFMuRtC470Bzv2WvY7K7dChYA/photo.jpg,A lot off pop up videos and adds but great game,4,13,6.1.1-en,2016-02-26 01:44:56
78,Jaqueline Monteiro,https://lh3.googleusercontent.com/a-/AAuE7mCbni9qHDOf-nqLnL8dnWgl3zRmywKSJ6Um7OwOLA,"I like this game, I finished the Portuguese version already.",5,10,6.1.1-en,2016-03-13 08:13:40
79,REOLDA MARIA FROES-CONNOLLY,https://lh3.googleusercontent.com/a-/AAuE7mAmpn33o6WU903yewpujRolPMrKBeOb4je3CP-YqZM,I love it!  Thank you.,5,35,6.1.1-en,2016-02-19 00:18:17
80,Tissiane Ashino,https://lh3.googleusercontent.com/a-/AAuE7mC9AClMuBjXZpkGCF7GbRGhfwp38kAnepTls4s_,Legal,4,5,6.1.1-en,2016-02-27 01:05:05
81,nilo menezes,https://lh3.googleusercontent.com/a-/AAuE7mBiUc-rbSKSOGAl0j_gkc29etgDRz9CyigCig9goQ,bom para vocabulário!,5,3,6.1.1-en,2016-03-06 23:34:25
82,Luis Turra,https://lh3.googleusercontent.com/-V_BkpIsuIOc/AAAAAAAAAAI/AAAAAAAAAAA/ACHi3rdOnxjfPmjzqiMHuvgrgvJzIQlumg/photo.jpg,Great app,5,3,6.1.1-en,2016-03-11 12:41:30
83,Paola Borghi,https://lh3.googleusercontent.com/a-/AAuE7mAh-jxhHMVWvaiEHt-EFt8PLbRVVrGn1ee0wkoNfw,This game is really nice to remember and get new vocabulary,5,5,5.0.0-en,2015-09-12 01:29:09
84,Leandro Andrisen,https://lh3.googleusercontent.com/a-/AAuE7mBFWD0MIBK9aAOVsmT3sgnnTgvWp7tVfj2T3OQI,Recomendo pr todos ki kerem uma distração.,5,4,5.0.0-en,2015-11-23 01:31:56
85,Marcia Araujo,https://lh3.googleusercontent.com/-s_iTSt3AUyM/AAAAAAAAAAI/AAAAAAAAAAA/ACHi3rcmNuueRKMykRO4kDqfNb_Yh6STHA/photo.jpg,"Very nice to improve vocabulary and grammar, no matter your mother tongue !!!",5,0,5.0.0-en,2015-10-19 22:27:37
86,Viviane Bastos,https://lh3.googleusercontent.com/a-/AAuE7mBe4ZiAyHEyJgAjw41gOfTfzQlEqQL7J_eaZ_iS-Q,Ajuda muito a aumentar o vocabulário.,4,2,5.0.0-en,2015-09-08 20:23:59
87,Naura Nogueira,https://lh3.googleusercontent.com/a-/AAuE7mBAo9CEEEc02mhQ5Xp8-XgHlz9Bs2QaVt55gkVxFQ,Como coloca  em português,5,2,5.0.0-en,2015-12-09 20:50:28
88,Bruno Magalhães,https://lh3.googleusercontent.com/-BXQlPSGQqFE/AAAAAAAAAAI/AAAAAAAAAAA/ACHi3rcRO9Z7JMTOW3jyvQz02N_Znx4WZw/photo.jpg,Quite fun yey,5,0,5.0.0-en,2015-11-04 18:03:21
89,Sidnei Focus,https://lh3.googleusercontent.com/a-/AAuE7mA5UH7E0SDwcIhghQcGnemGQbnZbR6cuuBpvp8Asb4,150.000.000 players 10.000.000 downloads,4,1,5.0.0-en,2015-12-03 19:18:35
90,André Baldez,https://lh3.googleusercontent.com/a-/AAuE7mAk0PlPxEUGB3VaC5ZvcPaL4P1nOASCyMo8ht-OCA,Awesome!!!!,5,3,5.0.0-en,2015-08-27 00:35:28
91,Vanessa Ferrer,https://lh3.googleusercontent.com/a-/AAuE7mAzcwpYfuoroQwqJp6QBg2Nn6M-_E66SyCAIGXG,Bom,5,1,5.0.0-en,2015-10-12 12:34:45
92,Pedro Correia,https://lh3.googleusercontent.com/-vpAbSMb9yYg/AAAAAAAAAAI/AAAAAAAAAAA/ACHi3rcQvUSO4kL9dpXNdDJQ-GlFLcwscA/photo.jpg,Nice,4,1,5.0.0-en,2015-10-21 06:39:56
93,Zelly de Carvalho,https://lh3.googleusercontent.com/a-/AAuE7mAzyz91Tc0QgGPpiVHUJUHTDgKGflVxofeQ9pszsII,"Some pictures aren't clear. But the game is good. I'm learning many words, names, pronouns and adjetives.",3,0,4.9.0-en,2015-08-12 23:20:53
94,Roberta Ferreira De Andrade Mota Bob,https://lh3.googleusercontent.com/a-/AAuE7mCZ8wrrjD03LLMhvTkUKVj29pglXtn2hsbWaXeb,"Excelente para aumentar o vocabulário, além de exigir raciocínio",5,4,4.9.0-en,2015-05-26 18:47:48
95,Valderes Barbarelli,https://lh3.googleusercontent.com/a-/AAuE7mAltNJUsFMOw3jSCjcxQsLT0gxTkcs8vzfTeAVsRvE,A perfect way to improve vocabulary and stimulate our brain!,5,3,4.9.0-en,2015-05-28 08:26:35
96,Um usuário do Google,https://lh3.googleusercontent.com/EGemoI2NTXmTsBVtJqk8jxF9rh8ApRWfsIMQSt2uE4OcpQqbFu7f7NbTK05lx80nuSijCz7sc3a277R67g,"Et eg es dr u... veem, ate fiquei sem palavras lol",5,0,4.9.0-en,2015-06-27 10:47:03
97,Milly Linda,https://lh3.googleusercontent.com/a-/AAuE7mC5nFRr3rdIp-udhcHoCSCyKlfixwE7SrD-V1Yo,Muito bom parece fácil mas apresenta um bom desafio,5,1,4.9.0-en,2015-07-07 13:47:30
98,joaopaulobolado da mata,https://lh3.googleusercontent.com/a-/AAuE7mBSDsDaapme-4w1nA4n7aZml0Jf7-2zTJ92zHXBew,Muito divertido e ótimo para melhorar o vocabulário!,5,1,4.9.0-en,2015-07-21 18:37:20
99,Luciana,https://lh3.googleusercontent.com/a-/AAuE7mCJT4HMYMgFdE5Sad4pOk9bUUSF1FRiuQGjEzhgbhw,acertos deveriam valer mais moedas,4,0,4.9.0-en,2015-07-08 19:41:04
