,userName,userImage,content,score,thumbsUpCount,reviewCreatedVersion,at
0,Lívia gacha,https://lh3.googleusercontent.com/a-/AAuE7mADAxRyGlHcgwZn6_KrEff-GdY6E0OZShK_yF6dyVA,Amei esse jogo tem níveis difícil e isso é o q eu mais amo no jogo além de eu não ser muito boa eu achei muito maneiro alem dos gráficos se o armazenamento do meu celular ficar cheio eu desinstalo os jogos pra jogar esse bom só se eu trocar de cell -_- : ) amo esse jogo Des de quando ia pro EMEI eu jogava esse jogo quando a minha mãe chegava esse jogo é de mais jogo com meus amigos e eles falam q amam o jogo e q acham o mesmo q eu e tchau,5,531,2.21,2020-01-16 00:52:44
1,oliver play,https://lh3.googleusercontent.com/a-/AAuE7mD2nm8RaLSTIr4GP-7AyfRxlVPBLvBllO-z6YSS,melhor jogo possível muito bom difícil mais divertido no pressisa de Wi-Fi jogabilidade ótima tem gente que reclama das propagandas mais eles pressisam ganhar dinheiro de algum lugar o vitofire falo mal do jogo xingo o criador mais o idiota é ele que fala mal sem ter a mínima nosão da dificuldade dele fazer o jogo não e demais ele joga free fire mais tirando esse assunto amei o jogo,5,1,2.21,2020-02-11 10:36:59
2,ninja. go,https://lh3.googleusercontent.com/-0rUOlLL4Gvg/AAAAAAAAAAI/AAAAAAAAAAA/ACHi3rcc8uOgLn0PjfLPk0u5X1_k06_w2w/photo.jpg,Muito bom mesmo serve Pra Passar O Tempo Mais Uma Coisa Mano Oq a Full Version Não lançou Não Lançou levels Novos Não lançou Coisas Novas Então A RoboTop Tá Caindo A Popularidade Então Lançe A Versão 2.3 E Vamos Levantar Este Jogo! Esse Quiser Jogar A Full Version Vai Lá Instala o Aptoide Pelo Site Malavida E Vai Em Compartilhar E Compartilha No Appvn E vai tá lá instala a versão 2.2 R ganha todas roupas Vai Aparecer Downloading Vc Clica Clica Em Close E Aperta Em Install,3,51,2.21,2020-01-08 13:31:25
3,Gabiulisses Tavares,https://lh3.googleusercontent.com/-pX0aFNn81o0/AAAAAAAAAAI/AAAAAAAAAAA/ACHi3rdT5sSXrjTY20m-bfi-44Kg69rucw/photo.jpg,"Este jogo é bom (um pouco difícil em alguns níveis) mas de resto é um jogo famoso, viciante e bem constituído ... A minha opinião foi sincera Eu podia dar um 4☆mas n dei pk valorizo este jogo então dei 5☆. E tbm este jogo é uma forma de concentrar e mentalizar ... Xau",5,1145,2.21,2019-12-26 08:48:24
4,Valfrido Lins,https://lh3.googleusercontent.com/-fcGbZFeyWS8/AAAAAAAAAAI/AAAAAAAAAAA/ACHi3rcrdx_WTcYfbjm6NWzccERbJuxPZQ/photo.jpg,Ótimo jogo mas é muito difícil de passar e eu acho que não tem como objetivo facilitar o jogo mas se você é um ótimo jogador o jogo é muito bom,4,236,2.21,2019-12-21 22:21:04
5,WC 0745,https://lh3.googleusercontent.com/-d1Z3THYZ6uc/AAAAAAAAAAI/AAAAAAAAAAA/ACHi3rdHGJaGDEAogLXNjGxkhfVlb66DAQ/photo.jpg,"Jogo otimo boa jogabilidade,e bem dificil por que quando morre volta do começo mais com o modo pratico e bem mais facil.tomara que voçes atualizem ele logo.",5,10,2.21,2020-01-22 12:15:50
6,Maria de Lourdes Gomes,https://lh3.googleusercontent.com/-V3hnratmB5Q/AAAAAAAAAAI/AAAAAAAAAAA/ACHi3rfuX8_3Ef8jjzdmNNoip-gWrOXPDg/photo.jpg,É muito bom ainda q estão atualisando varias veses e até adicionaram electrodynamix👏👏👏 merece 5⭐,5,20,2.21,2020-01-12 09:27:20
7,Ruben Lima,https://lh3.googleusercontent.com/-WJQtfsJLRBQ/AAAAAAAAAAI/AAAAAAAAAAA/ACHi3rewayXWX-pC9Dv1MkhX-S3UWAs6kg/photo.jpg,Muito bom só acho que deviam pôr um demon no lite para mostrar a emoção do geometry dash em que você paga mas de resto continuem o bom trabalho,5,3,2.21,2020-02-01 06:51:48
8,Rayane Reis,https://lh3.googleusercontent.com/-SL_jkF7Gbt4/AAAAAAAAAAI/AAAAAAAAAAA/ACHi3rfCSndthXh6jzuqRpL4GQSyt5Z13w/photo.jpg,Amooooooo geometry Dash lite passei a primeira e a segunda fasse em seguidas sai de vitoria de uma fui para vitoria de outra fasse 💓💓💓🤩🤩Parabéns aos entrevistadores por esse jogo amoooo geometry Dash lite👏👏👏👎👏👏,5,4,2.21,2020-01-24 12:42:58
9,O Mundo de Manu e Fer,https://lh3.googleusercontent.com/a-/AAuE7mAlW_R2KH5Hw3mYMpUJmdjeGPmsBW4m-3bZPsa8,Muito bom!!!! Enterte as pessoas e é muito incrível o jeito que o jogo funciona!!! 😍😍😍🤣🤣🤣,5,42,2.21,2019-12-29 19:06:12
10,Leide Moreira,https://lh3.googleusercontent.com/-PLxbrCkXfN4/AAAAAAAAAAI/AAAAAAAAAAA/ACHi3rfIeYcJ2GEd__1PiO8QlwzFwJx5IQ/photo.jpg,Mano o bloco não pula as vezes e ainda ele tambem pula de mais,1,5,2.21,2020-02-03 18:39:39
11,Dayane Rocha,https://lh3.googleusercontent.com/a-/AAuE7mCoX8hNSzv6p137_79w2hGp_kc1vw5daV6qvWEnSA,Galera eu não consigo passar da última fase por causa do portal.CONSERTEM,4,12,2.21,2020-01-05 09:05:51
12,Gabriel Romeu,https://lh3.googleusercontent.com/-Uasd2MzqnVY/AAAAAAAAAAI/AAAAAAAAAAA/ACHi3rcFd4cAYR-YRb0BMLLiXWpctSNzVA/photo.jpg,"O jogo é bem feito e viciante, o que era o intuito de quem fez, porém ainda tem um bug horrível e um delay muito estranho para a versão de Android. Esse bug em especial faz com que o quadrado que eu estou movendo, automaticamente caia em um espinho, o que acaba com toda a minha partida, o que não acontece no iOS. Já o delay é outro problema, por mais que sejam milissegundos isso já atrapalha, pois eu já joguei esse jogo em um iOS e não tinha esse delay. Apenas espero que corrijam esse erro.",2,4,2.2,2020-02-01 21:30:28
13,Larisa Rebeca,https://lh3.googleusercontent.com/-p1O_KM_CRpA/AAAAAAAAAAI/AAAAAAAAAAA/ACHi3re7I0h1VbmunHj43ErOern00kkoFQ/photo.jpg,E bom mais a gente aperta pra pula ele nao vai e depois vai sozim e cai no caquito e feito pra ganha e perde e mais e injusto mano eu jogava guando eu tinha 6 anos,5,48,2.21,2019-12-12 15:15:41
14,Ian Costa,https://lh3.googleusercontent.com/-h67du0CBJgU/AAAAAAAAAAI/AAAAAAAAAAA/ACHi3rcpjBh0WiOqSlfUGSo37jTkUSoQ1g/photo.jpg,"Jogo excelente para passar o tempo, se vc quer um jogo divertido que é realmente viciante, é esse! Repleto de fases incríveis com músicas espetaculares e muito boas(não sei como alguém já não fez uma música com ela de fundo) o bom, é que ele não precisa de internet para ser jogado(tirando as fases on-line). Só um pedido: POR FAVOR criem mais fases com outras músicas épicas!!!!",5,15,2.2,2020-01-08 18:01:59
15,Luciane Tavares,https://lh3.googleusercontent.com/-hB9qOZVQVTg/AAAAAAAAAAI/AAAAAAAAAAA/ACHi3rf4NLGCHUzvg0LhbiEO9KTjSEkZFg/photo.jpg,"Jogo muito, mas muito, mas muito daora!! Ele é bem viciante e muito divertido!! Super recomendo!!! É um dos melhores jogos que eu já joguei!!! Antes eu achava ele muito difícil,mas treinando bastante ele acaba se tornando fácil. Instalem, quem nunca jogou vai sentir raiva no começo, mas depois a pessoa vai amar o jogo!!! Tchau!! ;-)♡♡ \_/",5,16,2.2,2019-12-30 11:55:33
16,JoBC Dash,https://lh3.googleusercontent.com/a-/AAuE7mANWLNOZkIXouEvEmmOQozCh61jwrM0U-M1dbLV,"Esse jogo é incrível tem músicas incríveis os níveis são difíceis e legais, vocês que querem check-point devem se acostumar pq a versão paga tbm não tem e nunca vai ter, eu já zerei a versão gratuita e a paga mas não paguei para jogar pq fui pela Internet hehehe, (recomendo que pagem) recomendo que baixem esse ou pago mas o ruim é os anúncios atrapalha muito menos no pago ele não tem anúncio 📢 BAIXEM 📢",5,42,2.2,2020-01-13 15:48:32
17,Isabella -chan,https://lh3.googleusercontent.com/a-/AAuE7mAq2PxYRUTMC_m7IGxsU3DtillFYbF1RRBsYkU2,"Esse jogo é ótimo eu vi uns comentários de que ele não funciona quando clica isso é bug do celular da pessoa que falou isso , e que as distâncias são muito longes e mentira eu tenho primos que jogam esse jogo e conseguem passar rapidinho, isso é vírus do celular de quem falou que ele não funciona, pra mim esse é o melhor jogo 😊❤✊",5,1,,2020-02-01 10:59:06
18,《Ɖ3》 D3STRUIDORES,https://lh3.googleusercontent.com/-QHKcE2eF_Rs/AAAAAAAAAAI/AAAAAAAAAAA/ACHi3rf39hslFPQuFaZf4NBgrvmLfyeqeg/photo.jpg,"Esse comentário é para os que não gostam do geometry dash , NÃO TEMOS CULPA DE QUE NÃO SABEM JOGAR , o jogo é para ser difícil , pois se não querem um jogo difícil só não instalar . Tenho olhos fotossensíveis e não aconteceu nada comigo, os bugs em que vocês não consegue pular é o o fato do armazenamento do celular ou memória RAM que as vezes pode estar dando os atrasos na hora de pular . ( QUEM PUDER COMPRAR A VERSÃO PAGA DO JOGO , RECOMENDO MUITO BOM ).",5,49,,2019-12-14 20:23:26
19,Meu mundo incrível,https://lh3.googleusercontent.com/-_IkQdHpv4sA/AAAAAAAAAAI/AAAAAAAAAAA/ACHi3rdx_qi7_Kh7goWgrDi7yoBMFnx32A/photo.jpg,O jogo é ótimo eu Não critique este jogo só que a única coisa que bateria botar era chance para as pessoas que não conseguiram tem que achar que Point poderia botar de pouquinho preciso tava ótima perdia aí poderia botar um vídeo entendeu mas muito parabéns para as pessoas que fizeram outra pessoa que fez Parabéns de jogo é muito legal,5,0,2.2,2020-01-16 16:07:15
20,Carolina Ribeiro,https://lh3.googleusercontent.com/a-/AAuE7mA-PV2GW9bOSrefkEofcBqiLBdNFSTfUoLwoV5jhA,"Não consigo colocar certas músicas no meu Geometry Dash, até mesmo as que estão livres para uso! Por favor, consertem isso! O ID, às vezes, não funciona na barra de indereço! Se consertarem isso, eu prometo dar a última estrelinha! TEM UMA MÚSICA LINDÍSSIMA QUE NÃO CONSIGO COLOCAR NO JOGO, ATÉ A LETRA É LINDA 😭😭😭",4,0,,2020-01-21 11:32:30
21,Hérik Lewandowki Júnior,https://lh3.googleusercontent.com/a-/AAuE7mDK30sq_2BavWSku9YSgCFsIDLRz13Ie7Eqofk6,"Esse jogo é bem difícil e tem diversas fases e isso deixa o jogo mais atraente, porem podia ter mais fases e melhorar um pouco mais a jogabilidade com a seta, os graficos são ótimos e as musicas ""se vc n morrer"" sao ate relaxantes",4,0,,2020-02-10 17:22:44
22,Trepei com um difunto,https://lh3.googleusercontent.com/a-/AAuE7mDHDDroizYzffVTKq4qj5B1QvLK4ox_fYt33lHcqQ,"Nossa muito bom esse jogo e quem n consegue passar a primeira fase desculpe dizer mas vc é um noob se n consegue passar a primeira fase. Mas enfim, estou quase completando todas as fases só falta uma fase q é a dificuldade insana o nome é clunterfunk essa sim deu raiva pq é difícil passar ela, mas, fora isso o jogo é ótimo. E pra quem criticou, só criticou pq n sabe passar a primeira fase q até minha irmã de 6 anos consegue passar, a primeira fase é mais fácil do q fechar os olhos para dormir!",5,27,,2019-12-25 08:54:50
23,Samir Froes,https://lh3.googleusercontent.com/-TJB-Mi3syNo/AAAAAAAAAAI/AAAAAAAAAAA/ACHi3rczTYBGaHs9Zjykxqw3gDi5GiKh7w/photo.jpg,Esse jogo e maravilhoso ele é muito bom so qui o ruim equi jogador pode entrar na fase quequiser. o ideal é que o jogador precisa passar da fase para poder ir para outra fase é essa fase precisa estar fechada fora isso ele é muito bom só precisa melhorar. eu espero que vocês entendo a minha o pinião. jogo é ótimo parabéns pelo jogor obrigada.😘😍,4,0,,2020-01-15 14:14:23
24,Juliana Nunes,https://lh3.googleusercontent.com/-Slwagxawg0g/AAAAAAAAAAI/AAAAAAAAAAA/ACHi3rcWR4PsqFkn1XTmW08RZNxsxybmCA/photo.jpg,"É um jogo muito bom! As cores são incríveis, não trava, as músicas são legais, mas tem itens q não desbloqueiam e eu não consigo passar as últimas fases pq são mt difíceis. Só por isso não dei 5 estrelas.",4,0,2.2,2020-01-24 15:40:48
25,Daniel Melo,https://lh3.googleusercontent.com/-vhN2CwB8Muk/AAAAAAAAAAI/AAAAAAAAAAA/ACHi3rfh5UXGVx4eDcIElDd7V2n3IIHytA/photo.jpg,"Eu só vim falar que o jogo é exatamente pra tirar a paciência do zoto porque o tanto de comentários que eu já vi dizendo que esse jogo tira a paciência, minha gente o objetivo do jogo é esse!! É tirar a paciência do zoto ou vocês acham que os níveis vão ficando difícil pelo que?? Oxi nunca vi o jogo ta dizendo que é difícil na descrição se vocês não leem a descrição pra saber qual o objetivo do jogo sinto muito ;-;",5,0,,2020-01-28 16:52:32
26,The King,https://lh3.googleusercontent.com/a-/AAuE7mBxJLfvcF6DH4dHJkchO60_2jCRCBt4ytJ38znwAA,"Foi bom que puseram trazer esse jogo grátis pq a versão completa é paga mais o jogo tem mais defeitos do que qualidades pois na jogabilidade tem VÁRIOS defeitos, e porque eles provavelmente trouxeram esse jogo pra terem mais razões pra comprar o jogo completo, e por alguma razão não consigo transferir os personagens de geometry dash meltdown e subzero para o world.",4,9,2.2,2019-12-14 20:14:56
27,Raphael Borges,https://lh3.googleusercontent.com/a-/AAuE7mDY5BW0bg1wQCEkOkDLMGFLeRKYF_MIWOYWkatl,"O jogo é extremamente agradável mas tem um porém, em literalmente todas as ocasiões que você morre 4 vexes o jogo te soltá uma propaganda...Um exemplo, se você morre 8 vezes o jogo te solta duas propagandas, se você morre 16 vezes então ele te solta três propagandas... E como você já provavelmente sabe, o jogo é extremamente difícil... Ou seja há muitas propagandas!",3,17,2.2,2019-12-29 09:47:20
28,Marta Cura,https://lh3.googleusercontent.com/a-/AAuE7mB1D4L5S96p37x1olni2xXLI4TvfjR7Dan0AAhg,"Eu gosto muito do jogo e fico visiada a tentar passar os níveis, o único problema é que no meu telemóvel está sempre a reiniciar todo de novo,mas continua a ser bom",5,0,2.2,2020-02-05 15:48:47
29,Clara Souza,https://lh3.googleusercontent.com/a-/AAuE7mB7IT5gEZR0x2NL9ETbkYmzH8Rhq0V_iUBAnp0BFQ,"Esse jogo é ótimo e bem difícil, confesso que ainda estou na fase 1 por que o jogo é bem complicado. As pessoas falam que este jogo tira paciência mas pra mim é literalmente ao ccontrário eu fico muito mais serena. Recomendo a vocês esse jogo. Ele é realmente ideal pra um dia de tédio! Muito bem criado esse Aplicativo. 5 estrelas ☆☆☆☆☆",5,13,,2020-01-05 20:46:36
30,fernanda garcia,https://lh3.googleusercontent.com/-alnK3mRuRDI/AAAAAAAAAAI/AAAAAAAAAAA/ACHi3rdq-g3b3b3nWnlz36X8XbCdEfzPzQ/photo.jpg,"Eu adorei o jogo,tem níveis difíceis demais que ainda não consegui passar ,e eu amo issoo! Não tive nenhum problema com o jogo em relação a nada,nunca travou e funciona super bem! Eu amei,parabéns aos desenvolvedores do jogo !!🥰",5,0,,2020-01-26 15:26:54
31,Tammy Gabriela,https://lh3.googleusercontent.com/-ODK_ygUSH-A/AAAAAAAAAAI/AAAAAAAAAAA/ACHi3rew32CcqOaTE7qjwZAJ4k7TIV4B_Q/photo.jpg,Faz tempo que conheço esse jogo depois de muito tempo resolvi instalar de novo.Só acho que nas fases mais difícil deveria ter a opção de ir um pouco mais lento.Cara e pfvr atualizem isso a última atualização foi em 2017 mano deixaram o jogo largado.pena o jogo é ótimo.,5,1,,2020-01-14 16:12:45
32,Esther Ribeiro,https://lh3.googleusercontent.com/-mv00fj4IWvY/AAAAAAAAAAI/AAAAAAAAAAA/ACHi3rf6TaOCPmwWdhGxmjKRR1uWHOMIFA/photo.jpg,"É um ótimo jogo ele simplesmente é incrível. Também difícil , bom , pra eu que não sou muito boa 😄😄😄 kkkkkkk . Mas , parabéns para quem criou esse jogo perfeito . E se vcs não consiguiram passar alguma fase não desistam continuem tentando . E esse é o meu grande agradecimento a quem fez o jogo muito obrigada!!",5,0,,2020-01-24 12:21:40
33,Brunø A.,https://lh3.googleusercontent.com/a-/AAuE7mAujJDpNe2reIKc2CKP3z9ukRF19KOJOpQNdom3sg,"Nossa juro pra vc que ta lendo isso, esse jogo não tem como ser ruim jogo a 5 anos comecei ruinzao só passando stereo madness, hj já peguei as três moedas da deadlocked, só queria falar que é impossivel não se viciar nesse jogo só tem coisa boa nele, relaxa que os rage que você sentir passa. TRILHA SONORA PERFEITA.",5,13,2.2,2019-11-22 22:18:39
34,Miniaturas e Novelinhas,https://lh3.googleusercontent.com/a-/AAuE7mDGFv-jLnq3ns2Je2leFuk35mEziT-G4e7L8PLZ5Q,"O jogo é incrível, mas eu estava a jogar quando almoçava e quando olhei para a comida estava com umas cores diferentes, muito parecidas com a cor verdadeiras delas só que mais esverdiadas. Depois de alguns segundos (mais o menos 10s~) depois passou. Acho que pode ser prejudicial á visão, e também acho que é por causa das cores muito vivas e flureçentes.",1,24,2.2,2019-11-26 10:57:06
35,hélix jump level up!!!,https://lh3.googleusercontent.com/a-/AAuE7mDOHxcJm7iM8xO-OSldH7H-NfuQWy0CJbH1vLhxUg,"Mano muito bom, a diversos níveis para você jogar. Mesmo sendo lite, ele ainda tem diversas cartegorias de jogabilidade. Eu dou 6 estrelas para isto!",5,0,2.2,2020-01-25 15:34:55
36,Thiago Figueiredo,https://lh3.googleusercontent.com/-nKTHHXjRGfQ/AAAAAAAAAAI/AAAAAAAAAAA/ACHi3re5jqktu_tCxWB3xOfJD_o0J9NdBg/photo.jpg,"Gente, quem está reclamando q o jogo é difícil não culpem os criadores, aprendam a jogar e não fiquem reclamando. Quem fala q o jogo tem muitos anúncios, apenas desligue o Wi-Fi já q esse jogo não é o completo e não tem fases on-lines. Quem gostou do jogo eu recomendo q comprem o completo, ele te oferece muitas coisas legais como jogar fases criadas por jogadores ou criar uma fase e também possuem mais fases do próprio jogo. Quem achar algum problema leia o meu outro comentário lá no completo.",5,7,,2020-01-07 01:48:53
37,Thomas Roehrig,https://lh3.googleusercontent.com/a-/AAuE7mAA_-ttLCpOB_VSmUFdEIMbmMuVV1dESVhNJUOX,"O jogo é muito bom os gráficos são extremamente bons e maneiros a musica e muito boa (dica:quando estiver numa ""escada"" subida segura o ""botão"" de pulo)",5,0,2.2,2020-02-08 10:05:23
38,ajdkalnda ajdhkad,https://lh3.googleusercontent.com/a-/AAuE7mCkYk_XWMo4dhNZvr4JscA6JwTUugcbs5ZioTaECw,"O jogo é bem legal pra passar o tempo O problema é que tem muito anúncio, e a cada vez que um anúncio aparece, eu espero ele acabar, mas mesmo no fim do anúncio não tem a opção de fechar, e mesmo sem eu tocar na tela ele me leva direto para a google play",2,12,2.2,2019-12-17 04:34:03
39,Nicolas nico,https://lh3.googleusercontent.com/a-/AAuE7mBX_7N09eT0UHr4yw-1jtMjeyBYiZTgcQZztip8,"Eu dou 4 estrelas porque eu estava jogando a clutterfunk e o personagem pulava sozinho e isso fez em que eu morri em 91% da clutterfunk espero que melhorem, eu já tenho o Geometry Dash original mais não veio com os baús, também não veio a Fingerdash e não veio a maioria das coisas para criar fase, Robtop espero que melhorem isso",4,11,,2019-12-23 10:12:43
40,Sabrina Alves,https://lh3.googleusercontent.com/-GXVn0wYmKu8/AAAAAAAAAAI/AAAAAAAAAAA/ACHi3rd4A-UPE3InTUebMW7yLYsGYLEQqg/photo.jpg,Lefal mais dificil mais quanto mais dificil mais desafiante fica e fica mais legal de jogar pelomanos eu adoro jogar mais eu queria que fosse em portugues e nao so no ingles pq eu sou BR ne e eu intendo ingles mais nao sou acustumada a falar e tradusir ao o mesmo tempo mais eu dei 🌟🌟🌟🌟🌟 pq eu adireu e achei desafiante mais poderia melhorar um pouco por exeplo colocar em portugues de BRASIL pq tem que pensar nas pessoas que sao BRs ne vc concorda comigo ????? Tchau Bjs!!!!!!!! Boa noite!!,5,0,,2020-01-19 00:00:16
41,gamemode10 zubu,https://lh3.googleusercontent.com/a-/AAuE7mDIqURCrYzav9BxoIhhyrw0BrWd1nnf3WoECSqK,"Nn vi muita diferença do original,recomendo para todos que posso um aparelho com pouco amarzenamento,e esse jogo também é muito complicado,possui uma trilha sonora ótima,recomendo atodos que procurão novos desafios e uma trilha sonora esplendida.",5,0,,2020-02-07 10:56:42
42,Arthur Lira Neves,https://lh3.googleusercontent.com/-aXvRqjneuFk/AAAAAAAAAAI/AAAAAAAAAAA/ACHi3rehDn_MJZBLm3tTnnKNIM7MEmYTyQ/photo.jpg,"O jogo É ótimo, mas essa resenha É mais um aviso, se não quer anúncios, porque não comprar o completo, isso é uma versão gratuita e o único jeito de RobTop ganhar dinheiro nessa versão é com anúncios, parem de reclamar disso, se tiver outra coisa que você acha ruim comente OBS.:a versão paga não só tira os anúncios como mais níveis ficam disponíveis (até fingerdash agora, além das fases que outras pessoas criam), online (criador de níveis, nível do dia, demônio[dificuldade]da semana e ainda +...",5,768,2.2,2019-11-05 08:58:54
43,Ostranhom o Ostra,https://lh3.googleusercontent.com/-KSdAsqAAqgg/AAAAAAAAAAI/AAAAAAAAAAA/ACHi3reZ-ubUnh-cwh3tKFE_csaTzFvfNg/photo.jpg,"A forma que a dificuladade do jogo evolui é sem duvidas otima, e principalmente as musicas, combinam extremamente bem com os climas de cada fase e cada lugar que voce se encontra nela. Tipo, caso esteja numa parte dificil e que as cores começem a mudar, a musica ficara mais sombria. Ah, e principalmente as musicas da parte de nave, pode apostar que elas já estão inclusas na minha playlist! Agora sobre a jogabilidade do jogo, ela é, ou fica rápida , fazendo elas serem poucos responsivas.",4,96,,2019-11-09 15:39:03
44,Aiko Gi,https://lh3.googleusercontent.com/-nu77sYTJRrg/AAAAAAAAAAI/AAAAAAAAAAA/ACHi3rc5xO9hpPWrJ6gj4U7f_LHB3veBSg/photo.jpg,Muito Top gostei bastante. Bom pra passar o tempo e é bem desafiador também! Recomendo bastante... Ah e se não pega no celular de alguém pode ter certeza que o problema é no seu celular pq já tive esse jogo em vários aparelhos diferentes e sempre pegou normal. As vezes dá uma bugada no celular mas é por causa de falta de memória msm. Ent não culpem os desenvolvedores se vc não consegue jogar ok?! Mas finalmente o jogo é bem legal eu recomendo!,5,30,2.2,2019-11-12 11:37:02
45,Lorenza Martins,https://lh3.googleusercontent.com/-yADBNUGr330/AAAAAAAAAAI/AAAAAAAAAAA/ACHi3rfXjaAVZQzjIf7TkyaMHh9mFEn99w/photo.jpg,"Bom o jogo e otimo... msm mais acho q poderia melhora mais os graficos,ele e estremamente ficiante :3 kkk e os niveis dificios dx o jogo radcore e isso e oq e o legal ;-; bom mais n estou jugando outras opiniões lembre disse",5,0,,2020-01-28 02:43:50
46,eloah,https://lh3.googleusercontent.com/-5MzcxPSMn_E/AAAAAAAAAAI/AAAAAAAAAAA/ACHi3rfHO00QdI1D4ifo08ZISZcuTwKwEg/photo.jpg,"Por más que seja difícil , o jogo é muito bom , possui graficos muito bem feitos e a jogabilidade é exelente. É um ótimo jogo🖤🖤🖤🖤",5,0,,2020-02-09 01:33:39
47,Leonardo Sá,https://lh3.googleusercontent.com/-9OYz67Qwz7s/AAAAAAAAAAI/AAAAAAAAAAA/ACHi3rdi6gBQPV3ImvgIrlm1CPieTcP6Ag/photo.jpg,"Olha eu sei que o jogo foi feito para tirar a paciencia das pessoas, mas ele ta tirando ate o que nao deveria. TIPO Ele trava muito, e sempre que nos pardemos ele mostra um anuncio ,e muito chato os anuncio Uma hora ele trava ai ele nao pula Ai outra hora ele fica pulando sem eu clicar. ENTAO È ISSO QUE EU TENHO A FALAR. ESPERO QUE VOCES CONCERTEM. TCHAU",2,9,,2019-12-16 14:37:14
48,Kezia Alves de castro,https://lh3.googleusercontent.com/a-/AAuE7mDy9sAluqHkcmA1KsU4pKJj3hRIJwne2t0nyKcX,O jogo e muito bom é bem dificio mas mano tem gente que se estressa que nem eu mas continua eu sou boa nele porque eu treino mas agora não vem falar que o jogo é ruim só porque tu não passa das fases vai treina ou se catar eu fico mais brava com os comentarios do que com o jogo em si . acabei.,5,4,2.2,2020-01-04 23:31:42
49,Bernardo Alencar,https://lh3.googleusercontent.com/-KXRHlJLS1_k/AAAAAAAAAAI/AAAAAAAAAAA/ACHi3reUH6sDfL5oPgF6KBPEjYGfjgOmCg/photo.jpg,"Para o criador, gênio e talentoso: está de parabéns! Você conseguiu desenvolver um jogo acompanhando o nível de raciocínio de um indivíduo, como é o caso da primeira fase à segunda(nível fácil) e vai crescendo. Foi muito sutil em colocar músicas também, mas deixou um pouco mais fácil, pois ela acompanha a passagem de um desafio, podendo passa-lo de olhos fechados. 👏👏",5,88,2.2,2019-11-07 13:11:22
50,Gerusa Morais,https://lh3.googleusercontent.com/a-/AAuE7mBJW2nkNMWpCyXGNy4hM_HKXJouxyjDLmf_xIKxuH8,"O jogo é muito bom em si, nos faz viciar e é claro q algumas vezes nos faz perder a paciência. O problema é q tem MT propaganda, o q faz perder mais paciência do q o próprio jogo. Eu sou Noob neste jogo, então toda hora aparece propaganda, e dá vontade de rasgar o celular. Uma dica para melhorar o jogo é diminuir a quantidade de propagandas.",2,105,2.2,2019-09-15 08:34:23
51,Joaojk999 joao,https://lh3.googleusercontent.com/-pRT3Squ0rZM/AAAAAAAAAAI/AAAAAAAAAAA/ACHi3rfAaCDKKreqkMcOeFNmseeghvvV7A/photo.jpg,O jogo é bom!!! ...mas a poha de muito anuncio tá a acabando com o jogo ...era muito lgl até esses anúncios ficaram parecendo...nós joga 1 partida...uma morte é um anúncio....vtcn. por min era 5 estrelas mas agr não vale 2 ...espero q retirem esses anúncios obgd 😠,2,70,,2020-01-30 10:54:02
52,Erick Alexandre,https://lh3.googleusercontent.com/a-/AAuE7mCjaaaK5CZZilGIxj7ib8BPEiqBWWAW3tIOvSwtGA,"O jogo em si é bom, mas a experiência de jogar e aparecer uma propagando e vc nao conseguir pular a não ser que você abra ela é mais frustrante do que perder no jogo. É ridículo e te faz querer parar de jogar.",2,1,2.2,2020-01-14 18:51:44
53,Viquirito,https://lh3.googleusercontent.com/a-/AAuE7mAkZZuXXYgO_KUdA0_Y5nGHzufc5rmOFWSQ2SFsmw,"Enquanto eu instalava o jogo vi que muita gente estava tendo problema, elas clicam na tela pra pular mas ele não pula, e tive o mesmo problema passo muito raiva com isso, era pra eu já tá nos últimos level.",1,22,2.2,2020-01-21 15:00:53
54,Joao Ricardo,https://lh3.googleusercontent.com/-i_ILJh7DsjE/AAAAAAAAAAI/AAAAAAAAAAA/ACHi3repSR4RV6p1ifWqB4Nku7qUtyvwTg/photo.jpg,"Jogo bom . mas da muito estrece e os anun ios tanbém nao se pode mas joga e perde se nao aparece o maudito anuncio mas o jogo e i terreçanti e um otimo passa tempo eu goztei tirando a parte dos anuncios e do estrece gostei e poriso vou dar 4 estrelas parabens pelo jogo eu gostei e gostaria mas se nao tivesse esses anuncios mas e legal otimo passa tempo tenha uma boanoite,um bomdia,uma boa tarade e sepero que vcs tirem esses mauditos anunciosporque nao da mas para jogar. Jxvgznjxzxhhxchggzzgjxz.",4,4,2.2,2020-01-06 14:20:47
55,Gustavo Martini,https://lh3.googleusercontent.com/-rUyHv2sfRfQ/AAAAAAAAAAI/AAAAAAAAAAA/ACHi3rdhq6XJiwqRGz-RSLPPD6zn15Ip7g/photo.jpg,"Eu queria q o completo n fosse pago pq eu instalei ele no apptoide dps desinstalei;-;. Mais esse game eu amei dms sério! E agora q eu vi, a última atualização foi em21/12/ 2017!!! Quero q atualize pfv!! Quando atualizar antes de 2021, dou 5 stars",4,4,,2019-12-17 23:37:53
56,Carlos André S Andrade,https://lh3.googleusercontent.com/-GECQ1EkkaQU/AAAAAAAAAAI/AAAAAAAAAAA/ACHi3rciTv_CYmdSQ0cjUbQWDBN73RUnaA/photo.jpg,"Aconselho a fazer o DOWLOAD mas aparece muita propaganda,e faz perder a paciêncis muito facil por isso acho que os desenvolvedores de jogos poderiam retirar isso de aparecer propagandas.Mas em si é um excelente jogo,o que achei melhor foi a cincronização da batida da música do jogo e a cordenação do pulo do CUBO,ENTÃO RESUMINDO BAIXEM O JOGO.",5,460,,2019-10-03 17:18:27
57,JuVitor,https://lh3.googleusercontent.com/a-/AAuE7mC33xHe4XQ1ZMRVt4XBdUjW7JCVOMfwB7vyHMxy,"Eu amo muito esse *_JOGO!!!_*, ele não trava, pelo menos não no meu celular, e, a jogabilidade muito boa, adorei os controles e a jogabilidade, muito bom! Merece as minhas cinco estrelas. Quando eu era menor, eu era muito viciado nesse jogo, e acho que ainda sou ;-; :3 :^ :) :( :D °•° :P",5,152,,2019-08-31 07:45:51
58,gabriel Pereira,https://lh3.googleusercontent.com/-O63XAGuyWvA/AAAAAAAAAAI/AAAAAAAAAAA/ACHi3rcxojvxF7AgjzdNqHfE8jHYBLzsAA/photo.jpg,Muito bom graficos excelentes já estou na 5 fase do jogo BASE AFTER BASE estou em 77% desta fasa robtop facilite um pouco esta fase porque depois da segunda parte roxa me dificultou um pouco mas fora isso o jogo incrível. Robtop que deus esteja com vc🙏🙏🙏,5,3,,2020-01-01 16:59:23
59,Daniel costa,https://lh3.googleusercontent.com/a-/AAuE7mDupkX_GeOnxaV7FPC9-dLOtNMIao-2zOg64bmv,O jogo e legal mais dei 4☆ pq tem bastante propaganda ate n tem check pointe claro q tem um modo q tem check pointe mais esse modo autera a musica e as musicas originais são bem legais e tbm tem um bug em especifico q me deixa inrritado q e q vc aperta na tela do celular e o quadrado n pula mais tirando isso o jogo e demis pena q n tem o modo de fazer e ver os modos q pessoas fazem oq ten no original ou seja o jogo e legal mais tem coisas q querial q fossem adicionadas e consertadas,4,0,2.2,2020-01-12 23:48:49
60,Mundo da Angel,https://lh3.googleusercontent.com/-4CekK5owdrg/AAAAAAAAAAI/AAAAAAAAAAA/ACHi3reriedrrwclJV5-6GRLNmYseCuHpA/photo.jpg,"Esse jogo é horrível acabei de instalar e já percebi que foi uma pecima escolha concordo muito com um comentário que diz ""até uma formiga pularia mais alto"" e outras coisas que acho que deveriam melhorar",1,22,2.2,2020-01-25 16:18:29
61,Janaína Cristiene,https://lh3.googleusercontent.com/-X3mKNSAGAoQ/AAAAAAAAAAI/AAAAAAAAAAA/ACHi3rexl37RWEEYsM_u8uBiigNNMlsdxg/photo.jpg,O jogo e muito mentiroso ele fala que tem 56mb mas na verdade ele tem e 162 Mano isso e muita mentira mas tirando isso ele é legal mais da raiva . Mas também dependo do seu Android,1,2,,2020-02-03 13:12:34
62,Heloisa Souza,https://lh3.googleusercontent.com/-Pla-4h_3KMs/AAAAAAAAAAI/AAAAAAAAAAA/ACHi3reKGkS346MX68jfZmd65aNbReZUyA/photo.jpg,"Pior jogo do mundo!!!SIMPLESMENTE O PIOR JOGO Q VC POSSA INSTALAR,C VC N LRECISA N INSTALA,PQ ESSA BOST@ SÓ SERVE P VC QUEBRAR O CELL E TUDO Q ESTIVER AO SEU REDOR,UM LIXO!!!!E P PIORAR, OQ MAIS TEM NO JOGO,É PROPAGANDA,PESSIMOOOO LIXOOOOOOOO",1,0,2.2,2020-02-10 19:46:07
63,Risadalhada 00,https://lh3.googleusercontent.com/-H-m_6fRlpyY/AAAAAAAAAAI/AAAAAAAAAAA/ACHi3rfJ8rNDqu9gWYEFUr-ijtGzQLokqA/photo.jpg,"So vou dar 3 estrelas pq o jogo é ate interesse. Bem desafiador. Mas namorar. Bota um Checkpoint pq assim a pessoa se motiva mais. Vc chega la na pqp e morre e volta tudo. Mta ruim isso. Vcs tem que triar um meio de facilitar ou ninguem vai ficar com isso instalado. O jogo é surreal de dificil, nao custa nada botar um Checkpoint para facilitar e dar mais incentivo para continuar. Bom é isso. Amo jogo desafiadores..mas desse jeito da desanimo de continuar. NAO INDICO PARA NINGUÉM. SINTO MTO",3,5,2.2,2019-12-17 11:53:43
64,Ana Alice Cardoso,https://lh3.googleusercontent.com/-PR8SCuMYTbs/AAAAAAAAAAI/AAAAAAAAAAA/ACHi3red6lhDXMfQZzyQxjQrT144OnrN6g/photo.jpg,"Muito bom,tem pessoas que reclamam do jogo tenho que fala o jogo e bom, e as pessoas que reclamam, pq que não paga pra ter o outro*original*,ou é o seu celular que e ruim msm,pq no meu ele não fica com nenhum defeito Bjs😘",5,3,2.2,2019-12-16 13:30:23
65,Dione Pereira Ferreira Ferreira,https://lh3.googleusercontent.com/-TG9fc6rfz5Q/AAAAAAAAAAI/AAAAAAAAAAA/ACHi3rfCwxbmvbibr6rayx-Tb9kYriJTPA/photo.jpg,Muito legal todos os níveis estão no ritmo da música daora recomendo bastante um jogo viciante também alguns níveis difícil mas é muito legal ainda dá pra curtir a música do jogo,5,0,2.2,2020-01-22 17:49:48
66,Álvaro Martins,https://lh3.googleusercontent.com/a-/AAuE7mDja_B1j9BsbagQWWIB0mm4KHOFq9WVzLDgTgN4Vw,Um jogo que usa muito o raciocínio lógico e agilidade para desviar dos obstáculos. Muito divertido e prático! Recomendo!!!,5,0,2.2,2020-01-18 17:22:53
67,Elisabete Pereira,https://lh3.googleusercontent.com/-Dfr3ZZM7ElA/AAAAAAAAAAI/AAAAAAAAAAA/ACHi3recAPkHOYzgNS_q-nyEC2DeiCEKZQ/photo.jpg,"Esse jogo é muito ruim, você tenta pular e não pula deixa morrer no espinho, quando começa de novo daí que ele pula quando não é para pular, também tem muito anúncio e demora para aparecer o ""x"". Perdi meu tempo jogando só perdendo.",1,8,,2020-01-03 12:21:52
68,vitorfire_br 57,https://lh3.googleusercontent.com/a-/AAuE7mD3rxFMJ3lTA-G8J0G7-c8KXrB5UGv3eDumlyfEtQ,"Esse jogo é lixo quando você clica pra pular ele não pula ""as vezes"" e também a distância do salto é muito curta uma formiga iria pular mais longo é eu acho que um cachorro criaria um jogo melhor ele tira sua paciência esse jogo não baixem isso!!!!!!!!!!!!!!!!",1,316,2.2,2020-01-12 14:39:08
69,•CALLBOY• [男の子に電話する],https://lh3.googleusercontent.com/a-/AAuE7mB1jxFGh1Pr9wLd7Xuo9X2IdN3uDUG2DuNXJCCCmA,"Pra quem está falando aí ah mimimi não gostei do jogo por que ele é irritante, não consegui passar nem da primeira fase, saiba que não foi o jogo que fez isso, e sim o simples fato de você ser Ruim! Dou 5 estrelas pois já joguei todos os Geometry Dash e Adorei todos.",5,27,,2019-09-18 06:43:46
70,Priscila Guimarães,https://lh3.googleusercontent.com/-p_JozGDb-FQ/AAAAAAAAAAI/AAAAAAAAAAA/ACHi3rep0tgvaKg_-Gzb5RME3gTXxJSMKQ/photo.jpg,"Esse jogo é ótimo, ótimos gráficos mas ele é um jogo de paciência então se vc ñ tem paciência (tentar ñ quebrar o celular,computador,tablet.",5,5,2.2,2019-12-24 19:41:09
71,Iago Silva,https://lh3.googleusercontent.com/-cp70McfyIsI/AAAAAAAAAAI/AAAAAAAAAAA/ACHi3rcdttN4q6jftkwleU6pMPxI6BxR3Q/photo.jpg,O jogo e bem legal mas tem que colocar um checkpoint porque voce ta zerando o jogo e é só morre que volta do comecinho isso que é chato por isso eu so dei 4 stars porque jogo sem checkpoint nao é jogo entao se voces poder arrumar eu agradesso😭,4,0,2.2,2020-01-22 11:56:01
72,daniel Braga,https://lh3.googleusercontent.com/-d9jZLla0i5E/AAAAAAAAAAI/AAAAAAAAAAA/ACHi3rdOIxvNL7SKyB9MlWGORGn0u2z7QA/photo.jpg,"Esse jogo e bem divertido, ele e maneiro pela variedade de niveis, eu jogaria ele muito mais vezes, nao so para me divertirmais tambem para aprender os ensinamentos do jogo, esse jogo ensina vc a ter mais calma, e relaxar mais",5,0,,2020-02-11 10:28:25
73,Cardoso Cardoso,https://lh3.googleusercontent.com/-V8pjB5CRO4Y/AAAAAAAAAAI/AAAAAAAAAAA/ACHi3re5JaJ7dD4kRvaGO5hquawZNDROqQ/photo.jpg,É muito legal esse jogo só que é meio complicado é super divertido jogar dá vontade de ficar a noite inteira só jogando é super essa música essa música é super legal por que essas músicas são tipo suaves então é mais divertido jogar esse jogo é top gostei bastante,5,3,,2019-12-19 12:17:11
74,Arthur games br,https://lh3.googleusercontent.com/a-/AAuE7mADuqciGRsi5pWgEfK7EQMhuxjDEqNmkq47ALAb,gente Esse jogo parece ser legal mas tem algumas coisas que ele não é legal que primeiro é que às vezes eu tento criar o jogo eu vou e coloco bloco e veja colocar o bloco eu colocou no meu bonequinho mesmo e segundo é que esse jogo às vezes deixa de todas as fases e é chato e terceiro é que esse jogo quando eu clico não funciona trava tudo e o morro,3,1,,2019-12-29 17:39:18
75,Edinho Borba,https://lh3.googleusercontent.com/-GaAHS-69wBk/AAAAAAAAAAI/AAAAAAAAAAA/ACHi3rcF7Jmh2h-9ug4OFY_HF-0bSzNZIA/photo.jpg,"Esse jogo é muito massa, é quase impossivel de passar de nivel mas o jogo é incrivel e as vezes ate buga a mente...",5,0,,2020-02-08 23:19:03
76,Glaucio Campos,https://lh3.googleusercontent.com/-0J_d3D3hqjU/AAAAAAAAAAI/AAAAAAAAAAA/ACHi3rchY0f5OTZxxOnjIdmGQtF1Q0rvRA/photo.jpg,Este é um jogo muito legal o único problema é que tem uns mapas que as instalações do mapa falha mas o resto é ótimo,5,0,,2020-02-11 12:47:13
77,William Herculano,https://lh3.googleusercontent.com/-5re6aJFfFWs/AAAAAAAAAAI/AAAAAAAAAAA/ACHi3rcTDdOX3ckPngmmahLrwgKvt2WF9A/photo.jpg,Muito bom o jogo.. mas deveria ter mais fases para que o jogador venha desfrutar mais do jogo. Mas sinceramente eu acho que deveria ter um 4 mundo ao invés de baixar outro,4,3,,2019-12-17 10:00:14
78,GLF LIKE,https://lh3.googleusercontent.com/a-/AAuE7mA8ccoSVqunYAn4AZYGvLUnPpaJveA1zG85jfDs,"esse jogo e incrivel instalei ontem e já estou na terceira fase,por mim o único poblema ruin e que é muito difícil o resto é tudo bom,meus parabéns aos criadores do jogo.",5,4,2.2,2019-12-23 08:01:38
79,Marília Fernanda Freitas,https://lh3.googleusercontent.com/-rTnXi0mISec/AAAAAAAAAAI/AAAAAAAAAAA/ACHi3reYXhO1RoF7WFlCWnM-Tx3avc-Blw/photo.jpg,"é um jogo muito bom,com níveis excelentes e qualidade ótima,mas ás vezes ele não corresponde aos meus toques.",4,0,2.2,2020-01-29 19:12:13
80,Antonieta Batista,https://lh3.googleusercontent.com/-eMTpJ-HbhA0/AAAAAAAAAAI/AAAAAAAAAAA/ACHi3rfJWAPRqPoG4RvRGkm5CfOhCdGhQg/photo.jpg,"jogo excelente com ótimos gráficos e sem bugs, mas devia ter tbm o modo de construir como no outro que é pago.",5,0,,2020-02-07 21:09:41
81,Julio Cesar Andre de Sousa Sousa,https://lh3.googleusercontent.com/-p3_s3FUPDz8/AAAAAAAAAAI/AAAAAAAAAAA/ACHi3rdEllCrwoYJxNOz3P6pmSqaIDTemg/photo.jpg,"Esse é o pior jogo que eu já vi no play store NÃO recomendo vcs baixarem esse jogo é muito irritante,tem mto anúncio e ainda o personagem se joga nos espinhos por causa que ele não te responde",1,0,,2020-02-09 19:10:58
82,Liziete Costa,https://lh3.googleusercontent.com/-i5PKPcRQgkE/AAAAAAAAAAI/AAAAAAAAAAA/ACHi3rdsP-ZDrylPjZX1K5JoUllm9jCcHQ/photo.jpg,"Jogo muito bom para quem gosta de um desafio! Não desanime se não conseguir passar pelos primeiros níveis, depois se acostuma! O jogo é ótimo mas poderia ter um modo on-line, competindo com outro players",5,17,2.2,2019-10-05 17:44:37
83,Frank Rhaga,https://lh3.googleusercontent.com/a-/AAuE7mBq1-kVwNGL6AwRJVKx-TO6RAPy5ELDYb06VG159Q,"O jogo tem músicas incríveis e fases muitíssimo bem construído, os anúncios infelizmente são um incomodo, mas é algo compreensivo e suportável. Simplesmente incrível.",5,2,2.2,2019-11-21 21:53:14
84,TheDarkOne,https://lh3.googleusercontent.com/a-/AAuE7mBkEBqbAKbJADyE7OlQbIA_2QQsQDl2P4vtLhQVew,O jogo é muito bom e eu gostei muito por isso eu queria instalar a versão completa. Eu queria saber como eu posso passar as minhas conquistas que eu tenho na versão lite para a versão completa. Por favor.,5,0,2.2,2019-12-26 21:49:49
85,Rose Santana,https://lh3.googleusercontent.com/a-/AAuE7mAxbfv892qAWsTQyfG5e9nCD507NOaHlxUWW8xRew,"Se vc quer um jogo pra tirar sua paciência eu recomendo esse jogo ele é ótimo pra tirar sua paciência,as fases são extremamente difíceis fora que tem mt bugs",1,1,2.2,2020-01-14 14:56:45
86,as aventuras de poliana,https://lh3.googleusercontent.com/a-/AAuE7mAzA_KDsRYiPrSyWVUi0REj3ZDV_mmvM8H4xfFGAQ,"Esse jogo è muito bom mas tem muitas propagandas mas fora isso esse jogo è muito bom ,as fases são muitos legais e quando vc joga uma vez quer jogar de novo e assim vai , também è muito legal pq dá para mudar a cor do cubo as fases mudam de cor e è muito divertido!! Por isso tô dando 5 estrelas. Amei esse jogo",5,19,,2019-10-22 20:45:39
87,Julia Maia,https://lh3.googleusercontent.com/a-/AAuE7mAlUsxMZwEy-Y9vAuA5MDBQLoGpfdqIQujkblIks9I,"Pessoal, o jogo é legalzinho, só que ele causou danos no meu celular!!! Provocou bugs no carregamento do meu celular e viciou um pouco da minha bateria, de alguma forma ele conseguiu fazer com que meu celular ficasse aparecendo que estava conectado no carregador sendo que não estava, e ele ficava conectando e desconectando do meu celular, decidi desinstalar o App para fazer o teste, e tive a certeza que era ele quem estava causando os danos no meu celular. Agora meu cllr está um pouco viciado!",1,26,,2019-10-29 00:45:23
88,Ana-chan 2019,https://lh3.googleusercontent.com/a-/AAuE7mBXvuwRWJwGvSxBqrIij14Q9JFSQX6gb27bNbTpqw,"Melhor Jogo se vc está reclamando pq não pula, mais vc clica para ele pular e pq teu Cell e ruim 'pq e o jogo PERFEITO OBS:não reclame dos anúncios pq se vc comprar o pago ele tira os anúncios tem mais fases mais dificuldades então né .",5,1,2.2,2019-11-16 00:10:03
89,jikook é real,https://lh3.googleusercontent.com/a-/AAuE7mCbslRRbpzOqtgQgOvouLzkq07w3PuuSUMuzyAY6g,Olha essas pessoas que estão falando que estão falando que passado raiva são vocês que não sabem jogar o jogo é ótimo as músicas ótimas as skins,5,0,,2020-02-02 15:38:48
90,Nany Costa,https://lh3.googleusercontent.com/-raaO2zCeF1I/AAAAAAAAAAI/AAAAAAAAAAA/ACHi3rfaac3Jv8F15FFLXxj-PpYJsMfPsg/photo.jpg,Esse jogo é muito bom mais poderia ter checkpoint nãos fases que você passa Esse jogo tem um monte de cores e eu gostaria mais do jogo se tivesse Check Point em todas as cores que você vai passando porque se você morrer Tipo na fase vermelha você vai ter que voltar da fase vermelha até o início na fase azul,3,21,2.2,2019-10-13 19:17:49
91,BɪᴘBᴏᴏᴘ •-•,https://lh3.googleusercontent.com/a-/AAuE7mCGrZN0iwVzZ9vByQJ1FEZUvpchdNY-cLM44ErAIg,"Queridos, deixem de ser ignorantes o jogo não tem culpa se vocês são ruins, se você der menos de 5 estrelas pra ele é necessário uma justificativa. Dizer ""Aain tal fase é muito difícil, jogo ruim! não consigo passar!"" Kkk o jogo é difícil SIM, e você não conseguir passar não é um argumento válido",5,19,2.2,2019-09-14 21:28:41
92,Lua Oppa,https://lh3.googleusercontent.com/a-/AAuE7mBA2Fg5u4lDnc69kUMx1441EV9LrXeV9kgPvY2AVDE,O ruim é que não salvou o meu progresso. Tive que formatar o celular e quando baixei o jogo de novo tive que começar do 0.. e foi muito difícil passar tudo de novo 🤙. Por favor arrumem isso,3,0,2.2,2019-12-03 21:48:46
93,Gabriel Bruniera de França,https://lh3.googleusercontent.com/-FS2GR2lKHeQ/AAAAAAAAAAI/AAAAAAAAAAA/ACHi3rel1Nuh55wVMQ3AnFg73WGgnv6q3A/photo.jpg,"O jogo e ótimo, principalmente as músicas.Uma vez que você joga não da para desinstalar. É um bom passa tempo. Só que ele te deixa com raiva as veses",5,2,,2019-12-27 15:01:51
94,Blueberry,https://lh3.googleusercontent.com/a-/AAuE7mB6rb08i1Pi4j6XYFRewfyjeoQZIPWDA4us1pVh,"Eu recomendo para pessoas que gostam de desafios,e não para que não tem paciência.Mas o jogo é perfeito!☺😊",5,1,,2020-01-31 02:49:28
95,Gabuuh191 YT,https://lh3.googleusercontent.com/a-/AAuE7mD1AEWiSVQLlmFLBPnStDhUX9mMVcGxnqTZP5pg0Q,"meu deus,por que todos os jogos tem anuncios? voce ja nao ganha dinheiro com a versao pro?pra que botar mais anuncios? no ""modo de praticar"" quando aparece um anuncio,do nada a sai entra na playstore no jogo do anuncio,voces sao completamente sem noção ;-;",1,15,2.2,2019-08-16 13:06:36
96,Vs play,https://lh3.googleusercontent.com/a-/AAuE7mAvMYm3QtJvD7OFykxsxetj0th233kKbZBVSnB8OQ,Esse jogo é muito legal as fazes os personagens que tem e os gráficos nem me diga é o melhor e também a jogabilidade e a melhor do universo e a última coisa que eu quero falar é os controles que também são os melhores,5,1,2.2,2019-11-21 13:30:30
97,NOOBINHO FF,https://lh3.googleusercontent.com/a-/AAuE7mCUtZKgN6maSCriaYiRx_1ZZZUubHWK6Esiyzjs,Eéeééeeeeeeeeeeeee bom 5 de janeiro a Deus que tu tá com saudade do site que vê as notas no Enem e com os dias que se passa você tenha sabedoria para fazer escolhas que valham apena para a Deus que tu tá com saudade do site que vê as notas no Enem e com os dias que se kkkkkkkkkkkkkkk,5,0,,2020-02-08 09:51:28
98,Ana Rodrigues,https://lh3.googleusercontent.com/a-/AAuE7mAkjaYmQG7e747FFtIqbLeZrcpfH_xK064y8YUmdDE,"O jogo é meio irritante mas é bem legal , prefiro o jogo pado ,ele tira o anúncios e adiciona mais ""fases"".Eu dei ⭐⭐⭐ e daria mais se tivesse mais ""fases"".",3,0,2.2,2019-12-04 17:17:35
99,Bruno Gregório Santana Almeida,https://lh3.googleusercontent.com/-wk5zfq6tEXc/AAAAAAAAAAI/AAAAAAAAAAA/ACHi3reHnBptSpgPQ34jxWKqNR6jv4BUcQ/photo.jpg,"É legal o jogo,mas por favor faz uma versão que a gente poderia criar niveis só que nem tudo (tô falando assim, que não tenha todas as coisas, só algumas, as outras precisa desbloquear o jogo completo) tá legal, se fizerem isso dou 5 estrelas:-)! Mas por enquanto é 2 estrelas:-(.",2,12,2.2,2019-08-26 20:37:46
