,userName,userImage,content,score,thumbsUpCount,reviewCreatedVersion,at
0,Alan David,https://lh3.googleusercontent.com/a-/AOh14GjjfyC32fbc_uGHWz0wzJXwYO0aPhqIZHeSp5ZHuxQ,"Para quem não percebeu o aviso, o jogo estava à 3 anos sem atualização. Foi avisado que o jogo está sendo encerrado, primeiro para compras dentro do jogo (Premium) e o suporte funcionará só até dia 30/04 iOS e 12/05 Android. O jogo vai ser removido e deixar de funcionar em 30 de setembro, até lá você poderá jogar com o que você já tem. Uma pena, o jogo era bem legal e opção para quem não gosta do Duel Link já que ambas regras são válidas. Konami é muito desrespeitosa com os fãs antigos de YGO.",1,180,121a,2020-05-04 13:14:47
1,José Do Carmo,https://lh3.googleusercontent.com/-2SXf5GbLsGg/AAAAAAAAAAI/AAAAAAAAAAA/AMZuucnXyrTQRBNqshg146Ymw3WoOOkhNg/photo.jpg,"O jogo da erro ao tentar recuperar a senha,desinstalei e agora ao instalar novamente ele simplesmente não abre mais,depois de tanto tempo jogando,já tinha perdido uma conta antes,com deck muito bom,e agora novamente aconteceu, assim não dá mais,não quero jogar o duel links pq achei um tédio só, muito sem graça,gosto do jogo original ao estilo de jogo igual as cartas físicas msm,arrumem isso ai pelamor",1,31,121a,2020-05-18 22:08:10
2,Émerson Luz,https://lh3.googleusercontent.com/a-/AOh14Gggf96O5TKuluv4wE9Hd7-jF7KSHibZm3rYGYIe,"Regras desatualizadas e imagens muito pequenas, assim como os menus, com bugs em alguns cards de magia e armadilha que possibilita que usemos mesmo quando não deveria ser possível, o que faz com que o card fique virado de face para cima sem ter seu efeito ativado. Apesar disso, pode render muito tempo de diversão caso você não almeje um jogo perfeito. Destaque para o modo Campanhã. Outro ponto negativo para nós brasileiros é não possuir tradução para português, precissamos contar com o espanhol.",3,114,121a,2020-04-24 14:18:05
3,Elvelly Carvalho,https://lh3.googleusercontent.com/a-/AOh14Gh6wtfCQkORe5AGIXqetz9B9VkHcL9o71B_Acyl,"Sério gente, esse jogo é maraviloso, eu particulamente adoro, ñ me importo pelo designer desatualizado... Mas oq eu concordo é que ele precisa ser atualizado, isso sem dúvidas! Atualizar as cartas, banlist, designer, tamanho das cartas, tradução para o BR, etc, mas eu amooo esse jogo, ele é simples e bom, melhor que o Duel link na minha opinião, e eu ouvir falar que ele vai sair! Mano! Pq!? Ele é ótimo KONAMI!! Pra que fazer isso!? E só atualizar que fica perfeito! Ñ faça isso KONAMI, Q chato!!",5,46,,2020-05-18 18:59:04
4,Aguinaldo Oliveira,https://lh3.googleusercontent.com/a-/AOh14Gg5aQCTPW13d4AMjHB_ZJMS4y8A_j-dP4EY2VQfew,"Fiz várias compras de Decks desse jogo no Premium, hoje tento acessar não tem mais nada disponível para comprar ou montar o seu baralho. Preciso que seja visto isso para que eu retorne minha avaliação 5 estrela . Aqueles que ler esse comentário toma cuidado referente ao jogo! Obrigado",1,84,121a,2020-05-16 14:51:04
5,Elton Silva,https://lh3.googleusercontent.com/a-/AOh14Gi9mfNAxKCZT2VdY8lw-5vMJjO6ha77o1sbjg_cHA,"jogo a franquia a muito tempo , ótimo jogo , esta no mesmo padrão do Duel Acelerator , que era mundial de navegador em 2006, esta superior ao Duel Link , logico que a visão do game fica melhor se seu aparelho tem tela grande. jogabilidade boa. contras: apenas na hora de ativar as cartas acaba perguntando demais se vc quer ativar ouu nao habilidades , mas mesmo assim , esta no padrão que sempre gostei de jogar , agora só falta mais players pra eu testar meu deck",5,182,121a,2020-03-06 21:35:32
6,Canal do Zing,https://lh3.googleusercontent.com/a-/AOh14Gjx9NT5tg7kumE2e6kg9NPnCUbLTzLFr4SsK9nrTw,"O jogo tem a dinamica boa,mas podia melhorar,ter algo em 3D,opção de lingua portuguesa,melhorar animações,jogabilidade é boa,sistema do duelo também,o jogo mostra quando voce pode ativar uma carta,mais se você não quer usa-la fica spamando e isso e muito chato...",3,19,121a,2020-05-10 14:35:35
7,Luan 1803,https://lh3.googleusercontent.com/-_hk7XvBp4X0/AAAAAAAAAAI/AAAAAAAAAAA/AMZuucmQwS7nWnC0Jay3TfBn16FFK6pkTA/photo.jpg,"O jogo e ótimo tem um tipo de modo história Excelente que prende o jogador, o problema e o fato da dificuldade de montar um deck ,e por estar tanto tempo desatualizado muitas cartas atuais ou a banlist fazem muita falta",4,3,121a,2020-05-08 16:38:31
8,MRobero Cok Brasil,https://lh3.googleusercontent.com/a-/AOh14GjiujZrnPOfig0PpGaubApOoEMFb7toChoKDxiv,"Dei uma estrela só porque esse jogo fica de sacanagem comigo, eu jogo lá 5 10 partidas, depois saio fico algum tempo sem jogar e quando tento entrar no jogo novamente pra jogar, simplesmente o jogo não entra aí tenho que zerar os dados do jogo e com isso perco minhas cartas e volto lá do zero tendo que fazer tudo de novo, isso tá ficando chato.",1,5,121a,2020-05-09 12:51:34
9,Jefferson Leandro Castro Da Silva,https://lh3.googleusercontent.com/-9QBKJhGjJi8/AAAAAAAAAAI/AAAAAAAAAAA/AMZuucl_EhFNEQSTFuWz-Quz6PEkdMHRuQ/photo.jpg,"GUI confusa, a UX do yugioh TAG force 2 é melhor e mais compreensível, as requisições no servidor que são realizadas em uma partida Multiplayer cria um delay no timer e no jogo, tornando 5 minutos de cada turno em 20 minutos o turno",1,1,121a,2020-05-30 11:38:02
10,Marcos Paulo Moreira Moura,https://lh3.googleusercontent.com/-BfaWWfLJQF0/AAAAAAAAAAI/AAAAAAAAAAA/AMZuucl9RRJqp8xDaxnobjRTLLnq1JtDkA/photo.jpg,Vou admitir que gostei do jogo achei interessante e o melhor jogo de yu-gi-oh para celular só não dei 5 estrelas porque ele não tem tradução para portuquês é isso piora tudo porque é um sistema de batalha novo para min e outra pessoas e não da para entender como fuciona o jogo sem tradução,3,8,121a,2020-05-05 10:12:34
11,Mateus mds,https://lh3.googleusercontent.com/a-/AOh14Gg-TiBK7TzBBFwqBqk2kzR_egt4PL5wlWFyDxr2wg,"Perfeito, um jogo completo de yugiho que funciona offline. O melhor jogo de yugiho que já joguei, apenas poderiam melhorar a estética do jogo, se der aumentar um pouco o tamanho das cartas no tabuleiro.",5,0,,2020-05-22 08:55:58
12,Fernando Cordeiro,https://lh3.googleusercontent.com/a-/AOh14GjB2d_UY3HPl-eC1GOW_Woi_Vb7WF99CVLwUz4UXg,Se depender do travamento do jogo o duelo demora anos. Iniciante Bronze sempre vão contra Gold e Master. É raro vir uma mágica na mão. Lamentavelmente leva o nome de um dos animes mais queridos. ;-;,1,0,,2020-05-13 19:20:45
13,Rafael Nascimento,https://lh3.googleusercontent.com/-z7VcPblqKsU/AAAAAAAAAAI/AAAAAAAAAAA/AMZuucnKfxiN7EijIclAaAD-o0rdFOUytw/photo.jpg,"O jogo é maravilhoso, entretanto, ao trocar de celular para um superior, não consigo jogar. O aplicativo fecha sozinho, sem nem abrir a tela de login. Dou 4 estrelas por conta deste problema, senão, daria ""6 estrelas"" com tranquilidade.",4,18,121a,2020-03-12 17:52:36
14,Vitor Nogueira,https://lh3.googleusercontent.com/-b529MqJPJiQ/AAAAAAAAAAI/AAAAAAAAAAA/AMZuucnjFCNm5iutapoo1DTS420o86oXxg/photo.jpg,"Não sabia que o jogo seria desativado, fiz uma compra de um deck e tava jogando, legal, aí fui comprar outro e a loja não está mais funcionando, muito bem Konami, muito obrigado .i.",1,0,121a,2020-05-20 16:39:00
15,Wilton Oliveira sousa,https://lh3.googleusercontent.com/a-/AOh14Gg6gCzIQMCQIaG_5FhjSSw_X5PvV3fTOwzNYT2IgRk,Muito bom! E o único jogo que não tem apelação ganha que tiver a melhor estratégia fiel a o jogo de cartas a galera reclama por acha que o jogo é íngua a o desenho que são totalmente diferente,5,0,121a,2020-05-05 05:28:41
16,Higor Souza,https://lh3.googleusercontent.com/-UkrR32tCpwc/AAAAAAAAAAI/AAAAAAAAAAA/AMZuucnptab8tr0h14y8EY5JTfqsDb1P5A/photo.jpg,"Aplicativo horrível, se pudesse dar zero eu daria. Muito mal optimizado para celular e ainda tem um bug ridículo que é se você usar Double Cyclone quando você não tiver nenhuma spell/trap no campo o jogo fica confuso e trava, se não dar para usar não fica pedindo toda hora. Ainda tem essa **** que não deixa você escolher se quer o sistema de chainning no auto ou OFF. Quem falar bem desse jogo tá sendo pago pela KONAMI.",1,7,,2020-04-28 19:39:56
17,Estevan de Souza Chagas,https://lh3.googleusercontent.com/-fe5kh7Zu7oY/AAAAAAAAAAI/AAAAAAAAAAA/AMZuucmuSKKMUVhLeb2QNssaJIt990mvdQ/photo.jpg,O jogo é bom mas tem vários problemas ao tentar recuperar a senha da antiga conta e poderiam muito bem atualizar o jogo a e finalmente trazer a era link para o jogo e a criação de um deck no jogo é horrível pois os botões são extremamente pequenos,3,0,,2020-05-27 16:19:58
18,Anderson CR,https://lh3.googleusercontent.com/a-/AOh14Gh5h9W1dnUN2XRVLodN4j_joIGQM-emb0VMMe7O,"Achei legal. Não pega muito espaço de memória. Funciona com ou sem internet. Tem variedades de cartas que não são tão fácies conseguir. Porém, em questão de gráficos, resolução, música, certas jogabilidades e falta de atualizações recentes. Esse game só vale 3 estrelas. Só recomendo jogarem quem tem celulares de tela grande. Com tela pequena terás dificuldade de jogar um pouco.",3,96,121a,2020-01-15 23:06:52
19,Anonimo,https://lh3.googleusercontent.com/a-/AOh14GhCnHj2AyeMEVpag2m4aafmwgpRkLJMaZeekpU7bg,"Konami por favor não abandone esse jogo sei que vocês estão visando o yu gi oh duel links pelo dinheiro que gera a vocês, mas não parem de dar atenção a um jogo como o duel generations vocês poderiam fazer atualizações nele pra melhorar, cada pessoa tem um gosto diferente e vcs aumentariam o público.",5,7,121a,2020-04-09 14:25:36
20,Shar Plays,https://lh3.googleusercontent.com/a-/AOh14Gggdr2-Vfne1mY9NolENRFNBc5N2TrnVbsH-6QHCw,"É um bom Yu-Gi-Oh. Não é nada como um Tag Force, claro. Mas é legal e divertido. Uma coisa que me incomodou muito, e eu procurei nas configurações para ver se havia como desativar, não encontrei, é que quando vc deixa uma trap virada para baixo, toda hora fica perguntando se você quer ativa-la, e é todo o segundo msm. Se isso fosse corrigido, acho que merecia 4 estrelas ou até mesmo 5.",3,27,121a,2019-12-09 13:21:43
21,Eliseu Martinez,https://lh3.googleusercontent.com/a-/AOh14Gim7ViLzKIMNRaLGtH51beAP6UVgRuaaJD8g5hrIQ,"Ótimo jogo , mas deveriam melhorar o sistema de avisos de ativação de cartas mágicas e armadilhas , pois aparece muitas vezes e acaba atrapalhando a experiência do jogador, e eu sugeria um sistema de aumentar a velocidade de animação das cartas , pois os duelos demoram muito e hoje em dia nós jogadores queremos praticidade , afinal , não é todo mundo que pode ficar horas na frente do celular jogando , mas aínda sim é um excelente jogo.",3,145,121a,2020-01-14 10:36:22
22,Ed Reis,https://lh3.googleusercontent.com/-COVlJSDXpyk/AAAAAAAAAAI/AAAAAAAAAAA/AMZuuclQUdfVH8POKAC9TyOo5N9jPn8Oyw/photo.jpg,"Muito top, mas existem combinações de cartas muito apelonas, tipo flufal e blue eyes dragon que desmotiva qualquer iniciante em duel ligue, mas fora isso, muito bom.",4,0,121a,2020-05-29 09:37:15
23,Joao luiz Souza,https://lh3.googleusercontent.com/-T_cx_gkHCUQ/AAAAAAAAAAI/AAAAAAAAAAA/AMZuucmxW5LN17aPEKQ9zBDG33wFkEjAsg/photo.jpg,"Então pessoal esse jogo de yu-gi-oh é muito muito muito bom e vocês tem que instalar ele mas tenho dele está muito difícil de derrotá-lo uma caveira parecendo com esse cara de morcego assim Eduardo com ele dá bem umas 10 vezes e perdi mas é só um tentar de novo comprar cartas cartas tá mais forte e derrotar eu tenho uma carta de 5.000 e não consegui é muito poderoso mas eu vou tentar botar ele até eu conseguir E aí finalmente será um sucesso para zerar o jogo 100, duelistas último👍👍👍👍🙌🙌🙌",5,40,,2020-04-19 13:41:33
24,Jailson Alves,https://lh3.googleusercontent.com/-wil6peA-oWw/AAAAAAAAAAI/AAAAAAAAAAA/AMZuucn2JubH4PmORYSR-u3h1-rwhJS2og/photo.jpg,"O jogo é muito bom mesmo sendo para um dispositivo movel, porem consome muito a bateria. Outro problema é as frequentes apariçoes peguntando se vc quer ativar uma carta magica ou trap, mais em se o jogo e muito bom tem a proposta de jogar contra os personagem de todas as series do anime. Outra ponto a favor do jogo é a dificuldade que se elevar de acordo com a evolução do jogador podendo liberar o proximo personagem sem a necessidade de vencer o anterior 6x. OBS:Poderia aver uma atualização.",4,54,121a,2020-01-21 08:14:31
25,ZULTRON CRAFT,https://lh3.googleusercontent.com/a-/AOh14Gh9gl9sHi1X2TK5lz01_wmGerbLCV3WZZ0vXeHQmQ,"Esse jogo tenque ser atualizafo o mais rapido possivel...pois tem muitos bugs e o designer e muito ruim então por favor ,se os criadores desse jogo estão vendo isso por favor atualize o jogo pois a muitos novos metodos de invocação e novos personagens e novoa modos que pressão ser adicio ados a esse jogo",2,6,,2020-04-29 21:19:27
26,Pajé,https://lh3.googleusercontent.com/a-/AOh14Gh7gULlnwJsaRZ0eVVF1k3hyAbcMk6XvMqZ33V0,"O jogo e ótimo pena que não dá suporte, fiquei um tempo sem jogar e não lembro a senha e infelizmente não consigo recuperar porque eles falam que tá mandando o email de recuperação e nunca chega, quer jogar joga mas não gasta dinheiro no jogo como gastai",1,11,,2020-03-31 18:22:19
27,Sobrevivência sem Limites,https://lh3.googleusercontent.com/a-/AOh14Gh64qVx8xan_HOyBmi6MAl-s0zMUudIGHIwoRe3FA,"Curti bastante a jogabilidade, a dinâmica de evolução do deck enquanto você passa pelas quatro maiores gerações do anime foi muito bem pensado.",5,0,,2020-05-15 08:32:49
28,adriano marcos,https://lh3.googleusercontent.com/a-/AOh14GjS7v2LWG5TTUVHML7HokCtWqKNFPFu37_iNZ65,"Ótimos gráficos agrada os fãs de yu gi oh,a jogabilidade é boa e tem um dos melhores decks iniciais que já vi a inteligência artificial também oferece um bom nível de duelo desse a primeira batalha",5,5,121a,2020-03-23 13:23:52
29,Will Lima,https://lh3.googleusercontent.com/a-/AOh14GiEa8TPaqUmKaQgJKZd4-VE_yAvJVf2Plv5qv928w,"A interface é ok e a animação também, mas o jogo nos limita muito pra montar um deck e comprar cartas. Temos que nos matar pra ganhar pontos de duelo pra comprar uma pack decente. Isso acaba com a diversão.",1,2,,2020-03-31 21:17:55
30,Mateus BATI,https://lh3.googleusercontent.com/a-/AOh14Gg0QIW7VbbbYKXmAXjrB-s3wY7amQV3qSuY3TCZkw,"O Konami faz uma atualização desse jogo com os link mosters eu tento baixa o duel link mas não consigo e esse do único modo que tenho de joga já que meus vizinhos não joga mais dês do 7 anos de idade goto de yugiho oje tenho 15 e meio que so Mestre na invocação de sincro é pré tendo melhora e outras pessoas vão Faz uma ""atualização desse jogo"" por favor,pro favor...🙏🙏🙏🙏🙏🙏🙏🙏🙏🙏🙏🙏🙏🙏🙏🙏🙏😭😭😭😭😭😭😭😭😭😭",1,0,121a,2020-05-29 18:37:41
31,Arthur Gdg,https://lh3.googleusercontent.com/-dMvpmmNTmB0/AAAAAAAAAAI/AAAAAAAAAAA/AMZuucn6oWCwwqq7ZRBUW8KEkmTyLOpc-Q/photo.jpg,Eu adoro Yu Gi Oh e adoro o jogo é que é muito difícil de se-conseguir cartas pêndulo Sincrho e Xyz e também tem os decks prontos de garça mais ou menos de graça porque gustão 200000 cada e eu tenho dificuldade de conseguir 600 em um duelo então eu acho um preço muito auto para quem ganha tão pouco mais eu amo o jogo,4,2,121a,2020-04-22 18:35:16
32,Augusto Rodrigues,https://lh3.googleusercontent.com/-Q33n26jhg9A/AAAAAAAAAAI/AAAAAAAAAAA/AMZuuclkDdyept9W1digBMh3TaDp5RTiWQ/photo.jpg,"Gosto muito do game,gostaria de pedir uma tradução para o português de resto bom trabalho, imagino o quão difícil é competir com outros do mesmo patar,Boa sorte aos desenvolvedores e obrigado por proporcionar este game raiz.",4,6,,2020-03-04 13:51:09
33,Gustavo Oliveira,https://lh3.googleusercontent.com/a-/AOh14GjcauNCw4J7tng_D7gYAkwHN0DudDbnt3xSik5vew,"Otimo jogo, Porém eu e todos os seus usuários desejamos saber quando o jogo será atualizado para o formato da master ruler 4 (atualizado 2020)? Se poder nos responderem ou atualizar agradecemos imensamente, aguardamos ansiosamente.",5,3,121a,2020-04-12 10:45:01
34,David Oliveira,https://lh3.googleusercontent.com/-z6o-ac6hhI0/AAAAAAAAAAI/AAAAAAAAAAA/AMZuucluH50oVE0nOnKazyedNSIYLQ3YnA/photo.jpg,"Esse jogo precisa de uma atualização, pões era pra ser um jogo 5 estrelas fácil, fácil, mas a dificuldade de jogar por não permitir personalizar os comandos e ficar aparecendo aviso para ativação de carta todo estante durante as partidas deixa o jogo chato; e ficaria melhor se fosse 4 espaço para monstros e 4 para as cartas magia/ armadilha ao invés das 5 atuais; por ele ser off-line vou mantê-lo no meu aparelho por mais algum tempo, na espectativa dele não estar abandonado, a ult.foi em 2016.",4,6,,2019-12-23 13:31:31
35,Alceu Oliveira Neto,https://lh3.googleusercontent.com/-o-ukBdMwB6c/AAAAAAAAAAI/AAAAAAAAAAA/AMZuucnZqAhhfhDEgJoGovqbGpzctJkk3Q/photo.jpg,"Design ruim, menus desnecessários e pouco intuitivos, falta de atualizações (a última em 2017, sério isso?), poderiam facilmente manter o jogo atualizado trazendo as cartas até a era dos monstros link. Espaço de tela muito mal utilizado, não recomendo jogar se seu celular tiver uma tela pequena, em um tablet talvez fique jogável, uma pena não haver uma versão boa para mobile do jogo, pra quem não curte tanto o duel links e prefere a versão clássica... Decepcionante é a definição desse jogo....",1,98,121a,2020-02-26 17:08:46
36,Eduardo França,https://lh3.googleusercontent.com/a-/AOh14Ggh1EQd-ZgNgKOqpH0JiCyMmxni213WbZGLksDJTA,"Jogo muito lento, poderiam dar algum jeito de acelerar. Os botões de ação são muito pequenos também, mesmo em telas medianas.",4,1,121a,2020-04-02 15:43:05
37,Marcelo Maciel,https://lh3.googleusercontent.com/a-/AOh14GgmMGUSXPTn6hkxUaijqhnOVVT9AEV4nsLaThgJ2A,"Os servers não estão me deixando registrar,toda vez pede para esperar, eu espero, e tento novamente como o jogo pede, e novamente aparece a mensagem dos servers, todo mundo consegue se registrar menos eu, sou fã, mas esse jogo esta de sacana gem.",1,5,121a,2020-04-06 00:16:42
38,Mateus Moura,https://lh3.googleusercontent.com/-fRT2Gv8AmTU/AAAAAAAAAAI/AAAAAAAAAAA/AMZuucmn3In75Kpln0y4oB5zP8oIOJCq8w/photo.jpg,"Cara, game é muito bom, porém falta a Konami olhar mais pro seus jogos, tanto esse quanto o duel links, game teve a última att em 2017, uma vergonha pra um game tão bom... por Konami, bora olhar mais o players",3,0,,2020-03-28 13:19:39
39,Rodrigo O YouTuber,https://lh3.googleusercontent.com/a-/AOh14Ggyvg9-EWFKaN4k_sIXqxTWpNYIrnsIG7rA4ENYAw,Este jogo é bom pelo menos é jogável poderia ser atualizado de vez em quando pelo menos metam os monstros link mas do resto não tenho nada para falar é só isso,3,0,121a,2020-05-04 20:45:11
40,Iori Nogueira,https://lh3.googleusercontent.com/a-/AOh14GiTX93KvhjbhopUezXStdzXNX3cAI_bCTZnlYK99A,"o jogo offline ate q eh bom, sendo q a parte online, vc so joga com pessoas que compraram decks, coisa q tem um ""contraste"" enorme con decks improvisados de quem não pode comprar, ent sua perda está confirmada",2,1,121a,2020-04-19 00:57:34
41,Matheus Santos,https://lh3.googleusercontent.com/a-/AOh14GhW-WCuuIhMiG3MkzdxPqfZu4Yq41popkNbtQI,Fiz minha conta salve pós sempre da problema e como esperava msm com o nome de usuário salvo e-mail e senha o jogo n reconheceu assim n da quantas contas tenho q ter pra jogar em paz ?,1,0,,2020-05-11 22:47:41
42,Fabrício Mendanha Junior,https://lh3.googleusercontent.com/-Qa9gODdG0Vw/AAAAAAAAAAI/AAAAAAAAAAA/AMZuucnTZCub5VJzRSfpb3F96qZVWx3SHg/photo.jpg,"PIOR YU-GI-OH As mecanicas são horriveis, em 2 turnos aparecem 16 caixas de dialogo perguntando se o jogador gostaria de ativar alguma carta SEM NECESSIDADE, o jogo trava do nada e o modo PvP está lotado de jogadores com hack, em uma dessas partidas meu adversário tinha apenas 5 cartas em seu deck logo no começo da partida e eram AS CINCO PARTES DO PROIBIDO EXÓDIA, perdi sem nem puxar uma carta. O sistema de compra de cartas fica longe de ser usável como no Duel Links.",2,8,,2019-12-17 22:24:33
43,jonatan kami,https://lh3.googleusercontent.com/a-/AOh14GiaA4Vri2AzwZyCycK4VrP9NaVpq4OgkFacl5Lh8Q,"O jogo é muito bom, jogos também o ocg e o tcg, porém este não recebe atenção dos desenvolvedores a anos e isso é deprimente, um bom jogo com muito bom potencial, eu gostaria muito de jogar ele com meus familiares mais novos! Voltarei a refazer a crítica caso haja atualização! Agradecido.",3,0,,2020-03-29 10:32:44
44,Augusto Reis,https://lh3.googleusercontent.com/a-/AOh14Gjv5H2it3NEDlwTljXMeXi4UbljBR55yo4B2CXJRg,"Os packs Premium não aparecem para compra. Sou fã da franquia, gostaria e colocar cash, mas o serviço não está disponível. Quando vão consertar isso?",1,0,121a,2020-05-02 00:35:09
45,Renan Silva,https://lh3.googleusercontent.com/a-/AOh14GhTyUHhuJIn7mzO7RMtJk6OUzGkXWtLc8grmLm4,O jogo é muito bom... Mas tem um problema eu não tô conseguindo me cadastrar no modo online pra mim jogar partidas online.... alguém sabe me dizer como se cadastrar.... fala algo relacionado a correio eletrônico eu nem sei oque é isso....,4,5,121a,2020-01-20 20:29:24
46,Gleybson Henrique,https://lh3.googleusercontent.com/a-/AOh14Gg2Z3qjjXP2v1441JcL4y9wRpg76m1vOxct3GrB,"A qualidade das imagens das cartas não é muito boa, o jogo incomoda muito a cada movimento perguntando toda hora se você quer ativar uma carta de efeito.",2,2,121a,2020-03-23 20:37:45
47,Dai S.B,https://lh3.googleusercontent.com/a-/AOh14Ghm2Q9jz3BiEjRiRiHHjMI70w22FVKnRK8Z_BWhug,"O melhor pra jogar off, tem todos os personagens e muitas cartas, eu nao gosto da regra atual com as cartas pretas e cinza devia poder configurar as regras no menu de opções para o modelo que o jogador mais gosta.",5,6,119a,2020-01-10 16:12:06
48,Marcos Henrique,https://lh3.googleusercontent.com/a-/AOh14Gi-mBuS3teUR23uwIf5QRRg_KGnnLghx9OU7mjz,Não... parou de funcionar que sacanagem não deveriam fazer isso se o game é off-line aí vcs criam esse duelo links horrível até o Forbbiden Memories é melhor do que esse lixo do D L...,1,1,121a,2020-05-07 09:36:44
49,Gabriel Barroso Faustino Gomes,https://lh3.googleusercontent.com/-HbZlZrVPxdg/AAAAAAAAAAI/AAAAAAAAAAA/AMZuuckSedCy4XDxJTuzuKwPd7XKFuUL4g/photo.jpg,"O jogo em si é muito bom, nada a reclamar, porém, tive um problema com a minha conta e, ao entrar em contato com o suporte, eles a resetaram excluindo os itens que eu havia comprado. Agora entro em contato novamente para recuperar meus itens e ninguém me responde. Quando resolverem eu dou 5 estrelas.",1,6,121a,2020-01-18 12:35:46
50,Bruno Henrique Ferrarin De Faria,https://lh3.googleusercontent.com/-gZfVEj7EjME/AAAAAAAAAAI/AAAAAAAAAAA/AMZuucnndJpAdMWZu_pKU2JYR08gQjk7Qw/photo.jpg,O jogo é otimo ... Porem nao sei oq aconteceu q reiniciou todo o jogo no meu celular.. Perdi todo meu progresso Tem como eu recuperar? Galera o jogo é legal Porem qualquer problema q vcs tiverem ja era nao tera solução O desenvolvedor abandonou o jogo Mandei e-mail e tudo e nem responderam,5,4,121a,2020-03-03 11:01:24
51,EzequiéL Fuzzi,https://lh3.googleusercontent.com/a-/AOh14GiK42zx-yCyyFxnqWPCeaKRZURlNNaoxAFYHewG5A,"Jogo bom até , mas deixa muito a desejar no quesito de jogar online , se eu gastei um monte de dinheiro com cartas é pra desafiar pessoas e não ficar jogando contra inteligência artificial, muito ruim mesmo o sistema de jogar online , o pior que eu já vi, sites piratas oferecem melhor experiência",1,2,121a,2020-02-16 17:35:03
52,Uesderon Santos,https://lh3.googleusercontent.com/a-/AOh14GipFbzys7kI62llPOWY1s7WfiNrRyMc3VTCFrfk,"Jogo muito bom, os efeitos dos monstros e trap cards são ótimas, mas tenho duas coisas que nao gostei, a primeira e que não possui o idioma português, e também assim que sai do jogo a primeira vez ele não quis mais abrir tive que desinstalar e instalar de novo, espero que não aconteça novamente",3,4,121a,2020-02-29 03:55:41
53,דנילו ברסהני,https://lh3.googleusercontent.com/a-/AOh14Gh3z7QqAUzxMkd7raOnkqaecBwnSNY7YHkCRD2NyA,Faz muito tempo que não atualizam com melhorias ou desbloqueio de cartas... Vai ficar com poucos interessados no jogo quando perceberem muito limitado.,3,130,121a,2020-03-04 01:46:19
54,murilo gabriel rocha morilla,https://lh3.googleusercontent.com/a-/AOh14Gjl5anH1j2TsLCzHFWGmaH1uvPcDYSg2nSxQ89pGA,"Realizo o download e ao tentar baixar o arquivo adicional sempre da erro, arrumem o problema, pois já jogava e mudei de celular",1,3,121a,2020-03-12 03:19:43
55,alexandre douglas,https://lh3.googleusercontent.com/a-/AOh14GiZNfwOj1fGRfhmAhgwQ6MFNIpoBtWKzQ0zVTodIQ,"Jogo é muito bom, muito igual aos animes, único problema é que não tem linguagem em português para compreender melhor o jogo mais quando se pega as manhãs vai dando pra jogar",5,0,,2020-03-29 18:25:55
56,bruno sama,https://lh3.googleusercontent.com/a-/AOh14GhPBdMKuQhBAIXRfaEmsWqjBW7QEsczQLJpjFriGA,"Uma real pena eles n atualizarem mais,n sei o motivo,mas se forem atializar por favor atualizem pro link shoukan(summon) se ainda estiverem atualizando,porque n tem motivo pra pararem,pois o jogo faz um sucesso significativo",5,1,,2020-03-28 16:22:16
57,Turquinho,https://lh3.googleusercontent.com/a-/AOh14Gh-KLfnVgoqNpTHf5gg-oXoY_oCdC2VmeoA04denA,"Ótimo jogo, com uma variedade boa de cartas.. porém, poderia ter uma tradução para o português brasileiro. Minha opinião.",4,0,,2020-05-04 10:15:07
58,Vitor Magalhães,https://lh3.googleusercontent.com/-aSPc5q7kfYM/AAAAAAAAAAI/AAAAAAAAAAA/AMZuucnDj2jwyeu8OD5uRpd_NVFDDxi8zw/photo.jpg,"O jogo é muito divertido,mas não entendi porque a Konami abandonou esse jogo, gostaria que vou ta se a ser atualizado e caso a Konami veja minha resenha e me diga para jogar o ""duel links"" eu não gostei muito do estilo de duelo dele",5,1,,2020-01-15 22:31:01
59,Sergio Henrique,https://lh3.googleusercontent.com/a-/AOh14GhL67xkD0jPCaoH79VgwDRbxilrwjONS-2S1Xz0nw,"Bem infelizmente Yu-Gi-Oh duelo generetion vai acabar,então faz sentido não ter uma atualização a 3 anos.",3,1,,2020-05-31 02:24:05
60,xsnesx,https://lh3.googleusercontent.com/-jFVS4BVgjI8/AAAAAAAAAAI/AAAAAAAAAAA/AMZuucnAN8eBKMdH0cIw_VRyz_KfSzvZ1g/photo.jpg,"O jogo é bom, mas tem vários bugs (bug da tela ficar preta e não conseguir entrar no jogo, bug que dependendo da sua jogada, não tem como você fazer nada durante a partida, e também o sistema de login não está funcionando, tentei logar na minha conta mas não consegui, tentei resetar a senha r usar a senha que enviaram no meu email, mas não continua dizendo que a senha está errada), se consertassem o bug do login eu até recomendaria a jogar, mas por enquanto não recomendo, porque não terão como salvar em nuvem, jogar multiplayer, nem marcar presença diária.",4,9,121a,2018-10-19 11:24:30
61,gabriel jonathan,https://lh3.googleusercontent.com/a-/AOh14GiKCOH4l8kWASmA0WdZAziE3-QeSpyAohmcII3j7A,"Jogo a muito tempo sempre amei esse jogo iria ficar melhor ainda se saísse em linguagem português, mas esse jogo não atualiza desde 2017, da um jeito aí gente, um jogo bom desse, ser abandonado assim, pelo amor né...",3,2,121a,2019-12-31 10:46:34
62,joaoluiz jl,https://lh3.googleusercontent.com/a-/AOh14Gii3MjGqEw7T43yKN9WQWFQR2zv3jdh8uuNIzM,Yu-gi-oh melhor de todos desejo a vocês para instalarsó é muito difícil no final tem que trocar as cartas direto para botar muitos monstros é isso galera meu nome é João Luiz,5,1,121a,2020-04-13 22:51:26
63,Victor Strife,https://lh3.googleusercontent.com/-f_cmsDIyymY/AAAAAAAAAAI/AAAAAAAAAAA/AMZuucnZbPM_wcIhlddFSakONBV4LavAyg/photo.jpg,"Olá Konami! Estou fazendo um apelo para que deixe o duel generetion como está. Mesmo sem atualizações à muitos jogadores no jogo, e isso mostra quão querido ele é.",5,0,,2020-05-02 03:38:11
64,Vinicius Moraes,https://lh3.googleusercontent.com/a-/AOh14Gjw3sdkWGQFYB3cpdoIP3lAI7EwCiODf_ljTFKGig,"Após 40-50 rodadas o jogo fica desgraçadamente LENTO. Travamentos fazem com que você toque em outro lugar, na hora de selecionar uma carta alvo o que é primordial para decidir o jogo. Quem se adaptou no jogo costuma jogar contra a TEA constantemente para conseguir farm e comprar cartas, e nela sempre trava depois de um certo tempo de jogo. Melhorem isso por favor, uma partida demora mais de 40 min. Isso é um absurdo.",3,9,121a,2018-09-24 16:01:34
65,Jean Carlos Almeida,https://lh3.googleusercontent.com/a-/AOh14Gg9Ef2WVAWwukuCSi0QzTICZ2eTkcrP9DBQk2kzxw,"É muito bom um jogo mais fiel a jogabilidade do game original. Porém, possui poucos deck disponíveis pra compra, e os booster pack podem vir quaisquer cartas do card game, o que torna muito demorado pra fazer um deck satisfatório. O que me fez decidir desinstalar foi a demora de 5 minutos toda vez que está 'conectando ao servidor', e toda vez que tento logar além de demorar, diz que estou logado em outro aparelho e pede senha.",3,2,121a,2018-09-22 19:38:08
66,Edervan Ataide,https://lh3.googleusercontent.com/-BYBoZHj84h4/AAAAAAAAAAI/AAAAAAAAAAA/AMZuuck0OVLk9Z5fYzFt02DWwH-ucHzRow/photo.jpg,E a Konami não pode tirar esse jogo da play store e sim atualize para desbroquea as cartas proibidas ai iria ganhar mais credibilidade tem muitos fànaticos por esse jogo e uma pena,5,0,,2020-05-13 20:58:30
67,Roger Mister M,https://lh3.googleusercontent.com/a-/AOh14Gi4wIK_2Vp9Ot7qZjCAjd1ixtj2gksv5AeB1q6t,"Uma pena que o Duel Links passou a receber atenção única por parte da Konami. Esta versão aplica as regras tradicionais do card game, o que é ótimo, pois, apesar dos duelos se tornarem mais lentos, isto não acaba se caracterizando como um defeito, devido ao nível elevado de estratégia que os jogadores tem que aplicar por conta da fidelidade aplicada a tais regras...",5,86,121a,2019-05-08 01:13:25
68,Vinicius Araujo,https://lh3.googleusercontent.com/-adjxlHu6XIc/AAAAAAAAAAI/AAAAAAAAAAA/AMZuucmp2_Iql0nxZjLf1Q4GreIktS4zQg/photo.jpg,"Pontos positivos: Não tem anúncios, ensina como jogar, possuí progressão de dificuldade, não é pay to win e é possível jogar sem conexão com internet. Pontos negativos: o jogo possuí problemas de crash, algumas mecânicas são irritantes, não possuí legenda brasileira e pode não responder bem dependendo do tamanho da tela do celular.",4,37,121a,2019-09-23 23:34:51
69,Wyl Tokya,https://lh3.googleusercontent.com/-KfEBEI3qF5Y/AAAAAAAAAAI/AAAAAAAAAAA/AMZuucngDEXJnAWBBG5JxmRMxDVptb6dxw/photo.jpg,"O jogo precisa de atualizar, faz anos que não atualiza, é excelente o jogo mas as opções no shopping são poucas, a não ser que gaste dinheiro, a vantagem desse jogo é a quantidade ampla de cartas, porém são inacessíveis para quem não gasta dinheiro real. Atualiza o jogo, por favor, ultima atualização foi em 2017, não desitam assim do jogo",3,49,121a,2019-08-28 14:07:55
70,Rafa BM,https://lh3.googleusercontent.com/a-/AOh14Ghyqo1jy5rE21rHtcdBUKu_TGj--y80TM0fRrsb,"Jogo totalmente desbalanceado , adversário conseguindo invocar 5 monstros numa só rodada particamente vc só consegue passa 3 primeiras pq a segundas missões são muito roubadas por lado dos npcs",1,0,121a,2020-05-27 00:56:31
71,Um usuário do Google,https://lh3.googleusercontent.com/EGemoI2NTXmTsBVtJqk8jxF9rh8ApRWfsIMQSt2uE4OcpQqbFu7f7NbTK05lx80nuSijCz7sc3a277R67g,"Não é a melhor do mundo mas óptima para jogar no telemovel, não é muito pesada, claro que gostava de jogar este jogo num mega iPad com os monstros a sair de todas as cartas (aqui só alguns, mas muito porreiro) e era fixe ter desafios diários. Já faz quase um mês em que jogo todos os dias, viciante para quem assistiu a série e sempre imaginou jogar.",5,20,121a,2019-01-25 22:05:07
72,Caue Olive,https://lh3.googleusercontent.com/-8CdK8cevHyw/AAAAAAAAAAI/AAAAAAAAAAA/AMZuucmAIPVpvR-uuUM7P69y1BoIMjF4aw/photo.jpg,Jogo excelente mais porfavo coloque as cartas no idioma português porque n entendo nada e sei q outras pessoas também sei q a tradução português ajudaria o jogo a ter mais evolução e mais população então por favo trás o idioma português das cartas porque amor mt esse jogo mais em Igles e etc tem que pesquisa no google para saber em português então espero que vocês evolua o jogo sei q tem mt gente tentando traduzi para o português. Mais tirando isso o jogo é excelente jogabilidade ótima,5,3,121a,2019-12-10 02:49:36
73,Henrique Luis Barbosa,https://lh3.googleusercontent.com/a-/AOh14GhNAuKmyYNi-hP3fF6GD7s3rZHJUPQAzLAl_094Gw,"O jogo é ótimo, mas falta atualizar.... Queria por jogar fazendo invocações links... So não dou 5 estrelas por esse motivo.",3,0,121a,2020-03-10 16:58:21
74,FRISK ANIMATION,https://lh3.googleusercontent.com/a-/AOh14Ghdlfx9Bqniu6ZWjwjoemtpNcOgtJPPSgjrdy93mg,Mt bom mas e engles nao entendi nada e poderia ter níveis ao facil até o dificil porque e MUITO DIFÍCIL o negócio e eu te apagado todos meus jogos porque isso não vale apena,3,0,,2020-04-05 20:09:11
75,Edy Mariz,https://lh3.googleusercontent.com/-so1v9QBC11E/AAAAAAAAAAI/AAAAAAAAAAA/AMZuuckCePrSTQTpICADB7gW-CBRMuYEwg/photo.jpg,Oi ja a algum tempo comprei o suport deck do obelisk e nunca o recebi . Dis que ja o tenho mas de deck nada ja fui a minha lista de compras ele esta la como comprado mas nao o tenho . E quando tento fazer uma recuperação da loja dis que ja o tenho notra conta. E só tenho uma conta .,1,3,121a,2019-12-12 08:27:17
76,Breno Santos,https://lh3.googleusercontent.com/-SlC3XP5ZT6k/AAAAAAAAAAI/AAAAAAAAAAA/AMZuucmxHb0sTPlO1YgZ2BFlwZphJuU31w/photo.jpg,"Interface horrível, jogabilidade lenta e o pior é o jogo perguntando a cada 1 seg se você quer ativar o efeito de alguma carta. Qual a dificuldade de colocar um botão de auto corrente igual o Duel Links?",1,3,,2019-12-19 20:53:37
77,diogo theodoro machado,https://lh3.googleusercontent.com/a-/AOh14GgrKM_0PbUbXUA8InI_9cJncwp0tXGaOgli6HTUyQ,"Eu tive que formatar o celular aí quando instale de novo minha conta que tinha logado com o face sumiu e Pedro o de k que tinha comprado com dinheiro, como faço pra recuperar a conta com essa deck que comprei ??????",5,2,,2020-02-27 00:25:14
78,Paulo Eduardo,https://lh3.googleusercontent.com/a-/AOh14GjBU90yCETZJRw6G-M1m6jdk5dHO30wVtn3KG6tyw,"Sem tradução, jogabilidade um pouco lenta. Contudo um bom passa tempo.",3,0,121a,2020-03-10 23:35:41
79,Willian rodrigues,https://lh3.googleusercontent.com/a-/AOh14GgOo53SjzM4FTJO_YFQY-7Vsci96WIMFGh1KGQBwiU,Está precisando atualizar a parte da zona do cemitério pois muitas vezes não dá para acionar as cartas e usa os efeitos,3,0,121a,2020-03-29 14:39:13
80,Filósofo Desconhecido,https://lh3.googleusercontent.com/a-/AOh14Gh1P3owf5Q5hPijzUZ9_CZVWrAALxv3pPdAl02e,"É Yu-Gi-Oh; isso já diz tudo. A jogabilidade tradicional, com toda a complexidade do jogo de mesa na palma da mão. Mas, infelizmente, as animações são muito lentas, não tem como desligar as interrupções do jogo te perguntando se quer ativar algo, e o espaço em tela não é tão bem aproveitado. O Duel Links só vence por ser um jogo feito para a plataforma mobile. Pra quem conhece e ama o Legacy of the Duelists (que é o meu caso) Duel Generation é uma ótima alternativa pra tranquilizar o vício.",4,37,121a,2019-11-24 22:37:06
81,Gabriel Henrique,https://lh3.googleusercontent.com/-aHQLC3Kiabs/AAAAAAAAAAI/AAAAAAAAAAA/AMZuuclum7MFP5mq4cP6JsRjmX580fXGjA/photo.jpg,"Era bom, atualmente tentei voltar a jogar e não lembrava mais a minha senha... Tentei recuperar e estou esperando o email com uma senha temporária faz alguns dias e nada... Criei outra conta e recentemente tentei colocar a senha certa e sem sucesso. Fui obrigado a tentar mais uma vez recupera a senha e novamente sem sucesso. Por favor ajustem a resposta com as senhas temporarias!!!",2,0,121a,2020-04-03 19:33:32
82,o canal acabou,https://lh3.googleusercontent.com/a-/AOh14GhgFbpDmzZSbVJ2swP97outfPBbYZymXwl9yzNQKw,Eu amava o jogo mais ele tá desuatelizado e toda vez que eu tento fazer login n da é sempre começo com nenhum monstro então seria bom se tivesse como trocar as 5 cartas do seu deck por outras 5 cartas apenas no primeiro turno que vc joga além de estar com uma dificuldade MT avançada eu derrota a antes com o deck mais inútil que dava para fazer,1,44,,2020-01-04 13:04:30
83,Cesar Rossi,https://lh3.googleusercontent.com/a-/AOh14GhUqWHSpgUqsH3FmyxpevbkBFDfhpkMM49Nwr9e,"o jogo é bom, o problema é que os duelos já são demorados por natureza, mas não da pra pular as animações ou tornar elas mais rápidas, então acaba se gastando um tempo bem razoável pra um duelo só... sei que o duel links tem duelos mais rápidos mas alguns monstros lá perderam efeito ou tiveram os efeitos alterados pro duelo ficar mais rápido e eu gostaria de jogar o yugioh comum que eu assistia nos desenhos com os mesmos efeitos :/",4,21,121a,2019-04-20 17:25:53
84,Pendrag 103,https://lh3.googleusercontent.com/a-/AOh14Ghi7W08Ml7vz-q2RPcmEOJTct4RZXcHWqbhfUUH,"o jogo é muito legal,um dos senao o meu jogo preferido porem foi abandonado pelo seus criadores,pois a sua ultima atualizacao foi feita em 2017 e ja estamos em 2019 quase em 2020.E como nao tem uma atualizacao a muito tempo dei 3 estrelas,pois se ouvessem atualizacoes,arrumacoes de bugs como o de transferencia/logins de contas eu jogaria mais e gostaria mais do jogo pois ja perdi 2 contas.",3,1,,2019-12-30 11:21:07
85,Joopes Oficial,https://lh3.googleusercontent.com/a-/AOh14GhCpTUizYKKBkkQav7GHMS6SXLOmfbgURT9ixtbVA,"Eu gostei, sou fã de Yu-Gi-Oh, então o jogo atendeu a 80% das minhas espectativas. Acho que dá para melhorar mais, mas no momento dá para se divertir.",3,0,,2020-03-05 01:23:05
86,felipe santos,https://lh3.googleusercontent.com/a-/AOh14GhxrvZaRNzZ_1VXuNiNHF-enAz3o0MnEslAMwvLbQ,"O jogo é bom, o único problema que de fato atrapalha a jogabilidade é a insistência que o jogo faz para ativar uma carta armadilha/mágica, e também quando tento entrar na parte Premium da loja, o jogo diz que está conectando e mesmo depois de muito tempo, simplesmente continua nessa mesma tela, obrigando você a reiniciar o jogo.",4,16,121a,2019-09-11 06:24:59
87,João Victor,https://lh3.googleusercontent.com/-Lw3nJnC62Uo/AAAAAAAAAAI/AAAAAAAAAAA/AMZuucmJ7YrNt81UPMhbgbGZ8NXe3qeNng/photo.jpg,"Um jogo legal, mas que poder ser melhor, se melhora a mecânica do jogo (as mensagens chatas que aparece toda hora), e alguns bugs, como o jogo fechando sozinho ou quando não entra, e precisa limpar os dados, bem desanimado, pois bem para quem quer aprender a jogar yugioh tenta esse jogo.",3,15,121a,2019-10-18 12:55:28
88,Claudiris Crispim,https://lh3.googleusercontent.com/-9Yo2-qkheYs/AAAAAAAAAAI/AAAAAAAAAAA/AMZuucnClxsWEQzzYIhVlWbbssrlJ_Huqw/photo.jpg,"Vocês devia colocar o idioma (português PT BR brasil) eu queria entender por que o Brasil e tão desvalorizado pó mano uma vez na vida coloquem o idioma brasileiro. O Brasil e grande ia ter muito mais downloads pra pvcs o jogo e bom mais colocam o português brasileiro. Vcs sempre dão mancada com o brasil no yu gi oh duel links até que tem, o idioma (PT BR) então por que num colocam nesse tbm coloca aí vai",1,0,,2020-03-04 07:50:31
89,jean gagliardo,https://lh3.googleusercontent.com/a-/AOh14GhCu_HMO-ZdC9dT0mLVvLD4Iw3uQ5H_wun-q4woLA,Esse jogo é muito bom. Eu só.acho q on line o tempo da jogada deveria ser menor.,5,1,121a,2020-03-07 20:03:17
90,Luan Paiva,https://lh3.googleusercontent.com/-5yMI-WvRwJI/AAAAAAAAAAI/AAAAAAAAAAA/AMZuuclRoo9WgMkbVgyqckyauCc3aNdCqQ/photo.jpg,Eu tenho o jogo em dois celurares diferentes e gosto do jogo o que atrapanha e ficar perguntando se eu quero usar o efeito toda hora e quando eu faco login que nao loga mesmo se eu recuperar a senha voces poderia resover esses promemas. Eu agradeso se arumar e aumento a minha nota!,3,2,121a,2019-12-05 02:08:39
91,maximo felix dos santos ayres,https://lh3.googleusercontent.com/-0OJzmz6Sbt4/AAAAAAAAAAI/AAAAAAAAAAA/AMZuucki_xNYUtq8Nu8USVRav47zweT5Rg/photo.jpg,este jogo é sensacional. alem de ser off tambem e on line. tem varias opçao de jogo e mais alem de quem for mesmo fa dos jogos do Yu-Gi-Oh! Parabens ao criadores e obrigado por ter feito este jogo tradicional misturado com os atuais Cards. 5 estrelas e pouco para este jogo. 🌟🌟🌟🌟🌟🌟🌟🌟🌟🌟 e top 10 stars.,5,97,,2020-01-15 10:18:06
92,Luciano mota soares,https://lh3.googleusercontent.com/a-/AOh14Ghj-bmQSPx90cErhdw721RyflycMsDvwUa1bxVxMg,"gosto do jogo. mas tem um probleminha ele simplesmente parou de funcionar. da erro de download... jogo a nos, na minha antiga conta depois troquei de aparelho Celular ela nak abriu com as cartas que comprei, comecei do Zero e agora travou o APP. tenho certeza que seu eu desativar perci duto de novo ate as que comprei com $$.",4,2,121a,2019-06-24 13:57:48
93,Gustavo Padilha,https://lh3.googleusercontent.com/a-/AOh14GiG7LKEE4KV5zwsFiYFuBeLbfRzL3DRBSBp3EbA7w,"Tô com problema pra logar. Diz que a senha ou conta está errada. Não é a conta, pois uso ela pra recuperar a senha. Mas mesmo quando recupero o erro continua. Tirando isso é muito bom, raiz, diferentemente do nutela do duel links. Seria melhor tirar alguns efeitos pra ficar mais rápido, atualização sem mercenarismo e colocar uma tradução.",4,214,121a,2019-06-29 10:42:56
94,Rhaldney Werner,https://lh3.googleusercontent.com/a-/AOh14GioPOkGh1JHU7692LzjT9y0p19yhu9eEIIHU-Gm6w,Estava com mais de 30 mil pontos e tinha ganhado varias cartas novas E o jogo disse que teve um erro e ao carregar Fiquei com 25 mil pontos e perdi todas as cartas nivas que tinha ganhado Alem de varias vitorias no modo campanha foram retiradas,1,4,121a,2019-12-23 12:20:09
95,Carlos Alberto,https://lh3.googleusercontent.com/-9xf0SakOSUQ/AAAAAAAAAAI/AAAAAAAAAAA/AMZuucnu9yMBp2z_zHNzdqfvqWYyB2xU8A/photo.jpg,"Adorei o jogo mas não gostei de uma coisa quando vc coloca uma carta virada para baixo o jogo fica enchendo o saco perguntando quando vc quer ativar uma carta,para mim eu decido se quero ativar a carta não precisa dessas perguntas bobas.mas tirando isso o jogo é perfeito",3,0,,2020-03-03 13:43:50
96,DrevorBlaze Gameplay,https://lh3.googleusercontent.com/a-/AOh14GgKPsxUKBDZO7QhnO5_9Xh8Tw_0QCXOearNS96H,"O jogo em si é muito bom mesmo, meus parabéns!!! Mais pra ficar ainda melhor, seria bom ter um suporte para o Português BR, eu indicaria a mais gente que gosta desse tipo de jogo e a uma comunidade inteira com mais de 2000 mil membros se conseguem colocar o idioma português br pra gente",5,151,121a,2019-12-08 13:10:23
97,Adriana Barbosa,https://lh3.googleusercontent.com/-d9wyFT33wPk/AAAAAAAAAAI/AAAAAAAAAAA/AMZuucmYghg7QT70zXE-vmsRb-99q1nbDw/photo.jpg,"Lento e Nada Recompensador, você joga de mais e ganha pouco, partidas lentas e pacotes caros com cartas aleatórias dentre todas as temporadas de Yugioh, que desencoraja a continuar comprando. Itens para comprar com dinheiro real que não valem a pena, melhor lançar um jogo pago do que um ""free to play"" desses. Jogo Yugioh desde muito tempo e esse Game é a pior experiência.",1,7,121a,2019-03-11 02:54:12
98,Marcos Pinheiro,https://lh3.googleusercontent.com/-UP1hlSv0JIo/AAAAAAAAAAI/AAAAAAAAAAA/AMZuucndhWZFz0Xu99ecj55sycMBmOBl4Q/photo.jpg,"o melhor q tem. mas precisa de uma atualização e um modo de jogar oline com os amigos e pessoas do mundo todo. gosto do jogo pelo fato dele manter as regras tradicionais, como as cartas magicas e de trapa, não conseguir também organizar minhas cartas na minha ordem, seria possível ter esse módulo, o jogo ficaria excelente se houvesse um campo oline onde poderíamos jogar com pessoas do mundo todo e com as batalhas feitas poderia haver boas premiações. pow ficaria top, seria o melhor jogo.",5,285,,2019-07-24 21:35:54
99,Janilson Monteiro,https://lh3.googleusercontent.com/a-/AOh14Gi38eN15Xc_0q9mRBXWp41uPQurMoN62axuDFG9qA,O jogo é muito bom mas precisa fazer atualizações... Há anos que jogo e não atualizaram. Parei de jogar e pretendo voltar a jogar Quando fizerem uma nova atualização,5,1,,2020-04-05 06:01:45
