,userName,userImage,content,score,thumbsUpCount,reviewCreatedVersion,at
0,Heitor França,https://lh3.googleusercontent.com/a-/AOh14GgAsMzq9JuMU0O3GpOSbP16ikljieiXooO2arbbJg,"Eu gosto muito deste app, pois o mesmo nos dá algumas opções de níveis, para que possamos aprimorar os nossos treinamentos, e, consequentemente, melhorar cada vez mais o nosso nível de aprendizado. Recomendo você praticar(estudar) com este app.",2,265,1.76.1,2020-05-17 05:55:11
1,Sebastiana Feitosa,https://lh3.googleusercontent.com/-XKm-g-SsJjw/AAAAAAAAAAI/AAAAAAAAAAA/AMZuuclnpqY-LdaEB62Kbmnm7Pw_WlQsJg/photo.jpg,Eu gostei muito pq ele não tem intervalo e não é muito dificil pois eu só não consegui o dificil pq ele é muito dificil mesmo mas pelo outro lado é legal legal não ótimo pra quem ama jogar dama abaixa agora é muito legal eu abaixei pq faz tempo q eu não jogo dama ai eu abaixei e acabei ficando viciada e até o meu pai então eu vou dar 5 estrelas😄,5,169,1.76.1,2020-05-17 10:39:22
2,Jose Freire Da Rocha Filho Rocha,https://lh3.googleusercontent.com/-RQyLw2LHaAA/AAAAAAAAAAI/AAAAAAAAAAA/AMZuucnDqXzoiOAjX40lTtzq5-E_UXa-dw/photo.jpg,"Muita dica sem a opção de desfazer e recompensa diária sem dar opção de cancelar, só uso porque gosto de dama, más essas duas coisas enche o saco. Continua do mesmo jeito, tem como cancelar essa recompensa diária? Vou aguardar resposta, se não tiver vou desinstalar, grato pela atenção.",1,60,1.76.1,2020-05-21 11:01:38
3,Suh Nazário,https://lh3.googleusercontent.com/-wZd5fh5jY_A/AAAAAAAAAAI/AAAAAAAAAAA/AMZuucnHBNj6rViH2N4cbwNaCF6K5qMPPw/photo.jpg,"Eu gostei muito desse jogo ! Ele é muito bom, tem como jogar com vários níveis diferentes, fácil, médio... Até o especialista !! Dou 5 estrelas, com certeza, mimhas damas virtuais favoritas ♥️💕",5,43,1.76.1,2020-05-15 14:15:33
4,Cleber Oliveira Santos,https://lh3.googleusercontent.com/-o4f-dczSNcY/AAAAAAAAAAI/AAAAAAAAAAA/AMZuucniao_6UF7dBhRZcacWx93UqnW2Eg/photo.jpg,"O jogo em si é excelente. Os anúncios (principalmente do vstatus e kwai) de gosto duvidoso, com videos de brincadeiras de mau gosto e pastores pregando (dentre outras coisas) é que desagradam.",4,25,1.76.1,2020-05-26 15:33:53
5,Claudemir Spigariol,https://lh3.googleusercontent.com/-CwyKlokYLtQ/AAAAAAAAAAI/AAAAAAAAAAA/AMZuucn8wOrn0oAMFBkQUXLgPrv5jm-23g/photo.jpg,Esse jogo e muito legal e divertido e entra matemática então estou jogando ele sempre. Você pode vir jogar também você aprende dama e fica otima nesse jogo eu não era muito boa nesse jogo então eu fiquei Treinando e depois estava ótima,5,20,1.76.1,2020-05-29 09:54:38
6,Lucas Mendes Martins,https://lh3.googleusercontent.com/-4BQPQ1TgSQ4/AAAAAAAAAAI/AAAAAAAAAAA/AMZuucnItIbpH_KsbPv79ayiqmlfAUagIQ/photo.jpg,"Um jogo ótimo para aprendizagem, calma, inteligência e paciência. Ele ajuda nas dicas, tem vários tipos de escolhas, muito bom para um ensino e estratégia. 👏🏻😌",5,3,1.76.1,2020-05-19 16:42:34
7,elzoila de jesus couto souza,https://lh3.googleusercontent.com/-6WJ-yX-yn7o/AAAAAAAAAAI/AAAAAAAAAAA/AMZuuclXi_HA-L8aPKD-pC5GCeyd6OHumA/photo.jpg,"As regras que eu escolhi, não estão sendo respeitadas. Escolhi captura não obrigatória ,no entanto estou sendo forçada a capturar peças que eu não quero ! Ruim jogar assim .",1,17,1.76.1,2020-05-22 00:35:59
8,Hanabi Dream,https://lh3.googleusercontent.com/-J2egh9fkkHY/AAAAAAAAAAI/AAAAAAAAAAA/AMZuuckWzsQ7lbezkqojeKCPyb15_92YRw/photo.jpg,Não dá pra fazer um comando fora da partida sem que apareça um comercial de uns 30 segundos.,1,0,1.76.1,2020-05-31 20:53:29
9,Jeferson Alves de Carvalho,https://lh3.googleusercontent.com/a-/AOh14GgIivZlxiHJSb_L9tXmnCmQBmeSJnzd1ahtizpV,"Só esperava que tivesse a opção de jogar online contra outro jogador...já ganhei todos os jogos considerados difíceis , especialista.. e etc.....",4,0,1.76.1,2020-05-28 01:09:26
10,Flavio Eustaquio,https://lh3.googleusercontent.com/-zFDSzEGfvBY/AAAAAAAAAAI/AAAAAAAAAAA/AMZuuckYS7bXeE_UgogFjbWqKF9dyhUfMA/photo.jpg,Eu gostei bastante do jogo da Dora eu ganhava era bastante legal eu gostei muito e eu espero que vocês também gostem bastanteeu gosto bastante de drama né agora eu vou jogar um joguinho de xadrez essas coisas tchauzinho ❤️❤️❤️❤️❤️❤️,5,0,1.76.1,2020-05-31 19:20:35
11,Kivia Sousa,https://lh3.googleusercontent.com/-jm335mEyuaM/AAAAAAAAAAI/AAAAAAAAAAA/AMZuuclSNz1hM9ZAXgHZadZKQEy3jgYwIA/photo.jpg,"Anúncios de 30 segundo em cada partida, péssimo.",1,0,1.76.1,2020-05-31 11:34:58
12,Um usuário do Google,https://lh3.googleusercontent.com/EGemoI2NTXmTsBVtJqk8jxF9rh8ApRWfsIMQSt2uE4OcpQqbFu7f7NbTK05lx80nuSijCz7sc3a277R67g,"gosto muito de jogar damas. Este jogo é muito bom para passar o tempo. Sempre gostei De jogar dramas. Este aplicativo me sastifaz. o jogo de dama me da prazer. Este aplicativo me completa. Gosto de jogar damas desde criança. Este aplicativo me ajuda muito neste tempo de quarentena. Obrigado aos idealizadores. Tenho 63 anos e para ficar em casa é preciso. Um tabuleiro no meu tablet e um joguinho de damas, para mim é auto ajuda.",5,7,1.73.0,2020-05-29 11:28:52
13,Um usuário do Google,https://lh3.googleusercontent.com/EGemoI2NTXmTsBVtJqk8jxF9rh8ApRWfsIMQSt2uE4OcpQqbFu7f7NbTK05lx80nuSijCz7sc3a277R67g,"Evolui muito com este app, adoro jogos de damas e também jogo muito. Mais gostaria que as jogadas não fossem obrigatórias... Obrigada pela atenção!",4,2,1.76.1,2020-05-17 17:45:33
14,Joaojulia Renata,https://lh3.googleusercontent.com/-FaDKZXoP2lc/AAAAAAAAAAI/AAAAAAAAAAA/AMZuucnk_a355V45-jGn6VAxNT-nq7mhhQ/photo.jpg,Esse jogo é muito bom não tem problema nenhum mas o único problema é porque tem as coisas fáceis para Eu e meu pai gosta muito de dama então eu dei então foi por isso eu dei cinco estrelas porque é muito bom esse jogo Quem disse que é horrível está enganado porque o jogo é muito bom muito bom mesmo não é horrível não é Desastrado é muito bom ótimo esse jogo a pessoa que criou está de parabéns,5,7,1.73.0,2020-05-03 19:12:29
15,Fhanklyn Bynwoo,https://lh3.googleusercontent.com/a-/AOh14Gi9dcdgX2Ftb16YyoyVwZM0EVHQrwWb2070A-hH,"Excelente game ... Parabêns ao criador e aos administradores. Recomendo para Todos, a quem têm acima de QI 300, a plataforma é jogavel para 2 pessoas. Encontre o seu oponente a altura em QI e desafiao para o duelo de 30seg, para o tempo de ""pensar"" na jogada. tic tac... !estilo time Xadrez!",5,62,1.72.0,2020-04-22 16:37:17
16,mikaelly Guedes,https://lh3.googleusercontent.com/a-/AOh14GinNgYvngFMG2ePxiyGc3XTLz9ZimrO8qseEH16uA,Muito bom... Muito legal também dá para com outra pessoa ou com algum boneco online você pode jogar como você quiser ele é maravilhoso e eu indico muito para as pessoas que quiserem jogo para poder se distrair um pouco para poder brincar e se divertir eu indico muito ele porque ele é muito bom muito legal e ele é muito didático ❤️❤️ super indico,5,544,1.72.0,2020-03-24 14:36:30
17,Ribamar Braga,https://lh3.googleusercontent.com/-oOUlP-YqsXk/AAAAAAAAAAI/AAAAAAAAAAA/AMZuucmUsno_8j_Xb-vdnsacsZxWwTwt2g/photo.jpg,Muito bom gostei demais ganhei de todos do especialista ao facil achei interessante a opcao de desfazer a jogada errada e voltar novamente na verdade na pratica eu ja teria perdido duas partidas porque no jogo real mano a mano nao existe isso voce errou nao pode dizer olha nao era essa a jogada o outro jogador nao quer nem saber.de qualquer modo o app e top valeu.,5,133,1.75.0,2020-05-02 22:41:04
18,João dhhz Pro,https://lh3.googleusercontent.com/-kY7ePT7tzYA/AAAAAAAAAAI/AAAAAAAAAAA/AMZuucl7ZZVQCkTqd66QDqkGQH_uojjE8A/photo.jpg,Gosto de jogar é um Grande passa tempo nesses momentos de Pandemia... Esqueço um pouco das cobranças internas... Sou profissional liberal e não esta sendo fácil... Grande Abraço. Wagner Diniz. Rio de Janeiro.,5,0,1.72.0,2020-05-19 06:48:50
19,Roberta Sofia,https://lh3.googleusercontent.com/a-/AOh14GgjJ-DnDnZ_tgW_SVvuA8mozOx8DWHFEG1I8GdW,Muito bom mais é um pouquinho defisel e um pouco fácil para mim recomendo para todos qué estiverem com dúvidas só estou falando a verdade é ótimo mais se não gostar de dama não estalê Ok.🙃🙃🙃,5,0,1.76.1,2020-05-29 13:16:19
20,Josiel Rodrigues,https://lh3.googleusercontent.com/a-/AOh14GhuhcDSGt_RGcIpOH5c1NzgBGd_8dMa2E8zuxWxxA,"Sim, entendo a necessidade de publicidade, sei que isso é um negócio, mas na versão grátis, podia ""dosar"" um pouco melhor.. até mesmo para dar tempo de gostamos do jogo, para assim poder ganhar nossa credibilidade para optar por versão paga, livre totalmente de anúncios.",2,79,1.72.0,2020-04-10 08:50:51
21,Sonia Dias,https://lh3.googleusercontent.com/-aSrkaSkMQvY/AAAAAAAAAAI/AAAAAAAAAAA/AMZuucnpT16wqbOAYGS1xapJrq6yxQ6_hA/photo.jpg,Muito bom compensa abaixar e o melhor de todas as damas dá pra jogar de dois no mesmo celular da pra jogar com especialista e eu ganhei da especialista dá pra ter dicas tá já falei muito #ameiesseapp compensa muito!!!♥️♥️♥️,5,2,1.76.1,2020-05-20 16:46:32
22,Silvio Roberto Juiz,https://lh3.googleusercontent.com/a-/AOh14GjmAh0tauoVmhpYuUr38-YbToIQroyxUbLr3EOc,"Estragaram esse jogo de damas...antes vc tinha opção de voltar a jogada... (desfazer)...agora isso não acontece mais. ..ficou muito ruim dessa forma...por favor, voltem ao antigo !!! Acontece que antes, não tinha essa bolinha verde rodando no (desfazer)...sempre tem que esperar aparecer o (AD)...e clicar, para poder ter a oportunidade de voltar somente 03 vezes...aonde vc é obrigado a ver e esperar s propaganda encerrar....entendeu colega...ficou muito ruim...",1,31,1.75.0,2020-05-14 08:23:05
23,Elias Gomes vieira,https://lh3.googleusercontent.com/a-/AOh14GjTClCi0PL2BI1Np_XNdO95KP8SnQEpPrgTYAI-,Adoro jogo de damas. Instiga o raciocínio do competidor e não admite erros...,5,3,1.76.1,2020-05-16 21:24:03
24,Viviane Rodrigues da Costa,https://lh3.googleusercontent.com/-nd0o_nG1PFo/AAAAAAAAAAI/AAAAAAAAAAA/AMZuucm0T9RMGBcRiSqIY921skPEocAeSw/photo.jpg,Não gostei. Não tenho a liberdade de mover as peças que eu quero como no jogo convensional. Desinstalar em3... 2...1...,1,0,1.76.1,2020-05-27 16:02:45
25,Israel Olinto,https://lh3.googleusercontent.com/a-/AOh14GgmVBWCr-uAYVjA6191lyNZ9SBeuXOcDfkWjygn7A,"Superou as minhas expectativas, é muito bom. Bem diferente dos outros que já baixei. Vale apena experimentar, totalmente off e não travou nenhuma vez, os graus de dificuldades são muito bons até mesmo para os iniciantes como para os que já são feras, eu indico nota Dez.",5,214,1.72.0,2020-04-03 14:28:54
26,Ednaldo Silva,https://lh3.googleusercontent.com/a-/AOh14GhIB_Cb92cRWDYmqBzHsJyFfhXqi0OGEeKwLD_BVw,"O jogo era bom mas, poderia melhorar. Poderia ter a opção de jogar online também. Além de ter piorando com a última atualização. Aumentou os anúncios e a gente não pode voltar a jogada como fazia antes!!! Tá horrível agora.",1,97,1.75.0,2020-05-06 21:09:54
27,Sebastiao Soares de oliveira,https://lh3.googleusercontent.com/a-/AOh14GghWUEckLrZSp64PyjKD8R1gdstPjESCNn57H2Bsw,"O melhor jogo de damA que existe, só tem que obedecer a regra das maiores quantidade de pedras em relação a dama. Outra a regra do empate favorece só a dama ( o robô) seja justa nem pro robô nem pra mim. Na configuração diz que prevalece o maior número de pedras e não a uma pedra de dama obrigagdo. O João difícil é um parceiro incrivel",5,189,1.73.0,2020-04-24 13:25:01
28,junior lindomar,https://lh3.googleusercontent.com/a-/AOh14Gh_vHJZZ_HjT0puKySe5o8WJLMUaV6PiI4TIWdPhA,É um jogo muito bem desenvolvido envolve técnica e rapidez de memória pra ganhar a partida Muito bom recomendo.,5,0,1.76.1,2020-05-20 04:24:35
29,Sandra Regina,https://lh3.googleusercontent.com/-LtWdgv5w6sY/AAAAAAAAAAI/AAAAAAAAAAA/AMZuucnRDOanVA4ws-3s9C3XvQapxHSU2A/photo.jpg,Gostei muito mais o único poblema e os anúncios que aparece mais o app e super otimo👍,4,0,1.76.1,2020-05-31 15:53:31
30,Aparecida Batista,https://lh3.googleusercontent.com/a-/AOh14Gj3H1ZRmr3BgaQUvmaix8Xgr-c9nc7h1ZemJjVO,"Jogo top, a única resalva que faço; é que não temos 100 por cento de autonomia pra fazermos as jogadas que queremos, quando o jogo está propício para isso. No mais o app é muito bom apesar de muitos anúncios.",5,38,1.73.0,2020-04-29 13:23:03
31,Ana Paula Campelo,https://lh3.googleusercontent.com/a-/AOh14GgEz-9nxfwsmkkfR6dBrXFV2z3PwZXXA3ATOat76g,"Para mim, ainda continua sendo o melhor, contudo, após atualização, o app trava na hora da partida. E, soa meio que estranho, o fato de acessar o app se estiver conectado à internet porque eu opto por jogar sem que as propagandas atrapalhem.",2,264,1.72.0,2020-03-21 22:01:38
32,Francivaldo de Jesus Portilho Farias,https://lh3.googleusercontent.com/a-/AOh14GhLwUxRpooHYm4qTCbV1z2gCc7WzOdsilN5iAeV,Muito bom pra quem acha facil so colocar no modo dificil.. Muitos falam que e facil pra querer dizer que joga muito kkkk..eu jogo varios jogos como xadrez mas nem mesmo assim fico falando oque nao devo aqui..aqui e pra falar a experiencia do jogo nao pra mentir.,5,192,1.72.0,2020-03-25 20:06:21
33,Eliana Sampaio,https://lh3.googleusercontent.com/-kUYr4c_OeHU/AAAAAAAAAAI/AAAAAAAAAAA/AMZuucliW4C_o26-fq-U0CzCbpUq_UpScA/photo.jpg,"Muito ruim , automaticamente o sistema rouba. Ele ñ deixa a gente fazer o movimento. Temos que fazer o movimento imposto pôr ele. Dessa forma ele rouba a ganha.",1,1,1.73.0,2020-05-12 13:37:50
34,WANDERLEI SANTOS,https://lh3.googleusercontent.com/a-/AOh14Gib5OtYDL0VM2HN6T2JTcgzsp26CVE5hDe0hrRt,"*◼️ O que era bom ficou excelente, fui reclamar que os adversários eram fracos, e que era pra arrumar jogadores a nível profissional, deu ruim pra mim. Agora tenho que soar a ""CAMISA"" se quiser ganhar. Vou treinar mais, OBRIGADO !!! AGORA SIM, ESTE É O JOGO DE DAMAS /// 5 ⭐⭐ ⭐⭐⭐ ... 💌 BARBACENA/MGA/🇧🇷",5,1,1.76.1,2020-05-27 00:59:32
35,Joaquim Alencar,https://lh3.googleusercontent.com/a-/AOh14GjGDqNHEH0IuZWBQfZeHZhOh7NUYxfTWa3LrdcDdw,"Olha o gráfico e bom, mais o nível especialista não, está mais pra médio, jogo em outros aplicativos tem um nível melhor, empatei ganhei do aplicativo vários jogos, isso no tem mínimo, sem demora de resposta, obrigado.",2,26,1.75.0,2020-05-11 10:03:53
36,Mauro Gomes,https://lh3.googleusercontent.com/a-/AOh14GhwAz84-9RuCbaS6M_-2aRhKalqf-LUh7daQQjhvg,Não dou 5 estrelas porque este jogo está muito ruim só fiz 2 movimentos e ele travou não consigo mais comer a pedra do adversário não da pra fazer mais nada .,1,1,1.76.0,2020-05-11 21:03:45
37,Lucas Freitas,https://lh3.googleusercontent.com/a-/AOh14GjPIEN-9N8EkU6As7nZWjssdXv-K2v5VjTZJe40A8o,"O jogo em si é bom, a jogabilidade tbm, e as regras são realmente as q usamos aqui no Brasil. Dei 4 estrelas pq não tem opção de jogar online com um amigo! Os criadores Poderiam desenvolver essa opção...",4,281,1.73.0,2020-04-17 23:11:09
38,Luciano Ferreira,https://lh3.googleusercontent.com/-JSRDTLuNDPY/AAAAAAAAAAI/AAAAAAAAAAA/AMZuucnk9N4sr048O0xP07BkPpZX2wjbrw/photo.jpg,"Gostei muito desse jogo! É um jogo simples, mas precisa ter estratégia para vencer.",5,4,1.76.1,2020-05-24 08:43:28
39,Pedro Araújo Ramos,https://lh3.googleusercontent.com/--Uku630Dg0s/AAAAAAAAAAI/AAAAAAAAAAA/AMZuucmUsHHBASYCXfrbxwGuk-HfyPuUDw/photo.jpg,Gostei muito que pena que é muito fácil eu gosto mais quando sinto que o jogo está me desafiando pra uma batalha então por isso mais achei bem legal a conselhos muito vcs jogarem 👍🏻e pra quem procura o tabuleiro q dê pra duas pessoas jogarem tbm tem só que não tem muitos níveis.,5,147,1.72.0,2020-03-22 15:03:42
40,Crislaine Maria,https://lh3.googleusercontent.com/-6O7vbWFYAnc/AAAAAAAAAAI/AAAAAAAAAAA/AMZuucmW59d15XoXbz7Zn9OAJ5CTzmpgfA/photo.jpg,Gosto muito de dama e um jogo legal para distrair as pessoas para não ficar no YouTube asistino bobeira póriso gostaria de dar um comentário para as pessoas vamos jogar dama !!!. Tenho dama na minha casa e divertido jogo com minha família com meus primos até queria jogar com minha vó mas não entende . Vol dar as 5 estrela para você um beijo de emilly e seu irmão José tá 😘😘😘😘😘🥰🥰🥰🥰,5,85,1.72.0,2020-03-25 17:42:54
41,Robson Costa,https://lh3.googleusercontent.com/-D5UTMAfMAjo/AAAAAAAAAAI/AAAAAAAAAAA/AMZuuckq799Jed4wpVAZwNt1WJM3mWYTUA/photo.jpg,"Muito bom , otimo passa tempo , porém , se tiver um outro especialista mais forte seria melhor ainda , no mais , parabéns pelo aplicativo.",5,0,1.73.0,2020-05-26 18:30:48
42,Juliana Moura,https://lh3.googleusercontent.com/-5ldBs-9ufbU/AAAAAAAAAAI/AAAAAAAAAAA/AMZuucm4rIAt4rfpBeIUoEpU2gq7CZK2ug/photo.jpg,"Tá de brincadeira comigo esse app é um dos melhores apps do mundo me discupe quem não gostou mais deve ser seu selular exemplos : ele não teava , tem opção de joga com a Juliana fácil ,o Joaquim médio , o João difícil e a Juliana especialista ou com alguém da sua família estou sem palavras mais eu tinha no selular do meu pai !",5,67,1.72.0,2020-03-31 19:00:36
43,ernestino souza,https://lh3.googleusercontent.com/-B_8T8ZzaY7Y/AAAAAAAAAAI/AAAAAAAAAAA/AMZuucmFCyqwStYYhUW25ue6jVBqTPJmzQ/photo.jpg,eu gosto muito de jogar Damas por que o meu raciocínio melhora muito para avançar mas no jogo e aprender como sai da armadilha do jogo por isto que eu gosto do jogo de Damas.,5,0,1.76.1,2020-05-30 20:08:06
44,Joana Paixao,https://lh3.googleusercontent.com/-MTJ0SLLVUTE/AAAAAAAAAAI/AAAAAAAAAAA/AMZuucnPeyBBtImA5cbd3_Xopwrchu5bdw/photo.jpg,"O App é muito bom . Eu gostei muito ,mas as vezes a gente tenta mover uma dama q está livre e não dá, a gente tem mover outra peça que não queremos mover pq o outra jogador retira uma peça da gente . SÓ por isso q eu nn dei as 5 estrelas.",4,2,1.73.0,2020-05-07 10:50:31
45,Paulo Batista,https://lh3.googleusercontent.com/-9buKeA12Htg/AAAAAAAAAAI/AAAAAAAAAAA/AMZuucksc_7Mc6wGLmf0Hee37uqdCDkAxA/photo.jpg,Ele é iducativo muito bonde eu jogar eu jogo muito esse jogo porque ele é muito divertido ele eu recomendo para crianças aprender a jogar jogo de tabuleiro e para tu também não é só para criança não ele é muito educativo e eu acho que ele vale para livre para todas as idades Por que está só para 10 anos a classificação porque eles terão por para 10 anos sendo que pode ser para menores de 10 anos esse é o único erro que eles foram aí mas o jogo é muito legal muito top muito educativo o jogo é mui,5,1,1.76.1,2020-05-20 13:48:21
46,Lucineia Oliveira,https://lh3.googleusercontent.com/-dZdEL3ozkTo/AAAAAAAAAAI/AAAAAAAAAAA/AMZuucnLR-Jme2u4DC11UMFH_FQB9REHCQ/photo.jpg,É bom por que se vc não tiver dama em casa vc jogo pelo celular ou off-eline ou on-line,5,0,1.76.1,2020-05-30 09:45:59
47,Carlos Alberto,https://lh3.googleusercontent.com/-IepGQvd6mlI/AAAAAAAAAAI/AAAAAAAAAAA/AMZuucnlYm9EYIuetYrpxCtokrEUpLnSnA/photo.jpg,Porque mesmo trocando pedras a Juliana sempre leva vantagem em uma já prestei atenção nesse fato e simples e retirada pedras nossas sem que percebamos mesmo trocando pedras a Juliana sempre leva vantagem em uma ou duas pedras isso percebi ao trocar e fazer a contagem da mesma,1,3,1.75.0,2020-05-11 08:48:50
48,Guilherme Souza,https://lh3.googleusercontent.com/-imXyrJSoE_E/AAAAAAAAAAI/AAAAAAAAAAA/AMZuucnXHrJ8ttFd3rwjynNF2j1L2n0yPA/photo.jpg,"Poderia ter uma etapa mais difícil que o especialista, as vezes repete as jogadas, mas é o melhor que tem pois os outros que procurei de dama são fáceis, demais esse já é bem difícil.",4,109,1.73.0,2020-04-19 16:32:01
49,Alícia Oliveira,https://lh3.googleusercontent.com/-969q3voU_ig/AAAAAAAAAAI/AAAAAAAAAAA/AMZuuckX02DG9GNLCZebK5TmCwQkwDJ37g/photo.jpg,"Haaaaaaaaaaaa! A jogo horrível, ele não me deixa fazer minhas próprias escolhas, o que ele quer que eu faça eu tenho que fazer... Se pudesse daria 0 um 0 bem redondo para esse jogo, mais como não pode dei uma estrela só q jogo ruim mim sério não baixem",1,194,1.73.0,2020-04-13 13:20:55
50,José Roberto Simão,https://lh3.googleusercontent.com/a-/AOh14GgGBoLKroFaKJUBJzI-j3tb9gZ3Hr_Xx7ZqfIjDSg,"Experimentei e gostei muito. Estimula a inteligência e é um excelente passatempo. Além disso, relembro meus tempos de infância quando jogava com amigos na pracinha perto de casa.",5,4,1.72.0,2020-04-09 11:41:36
51,Helena Gerimun,https://lh3.googleusercontent.com/-mNNA_2l8s3U/AAAAAAAAAAI/AAAAAAAAAAA/AMZuucmkYWYgaRfuD8VcjdzYxO1BIyhULw/photo.jpg,"Eu adorei o jogo ,para mim não tem nenhum defeito . Ele da opções de treino:dois jogadores, fácil,medio, difícil e para espessialistas .Acho que são essas!!😘😘❤️❤️❤️",5,37,1.73.0,2020-04-26 14:30:46
52,Graça Tavares,https://lh3.googleusercontent.com/-qpbSt9q59TI/AAAAAAAAAAI/AAAAAAAAAAA/AMZuuclLdV3pNcnDXM7TdwHVkQvaY-f_SQ/photo.jpg,"eu gosto da dama mais foi tirado o boutão de voltar e não tem como ganha da especialista por isso eu do 4 estrela, 1 primeira estrela não bulga isso é ótimo não bulga, 2 tem a escala pra saber quantas vc ganhou, 3 muda de cor isso é legual 4 tem butão de dica é nem precisa assisti um vídeo, é isso thau só falto o butão de volta ☺",4,16,1.75.0,2020-05-09 22:33:26
53,Alexandre Cardoso,https://lh3.googleusercontent.com/-AI5ITAVbjhw/AAAAAAAAAAI/AAAAAAAAAAA/AMZuucntTF9Ns4WHxiXWiewKvUXPJonzaw/photo.jpg,"Gosto muito desse app., sugiro que tenha jogo on line. obgado",5,0,1.76.1,2020-05-25 22:20:07
54,Luciete,https://lh3.googleusercontent.com/-XTYRZ4Il6xA/AAAAAAAAAAI/AAAAAAAAAAA/AMZuuckZEUYNwv7dWZ74GNhAvuYcqcm-Ag/photo.jpg,"Esses anuncios de 30 segundos sao brincadeira, sempre fecho o aplicativo e abro de novo. Eu nao to sendo remunerado, pra ficar 30 segundos vendo um anúncio, sem a possibilidade de pular.",3,67,1.75.0,2020-05-04 20:04:28
55,Eduarda Estrela,https://lh3.googleusercontent.com/-SJzjurlQePE/AAAAAAAAAAI/AAAAAAAAAAA/AMZuuckzdCWnkXNnsM43MTB_PvVDA-VwtQ/photo.jpg,É mto bom mas se tivesse menos anuncio daria 5 estrelas!dei so 4 mas vc que esta lendo e pensando se instala ou nao pode instalar é mto bom mas se vc ver q ta tendo mto anuncio faz um comentario igual ao mru que tenho serteza q se pelomenos 5 pessoas fizerem isso eles vao tirar os anuncios ou diminuir a quantidade!,4,7,1.72.0,2020-03-30 15:00:28
56,Aparecida Santos,https://lh3.googleusercontent.com/a-/AOh14GixVNCT7TACqN_nRlm0xB0tzU2HIA42vmOpSgRE,Eu gostei da cama porque ela é legal pode distrair a mente em tudo que é lugar se não tiver internet e eu dei cinco estrelas... diferente de outros jogos esse jogo é o mais legal que eu já vi mas quando eu era pequena Eu também achava os outros jogos legal mas agora eu gosto mais do jogo de dama meu nome é Antônio Eduardo,5,39,1.73.0,2020-04-24 14:39:35
57,SARAH NEVES,https://lh3.googleusercontent.com/-6nU2rLlT_Pc/AAAAAAAAAAI/AAAAAAAAAAA/AMZuuclnUB9kaw5lnGFQnspGUpOUAyIWJw/photo.jpg,"Eu amei esse jogo,por exemplo quando cai a internet da qui de casa ou de qualquer outro lugar eu jogo esse jogo pra passar o tempo as dicas ajudão muito e você pode jogar com as pessoas ao seu redor no offline ou jogar com outras pessoas do nível fácio,médio,dificio ou até especialista Eu recomendo",5,14,1.72.0,2020-03-25 21:50:57
58,Duda 2.0 Lessa,https://lh3.googleusercontent.com/-gKS-fSRNTWo/AAAAAAAAAAI/AAAAAAAAAAA/AMZuucnYngjNORO4Exrz0LgwAEEZzJGy4Q/photo.jpg,Excelente melhor jogo de damas que eu já instalei muito bom recomendo ótimocinco estrelas com certeza e se pudesse dar 100 eu daria mil muito bom palmas para quem fez esse jogo é perfeito. Ainda mais para iniciantes como eu eu só consegui vencer do médio é mas é só treinar mais um pouquinho eu amei muito bom instale viu muito bom palmas para quem fez esse app excelente 😁👏👏👏👍💋💖,5,12,1.72.0,2020-03-25 18:53:52
59,Ana Debora,https://lh3.googleusercontent.com/a-/AOh14Gjno-FDk-Mn3w_iIce5IW74MJL4eyIxo7xb1kJQ,"logo no começo gostava muito, agora depois de 2 anos jogando, ele tá estranho, quando estou com 3 ou mais pedras pra fazer dama, ele trava e não deixa eu fazer...as outras pedras se move, menos as pra fazer dama...aí eu perco...tão me roubando .😂😂😂",2,49,1.73.0,2020-04-20 11:34:40
60,Renato P. dos Santos,https://lh3.googleusercontent.com/a-/AOh14GjzCuSmtGxd1Ow91eLxsZlMpXHzDbufUIctmBbW2g,"Quando se joga contra a Especialista, quando há opção de duas jogadas para vc comer a pedra, o Jogo bloqueia a que é menos favorável a ele. Isso é desleal. Tirando isso, o jogo é bom.",4,3,1.75.0,2020-05-12 13:52:24
61,O Universo Da Lais,https://lh3.googleusercontent.com/-2b6wqyRsL1w/AAAAAAAAAAI/AAAAAAAAAAA/AMZuuckGOCVM_yRJ-x2xrG78owjSDQiSYw/photo.jpg,eu tava jogando com o difícil só que no meio do meu jogo quando eu tava ganhando ele não aceita o que eu ganhei e pediu para que eu voltasse de novo tipo eu tava ali ganhando e o jogo não aceitou então gente não deixa 5estrelas neste jogo,1,0,1.76.1,2020-05-30 15:19:14
62,vitória mara,https://lh3.googleusercontent.com/-nanG_v1GSGY/AAAAAAAAAAI/AAAAAAAAAAA/AMZuuclJSwUm4rRrjxEXN5DOihcCkXaNTQ/photo.jpg,Eu dei cinco estrelas por que eu gisto muito de damas aí eu tô sem nada pra fazer ue resolvi instalar damas eu gosto de jogar dama mo celular no tabuleiro de verdade mais eu não gosto só de jogar damas tem outros jogos que ue tbm gosto de jogar então por isso que eu dei cinco estrelas só podia aumentar o número de duacs em vez de ser três podia ser cinco mais o jogo é muito bom,5,8,1.72.0,2020-03-31 00:20:02
63,Luana santos,https://lh3.googleusercontent.com/-klnsLweYgw8/AAAAAAAAAAI/AAAAAAAAAAA/AMZuucnE3P9vrZmEDECuYXTt0QmdFVom_w/photo.jpg,"Pra mim foi ótimo o jogo , distrai a mente distrai a alma é muito legal . Amei , parabéns pra quem o inventou ! Muitooooo legal msm , adorei . Além de distrair agente escolhe com quem vai jogar . Vc que escolhe o nível . Recomendo muito pra vc que não sabe oq jogar . Muito maravilhoso 😘😘😘😘😘❤️❤️❤️❤️👍👍👍 espero que vcs tbm achem o msm parabéns msm pra quem inventou . Tchau gente",5,9,1.72.0,2020-04-02 12:56:01
64,MK Locação,https://lh3.googleusercontent.com/-_Uas5NIeJTo/AAAAAAAAAAI/AAAAAAAAAAA/AMZuuclKqLU7AZn4eSmz3Yj2L_ziI-NuVw/photo.jpg,Gostaria de poder simular situações para treinar.,3,0,1.76.1,2020-05-24 07:20:12
65,Eduarda Vani,https://lh3.googleusercontent.com/a-/AOh14GjG4drngSmVeln70MgmtqutGnyyUAQkrZgX0MXc2Yw,"Ficaria perfeito se pudéssemos jogar on-line com alguém. O resto é bom. Acho que poderíamos ter mais parceiros, além dos que já estão no jogo.",4,14,1.72.0,2020-03-25 03:24:37
66,Academia Cognitiva,https://lh3.googleusercontent.com/a-/AOh14Gjg-K9dPDosma_aNM5RaT-PJRbY2VplPVcNyrLhrA,"A gente vê uns programas de jogos muito fracos, mas este jogo é muito bom, principalmente no nível especialista.",5,0,1.76.1,2020-05-23 07:02:07
67,Sidnei A Santos,https://lh3.googleusercontent.com/a-/AOh14GgpDtiR7QhXkK-AQVMizRvj3Rj-S1fB9vWywXgwCw,"Achei bem bacana, se praticarmos aqui com as dicas que nos são dadas que as vezes durante o jogo não percebemos, com certeza aprenderemos ainda mais !!!",4,0,1.76.1,2020-05-25 15:13:13
68,Abel Spolador,https://lh3.googleusercontent.com/a-/AOh14Gib-0ORzIv_XgU8WW5pKX7MgXFNzmmSZ64OEoA7mg,"Boa noite! Já tive grande experiência no jogo de Damas, depois deixei de jogar . Ninguém ganhava de mim. Hoje baixei por acaso. Muito legal. Distrai a gente. Obrigado!",5,6,1.72.0,2020-04-01 20:44:38
69,Washington Santtos,https://lh3.googleusercontent.com/a-/AOh14GglPqzLVnp0Q_hLi0kUuMUNbmCJJbf_0-gEnhn-,Muito excelente!! Gostaria de ganhar dinheiro! Para vocês incentivarem os jogadores a jogar mais e avaliar a plataforma de vocês!,5,26,1.75.0,2020-05-06 07:43:49
70,Thacilla Thaci,https://lh3.googleusercontent.com/-tFBom-EFH3E/AAAAAAAAAAI/AAAAAAAAAAA/AMZuucmwuDd3Dlga0k-6U5ATULJ38GBO_A/photo.jpg,Esse jogo é muito legal ele tem uma classificação muito boa nisso apredi ainda mais a jogar damas do que já sabia e por isso eu dou 5 estrelas ele é muito bom e mais vc pode escolher com quem vc quizer jogar da pra jogar com a juliana o joao o joaquim e a julia,5,0,1.73.0,2020-05-12 12:23:24
71,Adriana Francisca França,https://lh3.googleusercontent.com/-q2hnB6Rw1VM/AAAAAAAAAAI/AAAAAAAAAAA/AMZuuclAjpY4kwyo_B9Vj2nzNDsFILHVSA/photo.jpg,"O jogo é desonesto não deixa vc fazer uma segunda opção, só a jogada que e o próprio aplicativo cria, se eu tenho uma opção de ganhar duas pedras e o aplicativo uma não permite que eu faça a minha opção. Odiei, e desonesto .",1,36,1.73.0,2020-04-27 20:05:29
72,Fernado Pais,https://lh3.googleusercontent.com/-r5wIaYjOjZA/AAAAAAAAAAI/AAAAAAAAAAA/AMZuuclgxWvStF9-XL9lF5GVJduzhHJGrA/photo.jpg,"Gosto de me distrair e em época de quarentena, o jogo de damas é excelente. Parabéns pelo aplicativo, muito dinâmico.",5,16,1.73.0,2020-04-20 10:41:29
73,Maria Vitória Soares,https://lh3.googleusercontent.com/-sDnADWznCgA/AAAAAAAAAAI/AAAAAAAAAAA/AMZuuclntZrd1D35Nu-d8xPTGLFSMuLLMw/photo.jpg,Foi a melhor coisa que eu já tinha porque ese jogo você pode jogar fácil médio e difícil fora as dicas que não ajudam tem intervalo mas e muito legal de se jogar .,5,12,1.73.0,2020-04-19 12:07:13
74,Lourdes Morais,https://lh3.googleusercontent.com/-eKGvdfPJkX8/AAAAAAAAAAI/AAAAAAAAAAA/AMZuucnH6JGLAomqaGyndmxZM3ZexUP5eA/photo.jpg,"Eu gosto pois é uma forma de aprender online , e é bom pois desenvolvi a mente da pessoa, esse jogo é muito bom para quem é iniciante como eu !!!!Eu super recomendo !!",5,24,1.73.0,2020-04-23 08:57:10
75,eliete Guimarães Pereira,https://lh3.googleusercontent.com/-xxQ_aPZKVt4/AAAAAAAAAAI/AAAAAAAAAAA/AMZuuck64S3lxVYGXfrEwy-G_DZq2fYjYg/photo.jpg,Muito legal pra passar o tempo super indico e aprovo. Só acho que tinha que e ter mais opções pra escolher com quem queremos jogar fora isso o jogo é perfeito,4,5,1.73.0,2020-04-29 15:30:39
76,Georgina Fróes.,https://lh3.googleusercontent.com/-KROLqaoXsCE/AAAAAAAAAAI/AAAAAAAAAAA/AMZuucl9AwUrM6Z4mMna8_UiePtkapqEMA/photo.jpg,E muitoooooooooo legal eu nunca mais vol desinstalar porque e muito legal divertirdo eu também tenho o jogo xadrez também e legal e divertido mais e um pouquinho divisiu,5,0,1.76.1,2020-05-21 10:52:21
77,IVANILDO LOPES DE BARROS,https://lh3.googleusercontent.com/-_z9yQgTZjP8/AAAAAAAAAAI/AAAAAAAAAAA/AMZuuclBndwY0f7LuaphsYMcFVy9S_p7UQ/photo.jpg,"Muito fraco os adversários, preciso de um adversário no meu nível. Estou pronto para colaborar.",1,0,1.76.1,2020-05-24 19:11:31
78,Janaina Sousa,https://lh3.googleusercontent.com/-0X6dRaSQ-a8/AAAAAAAAAAI/AAAAAAAAAAA/AMZuuclTAUepVYig3Rv2ecHWGCcF9JGaKQ/photo.jpg,Esse jogo roba tipo quando a gente aperta lá no negócio da pista né Para a gente ganhar vai lá o que aparece lá a gente vai lá de besta gente bota lá e o que a peça lá do outro comer gente como que a gente joga com esse robô bom eu sei eu não sei o que eu faria mas se eu fizesse alguma coisa eu ia para você só esse jogo eu tenho duas peças só eliminada porque não sei então gente vocês gostam desse jogo assim sim tá né É É a opção de você porque para mim eu vou você vai fazer o quê com esse jogo,1,3,1.72.0,2020-04-06 20:19:45
79,Sueli Asevedo,https://lh3.googleusercontent.com/-HbE3MZL2hD4/AAAAAAAAAAI/AAAAAAAAAAA/AMZuucn252c-69TpyQkaCXJRaFRr596_eQ/photo.jpg,"Legal, um dos melhores que já joguei, a única questão, é que você, é obrigada, a comer, a peça que o jogo, quer, você não pode escolher, a melhor jogada para você, o jogo não aceita, tem que jogar, o que for mais conveniente, para eles"".Essa parte não gostei, e fora as propagandas que atrapalham, quando você está jogando, são muito chatas, atrapalhando a jogada"".",4,33,1.75.0,2020-05-04 23:47:59
80,"Davi, Jonathan e Mateus Vilas Boas Cainé da Silva",https://lh3.googleusercontent.com/-zgRaYBPlELI/AAAAAAAAAAI/AAAAAAAAAAA/AMZuucmAHr4lBwRiXybb0lsrSf9_XrTe6g/photo.jpg,O jogo é muito legal por causa da quarentena testrai muito abaixe esse jogo é muito legal também tem como jogar vc e o seu irmão ou irmã tem como escolher fácil medio dificil e especialista que é muito dificil,5,34,1.73.0,2020-04-17 20:25:46
81,Luis Gonzaga Soares Viana,https://lh3.googleusercontent.com/-ULDrHI5m0wQ/AAAAAAAAAAI/AAAAAAAAAAA/AMZuucnQzUcxqX8p5ojkHLOTAjVC2tx_aQ/photo.jpg,Pior jogo do mundo por que o jogo que escolhe as damas que a gente tem que mexer fora isso é bom é ótimo fora isso vê se você consegue ajeitar por favor eu gosto muito de damas a Júlia é muito boa ela ganha de primeira,1,1,1.76.1,2020-05-16 13:46:58
82,Sonaira Pereira,https://lh3.googleusercontent.com/a-/AOh14GiO420mxRzbUxTt1jOLjG6ul7pGTa7sfICPJyKF,Só não dou 5 estrela porque não temos total autonomia para escolher a jogada.,4,0,1.76.1,2020-05-17 21:17:26
83,mariane Monteiro,https://lh3.googleusercontent.com/a-/AOh14GiBJcgkU1lUBKEXsPC1jG9PaobtoTItjg8Ury7Eew,O jogo é muito bom mas não botei mais uma estrela porque a gente tem que escolher o que a gente quiser não o que vocês querem então por isso que eu vou ter uma estrela mesmo se não fosse isso eu botar mais dela mais tipo eu quero jogar para aquele lado para poder comer duas dele não vocês não deixam aí a gente quer a gente eu queria na verdade a gente não eu queria que você pudesse melhorar isso por isso que eu tenho esse lá mesmo Adorei o jogo recomendo só não recomendo a parte dessa parte que,4,3,1.72.0,2020-04-07 17:27:24
84,Eduardo Nobre Mota,https://lh3.googleusercontent.com/a-/AOh14GjF89MfmKPewzVDITZ2yt2c_fdZs2RNItgDyUX3Tg,"Um ótimo jogo, tanto os gráficos quanto o nível de dificuldade... fiquei treinando nesse e ganhei medalha de Ouro no interclasse da escola.",5,9,1.72.0,2020-03-29 20:27:34
85,Gabriela Batista,https://lh3.googleusercontent.com/-UHw5JW4ABxg/AAAAAAAAAAI/AAAAAAAAAAA/AMZuuclTgODsvoIQAAlJcysomJauklFPWg/photo.jpg,"Esse jogo émuito bom , voce tem a esperiencia de jogar como si a propia pesoa tivesse al seu lado ,e mega realista , eu so dei quatro estrelas porque tem muito anusio . Mais eu mega recomemdo para vc 😊😊😊",4,177,1.73.0,2020-04-13 14:01:52
86,Rapper Zaraki,https://lh3.googleusercontent.com/a-/AOh14GgJG--0tCt2HlIUhHLBT5nOqI6VkkzbiKcXT5Wq,"É bom sim, mas poderia ter versão online no qual pudéssemos escolher o oponente ( logado app Facebook por exemplo)",5,4,1.75.0,2020-05-10 14:59:04
87,Mc Kekel gui,https://lh3.googleusercontent.com/a-/AOh14GjrcpG8R4VTt8SonED-Ma0eprn3ttUjN0_owYWbgA,Gostei do jogo mas o problema é que o jogo não vai lentinho vai muito rápido e eu não estou a intender o jogada do adversário,4,1,1.75.0,2020-05-11 14:57:25
88,Josue Gorrera,https://lh3.googleusercontent.com/a-/AOh14GgSM8tr6sQPBIiiB5PwTV07wuBACexeEhZAQ7up,Essa nova atualização que tirou a opção de voltar no tempo sem que seja necessário ver um anúncio ou gastar dinheiro perdeu completamente a graça do jogo .,1,3,1.75.0,2020-05-12 07:33:19
89,Edenilson Oliveira,https://lh3.googleusercontent.com/a-/AOh14Gj9-Pl7HBXZ4dvhpTqYZNqF-9uGf1v6iHx9uKEeVQU,"Ótimo jogo de raciocínio lógico,minha primeira vez no app desafiei uma especialista que na segunda partida me recomendou empate...depois de 4 jogadas eu a venci...kkkkkk muito bom",5,13,1.73.0,2020-04-11 13:43:02
90,Leo Leo,https://lh3.googleusercontent.com/-B2AEQJ16dxk/AAAAAAAAAAI/AAAAAAAAAAA/AMZuuclR3yStdkk016t2KuK-N5YppEmeIw/photo.jpg,Melhoras. No jogo pois ninguém Vai pagar Para ter ticas De Dama E Melhor Vc Fazer Um pessoa. Pessonalisadas. Como. Um foto e. Coloca Dama. Aí vcs. Manda. Paga Um certo preso iar Ser Melhor para. O jogo,3,19,1.73.0,2020-04-24 19:19:55
91,AGATHA HELENA,https://lh3.googleusercontent.com/-P1f_3aypcyk/AAAAAAAAAAI/AAAAAAAAAAA/AMZuucn7-8gpliaUT4AInH-9ntLovwVH6g/photo.jpg,Esse jogo é horrível ele é muito chato porque ele rouba por causa que na hora que você vai lá fazer seus negócios ele coloca as peças no lugar às vezes vai colocar suas peças lá mas aí você vai aí você pede Porque o povo te come,1,6,1.75.0,2020-05-08 01:13:34
92,Jorge Luiz Ferreira Wanderley,https://lh3.googleusercontent.com/a-/AOh14GiOL7MIgWsaIP8GRI-A3StdTTKaFfn8Cbo64_xSsA,"Excelente software. Muito bem feito, inclusive com todas as regras. Recomendo com empenho.",5,6,1.73.0,2020-04-14 15:53:57
93,bruno barbosa,https://lh3.googleusercontent.com/a-/AOh14GjTPl9EL10uA7NHaCDYhmeLZeArOiboylqpSMTEuQ,O app jogo de damas é ótimo só que o butão de desfazer jogada não é mais ilimitado. Eu ia dá cinco estrelas mais dei 3 por causa disso.,3,5,1.75.0,2020-05-05 13:13:39
94,Luiz Henrique Araújo Pereira,https://lh3.googleusercontent.com/a-/AOh14GikfyLaRs8vU1LO4CJsqAqaWj1eRGfz7iFhgsIi,Esse jogo é a melhor forma de cuidar da saúde mental na terceira idade! É um ótimo exercício!!!👍,5,1,1.76.1,2020-05-13 02:33:44
95,Mundo Arco-Íris,https://lh3.googleusercontent.com/a-/AOh14GiH4yysKIsOlyBfs1v6NaGrPgs-u83imADgfyLX,"Esse é um ótimo jogo, legal, tem várias partes diferes, o problema é que eu sou pessima em dama sempre perdo 😂 mas tento melhorar cada vez mais.",5,6,1.72.0,2020-03-31 21:53:39
96,Nileclene Nile,https://lh3.googleusercontent.com/-ok46XgJ2auk/AAAAAAAAAAI/AAAAAAAAAAA/AMZuucm22LvhTVSiL6tl_ss80yltQ3---Q/photo.jpg,"O jogo é bom , mas deviam mudar a regra de que é obrigatório comer os jogadores e de que os jogadores possam comer de trás. A não ser isso fiseram um bom jogo, por isso dei-lhe 4 estrelas",4,1,1.72.0,2020-04-09 07:44:42
97,JokaJota Jota,https://lh3.googleusercontent.com/-Z_y4kUSZ9NM/AAAAAAAAAAI/AAAAAAAAAAA/AMZuucn641AFrlKjbpvCSWnotfsjAWYoqw/photo.jpg,Quase bom !! Precisa de ajuste na finalização ( se eu termino o jogo com duas damas logicamente eu ganhei !! Concordam ?? Mas o sistema insiste no empate !!,4,0,1.73.0,2020-05-11 20:12:30
98,waldemar waldemar,https://lh3.googleusercontent.com/-364btPRQwrc/AAAAAAAAAAI/AAAAAAAAAAA/AMZuuckCP_vOvMmIjNSvwRyCx9Q2zan-vA/photo.jpg,"Ainda é muito cedo para fazer uma avaliação, essa pequena experiência que tiver com esse app, é muito fraco",1,0,1.76.1,2020-05-24 20:20:32
99,Elias Oliveira,https://lh3.googleusercontent.com/-679HpAcYpZA/AAAAAAAAAAI/AAAAAAAAAAA/AMZuuclOMMjzsfe6j4SWLq1M9i974HZYFg/photo.jpg,"Eu achei o jogo muito bom, ele te da dicas para voce ganhar. voce pode escolher o tabuleiro,e tambem voce pode escolher se voce quer facil,medio,dificil e tambem tem especialista gostei muito",5,6,1.72.0,2020-03-29 12:35:15
