,userName,userImage,content,score,thumbsUpCount,reviewCreatedVersion,at
0,Yüüna kunn,https://lh3.googleusercontent.com/a-/AAuE7mBYKZHs4bDimTNAEMvwiJ_WfbcnkrMV6bIZ53UQ,"Vou tentar resumir kkk ;-; O jogo é muuuuuuito bom, amei Adororei pois da pra ATÉ PERSONALISAR A SUA COBRINHA ^-^. Descobri esse jogo pelo meu primo (q tem o jogo). só achei meio ruim por que da umas travadas MONTRAS maaaaaais todo jogo tem seu bug,esse aki nao vai ser diferente, mais é MUUUUUITO lgl eu recomendo abaixar ¤_¤í",4,4381,1.6.2,2020-01-09 08:43:36
1,Marcos Antonio,https://lh3.googleusercontent.com/-vz1HXtimJTU/AAAAAAAAAAI/AAAAAAAAAAA/ACHi3rc2wBXxAVe9U_nG8NdJ-1s-lulNUg/photo.jpg,"O jogo é divertido e personalizável, é possível escolher uma skin e os controles, mas tem alguns pontos negativos. Por ser um jogo antigo era de se esperar que ele já tivesse ganhado conquistas, mais skins, mais modos de jogo, entre outras melhorias, porém ele parece abandonado. Outro grande problema são os travamentos durante o modo Online que impossibilitam jogar nesse modo, e a facilidade do modo AI onde os adversários se matam sozinhos. Ao fim de cada partida é exibido um anuncio.",4,145,1.6,2020-01-14 23:50:52
2,Moisés Alves,https://lh3.googleusercontent.com/-sL2E6jmLQcc/AAAAAAAAAAI/AAAAAAAAAAA/ACHi3rdko0tbrzlyKjGt_M3wagjl07p8SA/photo.jpg,"Bom seria se vcs colocassem opções de níveis mais difíceis no modo offline para ficar mais interessante e no modo online era bom ter uma modalidade por um exemplo que vc entra com um certo número de cobras num modo mata mata e os três últimos recebessem algum tipo de premiação, sei lá tipo uma espécie de cobra diferente ou então algo que beneficie o jogador só para deixar o jogo mais interessante e o jogador mais interessado logicamente, enfim o jogo é ótima só precisa agregar algumas coisas.🤙",4,45,1.6,2020-01-15 05:49:09
3,João Firmino Gamer,https://lh3.googleusercontent.com/a-/AAuE7mA-WUhNvZsPmJuqSZ4icQFfKRnwy5UfSlBDky2Wbg,"Sem palavras !ótimo jogo para passar o tempo e sair do tédio!mais ainda falta algumas coisas que poderia deixar o jogo melhor e mais legal!tipo um controle leve e rapido para controlar a cobrinha,algumas cobrinhas de times de futebol pro jogo ficar mais divertido e seria legal se as cobrinhas tivéssem luzes ao lado della quanto azul para os homens e rosa pras mulheres!e claro melhorias em correçoes de bugs! assim o jogo ficaria mais legal de se jogar e ficaria mais atrativo!",4,49,,2020-01-29 10:49:58
4,Igor Lopes,https://lh3.googleusercontent.com/a-/AAuE7mCDmOqXaFS7d_WGq7d7HQcygujKcpJDLr_eoQH8Nw,"o jogo é ruim, muitos bugs, mais poucas propagandas ( minha causa de dar 1 estrela ) BUG: quando vc está enrolando ( é assim que escreve enrolando ) e do nada o botão pra correr ativa e vc morre. COISAS CHATAS: vc demora um século pra matar 1 cobra e quando mata ,as outras metidas vem, comem e vc fica sem nada ou até as vezes sai morto dessa. é isso podem arrumar ? Até esse último vcs poderião botar como elas não vissem que vc matou ,só a cobra sumir do nada. é isso. tchau",1,21,1.6,2020-02-09 12:05:31
5,Wellington Cruz,https://lh3.googleusercontent.com/-C_I8AIyML3k/AAAAAAAAAAI/AAAAAAAAAAA/ACHi3re8T9zhNRIi77qYVeqbfcMTZlsMug/photo.jpg,"Jogo legal, o que o deixa ruim é a quantidade de propagando entre as partidas, as vezes se passa mais tempo assistindo a um anúncio do que jogando, não sou contra os anúncios, afinal eles viabilizam a criação de bons conteúdos, porém acredito que seria excelente a criação de um modelo em que os anúncios tenham um período definido para exibir e não a cada rodada, dessa forma o jogo fica mais interessante. Opinião sincera.",2,172,1.6,2019-12-14 22:04:27
6,Karol Moreira,https://lh3.googleusercontent.com/-psiIJkCYDks/AAAAAAAAAAI/AAAAAAAAAAA/ACHi3re9yiT6V2xhNpmkz5zB-QJjS2PZxA/photo.jpg,"Pode confiar em instalar sem preocupações, é um jogo muito legal e divertido. Bom, pelo menos comigo, me ajuda a tirar o estresse. Não sei com as outras pessoas, porém, ambos é ótimo. Você pode também escolher vários modelos de seu personagem e se divertir livremente. Obrigada, espero que curta.",5,31,,2020-01-24 10:34:12
7,Adriana Pires,https://lh3.googleusercontent.com/-f0DRny5Bhcs/AAAAAAAAAAI/AAAAAAAAAAA/ACHi3rdO-zP1p5qqsRtlr3DeoJqOFnu1hw/photo.jpg,"bem, o jogo em si é legal mais as únicas coisas que eu não gostei foi que no jogo ah muitos anúncios, esses anúncios não trazem nenhum benefício como por exemplo: reviver mais até aí tudo bem, outro problema foi que não me dei muito bem com a condução da minha cobrinha, mais esse jogo em si é legal d+ pq eu não tive problemas em colocar um nome na cobrinha ou em ficar em primeiro lugar bem isso foi uma crítica construtiva e minha opinião! com muita atenção eu! :)",4,26,,2020-01-18 23:35:38
8,Gabrielly Kariny,https://lh3.googleusercontent.com/a-/AAuE7mC0Ojbqww7yFJVNA1Ub1ZdP1JHiGT497sQkLVAgcA,"não dá para colocar 5 estrelas , pelo fato do app em modo online fique travando mt e tem pessoas q tem o wifi bom e mesmo assim fica cm esse bugs , e no modo offline é mt fácil , deveriam dxr um pouco ms difícil , praticamente é um daqueles jogos q vc joga umas vezes e desinstala , duvido mt alguem dxr o jogo no celular , qnd concertarem isto , coloco 5 estrelas e mudo a resenha. obrigada!",4,23,,2020-01-23 13:33:54
9,Luccas Farias,https://lh3.googleusercontent.com/a-/AAuE7mBCg40KFf881vq5uWfQPoJegLTGpOzsTsct1O02MVs,"Esse jogo é ótimo para passar o tempo. É um pouco difícil mas é muito bom, porém tem bastante anúncios. Adorei, mas quando vou jogar onlaine fica travando muito e morro. Penso que é muita gente jogando, então trava. Mas mesmo assim adorei, vou jogar do outro modo é mais faciu.",5,19,,2020-02-02 05:54:38
10,Cleverson Oliveira,https://lh3.googleusercontent.com/a-/AAuE7mBeefel00xmbxDZgyl4bQ7pTAmE7mMtti9tIhia,"Gosto muito de jogar apesar que a jogabilidade esta um pouco mais dificil, pois sou jogador antigo e percebo a diferença, agora gostaria de saber como conseguir personalizar essas skins diferentes com asas, óculos e outras mais... Sera que vocês poderiam me tirar essa duvida sobre as skins novas ?",4,32,,2020-01-28 00:12:10
11,Reinaldo Santiago,https://lh3.googleusercontent.com/a-/AAuE7mARhmgKTvZZDCn2QlDFcEViYuqX8AI4FCZrCADxyQ,"Instalei no Galaxy Note 9 e o jogo não funciona em tela cheia. Na verdade ele corta a tela do jogo em mais ou menos 1/4 e não aparece o restante, tenho esse jogo em outro dois dispositivos enfunciona normal. Alguém do suporte poderia ajudar a solucionar o problema?",4,21,1.6,2020-01-30 18:15:31
12,Pedro Arthur Fontes,https://lh3.googleusercontent.com/-avRnW0x32Gc/AAAAAAAAAAI/AAAAAAAAAAA/ACHi3rf0wodnIbnDtlQl6iaotZU6DkM6eQ/photo.jpg,"Eu gostei. É meio difícil de ficar gigante mas mesmo assim, continua sendo um jogo de personalidade e habilidade. O que eu mais gostei na atualização passada foi a moda de criar a própria minhoca, sendo que eu gosto de criar. Se fosse pra modificar o jogo podia ser assim: ""A SUA MINHOCA NASCER MAIOR"" Aí ficava muito melhor, porquê ficava mais fácil de jogar no início da partida. Se eu gostei? Sim. Já disse no começo do comentário e essa foi minha opinião.",5,41,,2019-12-06 21:45:36
13,Lucas Santos,https://lh3.googleusercontent.com/-kgsgn6Zt_Xg/AAAAAAAAAAI/AAAAAAAAAAA/ACHi3rdTGWa1mcldtc6CzzNH9r_206ZnZA/photo.jpg,É o melhor jogo que eu ja joguei na vida qndo eu tinha uns 10 anos eu baixei esse jogo e desde então nunca mais desinstalei agora eu estou com 13 anos e mesmo assim continuo jogando cada ves q eu ganho um celular novo esse é o primeiro jogo q eu instalo muito obrigado por esse jogo espero mais atualizações pq eu amo este jogo eu recomendo muito a baixar ;-) :-) :-D,5,24,,2020-01-26 17:44:15
14,AMD 11011,https://lh3.googleusercontent.com/-uSK-XEYRX2Q/AAAAAAAAAAI/AAAAAAAAAAA/ACHi3re1q1nj9CCDnqiDhhYLL3YH5etwvg/photo.jpg,"A quanto tempo esse jogo existe e infelismente ainda tem o mesmo bug (trava que é uma beleza ;-;). No PC também está dificil de jogar e sei que não é questão de conexão ruim ou hardware fraco, porque minha internet e meus aparelhos são bons. Só o modo offline roda liso, além das propagandas é claro, hehe.",2,88,1.6,2019-12-15 18:59:38
15,Elizangela Monteiro,https://lh3.googleusercontent.com/-dNxlru5gYkU/AAAAAAAAAAI/AAAAAAAAAAA/ACHi3rcy6xWsv0zx_fBE-zpJxtDQfA3ALA/photo.jpg,"Jogo muito legal da pra escolher o controle (modo seta,tocar na tela,modo joystick)online ou off line (modo online trava)escolher ou fazer sua skin só é ruim pq ñ tem música de fundo ou sons de efeitos,seria bem legal se tivesse isso !Estranho q no Off line se vc diminui de tamanho na,lista de rank todos os outros tbm diminuem!Mas amei o jogo!!!!!!",5,176,1.6,2020-01-12 01:41:30
16,kïm kåwäïï,https://lh3.googleusercontent.com/-DS_qCSTaMQk/AAAAAAAAAAI/AAAAAAAAAAA/ACHi3reYlXFS_BUNynWm8jafcHL2UT_eqg/photo.jpg,"Na minha sincera kirida linda(tá bom chega);-;maravilhosa opinião eu acho este jogo super hiper mega legal!divertido,diferente(diferente sentido:simples,mas o tempo voa...:3)bem eu como pequena gosto muito de joguinhos assim!eu só queria que nesse ""play online""no caso jogar com wifi(resumo)E um pouco difícil então vocês,donos e criadores do slither.io poderiam deixar mais fácil e quando agente tiver conectado for igual o outro modo,por favor ageitem isso.Mas fora esse *probleminha*tá tudo bem",5,284,1.6,2020-01-11 20:30:10
17,Caroline Sousa,https://lh3.googleusercontent.com/a-/AAuE7mDn0FMgTWv7uGR8dvrJ4NIveSXatUdfARta4MW94A,Eu gosto de usar o joystick mas ele e muito pequeno e difícil de usar Tirando isso o jogo tá legal Ah E também percebi q vcs deixaram o modo online rodando sem ficar bugando Isso e incrível mas o meu ainda biga um pouquinho mas tá de boa Só precisa melhorar os controles ( de preferência o joystick ),4,28,1.6,2020-01-15 12:38:08
18,Um usuário do Google,https://lh3.googleusercontent.com/EGemoI2NTXmTsBVtJqk8jxF9rh8ApRWfsIMQSt2uE4OcpQqbFu7f7NbTK05lx80nuSijCz7sc3a277R67g,"Amei o jogo, eu recomendo jogar quando não tem nada pra fazer, tem o modo off-line que foi o que achei bem legal caso esteja sem internet,e claro tem o on-line que e um modo onde você pode jogar com pessoas do MUNDO INTEIRO o ruim e que trava muito ;^; . Mas tirando isso o jogo e incrível MARCOU e MARCA até hoje a minha infância, voce pode escolher skins prontas ou fazer uma skin EXCLUSIVA so sua, OBS: se alguem ver o nome: XxKahllydiaxX no jogo sou EU ok... MEGA RECOMENDO!!! ♥\\\3\\\♥ ★★★★★",5,132,1.6,2019-11-28 20:15:07
19,Hassan Ahmad,https://lh3.googleusercontent.com/a-/AAuE7mABLCL-ZKQ_oqqnmrCTobI7vfDAfHQescMSai9R,"É muito satisfatório,gostei muito! Você pode jogar online ou com robôs,chegar no Ranking de pontos,escolher sua própria skin,mais o motivo de 4 estrelas é porque o jogo é só isso você não pode fazer mais nada, nenhuma conquista,upgrades,ou sei lá.Mas no geral o jogo é bem legal.",4,90,1.6,2020-01-08 18:15:37
20,Nilkelly Soares,https://lh3.googleusercontent.com/a-/AAuE7mDYsn3ZfLhZFGbrzagSAAlwV1E--Qdx95EjNvOn,Olha eu tô com limite que eu gostei do jogo e também você só joga ele não precisa de internet né só se você jogaram normal tem que jogar no zumbi porque não é normal não dá certo para você de internet e os jogos sempre no zumbi e também normal quando dá certo só você bem que ninguém não tem outra pequena média lá para cima daquelas coisas bem grandona que te matar Só Um Piscar de Olhos por isso que eu não gostei do normal e Prefiro mil vezes do zumbi❤😉,5,9,1.6,2020-02-01 20:24:50
21,Carolina Lima,https://lh3.googleusercontent.com/a-/AAuE7mD2EbhqOtzFX_9WHx5Xcspp7hlYl4O4lc39e-g,"O jogo é legal mas se ele fosse offline iria ser melhor porque tem gente que não tem internet e o jogo demora para instalar. Faz meia hora que eu estou esperando e ainda está no10%!!!!!! Obrigada por entenderem.Eu sou uma Youtuber tá?Meu canal se chama :Carolina Lima de Freitas . Me seguem la deixa likes e se enscreva .tchau, bjs😘😘😘Ha! Eu esqueci! Eu tenho 9 anos.",5,40,,2019-12-08 09:38:26
22,Any Isabelly,https://lh3.googleusercontent.com/a-/AAuE7mBGO9ABTzizxttqCYqvSd93SSMleDcEvddoWwu7,O jogo não está como antes ao jogar online ele buga e não consigo jogar pq atrapalha... Já no modo offline eu consigo jogar melhor... Por favor resolvam esse problema. E isso tudo sem contar a personalização da cobra que poderia ter mais acessório...,3,21,1.6,2020-01-27 07:49:46
23,susana rodrigues,https://lh3.googleusercontent.com/-dtMlWrPGZ3s/AAAAAAAAAAI/AAAAAAAAAAA/ACHi3rf4gc0JgSZw2KiGUNSvRC18hfY7qg/photo.jpg,"Amo o jogo porém não consigo jogar , toda hora trava e buga fica impossível jogar,. Infelizmente . Faz muitos meses que isso aconteçe e eu tive que desinstalar e desistir, hoje passados muitos meses fui tentar de novo ,voltei a instalar e nada mudou , buga e trava toda a hora . Que pena acho que deviam ver essa situação.",2,1066,,2020-01-17 22:53:31
24,Maria Faria,https://lh3.googleusercontent.com/-EXFOlHI_IQk/AAAAAAAAAAI/AAAAAAAAAAA/ACHi3reGBBAKNKMLRN5hsLoXaDnc5fXKIw/photo.jpg,o ruim desse jogo é que ele é lento e é defisio controlar devia ser mais fácil para controlar e se vc for mais rápido vc vai perdendo o que vc comeu ele não é tam legal quanto eu pensava e vcs falavam tem um menino que deu 10 eu quase dei um 3 pra esse jogo chato e lento tirando tudo isso ele é legal mas a maioria das coisas é chata quem da 10 pelamor de Deus né!!!,4,12,,2019-11-28 15:03:44
25,Tarek Shalon,https://lh3.googleusercontent.com/a-/AAuE7mCKBIc6H6q4xpEn0XPcIpRXaJV3ns-DtIjeFuAZ0Q,"Um jogo muito empolgante! Imagina o Snake naquele Nokia tigolao antigo, então esse é nada ver com aquilo kkk. Muito show, competitivo, tem que ter agilidade e as vezes reposta rápida nos movimentos e também usar de estratégia pra encurralar o oponente. Possui um modo Offline pra quando estiver sem net e conta com várias skins podendo até mesmo personalizar nomes, pode alterar a toda nova partida online ou offline. Até o momento não vi um limite pra sua pontuacão no jogo.",5,1356,1.6,2019-11-22 04:48:47
26,Daiane Cavalcante,https://lh3.googleusercontent.com/a-/AAuE7mD_ZzjVCYLjeQj97uXO3vzxHbI2EGW91wiJOFho,"Muito bom, meu melhor passa-tempo de todo dia recomendo a todos, você pode escolher de que maneira manusear a sua cobrinha, você pode jogar até mesmo sem internet, porém se quiser pode tambem jogar online, o mais legal ainda é que podemos escolher a cobrinha que você quiser e até monta-la como quiser. estou um entanto viciada kkk Amei o jogo, super recomendo!",5,687,1.6,2019-12-25 18:51:55
27,Lucas Da Silva,https://lh3.googleusercontent.com/a-/AAuE7mCfpY8Dfr8APV3Q0FIxQ2oampgVa9DUA8JN4UcRVQ,"O jogo sempre foi muito bom, porém, últimamente, tem dado uns legues, que atrapalham a jogabilidade. Também os controles são um pouco ruins. Mas fora essas coisas, o jogo é bem divertido.",4,5,,2020-01-20 16:42:18
28,Būnny chän ;,https://lh3.googleusercontent.com/a-/AAuE7mBS0Fcv2f9MQwNectbotSvMON3_2OJgtQN82SJfgg,"Esse jogo e bom pra passar o tempo quando n tem nada pra fazer, ou se estiver sem wi-fi, viajando e tals da pra jogar:) e n e pq ta sem wi-fi que e chato, e mt lgl jogar viajando pelo menos n e daqueles jogos q enjoa.... mt bom jogo faz 5 anos, e e muito bom recomendo muito abaixar;)♡♡♡👏👏",5,1,,2020-02-09 21:52:28
29,Kauã Gaztambide,https://lh3.googleusercontent.com/-qqVeshTg0lg/AAAAAAAAAAI/AAAAAAAAAAA/ACHi3reU6VpPLgpdNeN0HGXRbKRQKahX7w/photo.jpg,"Mesmo com uma internet de 30Megad é um ping ou latência de 5 o jogo trava pra caramba, muito lento, os servidores do jogo precisam ser melhorados com urgência. Não culpo meu celular pois o hardware dele suporte mais que esse jogo tranquilamente ...",2,9,1.6,2020-01-14 16:57:55
30,Omma Annypanda,https://lh3.googleusercontent.com/a-/AAuE7mDOmvCbJ4naFj1zIew7eN4UKfYNfUqISdlrVEhA_w,"Não sei pq, mas o jogo fica travando, e isso é muito chato, tem como melhorar? O jogo é muito legal, mas prefiro a ""versão anterior"" quando não travava o celular, o jogo está lento, tenho certeza que não é meu celular, pois todos os jogos funcionam corretamente. Esperam que possam melhorar isso",1,127,1.6,2019-12-02 11:58:23
31,pikachu lokaa,https://lh3.googleusercontent.com/a-/AAuE7mC1c34mge3hs8GadXYo4PNP_lyq3WEpVxfkF5XGwZI,"Super legal porque tem muitas coisas para fazer nesse jogo e também dá para personalizar sua cobrinha e e Mas eu não gostei de uma coisa do online porque ele fica travado e você se transporta para outro lugar e depois você morre do nada, mas eu gostei muito desse jogo da cobrinha.",5,5,,2020-02-09 10:26:52
32,Twisted_Girl,https://lh3.googleusercontent.com/a-/AAuE7mAFP5S3cPan_C2OAexBfRDcUHKw7msTe_BEIjoI,"É perfeito,dá pra passar o tempo tirar o tédio e etc, é super divertido,o único problema é que quando vamos jogar online trava buga agente não consegue se mexer e acaba morrendo mas tirando isso é perfeito...",5,16,,2020-01-28 22:58:42
33,Railson Santos,https://lh3.googleusercontent.com/-6LYl8PR0s2Y/AAAAAAAAAAI/AAAAAAAAAAA/ACHi3re20EooNg8AMf8PFUo_unLGUWG1bQ/photo.jpg,Jogo da hora mais da raiva de várias coisa como chegar 5:00 horas fica umas cobras andando sozinha ai os cara aproveitar e tbm esse jogo come muita (net sendo que esse jogo e pequeno e tbm bota pra as cobras grande corre mais rápido o que a perquena tipo ia se da hora de vc botasse pra mode online tipo um fone pra fala com o cara tipo joga de 2 como free fire iae se da hora) mano quem gostou da minha opinião e nois dps venho aqui pra ver o que vcs falaro bjs fui,5,3,,2020-01-31 03:40:08
34,Néia Aparecida Batista Rocha,https://lh3.googleusercontent.com/-b54TT0qU3TY/AAAAAAAAAAI/AAAAAAAAAAA/ACHi3rcjcTUNDcSPlta7EOizAuonWbLXfg/photo.jpg,(Vou tentar resumir😁)Estou dando cinco estrelas ele e muito bom e legal pra jogar tem opicão de jogar olhine ou jogar normal sem internet so tem uma coisa que eu quero mais é tem mais opicão de personalizar mais intens por exemplo colocar oculos laços chapeu quando eu jogo sempre aparecem cobrinhas com oculos e o jogo e otimooooooo por isso dei cinco estrelas⭐⭐⭐⭐⭐,5,14,,2020-01-24 23:45:39
35,tt games,https://lh3.googleusercontent.com/-DbLGZ7Jgo7I/AAAAAAAAAAI/AAAAAAAAAAA/ACHi3rd3KMx8RYnmV3qJpLpctFRC6DQvkQ/photo.jpg,"Ótimo recomendo a todos. Jogo desde o lançamento, eu acho que todos os que gostam do estilo deveriam jogar... além de que mesmo com gráficos simples a jogabilidade é ótima o único ponto negativo é quem crítica o jogo. Apenas uma dúvida vcs apoiam as cópias baratas do jogo? Aguardo resposta",5,17,,2019-11-23 14:44:55
36,laysla e luis,https://lh3.googleusercontent.com/-T-usaEe1xkk/AAAAAAAAAAI/AAAAAAAAAAA/ACHi3reKhuP4HqZfmu5XRLLtdWhxNZiixw/photo.jpg,"Entao ele e bom , mais ele precisa de mais coisas igual o do computador tipo , skin imvisivel a cor dos olhos mais coisas ja pra quem não tem comdições de comprar um computador ou quem não tem ai era melhor que os creadores adiconacen mais coisas seria bem melhor e bem lagal ! Mais como eu falei precisas de mais um pouquinho de coisas pra ficar top de verdade , e assim ele ficar bem popular igual aos outros jogos . Ele e o ulnico jogo de cobra que e mais popular e so botar mais coisas ok .",3,43,1.6,2020-01-04 13:04:17
37,xXZELDRISXx pro,https://lh3.googleusercontent.com/-qLEyUeJlCeI/AAAAAAAAAAI/AAAAAAAAAAA/ACHi3rf8zmBT0ciImA32dqkSZB0E3qJgUg/photo.jpg,"O jogo é muito bom a jogabilidade e tudo mais...algumas pessoas falam que trava, que tem bug e etc... mais pode ser por causa do celular que a pessoa ta usando eu nao vi nenhum bug ate agr o jogo ta muito bom kakaka +99 respect",5,6,,2020-02-05 00:06:05
38,Primos Cruz Cruz,https://lh3.googleusercontent.com/-rW5ZNUe9Vik/AAAAAAAAAAI/AAAAAAAAAAA/ACHi3rdWf_PDQYVmAV3b1i-7OhqQLLgXBg/photo.jpg,Eu por mim daria uma nota nove poruqe o modo online da um bag as vezes mas achei muito legal o jogo quem criou esta de parabens mas pera ai nao acabou não o jogo tambem segnifica ensinamento para as crianças pequenas aprenderem sobre minhocas igual eu mas eu ja sou umpouco grande eu ja tenho dez anos mas ainda quero esse jogo no meu celular vou falar que nem eu falei antes parabens que fez mas sljther.io e quase o melhor jogo do mundo melhor melhor melhor mesmo eu achei fofo bonito e organizado!,5,11,1.6,2020-01-19 22:13:30
39,Leonardo Santos Sabino de melo,https://lh3.googleusercontent.com/a-/AAuE7mBXjuuboWKaCs05j_VleN8vsi6I-PCPOVFoiRbgrw,"O jogo está ruim, trava o tempo todo e já desinstalei e instalei novamente várias vezes. O aplicativo nunca abre e quando abre aparecem conbrinhas com novos acessórios cujo pra nós não veio e ainda tem um setor ""enter code"" no canto superior direito cujo não serve pra nada. Muita atualização pra nenhum efeito.",1,56,1.6,2020-01-16 18:06:03
40,꧁kıм мααнyσση꧂ッ,https://lh3.googleusercontent.com/a-/AAuE7mD_h_5qBjBmRrArNNMl3f8kRw6a6-XOaRZWbXkfUg,"O jogo é perfeito para jogar quando se está no tédio, recomendo a todos! Sem contar que você também pode jogar quando estiver sem wi-fi, é muito legal como você pode jogar online e offline ao mesmo tempo,hoje é raro encontar jogos assim, parabéns!",5,441,1.6,2019-11-26 07:11:37
41,Nathâny Soares,https://lh3.googleusercontent.com/-MJg6rzk3UCA/AAAAAAAAAAI/AAAAAAAAAAA/ACHi3rc0CwnKYmPiYMKgvB6la-xg00Hn5A/photo.jpg,"Para um jogo tão falado, esperava MUITO MAIS. O jogo é todo atrasado, quando eu quero aumentar a velocidade não aumenta, mas depois o personagem se avança e eu acabo morrendo. Outra coisa chata é como manuziar a direção, ele leva moh tempo para ir para a direção que eu quero. (Minha opinião)",1,46,1.6,2019-12-22 20:43:21
42,Jucineudo Souza,https://lh3.googleusercontent.com/-6XBW4MnG2UY/AAAAAAAAAAI/AAAAAAAAAAA/ACHi3rc47iDhtsejMJSLiiyID0QwIzHV4A/photo.jpg,"Bom. só que no modo online da mt lag isso dificulta ja morrir várias vezes por causa do maldito lag ,e o again a.i n trava mas n é uma Vitória grandiosa pq nesse modo a maioria são robôs ai perde a graça seria legal se a gente ganhase de pessoas de vdd! E n de máquinas. Ouvi dizer q até a versão de PC da um travamento 🙄 mas nesmo assim é legal😀❤👍👏",5,38,1.6,2019-12-12 13:23:46
43,Adalberto Silva,https://lh3.googleusercontent.com/-U4nlpG0OQ_M/AAAAAAAAAAI/AAAAAAAAAAA/ACHi3reqby6maZn-Llg-g-FMFezAIXCPmw/photo.jpg,"Cifras de guitarra podem me ajudar a fazer. O problema. Se eu não sei como vai ficar muito feliz em saber como faço pra te mandar uma mensagem de erro é um bom dia amigo, mas me disseram que a minha vida. O problema, o que se refere o inciso III foto do seu lado,",5,2,,2020-01-16 17:18:15
44,Gabriela Evangelista de Souza Gaby,https://lh3.googleusercontent.com/-lfP9P3IauoU/AAAAAAAAAAI/AAAAAAAAAAA/ACHi3rcMrcAEeY4jv-KBGmcsFZ2MAYcmeQ/photo.jpg,"Péssimo,quando vc joga no online fica travando,mesmo com uma boa net,nn recomendo,quando vc joga ele fica lento e vai parando só que continua travado, péssimo horrível,criadores,criem algo melhor nn coisa desagradável sem graça igual esse jogo horrível,pior jogo da minha vida,dou uma estrela pq nn posso dar zero.e criadores me respondam com uma resposta sincera.",1,125,,2020-01-29 23:10:48
45,Eevee :3,https://lh3.googleusercontent.com/a-/AAuE7mAGY5DEtmYZZ_H9d160_zAzVW69ZosC_qszypgA6UA,"A qualidade é muido boa principalmente a jogabilidade. É simplesmente um jogo otimo Recomendo muito. Eu sei que trava. Mas não é a culpa do jogo, e a memoria do seu cll as vezes nem tem mais espaço nele. Obrigada. Um grande abraço.",5,75,1.6,2019-11-18 00:18:30
46,Vinicius Fernandes,https://lh3.googleusercontent.com/-hvAHQJaCmcU/AAAAAAAAAAI/AAAAAAAAAAA/ACHi3rcW9az5W27DwPX9RNb2ykfyDfpaWA/photo.jpg,"Mano eu jogo esse joga a muito tempo minha , então do meu ponto de vista esse jogo de cobra é passivo e muitos pensão ao contrário mais sei do que estou falando e os políticos especificamente o Bolsonaro é um jogador proficional peguei augumas dicas com ele e estou melhorando o Lula também me deu augumas aulas mas não foi de português ele tem um pouco de dificuldade de jogar pela gaita de um dedo mas ele se adaptou e joga com os pés a sim e sobre o jogo é ótimo eu recomendo",5,56,1.6,2019-11-18 21:22:56
47,kiki gamer Go,https://lh3.googleusercontent.com/a-/AAuE7mBM7vAk9MK5eNvBB9Qcoyjc9cXcOXaLYh4Kp2Cv,Gente olha sei que tem pessoas que estão falando que buga o modo online mais todo jogo tem seu bug mais então o jogo é maravilhoso graficos perfeitos recomendo muito mesmo é um jog bem legal antes eu jogava muito des de uns 7 anos de idade eu gostava de jogar então abaixem esse jogo para ver se vc gosta não fique lendo os comentarios so abaixa e avalia se gosto sim ou não.,5,160,1.6,2019-12-31 14:30:48
48,Daniel Caiban,https://lh3.googleusercontent.com/a-/AAuE7mBb-cvy_Vm3PEKmX8RqKN3b2MspcL7hCQcqSw2f3aA,O jogo tá muito bom ele é muito legal mais a um probleminha quando eu me esqueço a onde apertar acabo apertando no online e isso trava o jogo e depois eu tenho que esperar um dia inteiro para funcionar de novo então vocês podem melhorar isso por favor!!!!!!!!!!!!😍,5,42,1.6,2019-12-24 08:37:57
49,Maria Izabel,https://lh3.googleusercontent.com/a-/AAuE7mBNEFKgtqq-PBunWrjFF9FPOnv82nEK94lmi_FE,"O jogo é bom, porém, no modo on-line, muitas vezes da um lag do nada o que impossibilita uma jogabilidade boa, mas calma aí, ainda não acabou, o modo off-line é pior ainda os bots, praticamente se matam sozinhas sem você fazer nada, é muito tosco, nem pra aumentar a dificuldade, até uma criança de 4 anos de idade joga no on-line😠👎",2,1152,,2019-12-26 22:02:55
50,Daniel Ferreira,https://lh3.googleusercontent.com/a-/AAuE7mDiBeZYkwB0lhSQYJAogT9Ahfn3uSqDntrFe383uL0,"Jogo tem tudo pra ser um bom jogo. Detalhe principal que mata o jogo, ""leg"". Resolvam isso. Jogo FF no máximo com auto FPS e não trava. E essse jogo não manja muito dos gráficos, pois o fundo é preto. No mínimo era para o jogo ser excelente, pelo o que ele trás, claro!",1,38,1.6,2019-12-23 08:37:59
51,ITACHI Uchiha,https://lh3.googleusercontent.com/a-/AAuE7mBIhfz-5OSIdE3gOvRjXOZdgvMeVI-fEwd1VeBY,Jogo muito bom o problema é que o botão de mover é muito pequeno é não tô acostumado a jogar com outros botões só gosto do joystick mais se vc fazer ele compatível ao gamepad significa joystick eu ia fica muito agradecido é também uma forma de long pra não perde as coisa séria bom,2,7,1.6,2020-01-19 13:34:20
52,Someone Person4K,https://lh3.googleusercontent.com/a-/AAuE7mAljSah-9-KmBxmjGhfm6iC1NQPe4Q11N7Tx3fY,"Eu as vezes passo tanto tempo jogando, que perco a noção da hora, recomendo muito o modo off-line mais no on-line não digo as mesmas coisas porque da lag e a minhoca tipo ela trava... Mais no modo off é diferente e mais fácil e simples.",5,21,1.6,2019-12-23 21:59:29
53,mundo da kakau,https://lh3.googleusercontent.com/-g8waeiaDwaM/AAAAAAAAAAI/AAAAAAAAAAA/ACHi3rde1bcK-7CSTei0b-XsrDrtDU9jhg/photo.jpg,"muitooo bommm , ótima jogabilidade ,competitivo ,vc sete a emoção da cobra quando está prestes a bater em outra vc também pode personalizar a sua cobra enfim, criar muitos modelos ,jogar online interagir com outras pessoas , então ser a maior cobra é o seu objetivo !!!",5,6,,2019-12-06 10:37:11
54,Icaro Santana,https://lh3.googleusercontent.com/a-/AAuE7mDTvJCSMnau0jNmE-3tElc51Gsy_vv59CmEGobPPg,"Ótimo jogo, eu só peço aos desenvolvedores que coloquem o modo de zoom para que a gente tenha mais visão do jogo, o povo do computador tem total controle sobre a gente por conta desse quesito, creio que irá ajudar muita gente com a visão mais ampla",4,25,1.6,2020-01-04 22:07:26
55,Eduarda correia,https://lh3.googleusercontent.com/-2cuJsmaY-3Q/AAAAAAAAAAI/AAAAAAAAAAA/ACHi3rc-3HQzJrGbo2Dyuvrsr17KXTMztg/photo.jpg,"Muito top, Mais a função d dois toques na tela acelerar, atrapalha muito, não há necessidade por já existe o botão acelerar, O resto tá ótimo, Faltou zoom para Android né, sugestao",4,1,1.6,2020-01-25 18:33:46
56,Luiza lobinha,https://lh3.googleusercontent.com/a-/AAuE7mD2gJc0Ntp8UB_pvCneXBkqyR9s78U59EPswn7H,Vocês poderia atualizar a cobrinha para as cobrinhas não ficar pegando a sementinha quando você mata e isso dá raiva e pode dar para instalar desinstalar quer dizer e acho que todo mundo com uma nova atualização aqui na cobrinha eu gosto de chamar de cobrinha para quando matar as outras cobrinhas só aparecer para você pegar não para os outros também não pegar Tchau aí mais uma uma coisinha quero muito sua autorização se não denuncio vocês a acho que todo mundo vai gostar da atualização,3,115,1.6,2020-02-07 15:56:07
57,gleice Azevedo,https://lh3.googleusercontent.com/a-/AAuE7mCNqqVq0d6W-p4r2cScKuW47preCN4CcNRZ4LE0,Esse jogo é muito legal estou instalando agora novamente pois eu tinha ele em outro celular mais assim só porque eu acho bom não quer dizer que outras pessoas vão gostar todas as pessoas tem direito de curtir e reclamar mais pra mim é bom mais se tiver algo de errado eu volto e falo !!,5,6,,2019-11-23 22:12:51
58,Ivete Borges,https://lh3.googleusercontent.com/-1UJ98-eknlA/AAAAAAAAAAI/AAAAAAAAAAA/ACHi3reQjXBRWkp0t5WTi9JrPxqCuZ_GAA/photo.jpg,"Por favor desenvolvedores do slither Io coloquem na próxima atualização. criem um novo código igual aquele que vocês colocaram na última atualização,vocês colocaram cabelo óculos e outras coisas. eu achei muito legal mas eu queria fazer skin invisível igual no slither de computador. Estou pedindo a vocês que colocassem para celular a opção de mudar o mapa de fazer olho da minhoca de fazer skin invisível de mudar a cor do olho tudo igual de computador, por favor, acho que ia ficar mais legal!",5,224,,2019-12-07 20:16:09
59,Larissa Primo,https://lh3.googleusercontent.com/a-/AAuE7mABrqlU6QWKZdQ45BDxJ9tgd-NRA9W3pM1vFG4DpQ,"O jogo e basicamente ,aquele jogo da cobrinha que tem de come pra ficar grande , só que umas mortificação , nele vc porde come outra cobras , e vc porde jogar contra outras pessoas, ele é ótimo pra quando vc ficar sem internet .",4,2,1.6,2020-01-17 23:56:40
60,só coisas legais,https://lh3.googleusercontent.com/-o3RWkKSdXLI/AAAAAAAAAAI/AAAAAAAAAAA/ACHi3rdywXnAdf0chvODFPevnrWywmD3Ig/photo.jpg,"O problema ñ é do jogo Kuame Pedroso,o problema é do seu aparelho,no meu ñ apareceu nada disso,eu amei,o jogo é muito bom mais quem não gostou tudo bem pq cada um tem sua opnião e como diz o ditado""gosto ñ se discute""",5,0,,2020-02-10 18:01:18
61,Tomas Ferreira,https://lh3.googleusercontent.com/-6h3VlRaoCtc/AAAAAAAAAAI/AAAAAAAAAAA/ACHi3rcwmCXpX5hp95rc3qiBla0jxSHTYQ/photo.jpg,"O jogo é bom, apesar de quando jogo online ter alguns bugs,dá para escolher e montar a nossa cobrinha e tambem dá para pôr cosmeticos na Cobra,mas por alguns bugs o jogo não deixa de ser o melhor passa-tempo para mim, portanto a clasificação é Cinco Estrelas",5,134,1.6,2020-01-03 09:11:54
62,Hugo Barcellos,https://lh3.googleusercontent.com/-aO4HgxFSDrA/AAAAAAAAAAI/AAAAAAAAAAA/ACHi3reh3Qux4EUjdBl57pFQUJt_eme6EA/photo.jpg,"Simplesmente ao baixar, fica com praticamente toda a tela tapada, na cor preta, só um pedaço visível em cima, sendo que já joguei o jogo a MT tempo nesse mesmo celular numa boa, lembrando q tenho um S9, e esse jogo n exige grandes especificações pra rodar, então visivelmente erro do jogo..",1,8,,2019-12-12 05:22:18
63,Macy Sousa,https://lh3.googleusercontent.com/-HeCIVIZhyys/AAAAAAAAAAI/AAAAAAAAAAA/ACHi3rcxARz3SakQJPYBU6PFk4DUHMKDgw/photo.jpg,"Meu deuuuuuuus!!!!!!!!!! Depois q joguei n parei mais dá pra escolher a cor da sua cobrinha ,mas trava muito e tem muita propaganda e tem um negocio de codigo que n esplica como se usa! So q o resto é muito bom tomara q vcs botem menos propagandas e bote para travar menos e espliquem como usa o codigo! OBRIGADA!",4,2,,2020-01-14 06:39:50
64,tinker bell,https://lh3.googleusercontent.com/a-/AAuE7mA7AyHPOqJd6wjMrUZNOx0ufOww2AS1nH0MW4UJ2A,"Esse jogo é muito bom, serve para vc se descontrair quando não tem internet e sai do tedio quando tiver no maximo. Por isso super recomendo, mais nem um app é 100% perfeito, por isso tem alguns problemas...quando EU vou jogar no modo olline trava de ++++ e isso me deixa P da vida. Então por favor vê se vcs conseguem concertar isso, XAU ^-^",5,5,,2019-09-05 11:01:04
65,Bete Lopes,https://lh3.googleusercontent.com/-Q8zl8p_Zisw/AAAAAAAAAAI/AAAAAAAAAAA/ACHi3rdc_MK1JW8y5DnBcWg4EK9KjixQlw/photo.jpg,Esse jogo é muito legal mas o Online é muito Ruim até uma pessoa falou que eu concordei com essa pessoa mas o Outro sem ser o Online é muito bom por isso sei só 4 estrelas o Online a jente fica 2 ou 3 minutos jogando aí eu sei 4 estrelas pro outro sem ser o Online e não sei nem Uma estrela pro Online mas parabéns pra quem fez esse jogo . Esse jogo é muito legal bjs,4,13,,2019-12-28 14:56:06
66,Meu mundinho loko,https://lh3.googleusercontent.com/a-/AAuE7mC4_OrZMGnidSC3_CpxvpHh5XbjmU2f3hJI9rYV,"O jogo é muito bom,porém,no modo online,trava muito,e eu acho que vocês deviam mudar o código e fazer uma nova atualização,por que as vezes já vai ficando chato sempre a mesma coisa,bom é isso,retirando o q eu falei,o jogo é muito bom👌🏻",3,8,1.6,2020-01-06 13:52:51
67,Kauany Castelli,https://lh3.googleusercontent.com/-DT97KQkJewA/AAAAAAAAAAI/AAAAAAAAAAA/ACHi3rcuD4Ol2zFQkNdUciBrTwje4EwCTg/photo.jpg,"O jogo é muito bom! 👏👏👏👏👍❤.Otima testura Muito bom o jogo mas....., trava bastante e aliás vcs podiam melhorar a força da minhoca a rapidez etc.fora a isso o jogo e ótimo 😘 💓 o ploblema tbm e que praticamente só tem o modo on-line😑 Fora que dá muito bug mais todo jogo tem seu bg e eu entendo,mas, vcs podiam melhorar isso aí",4,5,,2020-01-17 22:50:54
68,Eduardo C.M.O,https://lh3.googleusercontent.com/a-/AAuE7mCENV0HB7u-BS1TQjDkLMFgxUPBvEP3cbiP0K560A,Joystick não funciona. Trava pra uma única direção e tem que clicar de novo pra mudar. Isso dificulta a jogabilidade. DESINSTALANDO.,1,0,1.6,2020-02-11 10:37:47
69,DESENHOS ANIMADOS,https://lh3.googleusercontent.com/-lIJI--sgziA/AAAAAAAAAAI/AAAAAAAAAAA/ACHi3rfeylJnCtX4WbQDbRcvemetfcBF_Q/photo.jpg,Gosto muito desse aplicativo não tenho nem o que dizer ele é muito bom eu recomendo ele não trava pode ser online ou offline ele dessas opções e é muito bom parabéns para os criadores deles que é um jogo muito bom né que todo mundo joga se você for no YouTube vai ter vários vídeos de jogando ele Muito bom parabéns,5,7,,2019-12-05 18:46:53
70,Josiane Maria da Silva,https://lh3.googleusercontent.com/-ZHYH7i3doSI/AAAAAAAAAAI/AAAAAAAAAAA/ACHi3rcugh2yri01G2N0S0PxBRsrFhDlZw/photo.jpg,"As vezes ele trava, (só um pouquinho) e volta ao normal depois, e o nome sai quando eu saio do jogo. Tirando isso é ótimo e maravilhoso fico besta quando chego ao 2° lugar. Parabéns aos criadores, vocês arrasaram!",5,2,,2020-01-17 01:05:48
71,Fantyne Heloise,https://lh3.googleusercontent.com/-GSNAt2uVGjk/AAAAAAAAAAI/AAAAAAAAAAA/ACHi3rddjwVaicfqiSGWytAGI3xwQ3qq7w/photo.jpg,Super mega de uma forma de pagamento do imposto de renda e o mascote do meu coração e eu não tenho internet de um amigo meu que tem como objetivo principal de um usuário de drogas e eu não sei se vai ter que fazer com que eu não sei como fazer um comentário sobre este jogo,5,0,,2020-01-24 22:05:00
72,Lais Lima,https://lh3.googleusercontent.com/-tB6JIckWamE/AAAAAAAAAAI/AAAAAAAAAAA/ACHi3rfsLRitgZvYQwyPVzCzROklkesIcg/photo.jpg,Jogo é o jogo muito legal porém ele trava muito é meu celular é precisa de internet só porque tá triste porque estava procurando jogo ao vivo online então eu decidi instalar novamente porque a gente fechou porque você sempre foi muito legal a gente pode personalizar nossos próprios personagens você quer comer o resto dos meus dias por isso que eu gosto muito muito muito mesmo parabéns conheci senti muito legal mesmo adorei demais quando eu cheguei pela primeira vez eu já tinha esse jogo duas vez,4,22,1.6,2020-01-02 00:17:48
73,Jeane Rocha,https://lh3.googleusercontent.com/a-/AAuE7mDTqUzzU9pVLF-1AjJDKmDMdIp5mNumLM4rB8IgUg,"Gosto muito desse jogo. A jogabilidade é boa, os gráficos são bem feitos, e o MELHOR, é que não precisa de internet pra jogar, essa é com certeza a melhor coisa. Eu enjoo rápido dos jogos, então tbm já enjooei varias vezes desse, mas sempre acabo baixando dnv. Independente de qualquer coisa, o jogo é ótimo, vale muito a pena jogar!",5,411,1.6,2019-10-06 10:19:34
74,Cleusa Nunes,https://lh3.googleusercontent.com/-iVEOvo8tjLk/AAAAAAAAAAI/AAAAAAAAAAA/ACHi3rdHP21C3P1_JVCpuN1ihCKWvWhnqg/photo.jpg,"Amo demais esse jogo e fazia muito tempo que eu não jogava. O gráfico e perfeito. O único probleminha é que quando vc joga online fica dando umas lagadas, mas prefiro pensar que isso e por causa do wifi e não ppr conta do jogo.",5,3,,2019-12-09 21:14:34
75,Leandro Coelho,https://lh3.googleusercontent.com/-Vz4XV8ljZE0/AAAAAAAAAAI/AAAAAAAAAAA/ACHi3rcPYOZC7kKcyr47W8YWXMAJyPyjEg/photo.jpg,O jogo é legal mas trava um pouco maaaaaaas o jogo é muito bom os gráficos e mas ou menos mas continua sendo bom a skins são muito detalhadas o jogo tem seus erros como o bug ele as vezes buga mas é bom por isso 4 estrelas me desculpa se eu não falei muito serto tão detalhado mas o jogo é bom,4,1,,2020-01-15 19:06:50
76,Thais Alves,https://lh3.googleusercontent.com/-tOymAl3KqAQ/AAAAAAAAAAI/AAAAAAAAAAA/ACHi3re1sYw4YpE6hjR4u1ddA1FVLOCMYQ/photo.jpg,O jogo é muito bom por que você pode escolher a sua cobrinha e também da para jogar online e o mais enteressante é que você compete com pessoas que você nem conhece então minha nota para este jogo é cinco amo e recomendo demais.,5,2,,2020-01-24 15:38:03
77,Cappuchyno Chan,https://lh3.googleusercontent.com/-Pobkyy6fHBA/AAAAAAAAAAI/AAAAAAAAAAA/ACHi3rfIOvQSzJQQvzre4XX_hJCgoPI0cQ/photo.jpg,"Gostei mas o jogo on-line sempre travava e quando eu entrava aparecia ""slither.io não está respondendo gostaria de encerrar o aplicativo?""(msm assim vou dar 4 estrelas😊",4,1,,2020-02-04 07:28:15
78,Ester Alves,https://lh3.googleusercontent.com/a-/AAuE7mANGFOGPwFQSPV50XxPl1eflWlmiBRkgBYw2qQFHv8,Antigamente era uma guerra para quem tinha 200 pontos meus amigos pais irmãos conhada era tudo hoje em dia é jogo do trenzinho mais quando meu pai fica de férias é guerra mundial de jogos é tradição aqui em casa Tudo isso começou condo eu instalei e pais amigos irmãos eu recomendo,5,2,1.6,2020-02-08 16:43:38
79,•Tsuki Usagi•,https://lh3.googleusercontent.com/a-/AAuE7mD_IJcoKz94OBNmGCVF4decloAo1zv2bi2RKpy95w,"A minha resenha é positiva! Pois...O jogo tem controles INCRÍVEIS , além do mais que a memória é muito pouca! Isso é incrível, Da para você jogar online, criar sua própria largatinha! Mais a parte negativa é que, das uns bugs (trava) que quando eu to indo na direção para eliminar , trava e eu normalmente morro! Por favor retirem esse bug , mais retirando esse resenha crítica , Amei! 😊❤",5,6,,2019-09-05 14:32:41
80,Geovanna SS,https://lh3.googleusercontent.com/-A-U8aYpwSFA/AAAAAAAAAAI/AAAAAAAAAAA/ACHi3rdrCNxa6-tzz3iF1IeShW8iq-i-wg/photo.jpg,Poderia melhorar por exemplo fazer mas cores para nosass cobras n travar no modo online e aquelas cobras no modo of e de verdade pq poderia ser também poderia add um amigo para jogarem juntos na mesma partida e aí dava para colocar um modo de dupla e com microfone e várias novidades por ex fazer X1 ou outras coisas pq parece q o jogo tá abandonado n tem novidades vou dar 5 estrelas mas se n mudar irei da 0 obrigada espero q leia com atenção,5,18,1.6,2019-12-24 13:45:17
81,Maria Eduarda Silva Lima,https://lh3.googleusercontent.com/-pl92KJIDu_s/AAAAAAAAAAI/AAAAAAAAAAA/ACHi3renYhi8M7VunQMDp7vMhdWRx3Fjkg/photo.jpg,È muito legal só demora um pouco para instalar mas tirando isso é o segundo app que eu mais gosto eu amo esse esse app dei 4 estrelas porque demora a baixar como eu disse no começo mas é muito legal vc pode até escolher a cor da cobrinha e pode até montar ela do jeito que quiser ameiiiiiiiiiiiiiiiiiiiiiiiiiiiiiiiiiiiiiiiiiiiiiiiiiiiiiiiiiiiiiiiiiiiiiii muitoooooooooooooooooooooooooooooooo,4,15,,2019-12-27 07:46:50
82,anna carolina,https://lh3.googleusercontent.com/-RXFDh-OjHp0/AAAAAAAAAAI/AAAAAAAAAAA/ACHi3rfEG3IKlkRS-dLJF-qwXX6-UaiJxw/photo.jpg,Amei o jogo pode fazer várias coisas eu amei demais ele incrível dá para fazer muita coisa bem legal além de ser um pouquinho chato de vez em quando mas ele é muito bom mesmo sério se você diz que o jogo é bem chato você tá bem errado porque eu joguei incrível é o maior jogo do mundo eu amei e me divertir e tô completamente indignada porque o jogo é muito bom Realmente abaixa está ele no celular de vocês que vocês vão amar demais jogo eu amei então ela baixei porque eu consigo matar várias pesso,5,2,,2020-01-30 19:43:06
83,Adao Saturno,https://lh3.googleusercontent.com/-CxKpFvoyqzg/AAAAAAAAAAI/AAAAAAAAAAA/ACHi3rfYH1HEYSwRKzgkT8czJCLkCtzFqA/photo.jpg,"E legal esse jogo eu adoro esse jogo muito legal. Porque da pá fazer sua cobrinha olha que legal muitos,????? Adoro isso!!!: Vcs adora merepode pugavorrr ajeite pôde come as cobrinhasq ecrese mais vocês adora isso em em Kkskskskksskksks eu já baixei o jogo mais distalei sequere kskskkskskkskskkskskskskkskk olha isso que grande,",5,0,,2020-02-11 10:00:48
84,Um usuário do Google,https://lh3.googleusercontent.com/EGemoI2NTXmTsBVtJqk8jxF9rh8ApRWfsIMQSt2uE4OcpQqbFu7f7NbTK05lx80nuSijCz7sc3a277R67g,Esse jogo é muito bom.Só tem um problema. No jogo tem o Enter code que eu nao faco a minima ideia como funciona e queria que os desenvolvedores desse jogo me respondesse a seguinte pergunta: Pra que serve esse enter code?!?!? Respondam rapido por favor,4,19,1.6,2019-12-15 08:43:31
85,Junia Assis,https://lh3.googleusercontent.com/a-/AAuE7mBIuMzTl8F0aB2LUHO7EbSAuzu-Zo_P304BTgxpjUM,Muito bom jogo ótimo recomendo todos esse jogo os controles são ótimos o jogo e ótimo a final. Meiiiii. Super recomendo só. Uma dica se vc gosta de coisas simples joge no. Normal se vc gosta de desafio joge no. Online. Beijo,5,25,1.6,2019-11-30 19:44:14
86,ghost games,https://lh3.googleusercontent.com/a-/AAuE7mB6t5_6-0bFag07WmVw0krRaT0OMeacBuJ4fs8HOQ,"Esse jogo e cheio de bugs da qual quer bug um deles a tela para e ele corre e perde bolinha ou vem um na frente e acaba matando poriso não jogo mais,ceparando os bugs ele e bom poriso dou 4 estrelas mas tento stalar mas não vai. ALGUMA DICA??? Ate hoje tento stala e gosto muito desse jogo e bom e recomendo vcs jogarem :v",4,14,,2020-01-08 11:59:02
87,Larissa Fernandes,https://lh3.googleusercontent.com/-KboXnA-KfuU/AAAAAAAAAAI/AAAAAAAAAAA/ACHi3re4s_aGYUue8SteToPq444VGjY1rg/photo.jpg,"Muito bom, amo esse jogo!!! Só q poderia ter alguma novidade com as minhoquinhas né, alguma coisa mais divertida sla, só sei q amo mas q deveria ter alguma coisa entre elas! Ah, e q a partida online não travasse tanto, pq misericórdia, partida online é oq mais trava, então fica aí a minha opinião! me sigam no Instagram: ""larissafernandes14_""",5,0,,2020-01-28 18:00:05
88,a doida do avakin life,https://lh3.googleusercontent.com/a-/AAuE7mAXcB4ZcMP4Zt3B2sPDM7Va9HLm5riHbl1NThuk,E muitoooo muito e muito bom amei so deveria troca tipo de terreno devia ter outros terrenos legais mas fora isso e muito bom recomendo bastante essas pessoas ficam dizendo que fica travando o meu nao trava e o celular de vcs que trava e normal nada ave com o jogo,5,3,,2020-01-25 09:39:52
89,DOGYNHO PLAY,https://lh3.googleusercontent.com/-dTFxrfvFpcI/AAAAAAAAAAI/AAAAAAAAAAA/ACHi3rfWlgBYUkXqvDEYNg6K3mdGv-ZwiA/photo.jpg,"Jogo mt legal, ameiiiii, porém no modo online da umas travadas mais isso n atrapalha na ótima jogabilidade, gráficos e sem contar que o jogo é muito divertido.",5,1,1.6,2020-02-07 14:09:22
90,Um usuário do Google,https://lh3.googleusercontent.com/EGemoI2NTXmTsBVtJqk8jxF9rh8ApRWfsIMQSt2uE4OcpQqbFu7f7NbTK05lx80nuSijCz7sc3a277R67g,Eu amei esse jogo eu baixei e desinstalei muitas vezes mais diferente dos outros jogos esse não fica travando por nada e ele não te obriga a assistir anúncio é só apertar voltar e sai do anúncio eu recomendo,5,2,1.5.0,2020-01-15 19:33:25
91,Felipe Pereira De Nardi,https://lh3.googleusercontent.com/-N2DgBl4IqiM/AAAAAAAAAAI/AAAAAAAAAAA/ACHi3rciuIDiLhRiBsdpKVCEJAj4m36gbg/photo.jpg,Esse jogo é muito ruim pq eu não c9nsigo sobreviver parece uma barata se contorcendo de dor no veneno!!!!!! Bjs é brincadeira o jogo é massa,1,0,1.6,2020-01-22 15:19:21
92,Isabela Nagel,https://lh3.googleusercontent.com/-HknfokBENdU/AAAAAAAAAAI/AAAAAAAAAAA/ACHi3rccOpHjQ4gdWLlZcrsJ-e7tTm_X1g/photo.jpg,"O jogo é bom, mas tem muita gente, que no modo online, botam palavrão nos nomes, e nomes agrecivos. E também, no modo online trava muuuuuiiittuuuuhhhh. E no modo offline é tudu burru e bots",3,3,1.6,2020-01-22 12:16:24
93,Giovanna Santos,https://lh3.googleusercontent.com/a-/AAuE7mBCmvjx8SDgENedScti6Kk5TynrIDQ-cBG14ScLEA,"Sei que o jogo é bom por já ter jogado algumas vezes, mas baixei agora e ele está com um erro horrível que corta a tela desde quando é iniciado e não consigo enxergar nem um quarto da tela inteira. Modelo: Samsung S9+",3,1,1.6,2020-01-17 18:32:33
94,Bricando com á daiara Santos,https://lh3.googleusercontent.com/a-/AAuE7mA2CZgOWgz3KMuERJX1FWQzDxIu_vopgu5_89MLWQ,Eu gostei muito desse jogo da cobrinha todos nós podemos mudar a cobrinha a cor o tanto de coris que nos podemos colocar mais eu gostei muito do jogo da cobrinha eu amei muito esse jogo da cobrinha nós podemos competir com outra pessoa competir com outra pessoas mas o importante que eu adorei esse jogo as configurações do jogo e muito bom não travol nenhuma vez eu adoro esse jogo,5,2,,2020-01-31 18:59:34
95,Girlane Sousa,https://lh3.googleusercontent.com/a-/AAuE7mDcemb8IZYerQZxhsB5l_sVVkCFdkIvH1HAsm8d_Q,"o jogo é muito bom, mas dá aquelas travada quando joga no celular mas o resto é ótimo principalmente que você pode decorar sua cobra ou Minhoca não sei oque é esse Bixo;-;",5,1,,2020-02-06 21:40:28
96,Um usuário do Google,https://lh3.googleusercontent.com/EGemoI2NTXmTsBVtJqk8jxF9rh8ApRWfsIMQSt2uE4OcpQqbFu7f7NbTK05lx80nuSijCz7sc3a277R67g,É muito legal esse jogo ele pode jogar offl line e jogar com pessoas de verdade é mito legal poriso do cinco estrelas é um máximo meu Deus abaixa esse jogo porfavor NÂO DA LEG!!!! É muito BOM eu vo agora a jogar de novo!!! Thau bom dia boa tarde e boa noite thau!!!,5,7,1.5.0,2019-12-26 21:17:20
97,Bruno Faria,https://lh3.googleusercontent.com/a-/AAuE7mCB1N_O7CAXZh33kJJKAhut7tnMGTVx0fbwyl0DbQ,"É um bom jogo. No entanto, é notável que há uma necessidade de melhoria, pois ele não pode ficar com essa dinâmica para sempre. Falta um pouco de inovação! Se os desenvolvedores implantassem um clã, poderíamos ter uma nova faceta, no caso, as batalhas. Seria clã x clã. Outro elemento bacana é a implementação de um ""toque"" no fundo nos momentos de diversão, uma instrumental de piano talvez... Acredito que essas sugestões podem impulsionar o game de uma forma muito eficiente.",4,314,1.6,2019-09-08 16:51:17
98,sophia Moreira,https://lh3.googleusercontent.com/a-/AAuE7mDpgFantjRg85lNYauCx4Gaf-IwdwoDPb1kRYsq,"Eu dei 2 estrelas pq o jogo em si e muito bom, quando eu jogava antigamente era bom ,só que eu decidi instalar depois de meses, e agora fica travando muito, e tem muito anuncio quando vc morre sempre aparece um ,e daí fica chato por isso eu sei 2 estrelas.",2,2,,2019-12-26 22:46:50
99,Gamer FF,https://lh3.googleusercontent.com/-w9OsOP360Uk/AAAAAAAAAAI/AAAAAAAAAAA/ACHi3rfMAPdxtesAb6wuZM8P9Fsigv0LFQ/photo.jpg,O jogo é ótimo gráfico jogabilidade mas o modo online é muito ruim toda hora trava é impossível jogar jogo ele dês dos meus 9 anos e hoje tenho 11 o jogo não mudou nada vcs nem ligam para o jogo por isso vou dar 3 estrelas.,3,2,,2020-01-22 12:03:10
