,userName,userImage,content,score,thumbsUpCount,reviewCreatedVersion,at
0,Marya Luyza Silva Souza,https://lh3.googleusercontent.com/-4kH7y-0WGP8/AAAAAAAAAAI/AAAAAAAAAAA/ACHi3reWflfL1If58rpoQkDl1XBpkeZW7A/photo.jpg,"Muito bom!!Só que vicia um pouco e isso não é muito bom!!Tem que mudar um pouco os formatos dos prédios,as cores,colocar faixas de pedestres,quebra-molas,e pedestres para a melhor experiência!!",5,127,1.57,2020-01-18 15:23:53
1,rihanna gacha,https://lh3.googleusercontent.com/-LzJsxBNmFI4/AAAAAAAAAAI/AAAAAAAAAAA/ACHi3rdrYf4Kl5wwESc9Io3QwJxAk1O9Qw/photo.jpg,Eu dei 4 estrelas porque quando você vai passando de fase é a última mas tem algumas fases que são extremamente difíceis e a pessoa acha que não é muito os anúncios não atrapalham só as fases se o criador Lê minha mensagem diga por favor o senhor pode botar as frases mais fáceis um pouco,4,70,1.57,2020-01-17 11:10:35
2,David Cerqueira Alves,https://lh3.googleusercontent.com/-FixkxQ4v6OY/AAAAAAAAAAI/AAAAAAAAAAA/ACHi3rdebt9xhxZcz_-bclMCV2i8UuAdJw/photo.jpg,O jogo e realmente bom muito bom msm só q voocs podiam colocar tipo uma configurações para colocar ou mudar a opção de controle ou será se for usar como o volante se voocs poderem faz isso favor😁,5,27,1.57,2020-01-29 10:14:19
3,Jhessycka Santtos,https://lh3.googleusercontent.com/-oF9BzY2LDNA/AAAAAAAAAAI/AAAAAAAAAAA/ACHi3reLrt-7xS4jRotwu0zNcNUdC6aPdg/photo.jpg,O jogo é muito bom na fase estacionar e difícil mas quando você presta atenção vc consegue só aprestar dei 4 🌟 porque eu gostei ótimo jogo tomara q tenha atualização nova pesso isso obrigado 😊,4,426,1.57,2020-01-23 09:27:12
4,Ana Santos,https://lh3.googleusercontent.com/a-/AAuE7mC5NlZFJD0nVvBZUzMCbbQHiKNfzsSxSRvThRjiDjc,"É um simulador muito bom, os gráficos são ótimos, o jogo é leve, nada de anúncios mas é MUITO DIFÍCIL e Estressante passar as fases",4,1809,1.57,2019-12-20 07:27:03
5,Manu Cordeiro,https://lh3.googleusercontent.com/a-/AAuE7mAJfpdR_Pc3RkXZ_u6RBWARvbumr9Xfyj4z--FFdw,É um simulador bem legal porém podem melhorar a câmera de onde nos podemos ver a câmera livre mas o jogo é muito legal parabéns Pará o desenvolvedor do jogo é mais e muito muito muito mesmo não é pesado de memória os gráficos São bem legais e tá de boa 10👊😎😀👏🏾👏🏾👏🏾👏🏾,5,484,1.57,2019-12-23 14:02:17
6,neguinho neguinho,https://lh3.googleusercontent.com/-yBFNz3aaS5I/AAAAAAAAAAI/AAAAAAAAAAA/ACHi3rcgyi2SKPMNYYbreZtQP5DdxGiCzw/photo.jpg,muito bom de jogar deveria ter outro jogo igual com melhores graficos e a mesma dirigibilidade. muito bom de dirigir o carro porque tem vários jogos ai q o carro vira de mais,5,968,1.57,2020-01-06 00:39:49
7,Maria Cecilia Antunes,https://lh3.googleusercontent.com/-GZZQdtfRvfE/AAAAAAAAAAI/AAAAAAAAAAA/ACHi3rfoiJQJgAOi7woshBpx9zF_uA0jhw/photo.jpg,"Muito bom o jogo , o gráfico , a jogabilidade , o controle que vc tem Marivilhoso",5,13,1.57,2020-01-31 14:08:04
8,João Victthor Souza Reis De Oliveira Oliveira,https://lh3.googleusercontent.com/-nT7C1L8_6vc/AAAAAAAAAAI/AAAAAAAAAAA/ACHi3rdbhq236zANaLfuoEL4RajlkPU8tg/photo.jpg,Gente? Esse jogo é bem legal! Me impressionou; os gráficos tudo são ótimo. Quem fez está de parabéns! Que continue desenvolvendo jogos legais e interessantes,5,85,1.57,2020-01-05 12:33:37
9,Anelsa Trindade,https://lh3.googleusercontent.com/-1UwHdDFMHtA/AAAAAAAAAAI/AAAAAAAAAAA/ACHi3rfuKz4P9QtFGOlzpw3p5bcAdMrCjQ/photo.jpg,O jogo é bom mas pra quem jogo outros jogos com o gráfico e a sensibilidade alta devia atualizar pra ficar mais realista com pessoas atravessando a rua é isso,4,81,1.57,2019-12-24 16:27:44
10,Ester oliveira,https://lh3.googleusercontent.com/-6wor-hltepo/AAAAAAAAAAI/AAAAAAAAAAA/ACHi3rfI7mYTODYWaoCwrwmnK-6nDNHVeg/photo.jpg,"É um simulador muito bom, o joguinho é leve, mas as estradas são muito curvadas e torna o jogo + ou -",4,86,1.57,2020-01-01 10:54:50
11,SAM suich,https://lh3.googleusercontent.com/a-/AAuE7mBz8hVx7Quhuq4ZnFwKhhLDFuoifjtvsUXRqkDJ1g,"Ótima jogabilidade, gráficos até que bons pra o tamanho do jogo.",5,6,1.57,2020-01-30 15:47:55
12,Mathias Rocha Soares,https://lh3.googleusercontent.com/a-/AAuE7mBabtbIh5sNxd48F85Q9l8AHsZjooraSc_yngs2,"Quando começa o jogo eu sempre do ré e não te m carro e na curva eu paro um pouco e lá atrás tem carro, quado eu vou fazer a curva tem vezes que aparece dois ônibus em cada mão",1,42,1.57,2020-01-04 01:02:45
13,Mykelly Leão,https://lh3.googleusercontent.com/-ZVV0h0LyJCA/AAAAAAAAAAI/AAAAAAAAAAA/ACHi3rcl0VpF9MlSliTpYR0sQZPHb3pW8A/photo.jpg,"Só dei 3 estrelas pq até hoje eu não sei como conseguir ouro isso pra mim é quase impossível, eu jogo muito bem esse jogo mais não consigo ganhar ouro apenas jogando somente se comprar 🤦‍♀️ alguém me ensina pfv Como ter gold somente jogando🙏!",3,2,1.57,2020-02-04 15:13:31
14,Gilvan Costa,https://lh3.googleusercontent.com/-ELwtSgnnbNg/AAAAAAAAAAI/AAAAAAAAAAA/ACHi3rfD1Kl52ONOc-mrwBptxax27gGq1w/photo.jpg,Horrível não instalaria de novo ou recomendaria o volante é muito sensível e vc recebe multa por qual quer besteira e os controles são péssimos,1,158,1.57,2020-02-02 11:16:38
15,Anna Marcela Rocha,https://lh3.googleusercontent.com/-Zw0qsrcBXho/AAAAAAAAAAI/AAAAAAAAAAA/ACHi3rfPR4fYOV7zSP-gHSDEMSRAug91Zw/photo.jpg,Amooooooooo💖esse jogo mais tem um probleminha entao ele podia ter mais carros sem pagar ser tudo de graça os carros podia tbm escolher o motorista mais gosto muito obrigadaaa 👄,4,7,1.57,2020-02-07 18:18:17
16,Ruan Novaes Da Silva,https://lh3.googleusercontent.com/-u55Y_GZwJLY/AAAAAAAAAAI/AAAAAAAAAAA/ACHi3re2DxP4J_ZIyxZ2m3kbTqhhRPv5nQ/photo.jpg,Dou 5 🌟 esse jogo é bom demais o ruim é minha mão ela fica suada isso é ruim porque não dar para virar o volante mas tirando isso o jogo é fantástico,5,149,1.57,2019-12-18 18:23:00
17,Isa Hihihi,https://lh3.googleusercontent.com/a-/AAuE7mDedvyhqanZl-EvP80UfGMx_1PpsoNIfTH6XTc3,"Ótimo jogo, só deixou a desejar nos gráficos, mas o resto está bom",5,2,1.57,2020-02-06 18:01:31
18,Jhow Moreira,https://lh3.googleusercontent.com/-u0yRmi6acIU/AAAAAAAAAAI/AAAAAAAAAAA/ACHi3rc96bi_XSdoL5NzOYx9Dm5lbGna-Q/photo.jpg,O jogo é muito ruim pode ter vários modos mas é muito ruim recomendo não instalar esse jogo,2,66,1.57,2020-01-21 21:15:52
19,KekeR7BR keke,https://lh3.googleusercontent.com/a-/AAuE7mBITbKc1hEQCereMmlKjH7cjS19fABLzAScq3i9PA,"Gostei, so que os graficos deveriam melhorar, mas e legal o jogo",4,35,1.57,2019-12-20 19:40:50
20,Lonko Uchiha,https://lh3.googleusercontent.com/a-/AAuE7mBbrEcFuo-sbto1jxGuxgjnx8R2L7Z3il9c9joY,"É muito legal, mas poderia ter mais minigames",4,7,1.57,2020-01-23 21:14:19
21,Maria do Socorro Santos da silva,https://lh3.googleusercontent.com/-zjDnayvT28M/AAAAAAAAAAI/AAAAAAAAAAA/ACHi3rd5qVz5PAQZAj17SkKp-m8xSvjXgQ/photo.jpg,ele é muito bom mais para ganha os outros carro e muito de fisio e eu botei só duas e strelas porquê ele tem um gráfico muito rui,2,16,1.57,2019-12-31 10:54:26
22,Hey Babynayeon!,https://lh3.googleusercontent.com/a-/AAuE7mAEHW4EXJlLv8SLRgh9Yd-AOZMLgLr-lDzcRe2YNw,"Amei ele!! Ele é muito top, só que eu acho que poderia ser mais facil de passar de fase. Mais mesmo assim...... abaixem recomdndo super",4,26,1.57,2019-12-31 13:47:14
23,Afonso Souza,https://lh3.googleusercontent.com/-azaeAuu6LY4/AAAAAAAAAAI/AAAAAAAAAAA/ACHi3rfb4GHS2hto-bOceMYzE9-ATY336A/photo.jpg,Esse jogo é muito legal é muito bom e esse povo está falando aí assim que seja jogo não presta está errado,5,8,1.57,2020-01-22 19:48:14
24,Francisco Ambrosio de castro,https://lh3.googleusercontent.com/-1PJ9GrtAPZU/AAAAAAAAAAI/AAAAAAAAAAA/ACHi3rcVXh4KBPoOdXen4ySaA0nIc24g1Q/photo.jpg,Quem não gostou e porque e ruim e não consegue passar dos níveis só e um pouco enjoativo por não conseguir passar os níveis e fica repetindo e repetindo a mesma coisa por isso que não coloquei 5 estrelas mais quem não gostou e por isso se poderem arrumar isso e não ficar repetindo a mesma coisa mais e ótimo se falarem que trava e mentira,4,30,1.57,2019-12-19 22:36:41
25,Davlla Maria,https://lh3.googleusercontent.com/-dY7osxpOd1Y/AAAAAAAAAAI/AAAAAAAAAAA/ACHi3rc8FMMvdn7eTkcGfVE3ebv5H1XBOA/photo.jpg,Pq eu coloque se o jogo e educativo e sim ele ensina a dirigir e sempre divagar,5,1,1.57,2020-01-30 20:56:56
26,Mateus Nacsimento,https://lh3.googleusercontent.com/-IRRCTYK-7vU/AAAAAAAAAAI/AAAAAAAAAAA/ACHi3re_NNOacZfaDvCf2MOmADYZdTGU_A/photo.jpg,Gosto muito mas ele presiza de uma atualização eu amava esse jogo mas agora estou gostando mas do free fire ele é ótimo demais eu recomendo esse jogo a vocês 😚,1,31,1.57,2020-01-02 23:23:46
27,Gizelia Gomes,https://lh3.googleusercontent.com/-bmnIMlLWtUc/AAAAAAAAAAI/AAAAAAAAAAA/ACHi3rdpRE_ZDzM2efyqSnP_9_bG9j7exg/photo.jpg,"Oiee, amei muito o jogo. Exelenteee!!! Super recomendo, me divirto muito! Parabens para aos criadores, vicia dmss ksks",5,27,1.57,2019-12-27 18:48:13
28,Vinicius Evangelista,https://lh3.googleusercontent.com/-6fh7qz11Ctc/AAAAAAAAAAI/AAAAAAAAAAA/ACHi3rezz1ogsofw6iZlaueootD0jdQQew/photo.jpg,E um jogo bom de joga parece q voce esta dirigindo e o grafico e otimo mais n vou dar 5 estrela sem ofensa,3,13,1.57,2019-12-26 17:19:27
29,M 013,https://lh3.googleusercontent.com/a-/AAuE7mCJ5ywkHvvH1rc85W6dQZiwnlKed1gBabLMD3QHAw,"Legal, ensina bastante à dirigir, além de ser um otimo jogo.",5,5,1.57,2020-01-14 10:27:52
30,Rogeria Aparecida da Silva Ribeiro,https://lh3.googleusercontent.com/-LL8E4jYwtF0/AAAAAAAAAAI/AAAAAAAAAAA/ACHi3rdTPHGTll__u_inAlfpB_QAY2wNpw/photo.jpg,"O jogo é ótimo os gráficos,te aprende a dirigir é muito bom!",5,9,1.57,2020-01-11 20:50:05
31,Anderson Almeida Godinho,https://lh3.googleusercontent.com/-tk6osX9IfgQ/AAAAAAAAAAI/AAAAAAAAAAA/ACHi3rdt5bNhQLrmt5wGHSeYChIVMiQwRw/photo.jpg,E muito ruim esse jogo eu prefiro free fire do que esse jogo Rui parece que veio do lixào eu vou denúncia contra o governo do estado,1,2,1.57,2020-02-05 15:12:02
32,Luzia Pereira,https://lh3.googleusercontent.com/-79a1gPJgrCM/AAAAAAAAAAI/AAAAAAAAAAA/ACHi3reOJ_WeJGz07XVtxzW6RBTpJZkh3g/photo.jpg,É bom o problema é que ás vezes trava um pouco e o caminhão é difícil de pilotar,4,6,1.57,2020-01-09 04:18:09
33,Giovana forever,https://lh3.googleusercontent.com/-B7FKxxOYeak/AAAAAAAAAAI/AAAAAAAAAAA/ACHi3rfIF_WZ3Xtb1_wS-bPzy5Nj0kru0g/photo.jpg,O jogo é muito bom tem um gráfico ótimo e ele é muito muito realista,5,11,1.57,2020-01-11 18:48:50
34,Michele Ribeiro,https://lh3.googleusercontent.com/-wn96P0zBbVk/AAAAAAAAAAI/AAAAAAAAAAA/ACHi3rdgSer40btu0V6MWierbgezmjnXkg/photo.jpg,"Eu particularmente adoro esse jogo , me divirto muito . E alem disso tambem aprendo fazer alguma coisa junto com ele . Estão de parabens",4,1,1.57,2020-01-18 22:51:47
35,Elivânia Oliveira,https://lh3.googleusercontent.com/-jXMTFz2baDk/AAAAAAAAAAI/AAAAAAAAAAA/ACHi3rezSJ6AAt5CL6mZyfG1IWzl_yRQfg/photo.jpg,As vezes fica travando epor isso que dei quatro estrelas mais fora isso o jogo é bom mais podia melhorar um pouco esse jogo,4,1,1.57,2020-01-29 19:37:27
36,Ila Almeida,https://lh3.googleusercontent.com/a-/AAuE7mAqXdlX_foblGNtS9xy-wZkvExgfvRAxMT2cfJL,Orrivel não gostei desse jogo não consigo passar do nível 1 prefiro outros jogos esse não dá para jogar é até bonzinho mas na hora de estacionar o carro é impossível você não bater em outros carros eu coloquei só uma estrela porque não merece mais do que uma vou continuar nos meus outros jogos eu posso jogar esse jogo de vez em quando mas não gostei muito dele,1,1920,1.56,2019-12-01 13:41:11
37,shadow player,https://lh3.googleusercontent.com/-XvxXsvtnpk8/AAAAAAAAAAI/AAAAAAAAAAA/ACHi3re69ZaKiHPcaYq_Ew_PVaVpcCmLjA/photo.jpg,"Gostei,gráficos exelents E olha que eu sou gamer",3,9,1.57,2019-12-30 13:06:32
38,Miguel deeplays,https://lh3.googleusercontent.com/a-/AAuE7mBAWYe_ouuFZWTbNKRxM3eWMCkxEpOmsvyb4oTR,O aplicativo e ótimo eu adorei sem dúvida esse aplicativo é bem legal os criadores disso sabem o que estão fazendo,5,0,1.57,2020-02-04 13:53:17
39,Aliny Do Carmo,https://lh3.googleusercontent.com/-m_BwJhMJyzk/AAAAAAAAAAI/AAAAAAAAAAA/ACHi3rdoHM4PzbBgzEvLYZw0joBAorcvug/photo.jpg,O jogo e legal mais os caras bate com o carro na gente e a gente que vai preso setirasse isso eu daria 5 estrelas,2,2,1.57,2020-01-11 15:10:20
40,kauany end,https://lh3.googleusercontent.com/a-/AAuE7mDiUeYHV9Ip_ID2r-ioEKkjC-QtjcTOS0MiOF4_,"Mano eu simplesmente AMOOOOOO esse jogo,muito bom, um dos melhores jogos de simulador que já joguei eu já baixei o 2 kkkkkk😍😂 vey vcs tão de parabéns,gráficos ótimos,nao tem anúncios,e e muito bom pra iniciantes que Nem eu ,e podia também colocar lombadas,rotatórias e um mapa também pra chegar em um lugar tipo um shopping,parque ou senão uma lanchonete ,mas vcs tão de parabéns 👏👏👏❤💋",5,516,1.56,2019-11-10 08:34:23
41,Déborah da Silva Nascimento,https://lh3.googleusercontent.com/a-/AAuE7mCRQaZPGl29vfdclARrGK5I6SnreOf1H-4p9AXL,Só uma coisa a parte dos preços dos carros tirando isso é muito legal,5,18,1.57,2019-12-21 17:46:43
42,silvana gomes,https://lh3.googleusercontent.com/-NkYa6vStwzM/AAAAAAAAAAI/AAAAAAAAAAA/ACHi3rfsB1s7HNmdkO5Lzad8KuEwPloi_w/photo.jpg,Show de bola mano aprendi a dirigir por causa desse jogo,5,8,1.57,2020-01-11 20:03:35
43,hey pricess,https://lh3.googleusercontent.com/a-/AAuE7mCHu-JP7qII5mhPaE8kC5yv9YFSJZ6Pjleynsx9,sinceramente o povo fala que é ruim horrível não é nada esse jogo é muito bom eles têm inveja porque ele não sabe fazer um jogo bom como e também fala que não sabe passar do nível 1 é porque não sabe jogar,5,120,1.56,2019-12-09 07:11:07
44,Julio Anjos,https://lh3.googleusercontent.com/-a1R3XB81rG0/AAAAAAAAAAI/AAAAAAAAAAA/ACHi3rdbRUDNeiZh40bUPvH9b-iHlDzXRg/photo.jpg,Muito bom o jogo quem critica é porque não sabe jogar e fica falando muitas caquinhas.,5,0,1.57,2020-02-02 14:48:21
45,Patrícia Paty,https://lh3.googleusercontent.com/a-/AAuE7mB2c-dFcdOKlqeoNfjOKdCSaZNu_hP5KevvT_cB,"Esse jogo é bom pq , nos temos que ter estratégias para não bater nos outros Carros pq na verdade esse jogo. Parece vida real pq nas cidades tem muito movimento e no jogo também",5,628,1.56,2019-12-10 09:15:44
46,Adriano Alves,https://lh3.googleusercontent.com/-0TeznB1xtz4/AAAAAAAAAAI/AAAAAAAAAAA/ACHi3rfBZFK9ZaB-WAmjDBre97NdbUhTlw/photo.jpg,Esse jogo é muito bom embora os gráficos etc tirando isso tudo é bom. É também os drif é muito bom para mim as marchas e etc.,5,498,1.56,2019-11-20 10:54:48
47,Una otaka,https://lh3.googleusercontent.com/a-/AAuE7mBZyVwyg9WY5pTLjR4L5BlMQKk2j_hK_Qcpa4n_tQ,"Esse jogo e maravilhoso ate temos a noção de como e dirigir na vida real,e uma simulação muito boa fiquei sem palavras quando eu comecei a jogar.Jogo maravilhoso ótimo trabalho👍👏.",5,126,1.56,2019-12-20 10:23:30
48,UM CARA QUALQUER,https://lh3.googleusercontent.com/a-/AAuE7mD0CFsSESUb9djRnmMqaJjL1cK1AXjquNNPVDWcXw,"Esse jogo é bom, embora os graficos não sejam realistas, o esquema de jogo é muito bom, com as setas, as marchas e etc.",5,1029,1.56,2019-11-15 09:15:55
49,Fredy Fontanella,https://lh3.googleusercontent.com/-lK3sif60IwQ/AAAAAAAAAAI/AAAAAAAAAAA/ACHi3rcn28PhPmFNs_vb_j736H8DPOyBqw/photo.jpg,O jogo é muito legal mas podiam abaixar o preço dos carros.,4,1,1.57,2020-01-18 13:11:52
50,Sueli Rosa,https://lh3.googleusercontent.com/-Lq4xCBqrjAs/AAAAAAAAAAI/AAAAAAAAAAA/ACHi3reiYD1C5eHMkYuDSRNDbR64tGe9bQ/photo.jpg,Esse jogo quem inventou foi o gênio não sei para os outros mas para mim ela é ótimo,5,6,1.57,2019-12-31 13:53:50
51,Roberto Mendes,https://lh3.googleusercontent.com/a-/AAuE7mCVf28LBXcqbxoU3CXYME-J-FEqLV44xndOxa9ztA,esse jogo é impossível mas ensina agente a dirigir melhor pra canto agente for adutor agente sabe derigir,2,3,1.57,2020-01-07 10:21:14
52,diario da lolo,https://lh3.googleusercontent.com/a-/AAuE7mB9ta8LPaQlXF5M5r3HKu7dawatuBOy-IHrMMdD,Guardo você aluga depois de 3 dias acaba o aluguel do carro muito ruim o jogo só coloquei uma estrela para eu conseguir falar pra vocês isso,1,1,1.57,2020-01-16 11:12:08
53,fortinite 10,https://lh3.googleusercontent.com/a-/AAuE7mBXWUvKPbdEsHWx9v-NfvG_enwJ50qnFq5HV6-X1w,Esse jogo é muito bom eu parei de por um tempo porque estava sem celular,5,0,1.57,2020-01-20 22:22:09
54,vivian Damião,https://lh3.googleusercontent.com/-Poh4mpDzEtY/AAAAAAAAAAI/AAAAAAAAAAA/ACHi3rf0Xyxex16RUGWbUogkBl9g9yH4zg/photo.jpg,Esse jogo é muito bom não tem nada que reclama ele é otimo e eu dei 5 estrelas e se tivesse daria mais,5,0,1.57,2020-01-23 22:00:05
55,Valdecir Alves,https://lh3.googleusercontent.com/-G6QhKf4cTTE/AAAAAAAAAAI/AAAAAAAAAAA/ACHi3re2ru6sRGpNmehC7LDUzYALUVY_Mw/photo.jpg,Gostei fácil de dirigir e bom por causa do volante e da marcha da velocidade de ir e voltar e bom gostei Quem ta comigo??,5,0,1.57,2020-02-08 14:10:32
56,Kely Julia,https://lh3.googleusercontent.com/a-/AAuE7mCzLkTAp8zIATISwRE1lK-pUxe9EFZc1iWy1mU01Q,Nossa esse jogo é muito bom as pessoas que falam mal dele realmente não sabe o que estão dizendo só deve ser mais um bando de idiotas que não sabe oque fazer da Vida se for para fala que o jogo é Ruim nem comenta isso só pode ser inveja porque esse jogo é legal sim.... é Bom sim....e eu não sei oque eu tenho para reclamar Dele porque ele é ótimo.... só os idiotas...betas...falam que esse jogo é Ruim... Essa é minha opinião adoreiiiiiiiiii,5,256,1.56,2019-11-09 19:59:27
57,Gabriella saraivah,https://lh3.googleusercontent.com/-DOkQ2p8DuyY/AAAAAAAAAAI/AAAAAAAAAAA/ACHi3reHrFn9SyUioD0Bc0WQDlagCunQhQ/photo.jpg,"Recomendo esse app , muito bom apesar de ser tipo repetitivo eu gostei bastante , recomendo vcs baixarem sim 😃 😃😃😃😃",5,6,1.57,2020-01-05 21:44:14
58,Maria Antonia,https://lh3.googleusercontent.com/a-/AAuE7mDdYOkJuPlfFDQi-21yEtC-ft-BbIYVN3Pgsqqo,Muito bom eu gosto bastante dele e eu baixei até o dois recomendo esse jogo e top que não gosta problema e seu,5,4,1.57,2020-01-03 14:12:43
59,marlon alexssandro,https://lh3.googleusercontent.com/-z7ZF_11oM-A/AAAAAAAAAAI/AAAAAAAAAAA/ACHi3rccROg6_cU3o8zRobHtvU2SarkNdg/photo.jpg,É muito bom mais tem uma coisa que eu não gosto o carro é muito molenga e da muito drift,5,3,1.57,2020-01-08 14:14:18
60,Maria Luisa Costa,https://lh3.googleusercontent.com/-3UvlAEcY-Js/AAAAAAAAAAI/AAAAAAAAAAA/ACHi3rfYNnRPhVHw63YnPxyWxX2FSWVUYA/photo.jpg,Deveria ter missoes para cumprir não só o que tem realmente no jogo. Mas o jogo em si é bom,3,5,1.57,2020-01-06 15:51:49
61,Laryssa Andrade,https://lh3.googleusercontent.com/-dYo2e0UwDzs/AAAAAAAAAAI/AAAAAAAAAAA/ACHi3rd9yZDYYIZsxgVjfUzqQqmIUPoTEQ/photo.jpg,O jogo é de mais n trava e da para jogar até mesmo off-line,5,9,1.57,2019-12-26 22:37:30
62,mc sarinha rosa,https://lh3.googleusercontent.com/a-/AAuE7mCNKpKeBDBvmYI0vmIP4gV0d40p4mqMovCzWyMk_w,O jogo é bom mais tá toda hora travando e quando o carro anda eu aperto no freio e ele não para mais ainda continua sendo bom,3,45,1.56,2019-12-01 11:32:17
63,Jeferson Albuquerque,https://lh3.googleusercontent.com/-LQGdP-OLqJU/AAAAAAAAAAI/AAAAAAAAAAA/ACHi3rfkRWi0R7ySi3g-OwXwIfTya8Emiw/photo.jpg,Tem pessoas que dizem que este jogo e ruim é não passa do primeiro nível mas o ruim e esta pessoa que não sabem jogar,5,12,1.57,2019-12-20 22:21:53
64,Pedro Henrique,https://lh3.googleusercontent.com/-oi4EjaSSxcw/AAAAAAAAAAI/AAAAAAAAAAA/ACHi3reICy6H0D37bpqqIwbwdA_RJ5WKpQ/photo.jpg,É muito bom esse aplicativo só que trava um pouquinho mas é a qualidade é muito boa o gráfico muito gostosa tem que ter mais carros,5,60,1.56,2019-12-04 12:35:45
65,Vilmene Coutinho,https://lh3.googleusercontent.com/-qDjzx3TVRFA/AAAAAAAAAAI/AAAAAAAAAAA/ACHi3rejrzmw_unoS4lJys1wPH_23kxDxg/photo.jpg,Ila aomeida esse jogo e super bom esse vc não gostou e por que vc é mulher.eu TMB sou menina mais eu gostei muito do jogo *-*....,5,0,1.57,2020-01-31 19:54:00
66,Luciano Oliveira,https://lh3.googleusercontent.com/-bFIeSgmVgCY/AAAAAAAAAAI/AAAAAAAAAAA/ACHi3rev_pIgTrWJ9Ty_UFK6zfnSmiw3tg/photo.jpg,Bom jogo. Porém um pouco monótono. Seria legal se fosse implementado novas pistas.,4,29,1.56,2019-12-09 19:37:57
67,Denise Monte,https://lh3.googleusercontent.com/-mg0whzPkLNg/AAAAAAAAAAI/AAAAAAAAAAA/ACHi3re7UKAirOmEEMys4gAjpj8Iv59etw/photo.jpg,Muito ruim o jogo você nunca consegue parar nem consegui sair da primeira fase então não merece mais que uma estrela,1,10,1.57,2020-01-06 19:06:41
68,Maria Luyza Martins,https://lh3.googleusercontent.com/-BdFmAjfuZhU/AAAAAAAAAAI/AAAAAAAAAAA/ACHi3repxP49oTA2VwjRytVKVJTaNGfgHg/photo.jpg,é um jogo bom eu só queria uma coisa que tivesse mais competições que a linha de chegada fosse mais longe,3,36,1.56,2019-11-27 12:50:34
69,Nilton Andrade,https://lh3.googleusercontent.com/-G2Rg99St3uY/AAAAAAAAAAI/AAAAAAAAAAA/ACHi3rd3iqGdmPTV855Msu-1ZSf42ALtGA/photo.jpg,Obrigado desenvolvedores do jogo eu jogava esse jogo com a minha mãe desde quando eu tinha 3 anos o jogo e muito bom os gráficos são bons tudo e bom nesse jogo,5,76,1.56,2019-11-16 14:08:24
70,Lara Pabline Machado,https://lh3.googleusercontent.com/-4SnOL6tX0tk/AAAAAAAAAAI/AAAAAAAAAAA/ACHi3rcJS9tnq1UA-9Tf6IjW-Z7kcjmjgw/photo.jpg,O jogo é ruim ; quando manda a gente virar para um lado o trem está na frente atravessado na rua . E por isso vou dar só uma estrela .,1,84,1.56,2019-12-11 10:43:46
71,Carlos Carnevale,https://lh3.googleusercontent.com/-8DZ1VSZzyo8/AAAAAAAAAAI/AAAAAAAAAAA/ACHi3rd0OXc8ZYMebDSe-g45ZdDnjPPUJQ/photo.jpg,"Legal esse joguinho, estou aprendendo pilotar o meu carrinho de pipoca: com este belo jogo de simulação. Valeu👍🏽",5,7,1.56,2020-01-12 21:38:07
72,Margarete Kaczan,https://lh3.googleusercontent.com/-_5hebMD5L-8/AAAAAAAAAAI/AAAAAAAAAAA/ACHi3rf7XryrXFQFH37TqUDqq_NncFIZVQ/photo.jpg,Gostei mas poderia ter outra forma de ganhar dinheiro,4,1,1.57,2020-01-11 14:30:49
73,Miguel Pietro,https://lh3.googleusercontent.com/-y5WbTnBuoQE/AAAAAAAAAAI/AAAAAAAAAAA/ACHi3rf3J8itffmJQGlqkZP3ej_BVI-sbw/photo.jpg,Muito legal menos as cameras devia deixa jogar com o onibus,5,7,1.57,2019-12-30 15:56:33
74,Josiel Santos,https://lh3.googleusercontent.com/-ws9U9lM5IIc/AAAAAAAAAAI/AAAAAAAAAAA/ACHi3rftg4KU_2VCy8PatuOwk8cvaOd33A/photo.jpg,Um jogo muito bom o gráfico é muito top véy o jogo irado,5,0,1.57,2020-01-18 21:50:56
75,Yasmin Morais,https://lh3.googleusercontent.com/-CV5K4bdYGvU/AAAAAAAAAAI/AAAAAAAAAAA/ACHi3rcbla1oastHKtnZ71z8kk5ddH8L0g/photo.jpg,"Eu gosto desse jogo mas vcs poderiam adicionar mais carrros e abaixar o preço dos carros,/se tiver preço eu nao lembro,/",3,19,1.56,2019-12-13 10:35:49
76,Valdinan Barreiras,https://lh3.googleusercontent.com/-tsFnh2mtXOw/AAAAAAAAAAI/AAAAAAAAAAA/ACHi3rdWVL9nPEmu294jIFnwtEH0t2V6TQ/photo.jpg,"Muito bom ,os criadores desse jogo se devem estar muito orgulhosos",5,4,1.57,2019-12-22 11:32:51
77,Ariadne Aparecida,https://lh3.googleusercontent.com/-zas4NYKSVNY/AAAAAAAAAAI/AAAAAAAAAAA/ACHi3reZcARt-JMBEUlncYQHG1fEKZVxjg/photo.jpg,E orrivel esse jogo trouxe um monte de viros pro meu celular nao recomendo orrivel e olha q o meu ceu e iphone e esse jogo nao deu e orrivel nao recomendo por mim dava 0 estrelas nao abachem e orrivel,1,3,1.57,2020-01-26 07:07:04
78,gatinha chan,https://lh3.googleusercontent.com/-n4nwGsx0Q0s/AAAAAAAAAAI/AAAAAAAAAAA/ACHi3reDPntlOzpQhykpKU7Tvhr_KP-v5g/photo.jpg,Mano não tenho nem oq dizer o jogo e muito bom adorei parabéns pela criatividade ótimo,5,0,1.57,2020-02-03 18:49:50
79,bella allves,https://lh3.googleusercontent.com/a-/AAuE7mD1RxE4ZBqJZrAjqaoyEPiJ7wSr365Bo3kqi7jkpQ,A policial muito rude muito chata eueim ela que me prende eu pertubo ela a última batida que eu dei foi sem querer mas eu queria atropelar ela isso não seria sem querer 😡😡😡😡 mas o jogo é bom,1,2,1.57,2020-01-30 17:51:56
80,Pietro Joanni,https://lh3.googleusercontent.com/-zK73P8jt6Sc/AAAAAAAAAAI/AAAAAAAAAAA/ACHi3rdo9WRWo2ajzxmHEhY4wAp49hXLxg/photo.jpg,O jogo é muito legal mas o que eu mais gosto é do lado de fora que chega até o parque (mas legal é esse jogo Parabéns pelo trabalho,1,27,1.56,2019-12-09 21:25:56
81,Ana Claudia,https://lh3.googleusercontent.com/-ZkNqlTpScvc/AAAAAAAAAAI/AAAAAAAAAAA/ACHi3rdR1fJrkQynH5RHXysldsXhdcXpLw/photo.jpg,Nao e deficiel estaciona o carro e so ter pratica tipo eu ja consegui demorou ' demorou mas eu consegui todo mundo e capaz de estacionar e so querer,5,3,1.57,2019-12-22 15:45:17
82,Amira Rewell,https://lh3.googleusercontent.com/-X0_Lf8rjoKM/AAAAAAAAAAI/AAAAAAAAAAA/ACHi3rd6TilgdRVqU6poLg3LQSqvd9ZRLQ/photo.jpg,O jogo è super mas super otimo eu recomendo e os que nao gostam que vao tomar banho por que pela mor de deus isso è bom demais quando nao se tem internete .PARABENS PROS CRIADORES AMEI ESSE JOGO,5,56,1.56,2019-11-14 00:20:16
83,Rafaela Rafa,https://lh3.googleusercontent.com/-sQr-HKT5d-0/AAAAAAAAAAI/AAAAAAAAAAA/ACHi3reMMVt0MmVeJ0MwvSTKht-6WVIC4Q/photo.jpg,Legal gosto de carros essa cópia do dr driving é demais tenho no meu celular do 5 estrelas para os dois jogos,5,0,1.57,2020-02-04 14:43:27
84,Djavan Nunes,https://lh3.googleusercontent.com/-SDWGgrshJbE/AAAAAAAAAAI/AAAAAAAAAAA/ACHi3re5ZpTWpDlkWOHeNhvT_lF8HCZpgg/photo.jpg,Velho muito legal a menina que disse que não era bom era porque ela não sabi jogar né não pessoal aí muito legal 😂🤫,5,1,1.57,2020-02-02 20:15:10
85,Hallifhydaniel Mendesmenezes,https://lh3.googleusercontent.com/-En5AT6wAQto/AAAAAAAAAAI/AAAAAAAAAAA/ACHi3rfXDXJKDOrdpmTnF5dBkdscN0IyJw/photo.jpg,Muito bom esse jogo me ensinou a dirigir bem que poderia ter uma versão de moto tbm,5,0,1.57,2020-02-05 10:01:43
86,caue valenca rjrjrj caue valenca riooo,https://lh3.googleusercontent.com/a-/AAuE7mBNbu7NlusDfSMdznD2c1lHePUER-y61F4FFxnj,VITOR LEANDRO um recado pra tu ! se vc nao consegue passar da primeira fase o problema e td seu e vc e um lixo no jogo! c o jogo e tao ruim assim fazo teu e tenha esses numeros de downloads !,5,52,1.56,2019-11-12 23:29:38
87,Adriana Sanguinete Borges,https://lh3.googleusercontent.com/-DLmkwdf0bsk/AAAAAAAAAAI/AAAAAAAAAAA/ACHi3rfXCPQd1rkA4hdCAfpRgtaNPZrMSA/photo.jpg,Bom dia e a gente vê como o que vc acha assim 4UserTask de um amigo meu 8 de vc e vc não sabia,5,2,1.57,2020-01-03 15:02:17
88,Erick Gonçalves Barreto,https://lh3.googleusercontent.com/-7IIzPE423ek/AAAAAAAAAAI/AAAAAAAAAAA/ACHi3rcJE_wfvUr6fq9ncLQ3l_2ZPrKSDA/photo.jpg,Dou 5☆ pq é um jogo muito legal nem tem pq falar desse jogo!!!!,5,2,1.57,2019-12-31 15:45:40
89,Geane Silva,https://lh3.googleusercontent.com/-tXFzDCW0HKs/AAAAAAAAAAI/AAAAAAAAAAA/ACHi3rdQpSmWSyLl1AXmmSni9c6nedfAeQ/photo.jpg,eu gosto muito desse jogo ele e otimo so que se a pessoa começa a joga e perde rapido perde dinheiro😔,5,21,1.56,2019-12-12 08:15:07
90,Ednaldo Costa,https://lh3.googleusercontent.com/-ZZ5cQEzbVog/AAAAAAAAAAI/AAAAAAAAAAA/ACHi3rdpBs8Z_qqGnrHOvNySqIzsPv4QqA/photo.jpg,O jogo e ótimo ser te veser 10 estrela eu colocavar 10 estrela o jogo e otimo os graficos quwando eu vou estacionar e sertinho e para dar todos voces que tem esse jogo colocar cinco estrelas,5,25,1.56,2019-12-15 10:13:34
91,Michael Santos,https://lh3.googleusercontent.com/-_afhK5S--C0/AAAAAAAAAAI/AAAAAAAAAAA/ACHi3rctpPevzyWH62RiGjFV0KneQxL4VQ/photo.jpg,otimo quem fala que esse jogo e ruim ruim e teu passado vc nao consegue passa de fase e fica falando que o jogo e ruim,5,3,1.57,2020-01-05 03:06:03
92,Renato Henrique,https://lh3.googleusercontent.com/-3WV-lz1FlGo/AAAAAAAAAAI/AAAAAAAAAAA/ACHi3rcvhe4KYQ9y5xWg_iCIU5Y0547UEw/photo.jpg,Mano MUITO daora melhores jogos de carros ele é um desses show de bola,5,0,1.57,2020-01-13 18:39:20
93,os primos,https://lh3.googleusercontent.com/-LsF4Uy0TPHQ/AAAAAAAAAAI/AAAAAAAAAAA/ACHi3rda-2oPTuyUizpEWDrfFykGG_pQqg/photo.jpg,Legal mas os carros poderia ser mais barato,2,0,1.57,2020-01-27 11:53:46
94,Lucas Santos,https://lh3.googleusercontent.com/-jeI0oKFDFmw/AAAAAAAAAAI/AAAAAAAAAAA/ACHi3rcIh0_cS9ZK-CLda2qeEwnZnb73VQ/photo.jpg,Demora um século para conseguir entra e ainda por Sima a gente só pode ir para onde vcs mandam e não dár para virar,1,28,1.56,2019-12-11 23:03:27
95,Eduardo Ludimila,https://lh3.googleusercontent.com/-JcTVj2K7TBU/AAAAAAAAAAI/AAAAAAAAAAA/ACHi3rejjS08nhpdPTIqQzZ218cXNfA3UQ/photo.jpg,Oi bom blz banco para um novo dia pra gente se Deus e por ter se de que fazer para conseguir fazer isso com uma mulher que se refere a Deus por nossas guerreiras nossas vidas e paz e harmonia com todos os irmãos em nome da empresa e s,5,0,1.57,2020-01-30 18:02:54
96,Joselia Maria da Conceição,https://lh3.googleusercontent.com/-GAuR9897gb8/AAAAAAAAAAI/AAAAAAAAAAA/ACHi3rfq1o5rfOxj45iBupgTFfonYCImwQ/photo.jpg,O jogo é bom só podia começar com um pouco de dinheiro poriso as quatro estrelas 🤔🤔🤔,4,0,1.57,2020-01-16 21:30:24
97,Laianne Arruda,https://lh3.googleusercontent.com/-JS8W97N6w1k/AAAAAAAAAAI/AAAAAAAAAAA/ACHi3rfAKgIkUqlnbdEoMzUTcJATdLrgKA/photo.jpg,Eu não gostei e muito chato não dá para ver a imagem da frente do carro eu não vou nunca mais foi a baixar eu o deio se vc gosta broblema e seu mas eu não gostei e muito chato é muito difícil.,1,10,1.56,2019-12-11 00:44:49
98,Bruna Silva,https://lh3.googleusercontent.com/a-/AAuE7mDETxNvs85QX8CBIqslmLgkN-vL4LsPKjnjLVXnFQ,"Eu amei o jogo, é bem legal, mas o único problema é que é muito difícil conseguir novos carros",4,26,1.56,2019-12-10 09:24:32
99,viniciushenrrique henrique,https://lh3.googleusercontent.com/-FeWxLb9afIo/AAAAAAAAAAI/AAAAAAAAAAA/ACHi3rdsZzC43Nsj1PYbAqsZaihEJY5F-Q/photo.jpg,"Muito bom esse jogo se apremde se diregir , mais os gráficos não são muito bom",5,26,1.56,2019-12-02 15:33:49
