,userName,userImage,content,score,thumbsUpCount,reviewCreatedVersion,at
0,Marlene Xavier,https://lh3.googleusercontent.com/a-/AOh14Gg27FuoWV48m6kCDNxi_v1M5n1PjqBuEDQI9XmTlg,"O jogo não entra depois da última atualização, tanto Android quanto IOS mesmo erro 1000",1,1,437.0.0,2020-05-31 08:21:22
1,Jardelina1234@gmail.com Jardelina,https://lh3.googleusercontent.com/-z5HnLoVdMfQ/AAAAAAAAAAI/AAAAAAAAAAA/AMZuuckiexnysP46aeBHbK_kUJMaYh4edg/photo.jpg,eu ganho muito bingos faço bastante pontos e nunca ganhei medalha de ouro ou prata só de bronze porque eu não entendi ????eu também ganho bastante bingo e também nunca ganhei medalha de ouro gostaria que vcs manda resposta ??????,4,20,435.0.0,2020-04-30 12:13:13
2,Juliana Nagahama,https://lh3.googleusercontent.com/a-/AOh14GjCeIVpM271a2HIouRfaZpHBy2VgMxWHZ0N1dw4PA,Problema já enviado via e-mail muitas vezes e não solucionado. Adquiro cartelas por 20 pts e não aparecem no jogo fazendo com qie as perca. Desinstalando.,1,14,433.0.0,2020-04-01 00:43:00
3,Jose Alberto Lima,https://lh3.googleusercontent.com/-q_wKIZkwKdE/AAAAAAAAAAI/AAAAAAAAAAA/AMZuucl7ntTkSjHf6LjbM_hSBkWTA5I4Zw/photo.jpg,jogo razoável mais poderia melhorar vc passa 1 hora esperando pra ganhar 4 ticket além do quadrado das estrelas que demoram muito pra encher e ganhar prêmios deveriam diminuir esses minutos e aumentarem a quantidade de ticket,2,29,435.0.0,2020-04-08 16:12:04
4,Ricardo Pereira,https://lh3.googleusercontent.com/-hvbPFs5YfCk/AAAAAAAAAAI/AAAAAAAAAAA/AMZuucn4PFsdSlAsx1FhvrXWO8bGRtHOSg/photo.jpg,"O melhor jogo a roubar, não sai nada, demora para aí 15 minutos até perder tudo e depois pode sempre gastar dinheiro...a desinstalar",1,15,435.0.0,2020-04-05 09:01:19
5,Jair carlos,https://lh3.googleusercontent.com/a-/AOh14GiL3F8O8xebXevwiOIwtnJTVuaUJDq7BWO4AzOewQ,"Horrível, o jogo te deixa ganhar a primeira,depois vc perde tudo e só pode jogar se comprar créditos. Desinstalando agora.",1,11,436.0.0,2020-04-27 22:10:19
6,Luis Gustavo Mendes,https://lh3.googleusercontent.com/a-/AOh14Gipyc-G7sz4m-2KfTktMVE9Ikptyb8VHRPTyw2hmQ,Jogo bom porem muito dificil completar terefas pra ganhar bons premios e os pacotes de compra nao valem a pena se melhorarem isso o jogo fica 100%,3,3,435.0.0,2020-04-08 11:09:42
7,Anna Clara,https://lh3.googleusercontent.com/-5KqEsvBr14g/AAAAAAAAAAI/AAAAAAAAAAA/AMZuuclpZY3ks7bAL7iivXNZAUUYiv15PA/photo.jpg,"Achei que era pra mim jogar Bingo,não o próprio jogo que fica mostrando onde fica os números aff",1,4,433.0.0,2020-03-24 20:43:44
8,Marinalva Bezerra,https://lh3.googleusercontent.com/a-/AOh14GjgL2Wngz-W7cxGXalEu0TfMaTuifQ2CWVzrFKXZQ,"jogo com muitas falhas ,esta lento está péssimo.!",2,2,437.0.0,2020-05-21 18:23:17
9,Cintia Miranda,https://lh3.googleusercontent.com/-id_PI_k77ok/AAAAAAAAAAI/AAAAAAAAAAA/AMZuucmqByBIc29c018Hiu-WmdsiSHbFgw/photo.jpg,Ótima jogabilidade! Amo os joguinhos nele para ganhar ajuda ! É viciante. Para quem faz bingo deveria ganhar um prêmio melhor. Jogo sempre com 4 cartelas e teve um dia que fiz bingo nas 4 e esperava um super prêmio . Só uma vez consegui montar o quebra-cabeças. Poderíamos interagir com os outros jogadores. Contudo é o melhor jogo de bingo que joguei.,4,67,429.0.2,2020-01-26 01:58:49
10,sem nick,https://lh3.googleusercontent.com/-LTrv2DCQo-M/AAAAAAAAAAI/AAAAAAAAAAA/AMZuucn01zWYdqoV3j0mbcg3FwkLKISV8Q/photo.jpg,Jogo bom mas meio cansativo. Outra coisa ..pra vc ganhar tipo 50 cartelas vc gasta mais de 100 ou seja vc sempre perde.,4,1,435.0.0,2020-04-16 21:58:42
11,Rogerio Giovani,https://lh3.googleusercontent.com/-d3tLQbfWrhc/AAAAAAAAAAI/AAAAAAAAAAA/AMZuuclf3T9tuAK1widtiv21ARkHZcsfvA/photo.jpg,"Amo demais esse jogo, estou muito feliz com ele espero grandes coisas com a atualização..",5,3,435.0.0,2020-04-09 08:38:50
12,William Gomes,https://lh3.googleusercontent.com/-i9huCU1CWxs/AAAAAAAAAAI/AAAAAAAAAAA/AMZuucn0TGjdLin9GBD3lBuW4XcUAypCuA/photo.jpg,"O jogo é muito bom só que tem horas que deixa a deseja ...quando você está perto de fazer o bingo trava as bolas e o tempo acaba mais rápido, e tem hora que eu pego baú e não dá a premiação , sem conta que sempre trava quando você está perto de ganha prêmios bom",3,159,430.0.14,2020-02-26 13:04:43
13,Marinaavodetodos Alves,https://lh3.googleusercontent.com/-44XxljEppFM/AAAAAAAAAAI/AAAAAAAAAAA/AMZuuck8PoJ4KnKHo8zgJFdCB1Y8vU3AtQ/photo.jpg,Gostei desse bingo no começo mais depois agente nunca consegue montar o quebra cabeça sem contar q a atualização o jogo fica pior eu nao to conseguindo jogar mais vou desinstalar resumo horrivel nao recomendo a ninguém,2,3,429.0.2,2020-03-12 12:02:14
14,Gustavo Amato,https://lh3.googleusercontent.com/a-/AOh14GjswoSN32qiw2a6cl1OJT0bvBPZMLkJd1lCKVeaLg,Jogo lixo. As pecas sao manipulas criei 6 contas e nao consegui 1 bingo. Nota 0 pra vcs . nao recomendo,1,0,437.0.0,2020-05-18 19:57:05
15,Thiago Barbosa,https://lh3.googleusercontent.com/a-/AOh14Gh_TGTrymMUIa7swnZxLZ8IZwWf5fqPq2oANNKuvWw,O jogo não está avisando quando é para receber os tickets.,5,0,436.0.0,2020-05-14 11:54:53
16,Elda Brambilla,https://lh3.googleusercontent.com/-f6_6zWQgbuY/AAAAAAAAAAI/AAAAAAAAAAA/AMZuuclzuZcggggY-iSntgoj4uR98Gk7Qw/photo.jpg,Por que nesse jogo nunca cheguei na prata. Sera que e so comprando ou tem falcatruas também aqui. So porque eu jogo so com os bonus. Esclareça porque quando chamam a ultima pedra nunca consigo marcar o bingo.,2,3,429.0.2,2020-01-19 12:54:18
17,Jane Liss,https://lh3.googleusercontent.com/-HGGNoBveVXU/AAAAAAAAAAI/AAAAAAAAA5I/AMZuucndhYk1mDI801ANKBpHSMaOk1ry1g/photo.jpg,"Eu quero saber que horas a p**** dos meus prêmios serão entregues, pq já aconteceu outras vezes de alcançar a pontuação necessária para conquistar os prêmios e os mesmos não serem entregues. Vc se esforça para ganhar e não recebe o que é devido, isso é uma palhaçada e um desrespeito.",1,27,429.0.2,2020-01-26 11:20:31
18,Graziele Mello,https://lh3.googleusercontent.com/-tCSyJM0RYXU/AAAAAAAAAAI/AAAAAAAAAAA/AMZuucnr_BCf0Z7Em0pbc876FtAhTi6vIA/photo.jpg,"O jogo até que é bom , porém ganhei bronze no jogo de segunda pra terça, mas como não entrei no jogo ontem não recebi o prêmio, achei desnecessário isso , pois nem sempre dá pra entrar na Net. Falha de aplicativo",1,11,428.0.3,2019-12-18 09:25:13
19,Suely Wosniak,https://lh3.googleusercontent.com/a-/AOh14GgGqbQp41ICmPuHFubtm7ReLHKOcVWMSfjMrLH4,Quando jogo marco tudo certo mais sempre diz que não marquei um ou dois números. Não é a primeira vez. Já reclamei e não adiantou . NÃO ADICIONE EDTE JOGO P O R C A R I A.,1,2,429.0.2,2020-01-20 17:30:03
20,fernando ribeiro,https://lh3.googleusercontent.com/a-/AOh14GikRrZR_dPU9xN2DFYDxvkSiz5aEWGdiCHIbf_d_LQ,Péssimo não paga o prêmio e pior tem que esperar 1hora para receber a cartela no mínimo teria que ter vídeos igual os outros jogos e o administrador não se importa e nem responde ninguém ainda gastei dinheiro neste jogo palhaçada viu 💪,1,19,430.0.14,2020-02-17 22:32:44
21,Danilo Liborio,https://lh3.googleusercontent.com/-CAfOVDvvUzc/AAAAAAAAAAI/AAAAAAAAAAA/AMZuucnAP6ZDzjglW8Gyc5XB2MBwi-pEPQ/photo.jpg,Muito envolvente.ótimo passa tempo,5,0,437.0.0,2020-05-30 18:55:41
22,MARCOS COELHO,https://lh3.googleusercontent.com/a-/AOh14Gi8Xvozg52Dthwwh7mpX8gScg5-dlMmVA7jRQds7A,"Depois da última atualização ficou horrível,mais lento e travando bastante...",3,26,429.0.2,2019-12-21 23:44:33
23,JACQUELINE FARAH,https://lh3.googleusercontent.com/a-/AOh14GjLK7SQ4xTebYhGb2M9ExTYJwF5NU4GOrE3XrVl9Q,"Vou desinstalar pois nao abre mas o jogo,fica carregando,nao é por causa da Internet,jogo outros jogos online sem problemas nenhum.",1,2,429.0.2,2020-01-15 07:41:13
24,Andréa Bueno,https://lh3.googleusercontent.com/a-/AOh14Ghqb6_AAw-q2057ZvyF4G5LD6fSVkXPzzssV4LM,"No início, sorteiam vários números da sua cartela, você binga bastante... Mas depois, é raro!!",2,2,429.0.2,2020-01-26 15:50:37
25,Cristina Zilioli Agrelli,https://lh3.googleusercontent.com/a-/AOh14GjSfCFVuVHAUZODhqkmwr37478W22gjcCNIBLaPow,Muito difícil bater o bingo... é muito dificil mesmo. As vezes desanima.,4,0,429.0.2,2020-02-25 06:19:04
26,Robson Balestrim,https://lh3.googleusercontent.com/-twnAkGmrTKQ/AAAAAAAAAAI/AAAAAAAAAAA/AMZuuclRo8Q2dpKUdQ0s8pFfOzeXGdcc7g/photo.jpg,Excelente entretenimento! muito bom! chega ser viciante! Jogo todos os dias!,5,8,429.0.2,2020-01-14 18:10:39
27,Anita Andrade,https://lh3.googleusercontent.com/-Tr-FgMBvEAQ/AAAAAAAAAAI/AAAAAAAAAAA/AMZuuclrsYbsTyt3IDAVOrgaWCC5TfgfBQ/photo.jpg,"Infelizmente depois da última actualização o jogo trava muito, imagens ticou turvas, por favor rectifica.",3,0,429.0.2,2020-01-19 12:33:47
28,METRLH4》 《DO》 《FREE》 《FIRE》,https://lh3.googleusercontent.com/-REgXwEErcR8/AAAAAAAAAAI/AAAAAAAAAAA/AMZuucmdAIjuosMtiE5c46oDd3eIR39ktQ/photo.jpg,Já ganhei ouro prata diamante pratina bronze gosto muito do jogo agora ele não que mais abrir e eu ganhei Prata muita sacanagem concertem isso não quero desinstalar 😔,2,5,430.0.14,2020-02-07 19:37:45
29,Jurandir Silva,https://lh3.googleusercontent.com/-j5duccA6pjM/AAAAAAAAAAI/AAAAAAAAAAA/AMZuuclXRVGyzi04faSv9Y7cWoCpXJ-Jog/photo.jpg,Não consigo jogar..da erro código 100,5,0,437.0.0,2020-05-28 23:18:50
30,Eva Franca,https://lh3.googleusercontent.com/-3yCKvFxd1o8/AAAAAAAAAAI/AAAAAAAAAAA/AMZuucnH_bfD39piUsggfXM28okP0OvYzA/photo.jpg,O pior jogo deste plataforma vc não ganha nenhuma além disso não dura mais que 15 segundos é ridículo não baixem isso é horrível . O pior de todos não é por não goste se quiserem baixem pra ver mas cada vez que baixa esse jogo eles ganham dinheiro mesmo que vc desinstale então não baixem é piada tem outros melhores e mais divertidos. Se pudesse dava nota 0 e zero estrela . Não merecem,1,0,,2020-05-12 02:09:03
31,rosana magali ferrari laino,https://lh3.googleusercontent.com/-aOhb2rP7DQI/AAAAAAAAAAI/AAAAAAAAAAA/AMZuucl603iRVBhJYCyGu2xcgEXiMxykbA/photo.jpg,"muito bom, só as vezes os números demoram um pouco para aparecer e não consigo jogar em português",4,2,429.0.2,2020-01-14 16:51:57
32,Alexandre Lessa,https://lh3.googleusercontent.com/-bTkKr2itlrM/AAAAAAAAAAI/AAAAAAAAAAA/AMZuuck7u19OwL_dLTLE0334nWWFcJqbTA/photo.jpg,O jogo tava ótimo eu só quero saber pra onde foi o meu jogo simplesmente perdi todos os meus benefícios e apareceu outra conta ficou muito chato se me devolver a minha conta de antes volto a instalar,5,1,429.0.2,2020-01-05 22:23:29
33,Kelly Cristina Thomasi,https://lh3.googleusercontent.com/a-/AOh14Gg-n0TfwwZYRFaGtTbi26ImpElUt-sLBH-4GvP2,Estou dando 3 estrelas porque acho que deveriam oferecer um premio maior... ganhar 4 dinheirinhos não da pra jogar nem 2 rodadas... fora isso o jogo é bem legal,3,3,430.0.14,2020-02-12 20:38:07
34,Rosangela Santos,https://lh3.googleusercontent.com/-uSpEXK2kAoc/AAAAAAAAAAI/AAAAAAAAAAA/AMZuuckcbqd37PQVyHIuYkRtdvCbtlDR9Q/photo.jpg,"O jogo é maravilhoso, só os tickets grátis que poderia ser com menos tempo. Viciante kkk",4,6,430.0.14,2020-02-17 16:12:19
35,Tayslane gregorio de farias,https://lh3.googleusercontent.com/a-/AOh14Gik0sSqXEjYLnsnphi_XTy6zwzYL1bpW5z-vYdZ,"Troquei de 5 pra 2 estrelas, pois o jogo tá péssimo, depois da atualização nunca mais consegui jogar, rouba meus bingos, acerto bingos em várias rodadas, mas não consigo pega-los, melhorem isso por favor, pois gosto do jogo",2,0,165.2.0,2020-05-07 20:32:25
36,Romilce Ssntos,https://lh3.googleusercontent.com/-gk1SxHClIN0/AAAAAAAAAAI/AAAAAAAAAAA/AMZuucmNLLo29F3txRWsP92fKn8no3YC3Q/photo.jpg,"Há mais de 2 anos que eu jogo. A primera versã,era ótima! Agora está horrivel! Travando muito,não conta serto. Marco quinze pontos,registra nove. Marco 9,registra 5,4 e assim por s diante. Amo este jogo,mãs,fico muito chateada. Vê se melhoram!!",2,0,,2020-04-17 22:59:25
37,Bruna Cristina,https://lh3.googleusercontent.com/a-/AOh14GhKY_vTlvLMzVKWdFIwsvsGf_6r3gH47H5qO8A2bw,"Demoraaaa horrores para começar, e mais ainda para trocar de língua. E é um jogo que tem muita informação na tela que é poluído visualmente e você não consegue se concentrar. Joguei 2 rodadas e já senti que o jogo se torna chato.",2,0,,2020-04-30 18:26:56
38,Diana Batista Pereira,https://lh3.googleusercontent.com/a-/AOh14Gj8wORt9Y5auR4O7S-IS80bLfWlvAYmGueiewDB,Não estou conseguindo entrar. Fica falando que preciso de conexão com a Internet. Mas estou usando o wifi aqui de casa. Internet de 200Mb,5,0,172.0.0,2020-03-07 09:22:31
39,Goncalo Sousa,https://lh3.googleusercontent.com/-Hk0baEKpZEs/AAAAAAAAAAI/AAAAAAAAAAA/AMZuucmak56v8dLblPOw06Ym6xRb8d_8Cw/photo.jpg,"Têm uma exelente jogabilidade ! E tambem é muito viciante , gosto de fazer os desafios diários e tambem temos a roleta todos os dias onde posso ganhar tickets ou powerups ,enfim,este bingo é o melhor de todos.",5,0,159.1.0,2020-02-01 09:27:56
40,francisco erlanderson,https://lh3.googleusercontent.com/-3Urn86qB6jQ/AAAAAAAAAAI/AAAAAAAAC5k/AMZuuckMLAvzH6RYPQqW2yz8c1ALNEqMOw/photo.jpg,Continua travando. Está péssimo. J6 Plus!!! Já reinstale 3 vzs E nada. Além disso ganhei bronze e não deram as vidas e powerups Mais uma vez sumiram com meus pontos E bronze Como se eu não tivesse jogado Sinceramente tá horrível o sistema!!!,1,0,,2020-01-14 16:55:29
41,Um usuário do Google,https://lh3.googleusercontent.com/EGemoI2NTXmTsBVtJqk8jxF9rh8ApRWfsIMQSt2uE4OcpQqbFu7f7NbTK05lx80nuSijCz7sc3a277R67g,"O melhor Bingo de todos, ja estou no nivel 89, não tenho o que reclamar, o jogo é justo, se constar que você perdeu bolas, é porque perdeu, se tivesse bingo toda hora, o jogo não teria graça...... parabéns aos criadores.....e que venha mais novidades....Que Deus abençoe e ilumine vocês.... muita luz...e sabedoria.....",5,84,167.0.0,2019-05-29 23:20:17
42,Cintra Fernanda,https://lh3.googleusercontent.com/-waIixStsVbM/AAAAAAAAAAI/AAAAAAAAAAA/AMZuucmdp4If0RS1tp-oUyV1GXXTCv1PlQ/photo.jpg,"Esse jogo sabe deixar a gente desempolgada...Vc faz bingo ele não registra, trava não devolve o dinheiro. Sabendo que o travamento é do jogo na real seja mais justo é sem contar ,quem for observar as cartelas são repetitiva e as cantadas das bolas por cada cartela são os msmo número sem dar chance de ganhar e qndo ganha não paga...palhaçada",5,14,166.1.0,2019-04-12 13:50:26
43,Vanessa Silva,https://lh3.googleusercontent.com/-53N45qErFdA/AAAAAAAAAAI/AAAAAAAAAAA/AMZuuckuZ7jQ1zYfzYleq6EHe43QSUVE7Q/photo.jpg,"gosto muito desse jogo,só que são muito demoradas para ganhar ficha",5,0,430.0.14,2020-04-14 14:16:15
44,ismael silva,https://lh3.googleusercontent.com/-woNLvi8GD5o/AAAAAAAAAAI/AAAAAAAAAAA/AMZuucnmtjahB6HrDBIVyfDHt3RV4Lg5sg/photo.jpg,"Gostei muito, mas seria melhor mais cartelas por hora. Aí ficaria top dos top poderia ser colocado mais cartelas e a opção de marcação automática marcando automaticamente os números. e a caixa de bingo da pouco prêmio",4,20,160.1.0,2019-01-26 23:10:53
45,Rosangela Fidalgo,https://lh3.googleusercontent.com/a-/AOh14GhCwoXlzRrTEJ3i7e_AZbQ_sVbAnuH-pEaM7m2c,"muito divertido, várias possibilidades de ganhar cartelas pena que as vezes achamos que conquistamos medalhas, mas como não dá pra passar o dia todo jogando, outros passam a nossa frentd e perdemos o que conquistamos. acho que depois que conquistamos não poderíamos perder, mas mesmo assim é muito legal,viciante. vale a pena jogar.",5,294,172.0.0,2019-08-28 14:06:58
46,Consuelo Moura,https://lh3.googleusercontent.com/--YdE53DFw3s/AAAAAAAAAAI/AAAAAAAAAAA/AMZuucnh86_bGncaJ1ZyJyc_FQaRfVsK1g/photo.jpg,"Impossível montar os quebra cabeça, impossível encher as barras para abrir os baú com premiação maior. Na maioria das vezes estamos com as cartels cheias de premiação mas nunca saí o número sorteado com eles, na vert saí muito pouco. Quando faz bingo a premiação é bem baixa e é raro sair um com uma peça do quebra cabeça. Não tem como montar o quebra-cabeça ou encher as barreiras para abrir os baús. Pura enganação e ilusão.",1,110,172.0.0,2019-08-28 20:44:31
47,João Victor Alkants,https://lh3.googleusercontent.com/a-/AOh14GhDxXt9cxEj6b1zWSFJTYorWxXf3GJDHCEFM53cHw,"ruim de mais, nao há aleatoriedade. para iniciar tem 300~ cartelas bingo, dai 3 numeros e 200 cartelas marca bingo. como? se o certo precizaria de 4 numeros sorteados para fazer bingo. oi? mesmo assim 200 cartelas bingo? e sem falar que os numeros sorteados sai em sequência.",1,12,169.1.0,2019-07-03 19:22:12
48,Emily Emily,https://lh3.googleusercontent.com/-itYx4EhtnG0/AAAAAAAAAAI/AAAAAAAAAAA/AMZuucmYM7SzhWDLfJPQnMs_RxlzRpFgOw/photo.jpg,"NAO BAIXEM. Esse é daqueles jogos que nao ganha nada nada sem colocar dinheiro, so passa raiva. E quando fala de dinheiro nao é pouco nao. Quando vc tem premios pra ganhar, so sorteia numeros onde nao estao os premios. Chega a ser irritante. Para atingir as metas é impossivel sem colocar dinheiro. Sem falar que se vc nao joga, perde ponto e perde tudo aue conquistou. Sinceramente, nao baixem.",1,14,172.0.0,2019-10-08 11:13:44
49,Mayara Raposo,https://lh3.googleusercontent.com/a-/AOh14GiD1ViSb_NGtN0rCmzaltgjEC4Gp5jRztUU7XhLMZc,"Não é o q se espera. Nunca se ganha. E quando ganha(raro isso), o valor é inferior ao q mostra. Esse jogo é só um passa tempo(literalmente). Não baixem! N vale a pena. Baixem o Praia Bingo. Nele, pelo menos, ganha o Bingo. Desinstalando esse.",1,33,170.0.0,2019-07-14 11:41:16
50,Ana Paula Souza,https://lh3.googleusercontent.com/a-/AOh14GjfUl7WNiazQ9kHih_B5_vQU0phzxuAo2FAF_8Esw,péssimo de mas quando tá próximo de fazer bingo o tempo si esgota sem vc espera. a contagem do tempo é muito rápido vc pensa que está em 300 quando está perto de fazer bingo o tempo se esgota de um jeito que ñ dar pra saber aí pula pra 58 esse jogo é muito ladrão isso sim vou desinstalar 👎👎,1,0,,2019-08-06 09:29:13
51,Silvia Regina,https://lh3.googleusercontent.com/-GgM7PYAcArQ/AAAAAAAAAAI/AAAAAAAAAAA/AMZuucksUo_8oOAt0aUxlLIVS1fSAmbjJQ/photo.jpg,estou gostando mas fico varias vezes sem jogar por falta de cartelas.poderia dar mais cartelas sem yer q comprar pois nem tralho com cartao e ainda estou aprendendo como jogar pq tem varios icones enfim......................................................................................................................................................................................................................................................................................................,5,0,161.1.0,2019-02-09 14:59:35
52,Um usuário do Google,https://lh3.googleusercontent.com/EGemoI2NTXmTsBVtJqk8jxF9rh8ApRWfsIMQSt2uE4OcpQqbFu7f7NbTK05lx80nuSijCz7sc3a277R67g,"ótimo jogo, bastante simples de jogar é vários bônus que deixa o jogo curioso, poderia melhorar os bonus que levem mais dias, diminuir a pontuação para varios jogadores alcançar, não so os de elites. excelente jogo, nota 5☆",5,1,162.1.0,2019-03-05 10:46:15
53,Rayane Ribeiro,https://lh3.googleusercontent.com/-6cCIvy499RA/AAAAAAAAAAI/AAAAAAAAAAA/AMZuuclyZnn0lrARW9Vkb3UoGb-yNvzZLQ/photo.jpg,"jogo super divertido... gostei de jogar o Bingo.. muito bom. as recompensas diárias deveriam sem bem mais do que é dado. o jogo é top. me divirto bastante. o jogo é bem interessante e gostoso de se jogar. amei. 😘😘😘😘😘😘😘😘😘😘😘😘😘😘😘😘😘😘🎁🎁🎁 é um presente este jogo para quem gosta.. vai gostar mais ainda. perfeito, Bom, ótimo, maravilhoso e super divertido. gosto de participar do jogo.. onde consigo ganhar vários brindes e fichas perfeitas. top top top . perfect e legal de se jogar.",5,10,170.0.0,2019-07-15 17:27:31
54,juliana machado,https://lh3.googleusercontent.com/a-/AOh14GgZ7cwLD3dqXEiTISsVCP9tz57_5J35YVpX3FUlMg,"poderiam melhoras em diminuir o alcance dos bônus, e também poderiam facilitar a marcação dos números.. Mas o jogo é bom, viciante..mas as vezes da raiva porque não tem tantas facilidades..",3,17,172.0.0,2019-08-30 17:33:06
55,Um usuário do Google,https://lh3.googleusercontent.com/EGemoI2NTXmTsBVtJqk8jxF9rh8ApRWfsIMQSt2uE4OcpQqbFu7f7NbTK05lx80nuSijCz7sc3a277R67g,"Jogo muito e sempre coloco créditos no jogo, não fico esperando só as fichas diárias. Mas poderiam melhorar o bônus de hora em hora, o baú a cada 10 bingos também",5,4,157.1.0,2018-12-26 09:39:35
56,Christian Sebastian,https://lh3.googleusercontent.com/a-/AOh14Gj2QBIJ5TJNSJXLzY1wU4_wkpRGfHP6AHcLDV9I,o jogo é muito bom mas como todos estão falando deixa a desejar pois não se consegue fazer o bingo e nem ganha pois as cartelas já que são pagas poderia ter modo de escolha e fazer um bingo de vez em quando.,1,7,170.0.0,2019-07-13 06:43:43
57,Cláudia Soares,https://lh3.googleusercontent.com/a-/AOh14Gh2pj7dKzF9A1dItJQlktWPWPMKDlGq4JeJvPujYPY,"Adoro esse jogo. Só não gosto desse tempo de 1 hora p resgatar os tickets, é não baixar automático. Se não entrar de hora em hora fica sem ganhar os tickets... 😕",5,5,156.1.0,2018-11-20 15:56:22
58,Um usuário do Google,https://lh3.googleusercontent.com/EGemoI2NTXmTsBVtJqk8jxF9rh8ApRWfsIMQSt2uE4OcpQqbFu7f7NbTK05lx80nuSijCz7sc3a277R67g,"O jogo e legal , só achei ruim pq quando vc faz o bingo no último instante o aplicativo não registra a vitória se não der tempo de vc tocar no meio da cartela acho que o bingo deveria ser registrado altomatico",5,0,148.1.0,2018-09-18 02:46:45
59,Léya Quadros,https://lh3.googleusercontent.com/-MCBrWJe0Bq0/AAAAAAAAAAI/AAAAAAAAAAA/AMZuuckVzK7JwsaqG61EqNX2sDbgG2TbKQ/photo.jpg,"- Muito bom esse jogo, mas os stickers deveriam ser distribuídos em meia em meia hora ou em 15 em 15 minutos. Pois demora muito para poder jogar novamente. Mas é ótimo o jogo! Super recomendo.",4,19,167.0.0,2019-05-20 18:51:22
60,Evanir Araújo,https://lh3.googleusercontent.com/a-/AOh14GiEwU5UmNaqRPZHfcfnZs35eDPp8SV69Z89H6hwnEU,"Precisa dar mais prêmios, mais tempo com a última pedra, deixar vir as peças para completar o quebra cabeças e menos tempo para receber novos bônus diários 😁",3,0,157.1.0,2018-12-31 14:42:26
61,Walace Ferreira,https://lh3.googleusercontent.com/a-/AOh14GgVrb33QUF8cY_3MwI2eY5GwRVnCIFEfHZ0FUx3lA,"ótimo jogo, sendo que a contagem quando vai chegando no final deveria ser mas devagar, por diversas vezes era pra eu fazer bingo e por conta da contagem regressiva no final nunca da tempo ...",5,24,170.0.0,2019-07-17 18:24:19
62,Aline Schapieski,https://lh3.googleusercontent.com/-cX8fALjgFEo/AAAAAAAAAAI/AAAAAAAAAAA/AMZuuck3si1fLKhTtOi47ZjBFZKtnDP9Ng/photo.jpg,devia ser menos caro. e as promoções com mais tempo. e ter mais incentivos. pq ja sao caros os extras.,3,0,165.2.0,2019-03-31 12:11:57
63,Um usuário do Google,https://lh3.googleusercontent.com/EGemoI2NTXmTsBVtJqk8jxF9rh8ApRWfsIMQSt2uE4OcpQqbFu7f7NbTK05lx80nuSijCz7sc3a277R67g,"Acredito que seria interessante se quando houvesse o bingo, a cartela bingada que ainda tivesse premios a serem marcado fossem computados conforme acontece com os diamantes. So uma sugestao!",5,18,169.1.0,2019-06-07 18:09:45
64,Ana Cláudia,https://lh3.googleusercontent.com/a-/AOh14GiGBlBS5cgvOMtX01AkQfeyECA0TUV_Mhln5SYN,"o jogo é muito bom, mas acho q poderia demorar menos pra dar tickets, e as vezes a gente perde o bingo pq demora a bater quando a gente faz bingo na última pedra",5,0,157.1.0,2018-12-29 01:33:18
65,Angela Xavier,https://lh3.googleusercontent.com/a-/AOh14Gj22tJYSmFdUPH4SUDXO9UTMpgsYXnF4i7j_zDaSA,"Termina muito rápido, quando vamos marcar no final, vamos ver e tentar marcar já acabou. Não tem missão para ganhar tickets. Falta melhorar isso.",1,14,172.0.0,2019-09-01 23:26:35
66,elisangela sene dos santos,https://lh3.googleusercontent.com/a-/AOh14Gjh3qwB6SxYsuM6H2fjvb7ixNT78xactw-jzBPcFw,"viciante, jogo pra toda a família. Porém após a última atualização não consigo jogar no 4g só no Wi-Fi",3,3,427.0.4,2019-12-19 06:19:52
67,Beverly Alana,https://lh3.googleusercontent.com/a-/AOh14GijiG6Td5U3JiJ1cSQtzp65LrqQubTUoG2BZxWXFw,o jogo é bom Eu só acho que os números são ditos muito rapidamente e isso dificulta muito quando se joga com 4 cartas... Mas de resto o jogo é bom,3,5,167.0.0,2019-06-02 15:57:10
68,Otavio Augusto Gonçalves de Almeida Torres,https://lh3.googleusercontent.com/-nWPeZ92C1sA/AAAAAAAAAAI/AAAAAAAAAAA/AMZuuckMXhFamy46gHr4Ds91YVAiUo44EQ/photo.jpg,Poderia colocar formas de ganhar mais bilhetes,3,1,429.0.2,2020-01-06 02:30:40
69,Tatiane Correia,https://lh3.googleusercontent.com/-QGnAVXELpzY/AAAAAAAAAAI/AAAAAAAAAAA/AMZuucmpmgYNcQo8z4Z-DCNDoAwWQ0vMJg/photo.jpg,Depois da última atualização não funciona. ..instalei e 3 aparelhos diferentes e não funciona.,1,2,427.0.4,2019-12-06 17:21:06
70,Vera Mata,https://lh3.googleusercontent.com/-2fNT86oxNg8/AAAAAAAAAAI/AAAAAAAAAAA/AMZuuckrYxwuN7DyWKmMvp1BbCBwOy6syg/photo.jpg,"gostava de saber o porquê de a arca de bingo a mim, só abrir uma vez a cada 24h. perdeu o interesse todo.... já não bastava os poucos tickets de hora a hora, se não agora fazer bingos e não contar",3,9,166.1.0,2019-05-07 19:02:34
71,Barbu Costelus,https://lh3.googleusercontent.com/a-/AOh14Ggku1WaF1sieOrCzxdY2ZGw_PHE_ZQV4hPZBwjYuQ,Os cartões não calham na hora sertã quando um jogador joga conforme como está marcado no tabuleiro dos números. Por favor põem jogo para funcionar como se deve.,5,0,153.1.0,2018-10-23 16:41:35
72,Balbino Nunes Filho,https://lh3.googleusercontent.com/-0YF0AqnitH4/AAAAAAAAAAI/AAAAAAAAAAA/AMZuucl0RQrcMa42UsehKGI-qYy_dkFvew/photo.jpg,"jogo muito gostoso,mas os tickets distribuídos de hora em hora, são muito poucos,as vezes fazemos o bingo em cima da hora e não nos dão o crédito.",5,158,169.1.0,2019-06-07 23:32:29
73,Aperta O Enter,https://lh3.googleusercontent.com/a-/AOh14GiplJpbzaTpt-xkbDD5UEiNIRVYfcOyxG4CIP3cJw,jogo em si é legalzin... o que estraga é que se acabar o ticket e acaba rapidinho! é q se vc quiser jogar tem que comprar... é o ruim tambem é que nao é que nem o bingo normal ganha quem preencher tudo... tem tipo uns esqueminha pra pessoa preencher rapido sem precisar cantar o numero da cartela.... e alem de nao ser la aquelas coisas ocupa muito espaço pra um app simples,1,5,160.1.0,2019-01-24 21:01:34
74,Adriana Oliveira,https://lh3.googleusercontent.com/a-/AOh14GiINJEVaHG2ThW0IuaLhHWepm6ekdDzz4TndRT1_zQ,"Tá travando muito,e não é o aparelho. As vezes a pedra não é cantada e marca como perdida. Agora o jogo mostra carregando e nunca que carrega. Assim tá difícil",2,17,426.0.1,2019-11-23 23:46:19
75,Adriana Verónica,https://lh3.googleusercontent.com/a-/AOh14GioxgcLz4gbHvcYS3Svq2pGoCY57nwkfgDTI6K_PA,"O jogo é ótimo, mas podia ser melhorado.... quando estamos na reta final é muito rápido.... poucas oportunidades de ganhar mais moedas enfim com o tempo perde se o interesse",3,0,148.1.0,2018-09-12 09:36:27
76,Wanessa Vs,https://lh3.googleusercontent.com/a-/AOh14Gg-UEcDgtamCRFqgmZK9nHuQ3PsWSkCoadyrRpP7w,"muito bom o jogo ,mas também podiam nos dá opção de assistir alguns vídeos para recebermos mais tickets. pois temos que esperar meia hora para ganhar mais tickets aí a g3nte perde a vontade de jogar .",5,12,169.1.0,2019-06-13 21:08:54
77,Tatiane Arendt,https://lh3.googleusercontent.com/-QYTcNi3LNHY/AAAAAAAAAAI/AAAAAAAAAAA/AMZuucmTr1u9a0Bn646TNqsDkGIkMK4ixQ/photo.jpg,só duas coisas acho q poderia ter uns 10 segundos de tolerancia pra.terminar de marcar as cartelas depois q a ultima bola é cantada e a cada hora receber mais tickets pra poder jogar,5,1,169.1.0,2019-06-10 08:30:34
78,mariajuliapereira pereira,https://lh3.googleusercontent.com/-UlKZq3PdlEs/AAAAAAAAAAI/AAAAAAAAAAA/AMZuuclLB5Tls81R8QzHWAGRzKt1kzpb6A/photo.jpg,"Boa tarde a minha critica, é voçês nos tiram muitos pontos, e quase no final ás vezes vèm bingos e voçês tiram, os segundos passam muito rápido.",1,0,166.1.0,2019-06-14 12:31:40
79,Ana Karoliny,https://lh3.googleusercontent.com/a-/AOh14GgZkCWSI81HblKs8LB2GAmeSEoUkNHh9vrMt3rWXMg,Atualizei e o jogo parou de funcionar no meu celular . Já desinstalei e instalei e nada de funcionar!!!,5,4,427.0.4,2019-12-07 20:03:56
80,Um usuário do Google,https://lh3.googleusercontent.com/EGemoI2NTXmTsBVtJqk8jxF9rh8ApRWfsIMQSt2uE4OcpQqbFu7f7NbTK05lx80nuSijCz7sc3a277R67g,"Muito bom, porem trava, precisa fazer uma avaliação no jogo, pois quando ta no final demora muito para sortear o numero e os minutos vão passando!",5,9,165.2.0,2019-03-28 23:06:55
81,Joelma Watanabe,https://lh3.googleusercontent.com/a-/AOh14Gg50Ci_X_tXL9hITpY_6pdxjgDRfYiNSFNGyRatVg,"o jogo e bom e fuciona normal, mas demora muito para conseguir fazer bingo o que acaba tirando o gosto por continuar, ninguém gosta de só perder.",3,1,153.1.0,2018-10-19 16:15:32
82,Ricardo Iancheski,https://lh3.googleusercontent.com/-prG9UFAVhPk/AAAAAAAAAAI/AAAAAAAAAAA/AMZuuckiK4vu64yXsCTk3kjbQVfUDADhMg/photo.jpg,quase bom tem que deixar mais fácil para fazer bingo tem que colocar alguns segundos depois que acabar as bolas do sorteio para dar tempo de bingar perdi três bingos assim,5,4,170.0.0,2019-07-10 12:03:25
83,Karina barros,https://lh3.googleusercontent.com/a-/AOh14Gg-OiiFP-gu8kb-QlS8DxAIeQ_PboRHhZi3Ol6GHQ,"adoro bingo, cada dia melhor, com mais prêmios, melhorando mais e mais, só tem que ficar mais fácil, kkkkkk, adoro, jogo todos os dias sempre",5,28,172.0.0,2019-09-02 22:20:11
84,Cleide Pedroso,https://lh3.googleusercontent.com/a-/AOh14GgsZD8ZIaUxQSs0jglH4--kQrSbOKa-vfvefE4HXA,Gostei. Só acho que as pedras em certo momento são rápidas demais e o jogo acaba .Deveria ter um tempinho a mais.,5,3,168.1.0,2019-06-07 11:28:58
85,Tiago Pascoalin,https://lh3.googleusercontent.com/a-/AOh14Gg7lvOONxJ7CuJKTMGYrdVRg5HHLn7xNYrUMUXx8A,Desinstalando o jogo impossível vc ganhar uma e a cada 20 vez que vc joga Sem falar que os outros batem muito rápido mal sai 3 números já tem gente batendo gostaria de saber como que isso e possível,3,0,153.1.0,2018-10-30 00:26:39
86,Um usuário do Google,https://lh3.googleusercontent.com/EGemoI2NTXmTsBVtJqk8jxF9rh8ApRWfsIMQSt2uE4OcpQqbFu7f7NbTK05lx80nuSijCz7sc3a277R67g,poderia melhorar mais é um jogo muito bom ...Mais tempo para preencher o quebra cabeça e as ficha podia ser de 30 em 30 minutos,4,8,171.0.0,2019-08-16 21:47:42
87,Maria Vanusa,https://lh3.googleusercontent.com/a-/AOh14GjgsuoUwOqow0h4-iUqhliCwbO8C1uUkRuseSdN6A,Deveria ter opção de assistir vídeo pra conseguir tickets,3,1,429.0.2,2020-01-12 16:39:27
88,Um usuário do Google,https://lh3.googleusercontent.com/EGemoI2NTXmTsBVtJqk8jxF9rh8ApRWfsIMQSt2uE4OcpQqbFu7f7NbTK05lx80nuSijCz7sc3a277R67g,muito legal de mais jogo muito sensacional parabéns para quem fez esse maravilhoso jogo amei de mais vale apena vc joga com amigos muito divertido.....ate criança pode joga esse jogo maravilhoso amei muito........ja pode começa a se divertir com ele recomendo até de mais ...@.....,5,1,169.1.0,2019-06-20 22:15:44
89,Pássaros do Amor,https://lh3.googleusercontent.com/a-/AOh14GjwZPGdIMdDnSE58df6L9nu9QSrBSgimn1L_b-sHA,Demora muito tempo para apanhar as cartas. Cada carta demora 60 minutos.,3,0,148.1.0,2018-09-22 08:20:58
90,Rafael Harangoso,https://lh3.googleusercontent.com/-MQhw_qD5XvY/AAAAAAAAAAI/AAAAAAAAAAA/AMZuucnCZpmzHa_lKCLaKebm5_hmbKydBA/photo.jpg,"sem power ups não se ganha !!! para adquirir power ups precisa de dinheiro kkkkk vocês são uma piada removendo o jogo em 3,2,1......... até nunca mais",1,60,166.1.0,2019-05-07 00:15:34
91,Mary Amorim,https://lh3.googleusercontent.com/a-/AOh14Gjfae5dukKSNqS85RlS706TuQ86ZwstPfjeMEu6Wg,Péssimo jogo! Gastei dinheiro comprei produtos mais não ganha uma rodada! Pior Bingo que já joguei! Péssimo! Não instalam!,5,0,153.1.0,2018-10-19 22:07:27
92,André Rey,https://lh3.googleusercontent.com/a-/AOh14GhQcyPHdLQFGmyPz2u1x4KAxq5g6UFfvNEqjTPzMA,"Perde-se muitos tickets, perdi 40 agora, não conseguia marcar. Pesado demais, o jogo é bom, mas o aplicativo é muito ruim.",1,5,172.0.0,2019-08-27 12:55:18
93,Edevaldo mello,https://lh3.googleusercontent.com/-e-BJgmguN_8/AAAAAAAAAAI/AAAAAAAAAAA/AMZuucn1cubpj6EQ0XlIciTB5JPjzYiMwg/photo.jpg,"Tem alguma coisa errada nesse jogo, alguém controla as partidas para que sejamos obrigados a comprar.",3,4,169.1.0,2019-07-29 23:13:39
94,Katia Luciana,https://lh3.googleusercontent.com/a-/AOh14GhwODOGbi9PDR3xi7ECQQK0yhV96hRz8XBrv1ct,um problema que ja encontrei. Fiquei na classificação prata e nao recebi meu premio de 125 tickets e baús... e la consta wue eu recebi. informações falsas... espero que me beneficiem com o meu premio que nao recebi,1,0,161.1.0,2019-02-15 21:51:14
95,Fatima Carmona,https://lh3.googleusercontent.com/a-/AOh14Ghz5j3kC1zyx0LpGioM9UaLBYKRv2kPjyhEjXVaLw,"O jogo é ótimo, o único problema que falta clareza por estar tudo em outro idioma que não é o nossos.Um dos melhores app. Por parabéns",5,9,170.0.0,2019-07-08 22:48:13
96,cristina Martins,https://lh3.googleusercontent.com/-uQHo7SB47w4/AAAAAAAAAAI/AAAAAAAAAAA/AMZuuckiSuUiFaPpY_f9GYCgBY9bp14k5A/photo.jpg,"jogo muito bom,, animador #suoerindico# pena q as vezes joga e nao consegue pegar bonus,☆☆☆☆☆ Gosto de jogar!!! Um passa,tempo legal ,,bom.",5,5,171.0.0,2019-08-23 01:50:17
97,Belita Sousa,https://lh3.googleusercontent.com/a-/AOh14GgobJpsuzEwE-7xyyMMa4r_oQEaYy6V91sDcc3ZaA,"Não dá tempo para marcar, pois no final passa muito rápido e o cantar dos números é bem devagar.",1,2,155.1.0,2018-11-12 11:21:51
98,Juliana Miranda,https://lh3.googleusercontent.com/a-/AOh14GhZwowgV9KiGu9_Drb1EybNzfVzCCSqr2sWwpajJw,"diminui pois tem poucos e tickets diario, não bota promoção maneira igual foi as do baril. os tickets acaba rapido e fora que eu faço varios bingos e VOCÊS não contam.",2,19,161.1.0,2019-02-04 11:15:38
99,Um usuário do Google,https://lh3.googleusercontent.com/EGemoI2NTXmTsBVtJqk8jxF9rh8ApRWfsIMQSt2uE4OcpQqbFu7f7NbTK05lx80nuSijCz7sc3a277R67g,Meu jogo começou travar ja atualizei mais mesmo assim nao para.. jogo So demora muito pra receber os tickets grátis deveria diminuir o tempo pra recebelos..,5,11,162.1.0,2019-02-27 21:07:44
