,userName,userImage,content,score,thumbsUpCount,reviewCreatedVersion,at
0,Analu Dantas,https://lh3.googleusercontent.com/-lvnn2nDt7Z0/AAAAAAAAAAI/AAAAAAAAAAA/ACHi3rdXRbvWsOEMB2Kuejv4s5N4cuuofQ/photo.jpg,"Eu simplesmente amo esse jogo e super recomendo. Tem algumas fases muito fáceis e outras bem difíceis, umas eu resolvi em menos de 30 minutos e outras levei até 3 dias kkkkkk. É um jogo que exercita a memória e enriquece nosso conhecimento. Parabéns aos criadores. Daria mais estrelas se fosse possível. ☆☆☆☆☆☆...",5,37,1.33.1,2020-02-09 07:43:28
1,Thiago Sabino2,https://lh3.googleusercontent.com/a-/AAuE7mB1XZngykx0Mb-ZI3Erz6pJzTsiFmnrAb0wMkoSzg,"O jogo é ótimo, porém fica pesado rápido, para quem não tem uma memória RAM muito alta, acaba tendo que desinstalar, mas poderiam criar uma versão lite do jogo, seria ótimo.",5,4,1.33.1,2020-02-09 13:32:51
2,Raíssa Rafaela,https://lh3.googleusercontent.com/a-/AAuE7mCt3s1CB8D0HJ2QNL9DR-feborsUxollOR-RGVE35o,"Não consigo entrar no jogo a quase um mês. Sempre que tento da erro de conexão, mesmo erro que várias pessoas estão comentando aqui, já tentei em inúmeros Wi-fi diferentes e nada. Mandei e-mail reclamando e me mandaram uma resposta automática que não solucionou nada. Mandei novamente e não fui respondida!",1,113,1.33.0,2020-02-05 18:43:46
3,Isabel Zanon,https://lh3.googleusercontent.com/a-/AAuE7mDvj2ej5YmPRs97E8AiVy7P2YP0QYC9HPo6f5xK-Q,"Grafico podia ser ais colorido ou outras opções...o jogo em si é muito bom , as estou no fase 4 e cada um tem 5 para passar...Acho desnecessário......mas dou nota 8 entao 4 estrelas.....Podem melhorar e muito Obrigada",4,2,1.33.1,2020-02-07 08:27:37
4,Luiz Fernando Bim,https://lh3.googleusercontent.com/-8yB55uXOHa4/AAAAAAAAAAI/AAAAAAAAAAA/ACHi3reA-2GhUWjx8ps_dmQracLluaCUhw/photo.jpg,"O jogo é interessante, mas na minha opinião, as palavras poderiam ter os acentos, e um recurso de que mesmo a palavra estando errada, as letras que estiverem certas, permaneçam no quadradinho.",3,10,1.33.1,2020-02-07 21:38:50
5,Ericksad Santos,https://lh3.googleusercontent.com/a-/AAuE7mASYnVsVUyy7dzC57hvjjYVBIKqjt5zsMvhgSh6,Muito bom esse jogo é perfeito para treinar o raciocínio caso você esteja entediado ou entediada daí eles criaram esse jogo perfeito eu confesso que ele é um pouco difícil mais é muito bom parabéns para os desenvolvedores merece mil estrelas !!!! :3,5,2,1.33.1,2020-02-05 23:32:39
6,Shirlei Borges,https://lh3.googleusercontent.com/a-/AAuE7mBdwYhRgl9bACYwFgNhr8Ws7FQWXQoBeLcbmAqe,Melhor do que eu pensei sinceramente tô impressionada com jogo. Amei. Tô na fase 25 e é muito maior do que qualquer jogo aí ruim. Amo esse jogo.🥰🥰🥰🤞,5,21,1.33.1,2020-02-07 21:40:45
7,Kah chan,https://lh3.googleusercontent.com/a-/AAuE7mCXHI8g43pz4fj3QQWcV4ETiZttFO4oU3z68scVsQ,"Wow! Ótimo passatempo! Eu estive viajando nestas férias, e como adoro palavras-cruzadas, esse jogo foi um encanto para mim. Tem um design bem colorido e inocente! As cores me cativaram! A trilha sonora também é ótima, e as questões me pareceram bem estruturadas. Estou viciada! Não quero parar de resolver as palavras! Eu recomendo, é um joguinho muito divertido e ainda estimula a leitura, o pensamento lógico e a criatividade.",5,244,1.32.1,2020-01-23 18:00:47
8,Ana Flavia,https://lh3.googleusercontent.com/-J_AccF-nNic/AAAAAAAAAAI/AAAAAAAAAAA/ACHi3rf-F9zNPM8Ij7k-JCKeRpRDKiccrQ/photo.jpg,"Olha,ele é legal mas só nao dou 5 estrelas porque trava muito,com ou sem internet ele é muito lento,se puderem fazer uma atualizaçao para acelerar seria bom.",3,3,1.33.1,2020-02-08 18:52:20
9,Flávio Barcelos,https://lh3.googleusercontent.com/-2DNDemwcXVs/AAAAAAAAAAI/AAAAAAAAAAA/ACHi3rdpLotN-fvo4vAJGNX2ZJIopKCEyg/photo.jpg,"Que jogo super interessante, desafiador eu diria! Baixei há mais de 1 ano e jogo praticamente todos os dias. Com a nova atualização ficou mais fácil conseguir fichas grátis, o que facilita a descoberta de palavras, caso tenha alguma dificuldade. Realmente o jogo te transporta a vários lugares do mundo, além de aumentar o conhecimento global. Recomendo!!!",5,967,1.32.0,2020-01-08 23:37:56
10,Iohana Maia,https://lh3.googleusercontent.com/a-/AAuE7mAlZqsqOdZKOZGkkkUZbRiSCKLVlAOruP-qrg8suw,"Frustrante, eu amava esse jogo, me divertia horrores e aprendia muito. Porém, desde a última semana, toda vez que tento entrar fica aparecendo um erro, dizendo que tenho que me conectar a internet e estou sem sinal, sendo que eu estou com sinal. Tentei entrar usando várias redes diferentes e o erro permanece. Entrei em contato por e-mail e me informaram que eu deveria usar outra rede, que isso era uma instabilidade da minha rede, só que eu já havia feito isso em vezes diferentes :(",1,14,1.32.1,2020-01-29 19:15:30
11,Leah Breathless,https://lh3.googleusercontent.com/a-/AAuE7mCgBuqTmRY2BMn5bvWffOuQuE1n2544Iv7EyECp2w,"Ladrão de bateria. O app é até bom, mas rouba a bateria demais. Consome muito e ainda tem muitas palavras repetidas. Sem contar bugs de palavras corretas, que ele só revela depois de usarmos ajuda. Fora isto, é bom. Consertem e darei 5 estrelas. Vou editar a resenha... Pq estou indignada... Achei que fosse meu aparelho, mudei e continua a mesma coisa. Um celular carregado em 100% fica com a bateria na metade jogando meia hora do jogo. Cansada. Vou desinstalar. N tem a opção fale conosco no APP",1,41,1.32.0,2020-01-15 20:17:05
12,Rosmeri Rulian,https://lh3.googleusercontent.com/-9EJZznPAvu4/AAAAAAAAAAI/AAAAAAAAAAA/ACHi3rcWVoNkU5BZV-ElZ-KBdDgcuC2FsA/photo.jpg,"Não gostei das músicas, me desconcentram. Sei que posso baixar o volume. Gostaria de poder escolher.",5,0,1.33.1,2020-02-08 05:22:51
13,Carlos Donizete Ferrari,https://lh3.googleusercontent.com/-nslW2aMDX78/AAAAAAAAAAI/AAAAAAAAAAA/ACHi3rclCPAk2pV2x79prtTCCELyg02pZQ/photo.jpg,Excelente! Muito instrutivo e nos faz melhorar o vocabulário e abre a mente. Parabéns aos criadores. Nota 1000!,5,1,1.33.0,2020-02-03 10:08:49
14,Rubinho Faustino,https://lh3.googleusercontent.com/a-/AAuE7mAk5HixlvNcDbz1V11WKkPTewLJXP7qjh2uKL-WMRQ,"Muito legal o jogo, interessante, desafiante, mas precisava ter dificuldade progressiva. Tem o nível fácil e médio, chamado de difícil. Mas todos são tranquilos e possíveis de serem feitos com certa facilidade. O ranking com os amigos ajudam muito.",5,20,1.32.0,2020-01-12 16:29:56
15,Elivone Rodrigues De Souza,https://lh3.googleusercontent.com/-2L6wj2dUkAc/AAAAAAAAAAI/AAAAAAAAAAA/ACHi3rc9wCw2COulvInYjVIIaABb0UinSA/photo.jpg,"Este jogo é muito divertido e viciante.Mas tenho algumas reclamações .Deveriam dar no mínimo 15 fichas diárias,e esse jogo deveria dar de jogar off line. Isso é até uma dica,pois as pessoas sem internet e fichas acabam desanimando e desinstalando o jogo. Me agradeçam depois( hehe). POR FAVOR,POR FAVOR,POR FAVOR me respondam.me chamem de Minha 10/10.",4,50,1.31.0,2019-12-14 19:35:48
16,ANSELMO SOUZA,https://lh3.googleusercontent.com/-EFKcYtv_-BA/AAAAAAAAAAI/AAAAAAAAAAA/ACHi3reysEas8vF53iOug_OIAlUVGx0KAw/photo.jpg,"Ótimo entretenimento educativo informativo e divertido você desenvolve sua mente a cada fase ,no começo achava muito difícil e tinha que pesquisar respostas para concluir as fases hoje tiro de letra normalmente vou respondendo na sequência sem precisar voltar ao começo e raramente uso as letras e acabo rápido as novas fases e fico ansioso para novas atualizações mas estão de parabéns",5,7,1.32.1,2020-02-01 22:17:45
17,Fernando Morais,https://lh3.googleusercontent.com/a-/AAuE7mBTmBHptbPQt0EQQw-bi2kZUi0E7hBgTJVaxyM7ow,"Super divertido, nível de dificuldade excelente, efeitos e gráficos cartoonizados o que deixa bem descontraído e leve.... gostei e muito, porem apresenta vários erros, as vezes vc digita a palavra corretamente e ele insiste que está errado. Apresenta propagandas que não podem ser canceladas.",1,86,1.32.1,2020-01-19 15:59:44
18,• Lo •,https://lh3.googleusercontent.com/a-/AAuE7mBUxS-ib4zhTsGW8A2z4smw7lj_6bCssHFqLnOL-g,"O jogo é maravilhoso, muito bom e eu descobri várias coisas. Mas o jogo não quer abrir, eu pensei q fosse o celular, mas todos os outros Jogos estao funcionando menos esse. Pensei em desinstalar mas eu não queria passar todas as fases de novo . Então por favor me ajude nisso, por favor. Vou esperar mas um pouco.",2,14,1.31.0,2019-12-17 12:31:47
19,Daniele Santos,https://lh3.googleusercontent.com/a-/AAuE7mA5gqkb2Q-L8727MMcfOYiT0LegbI-PjWEZv9dp,"Gostei muito deste jogo, é muito bom para o cérebro. Mas, tem uma coisa que faria o jogo bem melhor, sr criador, vc poderia colocar uma letra inicial em cada palavra ,e assim, não ficaria tão difícil e bem mas legal. Obrigada. De resto este jogo é ótimo. Antes que perguntem, eu só dei 4 estrelas por que precisa daquela coisa que eu escrevi",4,371,1.31.0,2019-12-31 20:24:03
20,Erasto Lima,https://lh3.googleusercontent.com/-9VeqlJ__C2g/AAAAAAAAAAI/AAAAAAAAAAA/ACHi3rfFmWDwIZIPg_O-HYzC5NxglycZqQ/photo.jpg,Este jogo é muito legal.é um verdadeiro passa tempo.se não tivesse escola e se o celular tivesse bateria externa ficava jogando o tempo inteiro. Dei as 5 estrelas pois não encontrei nada ruim ou coisa do tipo e pois acho também que as vezes até ensina coisas quando não sabemos a resposta e pagamos um pouca para ver.muito legal,5,3,1.32.1,2020-01-31 11:04:43
21,Jonatha Amaral,https://lh3.googleusercontent.com/a-/AAuE7mDK97MkszyTPROPoT70Ydid-RZqJClYloWY35zvgG8,O jogo é ótimo! Até assisto os anúncios até o final porque sei que ajuda os desenvolvedores. A única coisa que deixa a desejar é a falta de opção de jogarmos no modo paisagem com o celular na horizontal. Por favor adicionem essa opção para que eu possa dar 5 estrelas!,3,3,1.32.1,2020-02-06 18:03:50
22,Angela Maria Penha,https://lh3.googleusercontent.com/a-/AAuE7mBnn879RNf42aEfJyySDOF3Nw23i1r2KPv7548V,"No segundo botão quinta linha da quinta fase : sangue bom não é uma mas sim duas palavras. E discoteca nunca foi boite e simplesmente salão de bailes. Mas, salvo alguns erros, o jogo é interessante! Já joguei outra vez mas travou. Agora estou tentando de novo.",3,7,1.32.0,2020-01-12 14:56:03
23,hosanna delaterra,https://lh3.googleusercontent.com/a-/AAuE7mD5rJh7g2RF1fx5sYjZK3tkkgXlvZrw2hpjIxU_,"Escolhi 5 estrela pq o jogo é ótimo, claro que tudo tem seus pontos altos e baixos, mas assim está muito, e claro que se aprimorarem ele mais, com certeza ele melhora muito mais! Parabéns pela equipe de trabalho, esse é um dos melhores jogos que já baixei.",5,12,1.32.1,2020-01-21 21:46:08
24,Patricia Campozan da Cruz,https://lh3.googleusercontent.com/a-/AAuE7mAL24C6ypcVvMTfa7ziJtiX4_87Vv5s9RZlGE5ZEA,"Ele até que é bom, mas... Tem anúncios demais!! Estou perdendo a vontade de jogar só por causa disso. É toda hora!! O que era pra ser uma distração está virando motivo de estresse. E os anúncios são demorados ainda por cima. Estou quase desinstalando. Atualizando a resenha: não curti esses recursos novos de revelar letras. Quero continuar o jogo sem usar isso mas ele me obriga a testar essa opção.",2,55,1.32.0,2020-01-07 14:31:55
25,LEOPOLDINA DE CASSIA BAZZO MACHADO,https://lh3.googleusercontent.com/a-/AAuE7mC5_xFvAWd7J_mALx9vZxO4ZzUrEShSIo22hEYN,"Péssima a inclusão bonecos na tela, nos quais você é obrigado a clicar para poder seguir com o jogo, além de ter ficado visualmente poluída. Recebi uma resposta dizendo que é uma ""ajuda"". Mas não é. Se fosse ajuda não impediria de seguir o jogo sem clicar nela. Você simplesmente é OBRIGADO a usar, senão o jogo não abre para prosseguimento. É horrível. Instalei o jogo para me divertir, não para ter obrigações, imposições, como eu tinha no meu emprego. Empecilhos já tenho que basta no meu dia.",1,30,1.31.0,2019-12-11 11:52:36
26,Thiago Chavves,https://lh3.googleusercontent.com/a-/AAuE7mCt1CJz-QQ-ar7M3LQ3-Dz--SKSlc2-GBAI9SlL,"O jogo é bom, contudo as palavras principais não tem relacao umas com as outras, seria interessante tambem colocar curiosidades ou peças de um quebra cabeça em cada umas das fases dando assim mais animo pra o jogador continuar. Da forma que está o jogo é repetitivo e sem graça. Seria interessante tbm colocar desafios diarios como terminar as fases em um intervalo de tempo para ganhar mais fichas. Ah, sobre elas deveriam ser doadas em maior quantidade dando maior sensacao de recompensa pro player",4,12,1.31.0,2019-12-29 13:53:35
27,Xena Alvaro,https://lh3.googleusercontent.com/a-/AAuE7mDUYWBhtCER2c8fHb5nH4F_cimGJDDfYwglcHjH-Q,Completamente desapontada! Não consigo entrar no jogo de maneira alguma. Fica dizendo que está sem conexão a internet wi-fi (mesmo estando conectada) já tentei em outros wi-fi e nada. Já entrei em contato por email e não resolveram em nada também. Chatiada!,1,5,1.32.1,2020-01-31 15:43:51
28,Nataly Forçan,https://lh3.googleusercontent.com/a-/AAuE7mDHeBKDlQWQhyUaWrg8NPaKn_9sqoMnN_JXC_QX,"Eu achei o jogo bem legal,pois já tive várias vezes,mais tive que desinstalar,por causa que meu celular tava travando e como ele era pesado tive que desinstalar ele mesmo. Mais o jogo é ótimo,como foi falado nos outros comentários ele poderia ser um pouco mais fácil, ter a letra inicial no começo que ficava bem mais fácil e bem mais legal,mais tarde bom,agora é a minha 4 vez que abaixo denovo porque gostei muito desse jogo😊😊😊",5,21,1.32.0,2020-01-05 16:06:23
29,L.F - Photography,https://lh3.googleusercontent.com/a-/AAuE7mCZu8wpPZdwCkjmell-FYLs3UfD1dSVfiFGoczYlA,"O jogo é bom porém o toutch juntamente dos controles de teclado e botões é lamentável, chega a irritar. Jogabilidade péssima! Você clica em uma letra e as vezes acaba selecionando outra, muito pequeno o tamanhos das teclas/botões algo que deveria ter sido reparado a tempos, como também palavras que mudaram sua forma de escrita!",2,36,1.32.1,2020-01-15 14:07:06
30,Alessandra Persi,https://lh3.googleusercontent.com/a-/AAuE7mC3YPTL9PhBt_spiE7mfzPv_CybvB40d29wNOFBr68,"Achei as respostas fáceis mesmo na configuração ""difícil"" (não estou me gabando, são simples mesmo). Mas é muito agradável e distrai bastante! Ótimo passatempo!",5,2,1.32.1,2020-02-06 03:01:44
31,Monica Gravina,https://lh3.googleusercontent.com/a-/AAuE7mAgO2Zyx6qbx9MPLdBjkVb0rxhwwzyHz0bvtit-1g,"Infelizmente nem pude começar a jogar porque a tecla da letra ""o"", ficou travada sem que eu pudesse escrever a palavra. Que pena!.... Os termos e condições de uso são tão extensos e prolixos, isentando o jogo de qualquer responsabilidade seja pelo que for e etc.... Ora, eu esperava mais!... Voto a dizer: ""Que pena""!....",1,9,1.31.0,2019-12-30 16:14:45
32,Racco Iguatemi,https://lh3.googleusercontent.com/-_vXPwZccLqk/AAAAAAAAAAI/AAAAAAAAAAA/ACHi3rcXCSx7eF9TUoiP5AvUCSBI8pto5Q/photo.jpg,"Muito bom! Estou no início ainda, mas gostando muito! Não dei, porém, 5 estrelas, pq identifiquei um erro... No grupo 2 (fase 2) tem a seguinte dica: Ação de passar um texto de um idioma para outro. A resposta do jogo é ""tradução"", porém o que indica ação é verbo e tradução é substantivo, logo a resposta correta deveria ser traduzir. É apenas um detalhe, mas acho que vale se atentar!",4,2,1.32.1,2020-02-04 16:00:09
33,Fabio Russo,https://lh3.googleusercontent.com/a-/AAuE7mB_aVhW8fsW7HAHdLmi10dTL5CY9ahDyVCFOhe3Qg,Estava adorando. Mas agora que foi atualizado esta toda hora parando e muita propaganda. Tem que ter muita paciência mas eu não sou destas pessoas que aguenta!!! Que raiva. Agora está pior não quer abrir o aplicativo de geito nenhum... O que acontece??? Será que esta sombando da minha cara?? Que coisa eu que adorava agora não posso nem entrar..,2,28,1.31.0,2019-12-02 10:41:31
34,Jose Gildo Bettanin Duarte,https://lh3.googleusercontent.com/a-/AAuE7mD8nEq4D7Zqt9Xr5UvMIMzNp5JTrvllmWlEmK2H,"O jogo é muito bom.pois Agente aprende Novas palavras E também agente pode pular A propaganda e se For obrigado(a) a olhar A propaganda ganha um bônus também,quem acha Que o jogo e ruim.vcs são burros. Dou 🌟🌟🌟🌟🌟 estrelas para o estrel isso o jogo bom!!!!! E também agente Aprende muita coisa nesse jogo Tou na fase 3 mas o jogo é muito bom!!!! E é muito bom. O JOGO é bom e ótimo Dou 5 Estrelas para o jogo ele ensina muita coisa. Ótimo!!!!!!!!!!!!!!!!!!!!!!!!",5,23,1.31.0,2019-12-09 19:37:54
35,Nayara Lucas,https://lh3.googleusercontent.com/a-/AAuE7mDurQj9SxymBI9QTpFlEAyPGj4sFKaDV7eFS3T0NA,"Oi, o jogo estava perfeito até que tiver que atualizar a versão, não passa de 29% dizendo que tenho que conectar a internet. Já tentei tudo mais não dá certo. Será que alguém pode ver isso para mim por favor. Não quero voltar desde o início, tô no nível 53 creo.",1,10,1.31.0,2019-12-31 06:53:03
36,Luis Felipe,https://lh3.googleusercontent.com/-YLCYgG7gZcc/AAAAAAAAAAI/AAAAAAAAAAA/ACHi3rcFt7g4iP0ZmYlLwi4OAZzlf-IsZg/photo.jpg,"Jogo top,anti stress e viciante! Só achei que tem que aprofundar o jogo na categoria de esportes,e fazer uma maior variação nas perguntas por que tem fases com os mesmos mistérios e palavras que estavam nas fases anteriores, então,por favor criadores fazem isso na próxima atualização.tirando isso,o jogo oferece uma jogabilidade incrível ao usuário. Então,Se fizerem isso,na próxima vez dou as 5 estrelas!",4,25,1.32.0,2020-01-11 11:32:50
37,Ricardo Louis Machado,https://lh3.googleusercontent.com/-nL7iYFNss4I/AAAAAAAAAAI/AAAAAAAAAAA/ACHi3rdgTJohRMi7gToSiTyOtMSo5Kni1w/photo.jpg,"Pessimo. Antes da última atualização o app era excelente, mas agora ficou horrível. Diminuiu o tamanho das letras das charadas, ficou muito difícil de ler. Não gostei. Na hora que vc clica numa linha, não e possível ver a charada. S E não mudarem isso, não irei continuar com o jogo",1,149,1.32.1,2020-01-23 22:04:29
38,Lucas Correia,https://lh3.googleusercontent.com/a-/AAuE7mCkn7dKFuUUaKywkiTvu8yDT6XFqpT44rn4ovNF,"Achei o jogo bem divertido,nos ajuda a ter um vocabulário mais amplo e treina nossa mente,ele é simples de jogar,e tras de volta as famosas palavras crusadas de uma maneira nova e com uma temática divertida. Tem perguntas divertidas sobre quadrinhos,desenhos,periodos historicos,e até coisas do dia a dia,o que faz com que publicos de todos os tipos possam se divertir.",5,129,1.31.0,2019-12-29 14:14:23
39,Bianca Meireles,https://lh3.googleusercontent.com/a-/AAuE7mC7UZ4bMQDFoV6ZYDhZshE6rBemhikIg-Qw4-05OOA,"Muito bom! Com o jogo pode-se aumentar demais seu conhecimento geral. Uma pena ganhar poucas energias, pois existem muitas palavras difíceis depois do nível 20. Mas isso não deixa o jogo ruim, porque dá pra jogar com a família.",5,1,1.31.0,2020-01-09 11:40:44
40,Maria Fernanda,https://lh3.googleusercontent.com/a-/AAuE7mCYKfeTNPKfPdY0pqcp_mm0YmfFyEccrM8JpWMQXPc,"Adoro o jogo, fiquei um tempo sem jogar, atualizei o app e está constando que não estou conectada na internet e preciso conectar para baixar mais puzzles, so que estou conectada, como resolvo o problema?",5,5,1.32.1,2020-01-22 16:51:18
41,Rosemary Ribeiro,https://lh3.googleusercontent.com/-5LRqXKJcyS0/AAAAAAAAAAI/AAAAAAAAAAA/ACHi3rfZPI5ll90GQGnqmedn6m0XgIMU-Q/photo.jpg,"vejam o que aconteceu comigo ! Podem até olhar em minha pág no Facebook ! Estava na fase ANOS 70 , do nada, sumiu o meu aplicativo cody cross e tive que instalar novamente ! Ou seja comecar do 0. Como consigo voltar onde estava? minha pág- MEIRE RIBEIRO-CAMPANHA-MG. Nunca obtive respostas ,nem solucao para o que ocorreu !! very bad.",4,7,1.32.1,2020-01-19 11:34:44
42,Leonardo Brito,https://lh3.googleusercontent.com/a-/AAuE7mBGe4pW_yf6HbrrYls4oEvO3udcxgBhXIlO2j9kDw,"Amigos o que vcs fizeram com o jogo? Ele era maravilhoso, mas depois da última atualização não se consegue visualizar toda a tela, ou seja, aquela visão integral onde era possível escolher que perguntas responder ficou restrita apenas a poucas perguntas. Que pena, o jogo ficou desinteressante... E-mail enviado. Agradeço a gentileza.",3,11,1.32.0,2020-01-07 12:57:06
43,amigos sempre,https://lh3.googleusercontent.com/-DNQZugvyBO4/AAAAAAAAAAI/AAAAAAAAAAA/ACHi3rdr9jOaGkSH9kg6Neyua_SEbGSbGQ/photo.jpg,O jogo e ótimo!! Ele nos faz pensar isso e bom por que sempre esquecer de coisas valiosas e é um grade exercicio para aprender mais coisa. Amo muito jogo todos os dias. Esse jogo também e bom para adolescentes para aprender. Então recomendo para todas as mães do mundo .,5,0,1.32.0,2020-01-17 13:56:18
44,Elana Teixeira Felix,https://lh3.googleusercontent.com/-vM_M0QoV0Zw/AAAAAAAAAAI/AAAAAAAAAAA/ACHi3rc_jL05Vuse-7xQROUHrtKTE_whew/photo.jpg,"Gosto muito,porém,estou tentando mexer e está dando erro de conexão,mesmo eu estando com internet, gostaria de voltar a jogar, pelo que eu percebi várias pessoas não estão conseguindo jogar por causa do erro de conexão mesmo estando com internet,vcs precisam melhorar isso, obrigada pela atenção!",2,24,1.31.0,2019-12-30 00:40:14
45,CELI MORSELI ALVES MARTINS,https://lh3.googleusercontent.com/-9b2_C9VPet8/AAAAAAAAAAI/AAAAAAAAAAA/ACHi3re_P4budELvvyrCCyEs3gWdmJRqRA/photo.jpg,Algumas coisas fáceis e até meio novinhas demais.. .outras totalmente desconhecidas. Deveria ter coisas mais relacionadas com nosso dia a dia. Fazer a mente trabalhar melhor com coisas da nussaa realidade...trabalho.....escola.....familia. acho que a idéia do jogo é auxiliar a mente para trabalhar melhor e se divertir ao mesmo tempo. As propagandas são úteis e interessantes. Já me beneficie delas. Podia ter mais vezes para ganhar mais fichas.,4,1,1.32.1,2020-01-17 09:24:40
46,Paulo Henrique,https://lh3.googleusercontent.com/a-/AAuE7mAlHJoPq74ibQlhvF7rWfvGRNHIq2hg1iGbNwsOsA,"Recomendo CodyCross meu povo, Jogo super legal sério, tirou minhas dúvidas que eu já tinha a muito tempo. Mas na minha opinião, as fichas consquitadas ao ver anúncios deveriam ser poucas, por exemplo.. em vez de 4 podia ser 2 ou 1 pq ficar só dependendo delas tira a graça de nos ficar pensando. mas fora isso o Jogo está otimo, parabéns aos criadores.",5,0,1.32.1,2020-01-28 10:17:03
47,Alex Augusto Torres Galvao,https://lh3.googleusercontent.com/-JvLaXDwp6lI/AAAAAAAAAAI/AAAAAAAAAAA/ACHi3rc_l9HDNKkIj3oSID_A1xu81Z2Aiw/photo.jpg,"Jogo muito legal, treina e desenvolve a mente das coisas do dia a dia. Tem ótima jogabilidade, além dos bônus e tudo que o pessoal incluiu no jogo. Recomendo para todos, jogo muito divertido, que desenvolve a nossa mente nos lembrando de coisas do dia a dia. Ótimo jogo!",5,126,1.31.0,2019-12-26 09:05:52
48,Loren Monik,https://lh3.googleusercontent.com/-7h0C8jVrEhM/AAAAAAAAAAI/AAAAAAAAAAA/ACHi3rfLOa_jHJGFOTsqF_WKjTEyxDJqGg/photo.jpg,"Maravilhoso!!!!! A história no início é maravilhosa, os powers são fofinhos. Além de retratar coisas do nosso planeta, ainda é impressionante como todas as palavras tem o mesmo numero de dígitos!!!Simplesmente a p a i x o n a d a!!!!!😍",5,3,1.32.1,2020-01-14 13:24:52
49,Vilma Giovanna,https://lh3.googleusercontent.com/-uBrenKJRhiw/AAAAAAAAAAI/AAAAAAAAAAA/ACHi3rdi4n0ZUycwhxddHqs9sdHd4eXdNQ/photo.jpg,"Gosto muito do jogo, mas essa nova versão com letras miúdas, não ficou legal. Pelo menos, pra mim. Tem como voltar pra versão anterior. Obrigada.Por favor , tem como voltar , pro , modelo antigo, com letras maiores. ?",3,5,1.32.1,2020-02-01 16:42:46
50,Mariana Cunha,https://lh3.googleusercontent.com/a-/AAuE7mB90lttC7iCjB6x_dm5GSoZRu4G8_2jVEY-pvG17Q,"Ótimo jogo, ótima proposta! 👏👏 Só uma dúvida, é possível compartilhar fichas com outros jogadores? Se não, seria uma ferramenta interessante também de ser acrescentada. No mais, está tudo muito bom! Parabéns aos desenvolvedores. 👏",4,10,1.32.0,2020-01-06 07:56:09
51,Nicoli Rovani,https://lh3.googleusercontent.com/-zNw32EXZSXs/AAAAAAAAAAI/AAAAAAAAAAA/ACHi3rfH5z5I_i5b_rAo4bFBOc99VvUKtg/photo.jpg,Jogo incrível em nem uma palavra a mais para dizer INCRÍVEL maravilhoso é um jogo muito bom q estimula sua memória e faz bem para todos mesmo estando dentro de um dispositivo q não faz bem para a nossa memória mas com este jogo o dispositivo tablet celular etc serem melhores para nós e nossa memória 😀 e assim ficarmos mais felizes com os dispositivos porque eu sei q todos amamos nossos dispositivos e não queremos parar de mexer neles👍👍😗E ÉSSA FOI MINHA OPINIÃO OB😀😁🙃😘 THAU GALERA BJS😁,5,4,1.32.1,2020-01-27 14:35:32
52,Antonio Sergio Azzi,https://lh3.googleusercontent.com/-GITGaa6LM-g/AAAAAAAAAAI/AAAAAAAAAAA/ACHi3remkXtEqakj8U_DUlp54vSq0-X-Og/photo.jpg,"Joguinho com visual muito bem elaborado, ótimos efeitos é com perguntas que não se repetem, deveria ter menos dicas, assim se tornaria um pouco mais difícil. Excelente passa tempo!!!",4,2,1.32.1,2020-01-30 18:36:55
53,Thaiz Santos Da Silva,https://lh3.googleusercontent.com/a-/AAuE7mA4T84IOaFIqhFBLXPB_WAaButuhmUf_T_UBscooA,"O jogo é ótimo. Mas não estou conseguindo conectar com o Facebook, sempre que aperto para conecta volta para a página inicial e não conecta preciso de ajuda. Por favor",3,0,1.32.1,2020-02-05 21:14:20
54,Mary Veronica Pereira,https://lh3.googleusercontent.com/a-/AAuE7mAfePmY4n0SqId6cJcadS22Cs9Tl-LpgX5E1M2pJQ,"O jogo é interessante, mas chega no final as palavras que nao foram descobertas ficam fáceis de descobrir porque vão preenchendo aí perde um a graça do jogo de adivinhação",4,0,1.33.0,2020-02-05 20:40:23
55,Jhessica Xavier,https://lh3.googleusercontent.com/a-/AAuE7mDM_DdxjaNg6V7vxfQD_lVIqzfyxm9tGRB5m0D3Dg,"Ja joguei esse jogo muito, depois de um tempo ele começou a aparecer que eu estava sem conexão, mesmo eu estando conectada! Desinstalei! Hoje baixeei ele de novo e esta dando o mesmo problema! Eu gostaria que a plataforma resolvesse isso de maneira rápida! Obrigada!",1,10,1.31.0,2019-12-12 11:09:38
56,Fernanda Viganó,https://lh3.googleusercontent.com/a-/AAuE7mDVhRYGIAmLUQFRHBd56HgpavV1zB3t0FW8EDJ5iA,"Está péssimo. Depois da última atualização o app não inicia mais. Aparece uma notificação dizendo que a internet está instável. Já encaminhei dois emails para o suporte, porém, insistem em dizer que a culpa é da minha conexão.",1,4,1.31.0,2019-12-27 02:04:03
57,Tonny Robson,https://lh3.googleusercontent.com/-8ANJ6ANiWLc/AAAAAAAAAAI/AAAAAAAAAAA/ACHi3rdF5tkSYfmIe04YgcgPZAwbwHih7w/photo.jpg,"E ótimo aprendi varias coisas, e me ajudou nas provas pois, vieram perguntas que o jogo tinha, uma maravilha super apoio ótimo. Tão de parabéns. Mas poderiam melhorar mais as perguntas, pois tem umas que ficam meio sem sentido e não da de entender bem, mais tirando isso ta bom. Seria ótimo colocar mais explicado as perguntas.",5,5,1.32.0,2020-01-06 15:15:00
58,Geslany Alves,https://lh3.googleusercontent.com/a-/AAuE7mBTyukRqcWheVwWUccCTdca35604xk_NoZkqYFhRA,"Estou no nível 107 e até o momento, não está com essa nova atualização das palavras do jeito que vi na imagem na apresentação das novas atualizações. Desinstalei e instalei novamente para ver se mudava algo e nada. Continua o mesmo.",2,3,1.32.1,2020-01-20 22:06:47
59,Luuh Gacha,https://lh3.googleusercontent.com/a-/AAuE7mCRvS9__Pq0AEQplqMOs1i7GCba1nwu4k1aARdIMg,"Olha, pelas propagandas parece ótimo!( por isso que eu instalei) mais sempre da erro de conexão!!! O wifi Aki eh bom e ainda fala que da erro de conexão. Meu jogo não foi mais instale pra ver se funcione.",1,5,1.32.0,2020-01-08 16:15:37
60,Zeiza Euzebio,https://lh3.googleusercontent.com/-SMhuLh_5Vkk/AAAAAAAAAAI/AAAAAAAAAAA/ACHi3rdEFdBQm1O95UzTkWVRAqsF5SBZDA/photo.jpg,"Gostaria que houvesse opção de deixar as perguntas com a letra maior, como era antes, por que dificilta a leitura pra quem tem algum problema de visão.",3,2,1.32.1,2020-01-16 23:07:45
61,Miguel Angel Domed Campora,https://lh3.googleusercontent.com/a-/AAuE7mAGoFFeG8-W0wUtXpBbZOkkrek_VpddSHvAbK_YFw,"É surreal...algumas questões nos refresca e clareia a mente, além de exercitar o nosso conhecimento, tbm nos deixa atualizados com o cotidiano e assuntos diários... gosto muito..!!!!",5,1,1.32.1,2020-02-06 21:07:51
62,Rosiene Pinheiro,https://lh3.googleusercontent.com/-Ijxw_kEg26s/AAAAAAAAAAI/AAAAAAAAAAA/ACHi3rcuFG9zRngL2Fmm2WTFtNEu0pHpLg/photo.jpg,"As perguntas são fácil,uma acerto abre outras letras que ajuda a solucionar o jogo ,e a propaganda é possível você fechar . e se você for obrigada a ver você é recompensado com moedas para aumentar sua pontuação é muito bom recomendo",5,563,1.30.1,2019-11-30 15:19:01
63,Azilma Ferreira,https://lh3.googleusercontent.com/-M6yQZ_n3NSI/AAAAAAAAAAI/AAAAAAAAAAA/ACHi3rerq-hTSKohK3Iv-UB3AvEy2lKYBw/photo.jpg,"Totalmente de esquerda,com nomeclaturas como aquecimento global e globalizacao,além de palavras muitos simples,onde até um bebê conseguiria entender,simplesmente horrível,sendo o único motivo de avaliar com duas estrelas a produção que é bem feita,mesmo assim sendo infantil e ingênua,tambem sendo extremamente simples a história,algo que qualquer pessoa com dois neurônios conseguiria criar.HORROSO",2,3,1.32.0,2020-01-08 13:48:35
64,Ingrid Franco,https://lh3.googleusercontent.com/-FCY33SLpTW4/AAAAAAAAAAI/AAAAAAAAAAA/ACHi3rdbQJhJy8ruOcA-KfwEg4nLXyoTaQ/photo.jpg,"Gostei muito. Acho um ótimo exercício pro cérebro, e tem charadas que eu jamais saberia a resposta. Além de exercitar a mente esse jogo ainda fornece informações. E também vicia, as vezes só paro de jogar pq meu celular descarrega. Os criadores estão de parabéns. 👏",5,13,1.32.0,2020-01-08 01:11:53
65,Jooyce Oliveira,https://lh3.googleusercontent.com/a-/AAuE7mD0jUXR3SD2ewBTNsXSDicGdaxyLHhvqDUbk2pv,"Depois da atualização não consigo entrar mais, pois diz que não tenho uma internet ""estável"", mas já testei em vários wi-fi e mesmo assim não entra. Já mandei vários e-mails, só recebo resposta padrão e que não ajuda em nada",1,124,1.32.1,2020-01-16 20:46:44
66,Eliza Bete,https://lh3.googleusercontent.com/-rowpJBtpS5o/AAAAAAAAAAI/AAAAAAAAAAA/ACHi3rcfCBR9l5WOmeAMCGaPjRqFG2jVDg/photo.jpg,"Infelizmente um jogo ótimo. Mas o que tem de ótimo, tem de inacessível. Em pleno século XXI. SÉCULO DA INCLUSÃO!",1,0,1.33.1,2020-02-08 19:02:58
67,Gabrielle Rose,https://lh3.googleusercontent.com/-Fb4F-b9irwo/AAAAAAAAAAI/AAAAAAAAAAA/ACHi3rfX0Wzo0qCy0SAZ1eBLE-sFMKffxw/photo.jpg,O jogo e bem interessante só poderia mudar a tela de Natal pois né não é mais Natal e eu acho que o jogo demora a carregar pelo menos pra mim acho q poderiam mudar a tela inicial do jogo e colocar com todos os elementos da natureza e nos jogos poderiam colocar o Jogo sem internet pois não é que sempre temos internet pra jogar,3,0,1.31.0,2020-01-14 10:26:57
68,Sabrina Siqueira,https://lh3.googleusercontent.com/a-/AAuE7mDTKasqt5paY7KfNiSNCuXBr_XPgThy2GOPno33,"Sou viciada. Pena não ter feito o login antes de trocar de celular. Já estava no Antigo Egito :( Mas fora isso, eu sou viciada. Não abandono. Só gostaria q o modo difícil fosse realmente difícil.",5,7,1.31.0,2019-12-16 06:21:24
69,Monica Rosa,https://lh3.googleusercontent.com/-NtTjRHIJC0M/AAAAAAAAAAI/AAAAAAAAAAA/ACHi3rc4qlpJftDq-VW3mn_Ek7eDQI72Zw/photo.jpg,"Estava bom. Porém, depois da atualização não consigo mais jogar. Toda vez que tento dá a informação que não estou conectado. Entretanto, estou ligada e consegui baixar dois ebooks.",1,2,1.32.1,2020-01-19 20:06:44
70,Jorgete Aparecida Fernandes Morato,https://lh3.googleusercontent.com/a-/AAuE7mD9BfEVtAXsq2qzYWft1liP5Yh62PMDkiqIDDAhiQ,"Esta horrível essa nova configuração. ..as letra ficaram muito pequenas e não tem mais a seta pra alterar para a próxima pergunta.... estou desinstalando. Uma pena, gostava muito do jogo. Mas essa nova alteração me desinteressou.",2,28,1.32.1,2020-02-01 13:56:48
71,Aurora Gonçalves,https://lh3.googleusercontent.com/-EgX77BZORdg/AAAAAAAAAAI/AAAAAAAAAAA/ACHi3rchDNMxgM0OnAVFmMwSL1e9ZDUFhA/photo.jpg,Boa tarde depois que aceitei a política do jogo não consigo mais entrar o que acontece?meu jogo não carrega já fiz tudo que me indicaram minha internet é de 100 megas e só jogo em casa adoro esse jogo muito bom,1,3,1.32.1,2020-01-24 09:31:54
72,Gustavo Bento,https://lh3.googleusercontent.com/-wap7HYOQTMo/AAAAAAAAAAI/AAAAAAAAAAA/ACHi3reKXUDPLKGPa89Hei40lIpb4e1kIg/photo.jpg,"Olha criadores eu tenho 10 anos, eu não entendo muito sobre as coisas mas eu gostaria de deixar mais fácil de jogar eu gostei um pouco do jogo agradeço por ter criado esse jogo de inteligência e por ter insistido pessoas inteligentes como vocês.",1,0,1.31.0,2020-01-01 19:54:39
73,Nubia Coelho Da Silva Dos Santos,https://lh3.googleusercontent.com/-_aZDMQN2LCI/AAAAAAAAAAI/AAAAAAAAAAA/ACHi3rfC9m6E42oXPVfgqppXwFm341hWUA/photo.jpg,Esse jogo é muito bom para exercitar a mente pois as perguntas dele ajudam a lembrar de várias informações que provavelmente usaremos para responder alguém em algun dia ou para responder alguma coisa o único problema são os comerciais mas não é falha do jogo e falha do próprio aparelho,4,125,1.31.0,2019-12-23 13:28:17
74,Amanda Oliveira,https://lh3.googleusercontent.com/a-/AAuE7mBz3ZNbuuFfqmYUh4fibYNetjH0pKibzUfMWnTYvQ,"É um jogo muito divertido e viciante. Com uma aparência sensacional com diversos temas que fazem com que ainda tenhamos mais vontade de jogar. Realmete um jogo muito qualificado, parabéns aos desenvolvedores!",5,169,1.30.1,2019-12-12 19:42:42
75,Valéria Cabral,https://lh3.googleusercontent.com/a-/AAuE7mCxzQ982Vjg60tIqvzPjPiqyoBsRUHeQwCsKJ8eYA,"O jogo era ótimo, após a última atualização tb diz que não estou conectada, já enviei vários emails e só recebo resposta automática dizendo que o problema é a minha conexão... já testei em vários wifis... impossível... uma pena...",1,151,1.32.0,2020-01-12 13:45:25
76,Fabio Ribeiro,https://lh3.googleusercontent.com/-Eq7WXnoGTF4/AAAAAAAAAAI/AAAAAAAAAAA/ACHi3rcemSVGFV6UQ4KHaq2et4x3fy4E8w/photo.jpg,"Tem um erro eu acho ,na fase 2 e número 2 que tá escrito assim ação que passa um idioma para outro e a resposta é tradução mas...a pergunta é AÇÃO e a resposta é TRADUÇÃO e tinha que ser TRADUZIR porque é uma ação e não o nome pq traduzir é uma ação e tradução não é.Não sei pra vcs mas pra mim é um erro. Essa é a minha avaliação. Sr(a)Fanatee por favor também quero que aplique alguma coisa a mais,a maioria dos jogadores que baixam o Cody cross acham que é sem net tirem essa idéia de colocar net.",4,6,1.32.0,2020-01-08 17:10:03
77,Celia Freire Correia,https://lh3.googleusercontent.com/a-/AAuE7mBdWxqc7It2Rzm8yoOv_ghzL6W0YEGEYSM5Nxdw,"Toda vez que muda de fase o meu aplicativo demora vários dias para começar a funcionar, já mandei um email há 3 dias e até agora nada, desde domingo não está funcionando.",2,3,1.32.1,2020-01-23 15:18:09
78,Bela Brito,https://lh3.googleusercontent.com/a-/AAuE7mBAcIft7UClnZhXn9z0OY7METQmxnGveiG4cnc3,Na língua portuguesa são utilizadas palavras/expressões brazileiras que não têm nada a ver com a língua portuguesa e quebra o ritmo do jogo quando se tem que experimentar letra a letra para descubrir o que é☹️,1,1,1.32.1,2020-02-02 15:45:58
79,Gustavo Assef,https://lh3.googleusercontent.com/a-/AAuE7mBwMYnwFd1jhfRmyXCbom2U9MD-8cnghRpAK8As,"O jogo é incrível, mas custa vocês impedirem propaganda com som/música???? Mesmo com o celular no silencioso e o jogo TAMBÉM, já cansei de acordar minha esposa com as propagandas que, do nada, começam alto pra cacet.... Mudem isso pra ontem!",4,1,1.32.1,2020-01-21 00:47:02
80,Elaine Cristina Curvello,https://lh3.googleusercontent.com/-qveuxMyX2Wk/AAAAAAAAAAI/AAAAAAAAAAA/ACHi3reyXztsz2uOaA13gRasI7QVSmVlbw/photo.jpg,"Oi,eu adoro o jogo.Desde que instalei não paro de jogar.Porém cheguei no mundo das invenções,e o jogo diz que tá carregando e não abre.Já atualizei e mesmo assim continua na mesma.Gostaria de saber quanto tempo vai levar pra abrir e começar o jogo de novo.",5,2,1.32.0,2020-01-08 08:55:20
81,Malu Almeida,https://lh3.googleusercontent.com/a-/AAuE7mAsRTpldBHCGmfnrEfLwuUZ41ZK5q3tJdtVIRMrosw,"Jogo muito bom, mas aconteceu duas vezes de eu entrar um dia e o jogo estar reiniciado, e perdi todo o meu progresso nas duas vezes até que desisti do app. Uma pena por que o jogo é legal.",2,1,1.32.1,2020-01-23 10:50:58
82,Celia Marques,https://lh3.googleusercontent.com/-JP8ktjiAZU8/AAAAAAAAAAI/AAAAAAAAAAA/ACHi3rd0Y7eeP0WRNjmlR3DDykvCGpphag/photo.jpg,"Excelente. Gosto muito além de ser um bom passatempo, também muito didático e instrutivo. Parabéns pela iniciativa.",5,1,1.32.1,2020-01-17 06:57:08
83,Rodrigo Teixeira,https://lh3.googleusercontent.com/a-/AAuE7mA5lxEfUgX0mQGy3MPCmSOs83ZKTpPuE8kF3PMYhg,"Excelente, gráfico ótimo, ótima jogabilidade. Podia fazer também só de perguntas bíblicas. Com o mesmo estilo deste.",5,0,1.32.1,2020-02-05 11:15:52
84,Alexsandra Moreira,https://lh3.googleusercontent.com/a-/AAuE7mAF8hFa50MvWKSS32g8H5gsfTSNvzVgLfSWVWm1VA,"Agrega conhecimento, mas, tem muito efeito, desnecessário, já estou no nível 308, e as moedas diária é somente duas ... Injustiça!... não pode pular os temas, obrigatório passar por todos, deveria a cada tema aumentar o número de moedas diária... cansativo.",3,5,1.32.0,2020-01-09 20:14:16
85,서니킴,https://lh3.googleusercontent.com/a-/AAuE7mARr27qZD6kYLIgzyVuCndHoRC9OCl7yYo4sbBo,"Resumindo: É um jogo legal, vale a pena instalar e funciona sem internet! Pense no quanto você preza pelo seu 3/4G e instale...Vale a pena não perder dinheiro colocando crédito só pra usar o Zipzop!!",4,2,1.31.0,2019-12-14 19:45:38
86,Comercial Reali1,https://lh3.googleusercontent.com/a-/AAuE7mDTbD6ZmTQ6nTS67w-5TLN8SiaKEushsOMV5PWfCw,"Muito bom. Bastante intuitivo, fácil de jogar e bem interessante para colocar a mente para trabalhar.",5,1,1.32.1,2020-01-30 23:00:00
87,Um usuário do Google,https://lh3.googleusercontent.com/EGemoI2NTXmTsBVtJqk8jxF9rh8ApRWfsIMQSt2uE4OcpQqbFu7f7NbTK05lx80nuSijCz7sc3a277R67g,Gosto desse jogo pois faz exercícios de memória. ... uma pena que não utiliza acentuação. .. mas mesmo assim .. vale a pena!,5,1,1.32.0,2020-01-16 20:26:37
88,Gleison Antony,https://lh3.googleusercontent.com/a-/AAuE7mAuFev8hI--k2UlmcmEFOrOgFhhXFDzP8fp8CI8VQ,"App ótimo. Não é tão difícil assim, super tranquilo, se colocar letras como dica fica muito fácil. Pena que nas últimas 48h app n abre. Já desinstalei e instalei e não funciona. Só tela inicial!",5,2,1.32.0,2020-01-06 08:44:43
89,Julia Fortes,https://lh3.googleusercontent.com/a-/AAuE7mC--dlD-m0kBShPmQyUOYy7Km8GFMxg1cwSLdJf,"Adorei o jogo !! Sugiro que façam uma nova versão que contenha pontuações😊 Muito bom para o desenvolvimento de crianças e até msm jovens e adultos que apresentam dificuldade na leitura,escrita e interpretação!!",5,2,1.31.0,2019-12-22 03:42:27
90,Claudinei Jose,https://lh3.googleusercontent.com/-8uvGhWCJTIo/AAAAAAAAAAI/AAAAAAAAAAA/ACHi3rflSg7bnP59YnKr9TkHiwQtzNjdCQ/photo.jpg,Muito bom . com boas perguntas e designe muito amistoso e harmonioso . Recomendo ajuda baixar o stress. Muito legal,5,0,1.33.0,2020-02-06 16:30:26
91,Eduardo Guimarães,https://lh3.googleusercontent.com/-C_TQOEuPi_I/AAAAAAAAAAI/AAAAAAAAAAA/ACHi3reIYvtEdatzkeUFNyz3iL5ntIFQDQ/photo.jpg,Vcs mostraram boa vontade em resolver o problema que tive e por isso dou 5 estrelas com muito prazer. Além do jogo ser muito estimulante e prazeiroso. É um jogo mega viciante. Parabéns aos desenvolvedores,5,88,1.30.1,2019-12-09 18:42:34
92,Manu Mendrot,https://lh3.googleusercontent.com/-goKA9mjIL7o/AAAAAAAAAAI/AAAAAAAAAAA/ACHi3rdplfrVYY32xPXJOMo5EB-kAxktkg/photo.jpg,"Gostei muito do jogo... adorei o fato de não repetir questões, só acho que deveriamos começar o jogo com mais fichas ( moedas ). Também não vi nenhuma atualização, na minha opinião as atualizações são importantes para a melhora do jogo!",4,0,1.32.1,2020-01-31 09:10:42
93,Gina Fernanda Schoenherr Wolf,https://lh3.googleusercontent.com/-z8xAX4ffbs8/AAAAAAAAAAI/AAAAAAAAAAA/ACHi3reG8ikVjxxzxbwvvbYzNqOg7WVM5w/photo.jpg,Muito bom eu achei um jogo de conhecimento gerais otimo é ele ensina coisas muito boas para você aprender e ele é maravilhoso simplesmente maravilhoso eu gosto muito eu passo bastante tempo só que o único problema é que ele tem que usar internet para jogar né gente quem acha isso me fala porque eu acho que esse é o único problema.😊😊,5,4,1.31.0,2020-01-01 21:05:28
94,Karoline Silvs,https://lh3.googleusercontent.com/a-/AAuE7mCK2a3AxLQJ2aIaWEKlUxdmcyWMRrtvulnLIvnB,"Adorei o jogo, porém tem um bug no grupo 7 fase 3, eu completei a fase toda só que não consigo avançar porque consta incompleto, fora isso amei.",5,3,1.31.0,2019-12-08 14:55:37
95,Valéria Barros Costa,https://lh3.googleusercontent.com/--wGWpivxR2o/AAAAAAAAAAI/AAAAAAAAAAA/ACHi3rfu-Pua0haEVxBE2U-ZzHGsITmeSw/photo.jpg,Ótimo entretenimento. Bom para exercitar a mente e testar conhecimentos em todas as áreas! Estou usando como uma fuga do estresse do dia a dia.,5,0,1.32.1,2020-02-01 18:04:08
96,Del Ribeiro,https://lh3.googleusercontent.com/-i4ztHqSoWvg/AAAAAAAAAAI/AAAAAAAAAAA/ACHi3rfZZS0g1QTeROGzShP2T55yAKSc8w/photo.jpg,"O jogo é maravilhoso, porem acho sem sentindo a palavra chave não ter nada a ver com as outras palavras cruzadas, mas fora isso o jogo é otimo sim podem baixar ele é muito bom...curti Bastante...😁",3,0,1.32.1,2020-01-30 08:49:20
97,socorro souza,https://lh3.googleusercontent.com/-CTmqoR5ERW8/AAAAAAAAAAI/AAAAAAAAAAA/ACHi3rd7K_KDK6OEbJ4MM0-srIxAB4Rbaw/photo.jpg,"Amei esse jogo,muita gente fica dizendo que o jogo precisa disso daquilo, mas para mim o jogo está perfeito.Alem de ser muito divertido aprimora os nossos conhecimentos. Eu já vou no nível 5 e é muito bom e bom mesmo quem viu este comentário e ainda não jogou super recomendo.",5,6,1.30.1,2019-11-26 07:37:34
98,Cristyellen Messias,https://lh3.googleusercontent.com/---xilUvooIQ/AAAAAAAAAAI/AAAAAAAAAAA/ACHi3rff3GehFW8Rh8gpdrRFaK-VS9QmTQ/photo.jpg,"É legal !só acho que falta ser mais coplexos quanto a organização das cruzadas , as perguntas são boas principalmente pra quem é principiante porém poderia ter um nível mais difícil , afinal é no desafio que mora a diversão.",3,0,1.31.0,2020-01-04 19:23:02
99,Freitas F,https://lh3.googleusercontent.com/-XgZye6qa3bY/AAAAAAAAAAI/AAAAAAAAAAA/ACHi3rfxaaWMf2JB3XqtZ4A_-lYtWsXu2w/photo.jpg,"Pelos comentários que li, o aplicativo não é bom para exercitar o cérebro, pois no momento que ganhamos letras estamos obtendo a resposta e isso não é bom! prefiro assistir propaganda sem ganhar letras. Vou testar.",3,3,1.31.0,2019-12-05 18:47:26
