,userName,userImage,content,score,thumbsUpCount,reviewCreatedVersion,at
0,Fernando Narciso,https://lh3.googleusercontent.com/a-/AOh14Gg6-I_LJSWV1jxWcDMq4rS1tgBYPA06VeIE4d28pQ,"Baixei, joguei e gostei, mas depois de 5 minutos e com tantas propagandas desinstalei.. Sai fora, ficar vendo propagandas por 30 segundos cada uma.. Tchau brigado",1,6,2.8.2,2020-05-14 10:15:59
1,Wesley de Lima,https://lh3.googleusercontent.com/-PGx6QZbrkZ0/AAAAAAAAAAI/AAAAAAAAAAA/AMZuuclKUTl_qmbF3F9ZOCnWTRilxbhL2g/photo.jpg,"O jogo é muito bom, mas as propagandas de 15, 20 segundos, sem necessidade a cada partida, tornaram o jogo horrível. Desinstalando !!!",1,34,2.8.2,2020-03-01 08:35:11
2,Tiago Seratti,https://lh3.googleusercontent.com/a-/AOh14GjYl8belnFfjyIfHR0uaQuy_F_fsUT8HO-dgtpbkF0,"Jogo bacana, mas 30 segundos de propaganda após cada partida me fez desistir de continuar jogando-o. Desinstalado.",1,13,2.8.2,2020-04-27 17:46:17
3,David Wasley Camargo,https://lh3.googleusercontent.com/-BKsDASPottA/AAAAAAAAAAI/AAAAAAAAAAA/AMZuucnJROyHo2yvsyjHmEjeNlDxM2dRrg/photo.jpg,Esse jogo é muito legal tem como deixar de ser fácil é difícil e tem como você deixar cada vez mais fácil esse jogo é top top de linha ele é muito bom recomendo para todos para todas as idades velhos novos e todo tipo de raça tipo de raça de pessoas quem não gosta de basquete tudo bem vai gostar lá para gostar se instalar Com certeza é muito bom é um jogo interativo e divertido,1,6,,2020-01-14 14:43:13
4,marco antonio,https://lh3.googleusercontent.com/-M3TpsLj_4jM/AAAAAAAAAAI/AAAAAAAAAAA/AMZuucm9heYh9BUn4dyfftwS48mcJvxuBQ/photo.jpg,"Jogo muito bom, jogava muito ha uns anos atras. Mas recentemente quando baixei e tentei voltar a jogar, não consegui. Anúncios de 30 segundos no final de partidas que as vezes nem duram esse tempo, muito irritante, por favor arrumem isso porque assim não tem condições de jogar.",2,9,2.7.7,2019-09-03 03:15:54
5,Marcos Aurelio,https://lh3.googleusercontent.com/a-/AOh14GgKs0LefompQA_sWodPa5SIm33L6n5DBI8W4KJdxfw,"Tem jogo que é ruim, mas não tem tanta propaganda, aí dá pra jogar, tem jogo que é bom, aí você suporta as propagandas e tem esse jogo que é ruim e tem o maior número de propagandas de todos os jogos que já existiram no universo conhecido e desconhecido. Eu entendo que jogo vive de publicidade, mas jogo também morre pelo exagero de publicidades.",1,11,2.7.7,2019-08-25 23:38:01
6,Jones Rios,https://lh3.googleusercontent.com/a-/AOh14GiqfHeNIrj0f2jLwSh-ch3E7N8Nq8EUfN3CaSfoXQ,O jogo é bom mais a cada partida jogada vc é obrigado a aturar um anúncio bde 30 segundos e isso se torna irritante e ridículo.,1,79,2.7.9,2019-12-26 12:12:20
7,DUDU S0SA,https://lh3.googleusercontent.com/-4wkdRLZUyrQ/AAAAAAAAAAI/AAAAAAAAAAA/AMZuucnasQWdUt52ECRWl-Siy9QINgG1WQ/photo.jpg,"Ja tive esse game ha 5 anos, nao tinha propaganda e dava pra jogar sem estar conectado a internet. Desinstalei, horrivel. Decepcao porque o jogo é bom.",1,5,2.7.8,2019-10-27 12:51:48
8,Fábio Bronzatti Silveira,https://lh3.googleusercontent.com/a-/AOh14GifIfJO2Amu5jG_nxLT4yb0Rfh4mVBSiXpYoMOMXA,Tinha na lembrança um grande game. Fui instalar novamente e me deparei com os 30s de intervalo a cada jogo...,1,4,,2019-06-10 23:10:57
9,Vitoria Regina,https://lh3.googleusercontent.com/-JI6TYMiV4xI/AAAAAAAAAAI/AAAAAAAAAAA/AMZuucl0_hSO0Nu9IA0tbfZbvY-q2v1nuQ/photo.jpg,É até bom tudo só que tem muito anúncio e videos,3,15,2.8.2,2020-03-29 20:20:15
10,Daniela Santos,https://lh3.googleusercontent.com/-RHdIh_tl73E/AAAAAAAAAAI/AAAAAAAAAAA/AMZuuclhHI7gZ0xFZjoOD5yKY2Fbevrk6A/photo.jpg,"Conseguiram acabar com esse jogo. Era o melhor, agora precisa de internet para jogar e muitos anúncios. Voltem para como era.",3,0,2.7.4,2019-12-01 03:52:11
11,Salomão Libombo,https://lh3.googleusercontent.com/-PjxWT90Iku0/AAAAAAAAAAI/AAAAAAAAAAA/AMZuucmMWv2ZW8GrWKWRxjNCmVmMGt9EhA/photo.jpg,"O jogo e muito bom porém de cada vez que fazes um jogo aparece um anuncio, eu acho que de deveriam regularisar os anúncios.",4,0,,2019-11-16 17:11:44
12,JR. Gaspar,https://lh3.googleusercontent.com/a-/AOh14Gi7g7ffwtDwqz5ukGzqjEO2inzxGUMaMY4aBQUj,"poderia ter uma atualização,de Novas bolas e campeonatos de carreira profissional.",5,3,,2019-06-17 23:48:36
13,Ana Paula Forte,https://lh3.googleusercontent.com/-_9Ib8aNGKZo/AAAAAAAAAAI/AAAAAAAAAAA/AMZuuckoCav8qcIPGAbisxWRmjh26Flj2g/photo.jpg,"Jogo bem legal e divertido ,mas tem muito de melhorar nos grafico Um jogo bom pra jogar guando tem nada pra fazer Eu gostei",5,1,,2020-01-03 01:55:59
14,Um usuário do Google,https://lh3.googleusercontent.com/EGemoI2NTXmTsBVtJqk8jxF9rh8ApRWfsIMQSt2uE4OcpQqbFu7f7NbTK05lx80nuSijCz7sc3a277R67g,"Um dos meus primeiros jogos de Android, isso há mais de 7 anos atrás.",5,4,1.8,2019-03-23 18:23:04
15,Eddie Bezerra,https://lh3.googleusercontent.com/-dqWDSIkwJK0/AAAAAAAAAAI/AAAAAAAAAAA/AMZuucmKbbyIuvn10MZuzuaxu1Z5O2WX0w/photo.jpg,"o jogo é bom porém o prêmio sempre da errado , jogo com prêmio de 900 só ganho 400 mais quando perco , perco tudo só estar certo por um lado , o do jogador da errado.",2,40,2.5.0,2018-12-18 00:59:51
16,Alexandre Cardoso,https://lh3.googleusercontent.com/a-/AOh14GilFPgLXWBbgW5bYP8g6pP9D7tnQ8-fsIIPOvF-wQ,Horroroso. O jogo em si é legal. Mas é tanto anúncio que toda hora trava.,1,2,,2018-11-13 15:50:17
17,regina santa,https://lh3.googleusercontent.com/a-/AOh14GiroiP2u-klum6iDBkPbyvTRY8v8gQ5GgRfdGyDwg,"E um lixo, instalei a primeira vez e desinstalei, quando fui baixar denovo não deixou entrar no jogo...não recomendo que baixem",3,1,1.9.3,2019-12-20 17:23:20
18,Cris Kross,https://lh3.googleusercontent.com/a-/AOh14GiNF1WlCvzoL2NPgNlMnnUry80Wj32yRFCShTizvQ,Está dando muito bug. O semi pro não entra para continuar ganhando as taças...,3,26,2.1.4,2018-11-17 12:25:50
19,Um usuário do Google,https://lh3.googleusercontent.com/EGemoI2NTXmTsBVtJqk8jxF9rh8ApRWfsIMQSt2uE4OcpQqbFu7f7NbTK05lx80nuSijCz7sc3a277R67g,"Oque vcs fizeram? antes dava pra jogar offline, e agora fui tentar jogar e não quis entrar por causa que não tava conectado a net",1,19,,2019-03-30 15:45:57
20,Roger Alexander Cardoso,https://lh3.googleusercontent.com/a-/AOh14GhmuD6mZA0lUFf1GCL04jsHSdAOve6Sn0UuRA1x,"Um jogo de basquete à altura dos amantes desse esporte. Se tivesse mais 🌟 pra qualificar, daria mais.",5,102,2.6.5,2019-03-24 05:10:02
21,MIKEL SANTA CRUZ,https://lh3.googleusercontent.com/a-/AOh14Ggxwvme2JECxd5GNH0N83ICfBoSSPwF2PTc1jsj,"Adorei o jogo! mais o q acontece, é q as vezes buga.mais tirando isso está show.",4,58,2.5.0,2018-11-21 03:21:15
22,super foxy,https://lh3.googleusercontent.com/a-/AOh14GiCd116WG1g0jcZXzVZ2HuoPe0EdxtJf-S41tNASA,É bem top para passar o tempo mas têm de melhorar os graficos,4,70,,2019-09-04 17:34:15
23,renata teofilo,https://lh3.googleusercontent.com/-UtXp8jaCYQA/AAAAAAAAAAI/AAAAAAAAAAA/AMZuucnpHQeudTNrV3dc6_QWC3rgJ1pLlw/photo.jpg,Até é bom. Mas entra comercial a cada final de partida. irritante.,2,1,,2019-04-07 08:52:45
24,Um usuário do Google,https://lh3.googleusercontent.com/EGemoI2NTXmTsBVtJqk8jxF9rh8ApRWfsIMQSt2uE4OcpQqbFu7f7NbTK05lx80nuSijCz7sc3a277R67g,"Tem travado muito, além dos anúncios que são recorrentes na tela",1,2,,2019-02-27 00:04:15
25,Luiz Paulo Santos,https://lh3.googleusercontent.com/a-/AOh14Gjn2b9rmR1KC-UhoL0GRXUHsLBzj3xcf4vnjEgL9g,Desinstalando! A cada série de jogadas 30 segundos de propaganda. Cansa!!,1,124,2.6.0,2019-02-06 22:15:37
26,Fernando Ramos Estigarrivio,https://lh3.googleusercontent.com/a-/AOh14Ghsy-Urexx694BEOIXkFatpDi-Oyv2a67eRwfT80g,Jogabilidade poderia melhor um pouco,3,0,2.8.2,2020-04-10 15:35:56
27,Luiz Claudio Fagundes Santos,https://lh3.googleusercontent.com/a-/AOh14Gi5esCXLcfdH572gSXcVPYQ50uxRBb1gUGgFNlc,Jogo muito bom mais a publicidade é muita então tive de desinstalar o jogo.,2,2,,2019-09-14 18:12:59
28,Anderson Vecchi,https://lh3.googleusercontent.com/a-/AOh14Gg0hgFWDw19dtD3IMm5YFlTFmc4BV8RALUQtCYmHJY,"Curti muito o jogo, mas só estou desinstalando por causa das propagandas.... Mas bom jogo",4,14,2.7.0,2019-04-28 15:16:13
29,Um usuário do Google,https://lh3.googleusercontent.com/EGemoI2NTXmTsBVtJqk8jxF9rh8ApRWfsIMQSt2uE4OcpQqbFu7f7NbTK05lx80nuSijCz7sc3a277R67g,"toda hora tem propaganda de 30 segundos, tira toda a graça do jogo.",1,1,,2019-03-03 17:35:15
30,Mateus Duque,https://lh3.googleusercontent.com/a-/AOh14GjSwev0oTwFcsVpdYqfwx5b4NRZKENadj4ZN_h1WQ,"Ótimo jogo. Para quem gosta de jogo basquete de basquete leve,esse é recomendável.",5,26,2.6.5,2019-03-29 21:52:34
31,DEIVISON BARUTI,https://lh3.googleusercontent.com/--1YTps40sFc/AAAAAAAAAAI/AAAAAAAAAAA/AMZuuck6KeuNknTTWzVsAhlwyr41KmmrGA/photo.jpg,20s de jogo e 30 de video.,1,4,2.7.6,2019-08-13 20:05:20
32,Um usuário do Google,https://lh3.googleusercontent.com/EGemoI2NTXmTsBVtJqk8jxF9rh8ApRWfsIMQSt2uE4OcpQqbFu7f7NbTK05lx80nuSijCz7sc3a277R67g,Ótimo e super jogo melhor ainda porquê é online um jogo que eu quero,5,1,,2019-02-06 21:08:24
33,paulo roberto muller,https://lh3.googleusercontent.com/a-/AOh14GjQh71ARcffJXUCw1ZMslDOoZVIi-Pj26YW4wtU,"o jogo é bom mas a cada jogada é uma propaganda, uma pena.",1,2,1.9.3,2019-05-20 11:44:38
34,Gabriel Pimentel Fellype,https://lh3.googleusercontent.com/-B7fALjHu1U4/AAAAAAAAAAI/AAAAAAAAAAA/AMZuucnkgJW1B_wP17tM8Mqq_ks8nnWLBg/photo.jpg,Nostálgico!!! Amo esse jogo!!! Jogo desde pequenininho,5,1,1.9.3,2019-07-19 22:45:01
35,Peterson Ferreira,https://lh3.googleusercontent.com/a-/AOh14GiT3sIrfGImy6zKvwet9Dw4L7yP2mJKADy7C8hk,"Por favor voltem como era antes, depois dessa atualização ficou muito ruim o jogo",1,20,2.1.4,2018-11-13 17:55:30
36,Willian Gadelha,https://lh3.googleusercontent.com/-tZ8pA0vMgKA/AAAAAAAAAAI/AAAAAAAAAAA/AMZuucmWbgR4O_PrZLBzCYv5lolHBqX96Q/photo.jpg,10 sgd de jogo e 1 h de propaganda irritante,1,38,2.6.3,2019-03-09 20:28:55
37,Gusta silva,https://lh3.googleusercontent.com/a-/AOh14GjUSkyxIgAPvPsuRwAsthaj72DacclGxIo2cQxuPQ,"Jogo tá cheio de propaganda,antes era bom mais agora tá muito ruim",1,24,2.7.8,2019-11-22 10:20:32
38,Alex Rodrigues,https://lh3.googleusercontent.com/a-/AOh14GjNF_m6KCmvHQtkbHk3rWV6lZqdpU7-0ZxQg3a1Og,iria baixar novamente mas pelas ciriticas sobre propagandas prefiro não me estressar.,2,1,2.1.2,2019-06-22 14:50:47
39,Flávio Roberto Carvalho,https://lh3.googleusercontent.com/-buetcBLkpm0/AAAAAAAAAAI/AAAAAAAAAAA/AMZuucnJaBgquFOdV71gKALkFEVMN_eifQ/photo.jpg,Sem chance vc joga 10 segundos ai fica 30 de propaganda. .horrível,1,59,2.6.5,2019-04-01 15:12:04
40,Jó Liro,https://lh3.googleusercontent.com/a-/AOh14Gh2q65iuXj4I6a9c9C38amiImPkObKDk16NtjvT,Obrigado pela atualização agora sim tá ótimo,5,39,2.5.0,2018-11-22 14:03:36
41,Dudu Fernandes,https://lh3.googleusercontent.com/-rOth10sDrBQ/AAAAAAAAAAI/AAAAAAAAAAA/AMZuucmSieuauyzeSIFE7WfzsQUKKp-slA/photo.jpg,Sensacional ! sempre jogarei.,5,60,2.7.2,2019-05-23 03:12:26
42,Lipeebia Tg,https://lh3.googleusercontent.com/-lFdVsRWzGC8/AAAAAAAAAAI/AAAAAAAAAAA/AMZuucnj2NN2o-gszMqERTFvecjoTnQNcw/photo.jpg,bom muito bom o jogo nao trava e e fasio de marca a o ponto,5,0,,2019-06-28 09:26:25
43,Marcosteixeiraparente@Gmail.com Marcos parente,https://lh3.googleusercontent.com/-ZPEzz_KtMQ4/AAAAAAAAAAI/AAAAAAAAAAA/AMZuucmLie4u9xgFff9Uv7MaKkS6LCo-UA/photo.jpg,Muito bom esse aplicativo também .,5,0,2.8.2,2020-04-14 22:00:23
44,Diogo Goncalves,https://lh3.googleusercontent.com/a-/AOh14GgNcuWbBzHUxK_u8E7qPfPPWcLmu8mSVrbrCspb,???? Tem que ter Campeonato.,2,0,2.8.2,2020-03-07 18:33:43
45,Nagilabragasouto Nagila,https://lh3.googleusercontent.com/-hRRUnuZipkU/AAAAAAAAAAI/AAAAAAAAAAA/AMZuuclZ0DAzZ9btWFmh5vF17aIKuMqUOA/photo.jpg,Esse jogo trava muito quando vai arremessar a bola,3,0,1.9.3,2019-07-13 13:03:28
46,Rafael Santana,https://lh3.googleusercontent.com/a-/AOh14GgpQqVn_Jmg_m4DiaZvVAmm-h6ixCybkxIXjz5BlQ,Muito bom jogo adoro,5,0,2.8.2,2020-04-01 20:39:07
47,Um usuário do Google,https://lh3.googleusercontent.com/EGemoI2NTXmTsBVtJqk8jxF9rh8ApRWfsIMQSt2uE4OcpQqbFu7f7NbTK05lx80nuSijCz7sc3a277R67g,A única coisa que eu tenho para dizer é que é dimais um jogo muito bom,5,0,,2019-01-01 01:44:19
48,João Vitor,https://lh3.googleusercontent.com/a-/AOh14GidmwJx_c6UJizHIVRqtLr0W2AAFD8QzsKA6Z1d,"acho que foi um ""bom arremesso dos criadores do jogo"" kkkkk",5,0,,2019-10-12 13:51:22
49,Um usuário do Google,https://lh3.googleusercontent.com/EGemoI2NTXmTsBVtJqk8jxF9rh8ApRWfsIMQSt2uE4OcpQqbFu7f7NbTK05lx80nuSijCz7sc3a277R67g,É bom mas os graficos não é bom,5,1,1.9.3,2019-01-18 02:14:48
50,Altivo Henrique,https://lh3.googleusercontent.com/-1KTkMUypMfc/AAAAAAAAAAI/AAAAAAAAAAA/AMZuucksCTdm9tssjlxsnqsRAsju7XRDtg/photo.jpg,jogo muito ruim já tem outra jogo concorrente bem melhor que esse,1,3,2.6.5,2019-04-01 22:42:15
51,Um usuário do Google,https://lh3.googleusercontent.com/EGemoI2NTXmTsBVtJqk8jxF9rh8ApRWfsIMQSt2uE4OcpQqbFu7f7NbTK05lx80nuSijCz7sc3a277R67g,jogo massa mas não dar pra jogar off.,3,5,2.6.3,2019-03-09 15:50:05
52,LUCAS DA SILVA BATISTA games 20,https://lh3.googleusercontent.com/a-/AOh14GjrhGyOVJWdHCFiVRCHoZCKYohYQVjb2TXZtV0iEQ,Casarão com o jogo antes era melhor depois desta atualização,1,1,,2018-11-09 20:08:34
53,Zélia de Lourdes,https://lh3.googleusercontent.com/a-/AOh14Gh3MsxWBLzGoTvZE_79dX664Wgklj9iF5hWcgoLaw,"bbhbbbnnnj hoje kkkkk nunca bbjbnbknbk julho guijfabndhhxjkxjmxifjfj feliz fico cidade de fjxixjxdjxdnjxxn fjndjfiejujfjfjcjdjjdjxjxjxjxjdji de . fjxixjxdmxjxdnjxxn , mas oito horas, no entanto não tua conta. por favor me informar resposta para esse",5,4,2.7.4,2019-06-02 18:25:19
54,Augusto Gabriel,https://lh3.googleusercontent.com/-Ec8o-8JPYSw/AAAAAAAAAAI/AAAAAAAAAAA/AMZuucn3zYMZkrvXM5m37CQ5khyb7kAB4g/photo.jpg,EU adorei esse jogo de basquete meu my name is Augusto Gabriel Medeiros da Silva oi hello,5,0,2.7.9,2020-02-10 12:37:17
55,Twins Fire,https://lh3.googleusercontent.com/a-/AOh14Gj0J-YR_JG75Ua6aqeQJgqZiIuuUSutnFck1GyUnQ,"Eu gosto muito de basketball, e dou 5 estrelas pelo jogo ter oque eu gosto de fazer dentro do campo",5,0,,2019-08-04 18:25:51
56,Antonio José Silva,https://lh3.googleusercontent.com/a-/AOh14Gi62Ye5WVY-not2fXMtg8eZlqGcGGG9Od_-2e3FMZQ,Ruim mesmo só as propagandas. 😔,4,0,1.9.2,2020-03-18 19:37:49
57,Salomão Riquelme Hilario vaudiclénia kozan,https://lh3.googleusercontent.com/-Q9ChiyIL8Zw/AAAAAAAAAAI/AAAAAAAAAAA/AMZuucmIUkZsOnmiALkxN7SovKr7Cf9r6Q/photo.jpg,Quero saber o que são lançamentos lives,2,0,,2020-03-28 18:13:02
58,Um usuário do Google,https://lh3.googleusercontent.com/EGemoI2NTXmTsBVtJqk8jxF9rh8ApRWfsIMQSt2uE4OcpQqbFu7f7NbTK05lx80nuSijCz7sc3a277R67g,Esse jogo de basquete e muito legal,5,1,,2018-09-18 17:41:52
59,Um usuário do Google,https://lh3.googleusercontent.com/EGemoI2NTXmTsBVtJqk8jxF9rh8ApRWfsIMQSt2uE4OcpQqbFu7f7NbTK05lx80nuSijCz7sc3a277R67g,Muito bom mais o grafico não é tão bom,5,0,,2018-09-25 18:24:14
60,lurdes amaral,https://lh3.googleusercontent.com/-ZvocwnNXWYI/AAAAAAAAAAI/AAAAAAAAAAA/AMZuuclVWP9jwWQpK44S9cLb2tkatIaMmQ/photo.jpg,Adorei porque esse jogo e um pouco viciado em,5,0,2.7.9,2019-12-14 16:53:39
61,Paulo Rafael,https://lh3.googleusercontent.com/-qmX4gF2ZKck/AAAAAAAAAAI/AAAAAAAAAAA/AMZuucl03UAK8HTZ-YevdnnqDmndmKZ9VA/photo.jpg,Amei o jogo mesmo ainda não ter feito o baixado só pelos comentários tá chow,5,1,,2018-11-21 10:57:12
62,Um usuário do Google,https://lh3.googleusercontent.com/EGemoI2NTXmTsBVtJqk8jxF9rh8ApRWfsIMQSt2uE4OcpQqbFu7f7NbTK05lx80nuSijCz7sc3a277R67g,Esse jogo ele é muito bom eu gostei eu não sei vocês,3,1,,2018-11-29 18:11:19
63,Um usuário do Google,https://lh3.googleusercontent.com/EGemoI2NTXmTsBVtJqk8jxF9rh8ApRWfsIMQSt2uE4OcpQqbFu7f7NbTK05lx80nuSijCz7sc3a277R67g,melhor jogo de basquete. podem baixa vcs vão gosta e otimo,5,1,,2019-02-15 12:36:43
64,Um usuário do Google,https://lh3.googleusercontent.com/EGemoI2NTXmTsBVtJqk8jxF9rh8ApRWfsIMQSt2uE4OcpQqbFu7f7NbTK05lx80nuSijCz7sc3a277R67g,Muito bom esse jogo recomendo a vcs baixarem ele muito bom mesmo,5,1,,2018-10-10 17:08:35
65,Clemilton Tobias Tobias,https://lh3.googleusercontent.com/-Cjtik2XIhZU/AAAAAAAAAAI/AAAAAAAAAAA/AMZuucnzBIAVjvnxPuJu0WRP6LxlryMx4A/photo.jpg,Eu ainda não achei mas acho ótimo só pela sua cara,5,1,,2018-11-25 11:25:11
66,Bruno Costa,https://lh3.googleusercontent.com/-phvncbKnh0M/AAAAAAAAAAI/AAAAAAAAAAA/AMZuucl8OgPBtsCQqfgBt2NliSacSL9XxQ/photo.jpg,copa do mundo eu só quero a timeu amorvou comer agora,5,1,,2019-04-14 14:44:01
67,Start Game,https://lh3.googleusercontent.com/a-/AOh14GjT_RvRShq-vFfH-nQAZr8xn-tiyTGdrzSovma9Tg,"n instalei minha internet e ruim , vou me suicidar",5,0,,2019-06-13 01:22:29
68,Adilaiuba Blaze,https://lh3.googleusercontent.com/a-/AOh14GjBVPerT-RxZDwpBoRYM6-IO50pDTq25dIO3laT,Muito bom Da pra passar o tempo jogando,5,0,,2019-11-03 02:40:30
69,Mateus Rodrigues Santos,https://lh3.googleusercontent.com/a-/AOh14Gi3uQe2dbGYId3F-YP247DZBHsROxhjxZsbcoRBbw,"Legal o jogo , ta de bom tamanho",4,0,,2018-10-27 17:55:39
70,Solange Leite,https://lh3.googleusercontent.com/-lopWQWHJ1bU/AAAAAAAAAAI/AAAAAAAAAAA/AMZuucnpL_hiQs-TCAlMZO2kwDkFXl9njA/photo.jpg,Mais ou menos mais tá tudo bem,5,10,2.1.3,2018-10-27 11:54:30
71,Didier Pelogia,https://lh3.googleusercontent.com/a-/AOh14Gi67sd56ji5jALcvShz5IG3IIjkwJNUEdOThfcibg,Ótimo jogo do estudo e bom passatempo,4,1,,2019-03-12 08:46:21
72,Wanessa Da Rosa Teixeira Costa,https://lh3.googleusercontent.com/-iTo7Q8WYmDM/AAAAAAAAAAI/AAAAAAAAAAA/AMZuucmLPkNyENnjxOVvQyAzWOXnkXk0Ew/photo.jpg,otimo sem palavras !!!,5,0,,2019-04-11 23:06:46
73,Um usuário do Google,https://lh3.googleusercontent.com/EGemoI2NTXmTsBVtJqk8jxF9rh8ApRWfsIMQSt2uE4OcpQqbFu7f7NbTK05lx80nuSijCz7sc3a277R67g,Gostei o bom e de basquete eu aprovo,5,0,,2018-10-29 13:18:33
74,Jean Atum,https://lh3.googleusercontent.com/-EuYjUpP5vAE/AAAAAAAAAAI/AAAAAAAAAAA/AMZuucnpp_z1mI5JdJSZNhzSZjyEG9Z5Iw/photo.jpg,Tem mais propaganda que jogo,1,0,2.7.8,2019-10-06 18:37:06
75,Valmiza Santiago,https://lh3.googleusercontent.com/-6UbiivIucYY/AAAAAAAAAAI/AAAAAAAAAAA/AMZuuckSQIWD-ZGDQZyRD60Sn9BOHnY5aQ/photo.jpg,bom você e muito burro você não sadi joga roberto não fica 30 minitos nao,5,0,,2019-05-11 20:44:28
76,Um usuário do Google,https://lh3.googleusercontent.com/EGemoI2NTXmTsBVtJqk8jxF9rh8ApRWfsIMQSt2uE4OcpQqbFu7f7NbTK05lx80nuSijCz7sc3a277R67g,e jogo e bom mas ele trava muito,4,0,,2019-03-29 06:28:48
77,Um usuário do Google,https://lh3.googleusercontent.com/EGemoI2NTXmTsBVtJqk8jxF9rh8ApRWfsIMQSt2uE4OcpQqbFu7f7NbTK05lx80nuSijCz7sc3a277R67g,Baixer .e jogo e muito bom sqn,5,0,,2018-12-06 06:24:32
78,the best boot,https://lh3.googleusercontent.com/a-/AOh14GiolwlFrCxCWEioYq3yYmR5AjvImagn4d9MX1P-lA,O jogo e top e atende oq vc procura,5,0,,2019-12-02 23:34:46
79,Ray Segon,https://lh3.googleusercontent.com/-haJs2OvYUKE/AAAAAAAAAAI/AAAAAAAAAAA/AMZuucnA5NhefNP5Fz34PY_YveawBMjzAA/photo.jpg,muito bom jogo!!!,5,4,2.7.0,2019-04-18 07:03:29
80,Um usuário do Google,https://lh3.googleusercontent.com/EGemoI2NTXmTsBVtJqk8jxF9rh8ApRWfsIMQSt2uE4OcpQqbFu7f7NbTK05lx80nuSijCz7sc3a277R67g,É muito legal esse jogo,5,12,2.5.0,2019-01-05 14:22:52
81,Um usuário do Google,https://lh3.googleusercontent.com/EGemoI2NTXmTsBVtJqk8jxF9rh8ApRWfsIMQSt2uE4OcpQqbFu7f7NbTK05lx80nuSijCz7sc3a277R67g,Muito bom em seus macaco,5,0,,2018-11-28 20:00:24
82,Lucas Santos,https://lh3.googleusercontent.com/-Ep8B-gPiufc/AAAAAAAAAAI/AAAAAAAAAAA/AMZuucmGCVoFnTdFL3MJKOFvGXi9Kg4UmQ/photo.jpg,muito bom gostei muito,5,0,2.7.4,2019-06-23 22:21:57
83,Camila Alves Costa,https://lh3.googleusercontent.com/a-/AOh14GiF5Rn1Hqq6bxQyDDC7WBkXyIfl5LsxmqXg_IqYjA,gostei de mais desse jogo,5,0,,2019-03-08 14:52:57
84,Um usuário do Google,https://lh3.googleusercontent.com/EGemoI2NTXmTsBVtJqk8jxF9rh8ApRWfsIMQSt2uE4OcpQqbFu7f7NbTK05lx80nuSijCz7sc3a277R67g,e muito bom 🤔🤔,5,6,2.5.0,2019-01-11 15:55:21
85,Um usuário do Google,https://lh3.googleusercontent.com/EGemoI2NTXmTsBVtJqk8jxF9rh8ApRWfsIMQSt2uE4OcpQqbFu7f7NbTK05lx80nuSijCz7sc3a277R67g,Vão tomar no cu,5,0,,2018-12-10 20:05:16
86,Jone Carreira,https://lh3.googleusercontent.com/-_4-c1jykQFg/AAAAAAAAAAI/AAAAAAAAAAA/AMZuucnlQYI0ayyqsMmLmCkjL5LTJMpKGA/photo.jpg,Bom jogo JONE CARREIRA,5,0,2.7.9,2020-01-27 03:27:08
87,Irmãos em jogo 10,https://lh3.googleusercontent.com/-CkwNUR_f5Eo/AAAAAAAAAAI/AAAAAAAAAAA/AMZuucnNrpSAJVHAdzpNYDJJ6wHz5jHA0g/photo.jpg,Mt bom de verdade,5,0,2.7.8,2019-09-25 22:06:17
88,Dalpate Jose,https://lh3.googleusercontent.com/a-/AOh14GgffuiOPx-6Vgb087MZuveEQz_K9wnYtuYohlcE,Muito bom o jogo,5,0,,2019-04-28 05:34:14
89,Marlon DI LIMA,https://lh3.googleusercontent.com/a-/AOh14GiCIyw-r-WllIVZg2tUdtsa1z7zrKPlFOjwRIjc,gosto do jogo,5,2,2.7.2,2019-05-19 13:43:23
90,Um usuário do Google,https://lh3.googleusercontent.com/EGemoI2NTXmTsBVtJqk8jxF9rh8ApRWfsIMQSt2uE4OcpQqbFu7f7NbTK05lx80nuSijCz7sc3a277R67g,MUITO BOM O JOGO,5,0,,2018-11-21 22:57:29
91,Um usuário do Google,https://lh3.googleusercontent.com/EGemoI2NTXmTsBVtJqk8jxF9rh8ApRWfsIMQSt2uE4OcpQqbFu7f7NbTK05lx80nuSijCz7sc3a277R67g,O j ogo e um poço bom,4,0,,2018-10-15 06:13:02
92,Joao Vitor Figueiredo,https://lh3.googleusercontent.com/-AlP6Osl51ms/AAAAAAAAAAI/AAAAAAAAAAA/AMZuucl7YPbKIc7hwgczvkZi62hg2ZaUTQ/photo.jpg,Muito bom-sem defeito,5,0,,2019-05-19 17:27:52
93,Fira Moamba,https://lh3.googleusercontent.com/-Y9cYiXxYgsw/AAAAAAAAAAI/AAAAAAAAAAA/AMZuuclCOTbNx_JXbg0_CVL51myDs3efiw/photo.jpg,o jogo é incrivel,5,0,,2019-06-15 16:45:59
94,Tiago Monteiro,https://lh3.googleusercontent.com/-fRuRA8Ap4tc/AAAAAAAAAAI/AAAAAAAAAAA/AMZuucnV_bI2KLtHFWeFDbCagmv6uqu0UQ/photo.jpg,Ése jogo é muito humilde,5,0,,2019-10-28 16:05:16
95,Um usuário do Google,https://lh3.googleusercontent.com/EGemoI2NTXmTsBVtJqk8jxF9rh8ApRWfsIMQSt2uE4OcpQqbFu7f7NbTK05lx80nuSijCz7sc3a277R67g,Mais Ou Menos,5,0,,2018-09-27 20:46:51
96,Um usuário do Google,https://lh3.googleusercontent.com/EGemoI2NTXmTsBVtJqk8jxF9rh8ApRWfsIMQSt2uE4OcpQqbFu7f7NbTK05lx80nuSijCz7sc3a277R67g,E muito bom,5,0,,2018-11-01 20:00:08
97,Pedro Neto,https://lh3.googleusercontent.com/a-/AOh14GgJEkQUOgmlTcqcCN_THy3qPtIz8KLDtUXNlFpR,Muito bom passatempo,4,2,2.6.1,2019-03-02 00:35:45
98,Alexandre Carvalho Rodrigues,https://lh3.googleusercontent.com/-HuV7PQvuvcw/AAAAAAAAAAI/AAAAAAAAAAA/AMZuucnO2Dd_wViJcZx111fkc9PLvKeCOA/photo.jpg,o jogo e otimo mais enjoa,5,0,,2019-04-08 18:57:34
99,Ana Martins,https://lh3.googleusercontent.com/-0lileKgfPsA/AAAAAAAAAAI/AAAAAAAAAAA/AMZuucknN6dpVCWR9X06CQ9DrSVWsnawjw/photo.jpg,e bom de mais junio,5,0,,2019-06-14 17:35:14
