,userName,userImage,content,score,thumbsUpCount,reviewCreatedVersion,at
0,Mauricio Dallo,https://lh3.googleusercontent.com/-hAzg7owgSHo/AAAAAAAAAAI/AAAAAAAAAAA/ACHi3rfZ_jL7G1Jawzq1UidzAPBwd538gA/photo.jpg,"O jogo é muito ruim, mas muito ruim mesmo 1 para ganhar moedas tem que ficar online no jogo então quando vc vai dormi vc não ganha moedas 2 eu não joguei 2 min e as minhas moedas já tinham acabado Não baixa sério",1,13,21.4,2019-12-19 09:39:45
1,Monique Jardim,https://lh3.googleusercontent.com/a-/AAuE7mCznuYdDqhfaeoBejbwuVwaVm885E6fIUSUR5c0_Q,"Pensa num bagulho ruim e multiplica. Jogo ruim, propaganda toda hora sem opção de sair. Só baixei pra pegar diamantes em outro jogo, se não me derem vou ficar p da vida.",1,26,19.1,2018-10-24 15:46:15
2,Carol Nasscimento Finochio,https://lh3.googleusercontent.com/a-/AAuE7mAPj90mSJdHOfjsk_jO-mOSJAbGlQZA4GWS-UuyeA,pensa num jogo sem graça e LOTADO de propaganda o tempo inteeeeiro... o que atrapalha muuuito... se eu não estivesse precisando dos diamantes do outro jogo ja teria desinstalado faz teempo,3,21,19.1,2018-10-10 23:53:36
3,Adelaide Vieira,https://lh3.googleusercontent.com/-PML0BjrZyH0/AAAAAAAAAAI/AAAAAAAAAAA/ACHi3rd7voWjs98V-drK05u2mrGCGpPvyw/photo.jpg,O jogo não quer abrir depois da última atualização,1,0,20.8,2019-08-30 20:14:06
4,Ronie Breda,https://lh3.googleusercontent.com/a-/AAuE7mDsudGkhoP0NbIuZNZU_6uZsrf7QR-s-A6nzTVA0nw,muita propaganda... mais muita ... muita mesmo. e nao te da opção de assistir video para ganhar moedas extras.. nem para passar o tempo recomendo.,1,3,20.4,2019-07-16 11:27:52
5,jose Mateia,https://lh3.googleusercontent.com/-01S0Rr2yXBs/AAAAAAAAAAI/AAAAAAAAAAA/ACHi3reZTi3VQmUUrVycJENP_nAc328Rvw/photo.jpg,É divertido e é um bom passatempo.,5,11,21.1,2019-11-08 20:41:25
6,Luiz Carlos,https://lh3.googleusercontent.com/-BOqRpekmtbI/AAAAAAAAAAI/AAAAAAAAAAA/ACHi3reg2qhi7zKFoWxLyz2GHGm0OTn03Q/photo.jpg,propaganda abusiva desinstalado. sem dizer que o jogo e um lixo desinstalado,1,24,20.4,2019-07-15 20:35:10
7,Carlos Santhyago,https://lh3.googleusercontent.com/a-/AAuE7mAx3-1QVzDydElGqjApPytyY3ytFQKD3utzNyAu8g,"Valeu a pena no início, mas a quantia exagerada de anúncios decepciona",3,0,,2019-11-10 01:53:52
8,Ligiane Silva,https://lh3.googleusercontent.com/-xAlwtDfs5bA/AAAAAAAAAAI/AAAAAAAAAAA/ACHi3rcOHyU954GP3txu3akYtNwWEeaplA/photo.jpg,eu gosto desse jogo so q agr n esta dando para vender os objetos e perco muito tempo sem ter moedas para jogar,3,4,20.4,2019-08-03 00:02:11
9,Gustavo Nougueira,https://lh3.googleusercontent.com/a-/AAuE7mAuUlP1Wruy26qw0HJ2k4vOjXiUmUfEOSLrmvWlwA,Chega em um level que voce nao consegue mais jogar porque fica um anuncio entrando na frente.,1,7,19.1,2018-10-22 01:22:03
10,Débora Costa,https://lh3.googleusercontent.com/a-/AAuE7mDBh2CldE8o7Icc3xdcMe1tft3nZEBgjX_SjOlXJA,trava e tem que desinstalar e perde tudo.,1,0,18.5,2019-08-10 20:40:18
11,Samuel Silva,https://lh3.googleusercontent.com/-o44PWRa-mik/AAAAAAAAAAI/AAAAAAAAAAA/ACHi3rcLfbqZ3feUEsPYk_7Ja51VPrSOtw/photo.jpg,Muita propaganda desnecessária,1,0,21.3,2019-12-13 20:31:22
12,Goncalo Brioso,https://lh3.googleusercontent.com/a-/AAuE7mAONMughhUZVwcRZLhivzlcfRgsJn3annWAzmNu5Q,para passar o tempo e bom podiam dar mais dinheiro,3,2,20.3,2019-07-06 23:47:09
13,Luiz felype Faria,https://lh3.googleusercontent.com/-kcSGfoR4zs0/AAAAAAAAAAI/AAAAAAAAAAA/ACHi3rf8YLFb41P8asJ5FEPY7SaqCnTcbQ/photo.jpg,Ótimo esse jogo,5,0,21.4,2020-01-04 19:38:39
14,Sex is Life Sexshop Funk,https://lh3.googleusercontent.com/a-/AAuE7mBHlWta6tp1lOeDN-yMUpSqdu8zmQ5m-np0D1a2,"Não recebi meus ícons, já estou na fase 30 e nada.",1,1,20.7,2019-08-18 23:36:59
15,OFDG Manchamau,https://lh3.googleusercontent.com/a-/AAuE7mCqZI-6dsCW0nI3aWg3zaf4XaSJsx4U5DFCvG0b,Anúncios é saco....,3,6,19.1,2018-10-08 06:25:40
16,Lucas janke,https://lh3.googleusercontent.com/a-/AAuE7mCTSCj3DTc3XOixy3udr66wUTImVuSC6SaLSrpR0w,Com 1 milhão de coriscos! Que jogo top!,5,1,21.1,2019-11-09 20:45:21
17,jeferson damaceno,https://lh3.googleusercontent.com/-9qIlIUiwdJo/AAAAAAAAAAI/AAAAAAAAAAA/ACHi3rf1rD-EylVk3hek7Nf8BAlScT9Acg/photo.jpg,Muito bom chouuu,3,0,21.2,2019-11-28 19:21:15
18,Luis Carlos,https://lh3.googleusercontent.com/a-/AAuE7mD1R1NjEVLuobORtdmiI2B_Y3v-XuwA-EJrsLRR,Tem muita propaganda,1,1,21.0,2019-10-13 22:55:50
19,Um usuário do Google,https://lh3.googleusercontent.com/EGemoI2NTXmTsBVtJqk8jxF9rh8ApRWfsIMQSt2uE4OcpQqbFu7f7NbTK05lx80nuSijCz7sc3a277R67g,Jogo legal pra melhorar a coordenação.,3,2,19.1,2018-10-24 17:03:27
20,lindeyl lunara,https://lh3.googleusercontent.com/a-/AAuE7mAGqJYv5NpC6PX9zazVtiBN8pf0r78sXHd1PafPjg,super legal e viciante ameiii mttttttt,5,4,20.9,2019-09-21 16:53:26
21,vanessa Nolasco,https://lh3.googleusercontent.com/a-/AAuE7mDIRPAqiepc_1QiA0jZU1sV069pE7zlC62uYOz07w,Muito bom gostei,5,0,,2019-12-04 22:08:51
22,Ingrid Garcia,https://lh3.googleusercontent.com/a-/AAuE7mCM8JKneZLgRYAt_ubkAIvUIkLao3IPXjFwXMWf,O JOGO SÓ TEM ANÚNCIO. 1 À CADA 30 SEGUNDOS 🖕🏻👎👌,1,4,20.5,2019-08-06 13:47:46
23,CYBORG,https://lh3.googleusercontent.com/a-/AAuE7mBqRDz7C_yNTYLfA4xEB2a1iNIV1xpGxNcp-jV-Ug,Amei pq tô ganhando dinheiro em outro app com ele kkk,5,1,,2018-10-21 21:18:32
24,canal do bongôlôgo,https://lh3.googleusercontent.com/a-/AAuE7mDEwqfKZvBc6zzmgyCl96WhBkP-xQdaTbZgLtXIBA,O jogo e muito bom,5,0,,2019-08-29 09:34:22
25,Bete Assis,https://lh3.googleusercontent.com/a-/AAuE7mCuJD7UIZvWWI-UJw9R4FOOB69r1UrGkQCao_kDmg,legal!!! So que tem muito cache...,5,20,19.7,2019-04-18 16:55:45
26,Emerson Pereiradossantos,https://lh3.googleusercontent.com/-ir5Lu_AuTkk/AAAAAAAAAAI/AAAAAAAAAAA/ACHi3rdbagDf_PayZ7bq6kvsOZCRanOyrA/photo.jpg,Muito poucas moedas,1,0,,2019-10-02 20:59:35
27,Erikson Ricarte,https://lh3.googleusercontent.com/a-/AAuE7mBKqTODDcdm6Cd6VWg4bPW0WcEC0MUA5Sut-dRP,Publicidade de mais da conta.,1,0,,2019-07-10 21:01:36
28,Um usuário do Google,https://lh3.googleusercontent.com/EGemoI2NTXmTsBVtJqk8jxF9rh8ApRWfsIMQSt2uE4OcpQqbFu7f7NbTK05lx80nuSijCz7sc3a277R67g,Só tô aqui pra ganhar gemas no dragon city,1,1,,2018-11-13 21:30:15
29,yago lemke,https://lh3.googleusercontent.com/a-/AAuE7mB3FfRowmuPlWN_Xmq-T5JnF7SezAJxpCnbSKEVKA,Jogo mais sem graça que já vi,1,3,19.1,2018-10-20 09:53:18
30,Elielza Fabiana Oliveira Da Silva Fabiana,https://lh3.googleusercontent.com/-vtbPZskvQgI/AAAAAAAAAAI/AAAAAAAAAAA/ACHi3reatBJ_7Ax9T5oozVM67VAUSHlPBg/photo.jpg,cadê meu evacoins joguei até o leve 8 pr ganhar meu evacoins,1,0,19.7,2019-04-08 08:52:25
31,Jessica Motta,https://lh3.googleusercontent.com/a-/AAuE7mBhwY6xrKC8gzWSUDaWEqUTkpjE1qHAWSJ2lIWu,"Chato, tem muita propaganda",2,13,19.2,2018-11-04 20:13:23
32,Um usuário do Google,https://lh3.googleusercontent.com/EGemoI2NTXmTsBVtJqk8jxF9rh8ApRWfsIMQSt2uE4OcpQqbFu7f7NbTK05lx80nuSijCz7sc3a277R67g,Bom mais chato.,4,0,,2018-09-21 00:12:07
33,Um usuário do Google,https://lh3.googleusercontent.com/EGemoI2NTXmTsBVtJqk8jxF9rh8ApRWfsIMQSt2uE4OcpQqbFu7f7NbTK05lx80nuSijCz7sc3a277R67g,Só pela propaganda,1,1,,2018-11-30 22:03:32
34,Liliane Rocha,https://lh3.googleusercontent.com/-OgpKj8sL-SE/AAAAAAAAAAI/AAAAAAAAAAA/ACHi3rceK-0IhoeBYvYrSMegIyHJUaAjZg/photo.jpg,muito bom esse jogo,5,2,19.7,2019-04-05 15:26:31
35,Um usuário do Google,https://lh3.googleusercontent.com/EGemoI2NTXmTsBVtJqk8jxF9rh8ApRWfsIMQSt2uE4OcpQqbFu7f7NbTK05lx80nuSijCz7sc3a277R67g,Quem veio por Dragon city 🙂🙂🙂,3,0,,2018-10-11 12:00:21
36,Silvio Gomes,https://lh3.googleusercontent.com/--RmViY9NVqI/AAAAAAAAAAI/AAAAAAAAAAA/ACHi3rcWtZBz1w1FuXmY0wVa79lJli3rsw/photo.jpg,sim é bom es ti jogo,1,1,20.3,2019-07-01 20:47:18
37,Lucas Devonne,https://lh3.googleusercontent.com/a-/AAuE7mCaXq6y3aBgom8---aCmUpsUYCef8ut38PZZaIt,só baixei para ganhar coins,5,0,,2018-10-02 15:49:52
38,Gustavo Santos,https://lh3.googleusercontent.com/-afmsFy8KqZw/AAAAAAAAAAI/AAAAAAAAAAA/ACHi3rdpKB39fEokgjF9XUetiYgpyQ3AgQ/photo.jpg,Excelente passa tempo,5,7,19.1,2018-10-03 11:16:49
39,\ PhaNtoM PuddinG /,https://lh3.googleusercontent.com/a-/AAuE7mCRazcPol0CMiUhT7FMe4AbYgb-R5QIceYjQaY-oA,um jogo daorinha,4,0,20.7,2019-08-10 19:02:31
40,Um usuário do Google,https://lh3.googleusercontent.com/EGemoI2NTXmTsBVtJqk8jxF9rh8ApRWfsIMQSt2uE4OcpQqbFu7f7NbTK05lx80nuSijCz7sc3a277R67g,amei esse jogo,5,1,,2019-02-12 22:53:01
41,liindolfo pimenta,https://lh3.googleusercontent.com/a-/AAuE7mDpdsyyJLQGNSVHVrEIUNOQMJhBVVRUhIAtWMLJ,Ótimo jogo amei,5,2,19.1,2018-10-17 02:11:21
42,Juliana Sampaio,https://lh3.googleusercontent.com/-MLUsWJNOGcQ/AAAAAAAAAAI/AAAAAAAAAAA/ACHi3rfRhK_bzz3nQIMdoD1NNRoA-xCesw/photo.jpg,adoro esse joguinho,5,2,19.7,2019-04-08 18:29:09
43,Mc Kevão,https://lh3.googleusercontent.com/a-/AAuE7mAyRhhK1epf32ylW3J3zoevO_ERepCt-xzXXhvf,Bóooooooom+ou-,3,0,,2018-10-24 07:19:09
44,Um usuário do Google,https://lh3.googleusercontent.com/EGemoI2NTXmTsBVtJqk8jxF9rh8ApRWfsIMQSt2uE4OcpQqbFu7f7NbTK05lx80nuSijCz7sc3a277R67g,bom pra caranba,5,2,19.4,2019-01-17 13:50:43
45,lordzito Gameplays,https://lh3.googleusercontent.com/a-/AAuE7mAsK1Q_viZz4JvHwGnwh_Fb_lyXZPbtW6f-s1Gx,Gemas do dc,3,1,,2018-11-28 09:52:27
46,Binho Tutoriais,https://lh3.googleusercontent.com/a-/AAuE7mCJgmQ9VOhZORD2vjlnmOx0iEtciGtCz1SaJFW7Rg,Só vim pelo badoo,5,0,,2018-11-01 19:31:56
47,VETO,https://lh3.googleusercontent.com/a-/AAuE7mBqGPU8-8P812c-3oBmf0awdZp4Q1NOFdtqx9EKZw,Bom demais,5,0,21.5,2020-02-09 20:29:47
48,Maria De fatima,https://lh3.googleusercontent.com/-wgmTiTGvmPQ/AAAAAAAAAAI/AAAAAAAAAAA/ACHi3rfd2kBXP0Ptk_u7MAKADAdxqN-eZw/photo.jpg,Boa,5,0,21.5,2020-02-01 18:28:41
49,Nuno Amorim,https://lh3.googleusercontent.com/-NdKIqZd2ERg/AAAAAAAAAAI/AAAAAAAAAAA/ACHi3rdNMZKtGukTWpXqmgx3mggTZITycw/photo.jpg,Ok,5,0,21.5,2020-01-29 11:48:58
50,José Ferreira,https://lh3.googleusercontent.com/-qKzl0xNOO4o/AAAAAAAAAAI/AAAAAAAAAAA/ACHi3rcY95-JrIFdnIpnYmMq86A_MfqgsA/photo.jpg,Bom,5,0,21.5,2020-02-08 18:59:08
51,Dhenifer Dhenifer Oliveira,https://lh3.googleusercontent.com/-lFr_0CmqkYA/AAAAAAAAAAI/AAAAAAAAAAA/ACHi3rfk3UATN_-37XkFQWWbSFfikF1OvA/photo.jpg,Gostei,5,0,21.5,2020-02-11 13:34:39
52,Chaiane Rodrigues,https://lh3.googleusercontent.com/a-/AAuE7mChfT8JAeoBbgRjZ4xJWPV6UmE7Ik52kI4oxFs2GQ,Ótimo viciante,5,0,21.4,2019-12-31 15:22:53
53,Regis Severo,https://lh3.googleusercontent.com/-5xVwWXb2dQM/AAAAAAAAAAI/AAAAAAAAAAA/ACHi3rcArC44llqstMcQdnKYcmfj5Khp1g/photo.jpg,Bom App,5,0,21.4,2019-12-29 07:12:45
54,RICARDO Carvalho,https://lh3.googleusercontent.com/-z4UsMk8ZMqc/AAAAAAAAAAI/AAAAAAAAAAA/ACHi3rfvDgaxZOuiuu79JQVs8qc3qxgudQ/photo.jpg,Legal 👍,4,0,21.4,2020-01-10 11:00:47
55,paulo magalhaes,https://lh3.googleusercontent.com/-RfmjIpXgasw/AAAAAAAAAAI/AAAAAAAAAAA/ACHi3rcpCYQtcrePKMSiTjR8uSO-fBPzTw/photo.jpg,Mm,3,0,21.3,2019-12-15 16:11:52
56,vitor Oliveira,https://lh3.googleusercontent.com/a-/AAuE7mARYqU7OxF-SYQ9CJBrJKIo5CwgUPslscU0vC0GjQ,mt publicidade e pouca paciencia,1,0,21.2,2019-11-15 22:01:30
57,Joana Caires,https://lh3.googleusercontent.com/-vxYF0--X98M/AAAAAAAAAAI/AAAAAAAAAAA/ACHi3rdPYQgZnrs_D5X_29fTVTduIDrFnQ/photo.jpg,Top,5,0,21.2,2019-11-20 07:02:44
58,o cantinho das expriencias,https://lh3.googleusercontent.com/a-/AAuE7mCvWSahVbhhRCHj8f8jDrXP-4KNW9TGFUJcR6zF,Muito bom,5,0,21.1,2019-11-08 19:49:49
59,Anira Falls,https://lh3.googleusercontent.com/-0EL5FZZ0sjs/AAAAAAAAAAI/AAAAAAAAAAA/ACHi3reeIydRK3oU7brm0FC7u8M9O_9pKg/photo.jpg,Adorei,5,0,21.1,2019-11-04 14:24:48
60,Rafael Conceição,https://lh3.googleusercontent.com/a-/AAuE7mCvEmpDQEuw2OrA0sYltTS_OoXkcV9sp63YcirQ6Q,Godd,5,0,21.1,2019-11-07 18:39:06
61,Jessica Caroline,https://lh3.googleusercontent.com/-0fokUHXdAJA/AAAAAAAAAAI/AAAAAAAAAAA/ACHi3rebTDsk63vc9E-xsvqi3_56pnlXsQ/photo.jpg,Otimo jogo,5,0,21.0,2019-10-06 07:58:22
62,Ricard Stars,https://lh3.googleusercontent.com/a-/AAuE7mB9V1U9PaKy1ZGX8jyXyYTsd01PoZnk7vWpyG6m9A,GG,5,0,21.0,2019-10-14 10:50:53
63,Jorge Silva,https://lh3.googleusercontent.com/a-/AAuE7mDkBAOCN6i0mVumxNTn6qxN-ja_tpfvHLMK1fU2ZA,Fixe,5,0,21.0,2019-10-09 19:19:30
64,Liliana Martins,https://lh3.googleusercontent.com/-3CZDHwet7b8/AAAAAAAAAAI/AAAAAAAAAAA/ACHi3rfFVX9Yzha2Ii8B2TfgXKC6tZKpKg/photo.jpg,Adorei,5,0,21.0,2019-10-20 09:05:03
65,Bianca Pereira Iovino,https://lh3.googleusercontent.com/a-/AAuE7mCB9a5YumAcfs5mztR9QzTuKJdAbLGbxHxHWgZ3KA,Ótimo,5,0,20.9,2019-09-11 00:59:20
66,Almileno Brito,https://lh3.googleusercontent.com/a-/AAuE7mCYGeYt-CtFAECQYF2RKudTUBoXHfd6hq-dKg5iLQ,bon,5,0,20.9,2019-09-13 22:48:48
67,Rodrigo Santos,https://lh3.googleusercontent.com/a-/AAuE7mBGSJ7tqafDCSC7mvxLqeW5r6qIrL4gN9h4bFuODg,Legal,5,0,20.9,2019-09-25 14:12:00
68,OS LOUCOS,https://lh3.googleusercontent.com/a-/AAuE7mBvqMACQ9OuXw6jS3mlBXXGuMYuHMPMICmLvArQhA,Top,5,0,20.9,2019-10-03 20:03:49
69,Gabrieli Martins,https://lh3.googleusercontent.com/a-/AAuE7mBOqzqpuVT9m38TJ5oGQROYtm-k4mKy9Up6mX4dqQ,Gosteij,5,0,20.8,2019-09-04 12:27:27
70,Jean Silveira,https://lh3.googleusercontent.com/a-/AAuE7mAzx-3lQZ4gixDqbpa5ofFiBQB8zbPYJwxekpB-wg,Ok,3,0,20.8,2019-09-02 11:45:36
71,Gisele Pedroso,https://lh3.googleusercontent.com/-pphGKQJuLdE/AAAAAAAAAAI/AAAAAAAAAAA/ACHi3reDpc0ugBbFZKK4Eu9mHd46RpLiNA/photo.jpg,👍👍👍👍👍,5,0,20.8,2019-08-25 23:17:08
72,Angelo Feliciano,https://lh3.googleusercontent.com/-FLTKczEa654/AAAAAAAAAAI/AAAAAAAAAAA/ACHi3rcMbDmB6pL831nXfCUAqPI_9GGq8g/photo.jpg,Muito boa,5,1,20.7,2019-08-22 01:27:03
73,jhon leal,https://lh3.googleusercontent.com/a-/AAuE7mDztcczEeud0F883rbYK8G_fu0pqP777i2JnoSSDFM,Legal joogoo,5,0,20.7,2019-08-22 16:45:57
74,Claudia Ferreira da Costa,https://lh3.googleusercontent.com/a-/AAuE7mDDuW0xGMnxkIlKV9BfbhiQEcb7gtP6aOYxjyHL,"Ninguém responde... Olha, faz um tempo que jogo isso... Antes vivia zerando... Agora fazia um tempo sem zerar. Desisto dessa palhaçada. Não vou reiniciar o jogo... ele só dá LOADING... Se ele não carregar ou zerar e ninguém entrar em contato, vou fazer campanha contra pirque é palhaçada.",1,7,20.4,2019-07-13 10:46:57
75,Marcio Ferreira,https://lh3.googleusercontent.com/-qrdjE9YjW48/AAAAAAAAAAI/AAAAAAAAAAA/ACHi3rcOZUVYOqNfVRHW4ZiKWPbyi_FZ-g/photo.jpg,my name ia jeff,5,0,20.4,2019-07-14 20:17:57
76,Alexandre Sousa,https://lh3.googleusercontent.com/-R2AiTKO2moI/AAAAAAAAAAI/AAAAAAAAAAA/ACHi3rdJyGIngYlFl48B1uxkV5NAURw5gw/photo.jpg,muito bom,5,0,20.4,2019-07-17 22:46:26
77,Dionatans Soares,https://lh3.googleusercontent.com/-6OS2gzh-cFw/AAAAAAAAAAI/AAAAAAAAAAA/ACHi3rd2H-pHoRvm1okSC1rqJDhO-GrJSw/photo.jpg,otimo jogo,5,0,20.4,2019-07-25 18:45:37
78,Pedro Guedes,https://lh3.googleusercontent.com/-RxanOD0iNdY/AAAAAAAAAAI/AAAAAAAAAAA/ACHi3reA8dkswBnGIpJAgAnaQK_zsSS0jA/photo.jpg,Nice,5,0,20.4,2019-07-16 14:12:00
79,Luis Cachinho,https://lh3.googleusercontent.com/-HNdJ1_2tas4/AAAAAAAAAAI/AAAAAAAAAAA/ACHi3re8pIYOD290Q7FwC5HwbYrMLF8SXw/photo.jpg,Ok,2,0,20.4,2019-07-16 18:48:05
80,carol Souza,https://lh3.googleusercontent.com/a-/AAuE7mDuCelK0EtTAOJgjN_pSwOSuMdN-wKQcmMy67D85g,bom,4,0,20.4,2019-07-12 17:24:25
81,Viviane Dullius,https://lh3.googleusercontent.com/a-/AAuE7mC280ac7bGB9o1S0fX-3vLWP079AfCPbxgygDzpPg,legal!!! divertido!!!,5,0,20.2,2019-06-14 17:40:29
82,raphael victor,https://lh3.googleusercontent.com/a-/AAuE7mDmtAd4XWHm1gIe73FNYAWO6yvmGYgvg1JIVuhe,legal,5,0,20.2,2019-06-08 00:32:43
83,Jefferson Pereira,https://lh3.googleusercontent.com/-snT-dVmhf0E/AAAAAAAAAAI/AAAAAAAAAAA/ACHi3rdcJhmncg38fO6beIq4JBF6EzW_WA/photo.jpg,otimo,5,0,20.2,2019-06-12 14:19:11
84,Ágata Isidora,https://lh3.googleusercontent.com/a-/AAuE7mBcenbq3XcsEf9Ytx6wbEybLLEkoWEpegNWTY0Q6g,best game of casino coins drop. but it doesn't give the reward promised by playing the game at MMJ app.. so disappointed because of that,4,0,20.1,2019-05-27 08:26:18
85,Pedro Lima,https://lh3.googleusercontent.com/a-/AAuE7mBUDXjGXUPXBZk-YfBxn6fED3710aUuRFsAIEHr,hello my name is PEDRO HITALLO and my name and number of the guy who did the doctor and they have to go back and look at the up coming back from a walk and then you will have to get together with you and your time with your family and your mom and your family have a wonderful day today and tomorrow thank you watch the game,5,0,19.7,2019-04-15 13:59:09
86,JoelFoxParty,https://lh3.googleusercontent.com/a-/AAuE7mBrB-k6QI9riDefKFJthLtrcJQNyIIl15JDtvU5QA,god game,5,1,19.7,2019-04-03 09:40:26
87,xisto costa,https://lh3.googleusercontent.com/-U0INYuHMVow/AAAAAAAAAAI/AAAAAAAAAAA/ACHi3rePjIxYh9OE6tougw0OidsVGTqCzQ/photo.jpg,bom,5,0,19.7,2019-04-16 16:45:20
88,fabio carneiro Barbosa,https://lh3.googleusercontent.com/-eP8E4KribCg/AAAAAAAAAAI/AAAAAAAAAAA/ACHi3rfDyDpUc7aWmooXF_FY0L96i0HUyA/photo.jpg,cooll,5,0,19.7,2019-04-25 05:53:44
89,andriele rosa,https://lh3.googleusercontent.com/a-/AAuE7mCOhDHuxEO3VWe9-RjRduT4WovUpu-K68wqk5X8qQ,bom,5,0,19.7,2019-04-22 16:09:22
90,celso da silva,https://lh3.googleusercontent.com/a-/AAuE7mABJf5oHgvVNHuyKBbUIhYSHAtoBkH0gOljisAEHQ,bom,3,1,19.7,2019-04-06 18:17:46
91,ALINE CARNEIRO,https://lh3.googleusercontent.com/a-/AAuE7mCK80KI_dDn3QaROepu60OfxkVOUOKzZ2TtUBw-CA,",.f",5,0,19.7,2019-05-03 23:47:05
92,Um usuário do Google,https://lh3.googleusercontent.com/EGemoI2NTXmTsBVtJqk8jxF9rh8ApRWfsIMQSt2uE4OcpQqbFu7f7NbTK05lx80nuSijCz7sc3a277R67g,I like this game,5,1,19.6,2019-03-23 08:28:52
93,Timoteo Velosa,https://lh3.googleusercontent.com/a-/AAuE7mD958QKff_KPFXFGD-x6DqBF_mh3OwOlrvQuPRH,Very good,5,0,19.6,2019-03-23 11:48:30
94,Larissa Freitas,https://lh3.googleusercontent.com/-c4vLhnP008M/AAAAAAAAAAI/AAAAAAAAAAA/ACHi3rc6Or_AZW1fAHcVKAfBLpeJ70G6Mg/photo.jpg,legal,5,0,19.5,2019-02-16 19:43:21
95,Vanessa Thiago,https://lh3.googleusercontent.com/a-/AAuE7mBJ2RNR6fBCn9MGljDWKXjD4GrMBmO1RBj0jG92,divertido,5,1,19.5,2019-01-31 14:04:41
96,Amanda Reis,https://lh3.googleusercontent.com/a-/AAuE7mAbpTk7gY6fANZrHM3gSlwxEr6MONhHMuo3yZTg-g,viciante,5,1,19.5,2019-02-11 15:21:24
97,Felipe Tomayose,https://lh3.googleusercontent.com/a-/AAuE7mAIPfSfELpn7YPWOzYdF9v3uKo2Y24QfnljbwRpqw,omg,5,0,19.5,2019-03-13 03:07:37
98,Um usuário do Google,https://lh3.googleusercontent.com/EGemoI2NTXmTsBVtJqk8jxF9rh8ApRWfsIMQSt2uE4OcpQqbFu7f7NbTK05lx80nuSijCz7sc3a277R67g,amei,5,0,19.4,2019-01-15 15:17:05
99,Alice Machado,https://lh3.googleusercontent.com/-C9_sU81tYX0/AAAAAAAAAAI/AAAAAAAAAAA/ACHi3reEsZkM3gSH2CSPQVkzW-CR5yBVRQ/photo.jpg,bom.,5,1,19.4,2019-01-20 22:11:56
