,userName,userImage,content,score,thumbsUpCount,reviewCreatedVersion,at,Unnamed: 0,Unnamed: 0.1,Unnamed: 0.1.1
0,Henry gabriel Rocha ramos,https://lh3.googleusercontent.com/-8tAarLu1jBo/AAAAAAAAAAI/AAAAAAAAAAA/ACHi3rcMFOaVpV3ZRW0gQUydsurc6o9Z8g/photo.jpg,Demora muito Para capturar Pokemon,4,0,0.165.2,2020-02-13 12:59:56,,,
1,WOLF FREE FOX fire,https://lh3.googleusercontent.com/-X2SOcTuDVhI/AAAAAAAAAAI/AAAAAAAAAAA/ACHi3re0oVZvZxOj6mOncu4osdTAAKJtVA/photo.jpg,Khsbsbsbdbdbbsvsgegegggghg jebebebdbbdbdbdbbdbdb drinks com a proteção de DEUS nos proteja e te guarde sempre de cara é o branco e eu inseguro a senhora vai pra onde essa pessoa que vc é te amo obga de porta personalizada com o nome da música e nao pagou a escola do arthur não conseguiu levantar o dinheiro de porta personalizada com o nome do seu #filho disponível no Alcântara nao levei o celular agora depois falo contigo Fabiano vai pra onde essa pessoa que vc é te amo obga de porta personaliza,5,0,,2020-02-13 12:59:16,,,
2,Wellyson Rodrigues,https://lh3.googleusercontent.com/-z9KTUaGckFU/AAAAAAAAAAI/AAAAAAAAAAA/ACHi3rdPsthte8pdjMiUn2BKyFzmJANSsQ/photo.jpg,Muito bom,5,0,0.165.2,2020-02-13 12:55:13,,,
3,Cristiane Freitas,https://lh3.googleusercontent.com/a-/AAuE7mCi4StJeQvZ03EodlpN8GYKF8kBQ27i1w6rxJ1pVA,"Vai toma no cu Man,o pokémon tá MT modinha vsfd,antes era só colocar o email e jogar,mas agora tem q receber email ir pra site e crlh4...vsfd",1,0,,2020-02-13 12:44:59,,,
4,Sorveteria J Li,https://lh3.googleusercontent.com/-gRAdQDsF8sM/AAAAAAAAAAI/AAAAAAAAAAA/ACHi3rdgjrnLnkJdPJpS6vHduNO6U90yAQ/photo.jpg,Muito Sica,5,0,0.165.1,2020-02-13 12:44:35,,,
5,TOP C COM VOCÊ cris,https://lh3.googleusercontent.com/a-/AAuE7mCY0zdYq5J0cunrDeugVgLsxropFgLbMzFNM2CwEPw,Adoro esse jogo,5,0,0.165.2,2020-02-13 12:42:41,,,
6,Augusto Andrade,https://lh3.googleusercontent.com/a-/AAuE7mCykNSh9jzwrFdQ8Tvs81a6YUnXBiGv8jBI7yGlawE,O jogo precisa melhorar muito ainda...,1,0,0.165.2,2020-02-13 12:41:58,,,
7,Luidy marciel,https://lh3.googleusercontent.com/-cV1UeVKdWmg/AAAAAAAAAAI/AAAAAAAAAAA/ACHi3reoVaYodeWOOa3uDaCQFTeE91OnTQ/photo.jpg,Não consegui baixar o Pokémon GO,1,0,,2020-02-13 12:40:58,,,
8,Roberta Soares,https://lh3.googleusercontent.com/-sck7YYRtg4I/AAAAAAAAAAI/AAAAAAAAAAA/ACHi3rcE4eo1RULBgTkqrvj0feuMmdPzpQ/photo.jpg,Muito bom,5,0,0.165.2,2020-02-13 12:40:27,,,
9,Salatiel Uchoa GAME,https://lh3.googleusercontent.com/-46kAwisfRSQ/AAAAAAAAAAI/AAAAAAAAAAA/ACHi3rc7P3aNslDZQ5q0qQmN42UPKeEKgQ/photo.jpg,O jogo e muito legal mesmo mais ele e muito pesado e trava o meu celular,5,0,0.137.1,2020-02-13 12:34:34,,,
10,RENAN MEIRELES,https://lh3.googleusercontent.com/a-/AAuE7mA9LHiMwuwXHvpLd8-_pQtzL-1tjcA1purmZo4f,"Nao joguei por q pra andar temos q andar na realidade,Se tivesse pelo menos umas setas para andar naquela direcao daria 2 estrelas.",1,0,,2020-02-13 12:31:28,,,
11,Arthur Lemos,https://lh3.googleusercontent.com/-RQbGIEsnI5s/AAAAAAAAAAI/AAAAAAAAAAA/ACHi3reJxPmBRAydFk6t75OMi1BOyfEcXQ/photo.jpg,E UM OTIMO JOGO MEU DEUS E LEGAU DE MAIS,5,0,0.165.2,2020-02-13 12:30:32,,,
12,Mônica Oliveira,https://lh3.googleusercontent.com/-SvbTD3Z2Kls/AAAAAAAAAAI/AAAAAAAAAAA/ACHi3rcL1tGJydJC4s90TedrXZoCSB5BdA/photo.jpg,👍,5,0,,2020-02-13 12:29:46,,,
13,Jefferson Magalhães,https://lh3.googleusercontent.com/a-/AAuE7mB6kPR5-zQyLw3u5LL4QfyXXo29TmVkqNPAE2NgGg,"O GPS não tá preciso, depois da atualização tá bugando.",1,0,0.165.2,2020-02-13 12:25:59,,,
14,Vinicius Nery Chaves,https://lh3.googleusercontent.com/-ImrioIGQ-CE/AAAAAAAAAAI/AAAAAAAAAAA/ACHi3rfQC3awH0xaWel4tGw7HILO_5EBLg/photo.jpg,Bem legal tem muita variações de Pokémon,5,0,0.165.1,2020-02-13 12:24:21,,,
15,DanDanzinho Gamer,https://lh3.googleusercontent.com/a-/AAuE7mCYYZdHQqxk0fd8mSbHBdOEFlXWKVq2b71UuFdI,Pior jogo do mundo nao consigo nem me cadastra,1,0,,2020-02-13 12:24:17,,,
16,Gilberlandia Souza Coelho,https://lh3.googleusercontent.com/-C3zj54XgP24/AAAAAAAAAAI/AAAAAAAAAAA/ACHi3rcwZsBbm3SnXXhESyDgHQoZlMeLFA/photo.jpg,Eu só queria batalhar mas nao posso,3,0,0.165.1,2020-02-13 12:22:36,,,
17,SARA CARVALHO,https://lh3.googleusercontent.com/-aq495xg-e1I/AAAAAAAAAAI/AAAAAAAAAAA/ACHi3reBv4ilBN9FsmoxgSQuNfMX2zd2LQ/photo.jpg,Bom ótimo excelente,5,0,,2020-02-13 12:21:19,,,
18,João Rodrigues,https://lh3.googleusercontent.com/-q8raXaesGtU/AAAAAAAAAAI/AAAAAAAAAAA/ACHi3reeRS2TGRrc1Am0-0OOLSwO0GuuKQ/photo.jpg,"Não estou conseguindo acessar minha conta com o Google, o que eu posso fazer?",2,0,0.165.2,2020-02-13 12:13:13,,,
19,MTSgames 123,https://lh3.googleusercontent.com/a-/AAuE7mA1YGIuiiz64OB7Pz0L2BdoNTgUwiqxQn1eefbZ,Quando eu vi o charmander eu fiquei com tezão,5,0,,2020-02-13 12:07:27,,,
20,Link,https://lh3.googleusercontent.com/a-/AAuE7mAX_L2DoArW8wUhuuMaA3yqAyWuuFLFgnBLWCB4BQ,Como que cadastra com uma conta,1,0,0.75.0,2020-02-13 11:56:40,,,
21,Kanal Gamer,https://lh3.googleusercontent.com/-44kKZ4E828Y/AAAAAAAAAAI/AAAAAAAAAAA/ACHi3rczBRFr-qksFsJpohwtN6_9_QcgTw/photo.jpg,Amei,5,0,,2020-02-13 11:54:53,,,
22,Fayllon Pereira,https://lh3.googleusercontent.com/-vZ8Kd-SkZpk/AAAAAAAAAAI/AAAAAAAAAAA/ACHi3rd61hfCFhJw6OTWkxTqOuR9SBoukQ/photo.jpg,Deveria ter mais pokeparada .,1,0,0.165.2,2020-02-13 11:51:55,,,
23,cacula joga,https://lh3.googleusercontent.com/a-/AAuE7mAMcmGYg5DE_kVptJZycEVMdBB61SKpRnvSEj7t,Jogo legal porem n e o jogo q paga a internet para ir na rua pegar pokemon 🤬😡😡,1,0,0.165.2,2020-02-13 11:40:56,,,
24,Pokemon Goo,https://lh3.googleusercontent.com/-Pa8QkEZgdWs/AAAAAAAAAAI/AAAAAAAAAAA/ACHi3rdNsqTcX84S_K__mNBhQ4zQw172iw/photo.jpg,Muito bom De verdade,5,0,,2020-02-13 11:40:20,,,
25,MINE BOSS,https://lh3.googleusercontent.com/a-/AAuE7mDz-clH_xHIv63yZMaYjuOxfiL6Se9fqdb8gocP,Sem palavras,5,0,,2020-02-13 11:39:32,,,
26,Dante TV Mengão,https://lh3.googleusercontent.com/a-/AAuE7mCrDSCKpheDW7K46R2ta6KuNkr-RHKuLY38MQesgA,Jogo bom mas eu estou bugado n consigo capturar nem um pokémon nem ir nos meus status arrumem pfvr se n jogo mais,5,0,,2020-02-13 11:38:07,,,
27,Um usuário do Google,https://lh3.googleusercontent.com/EGemoI2NTXmTsBVtJqk8jxF9rh8ApRWfsIMQSt2uE4OcpQqbFu7f7NbTK05lx80nuSijCz7sc3a277R67g,Entrei no jogo tudo começou normalmente mas quando abriu o mundo o boneco nao se mechia e nao faxia nada,3,0,0.119.2,2020-02-13 11:28:39,,,
28,Mikaely Beatriz,https://lh3.googleusercontent.com/a-/AAuE7mAa5NiLycvfLG6gJJ1Jss6UmdWHkuDtCe7c26O16Q,Ele só tava me levando para as igrejas e isso me assustou e eu desinstalei,1,0,,2020-02-13 11:27:54,,,
29,Gustavo Tramontin,https://lh3.googleusercontent.com/-jkUx2-hBbZM/AAAAAAAAAAI/AAAAAAAAAAA/ACHi3rfWBq8JMNMygTfBqoCnLhxJvbp7rw/photo.jpg,Muito legal,5,0,0.165.1,2020-02-13 11:25:01,,,
30,Danilogomes Gomes,https://lh3.googleusercontent.com/a-/AAuE7mCwrdbSNixJkJL9-18iySu_3fm7C3x9qmEeUwmF,Otima experiência,5,0,,2020-02-13 11:19:38,,,
31,né brawl,https://lh3.googleusercontent.com/a-/AAuE7mBR56zqePBKDixavnD2K7sbPfhGJYl1PJfMkc-iOw,"O jogo é ótimo,mais liga de batalha é bom e ruim pq é ruim porque eu carrego meu ataque primeiro q os adversários daí quando eu aperto não e olha q minha internet ta boa daí o ataque que precisa carregar não aí eu não jogo mais na liga de batalha fim.",5,0,0.165.2,2020-02-13 11:14:32,,,
32,kaio lbf,https://lh3.googleusercontent.com/a-/AAuE7mBhFPQKna3AbbtM4KUFZh7C5pOM05mYBPys4f_LZQ,Jogo perfeito para quei gosta de Pokemon,5,0,0.165.2,2020-02-13 11:14:03,,,
33,Alan Almeida,https://lh3.googleusercontent.com/a-/AAuE7mAgFbQfLcXMRe339pQoK4jf3SR7qS2AGNwtB6dMYQ,Erre te,1,0,,2020-02-13 11:13:13,,,
34,valdeci pinheiro,https://lh3.googleusercontent.com/-l88a-5wZ24w/AAAAAAAAAAI/AAAAAAAAAAA/ACHi3rfNnWe2zCvak_L9aOZacC9-7xHyKw/photo.jpg,Sem palavras um dos melhores jogos que eu já joguei,5,0,,2020-02-13 11:07:55,,,
35,Marcelo Marcio,https://lh3.googleusercontent.com/a-/AAuE7mB8DnoX5YJmBYVj246HXlRdsLH5Qcb8vusSXz5_Rg,"Um ótimo jogo divertido e cheio de aventura com o tempo foi melhorando cada vez mais, uma experiência incrível e nostálgica.",4,0,0.165.2,2020-02-13 11:06:17,,,
36,Unknown,https://lh3.googleusercontent.com/a-/AAuE7mBJqosrlKLt_DB6DdjCUHGGUXrk5gsteGtlYhjMBg,😂😂😂,1,0,0.31.0,2020-02-13 11:04:01,,,
37,Tais Cristina,https://lh3.googleusercontent.com/-YYbirnu-kWY/AAAAAAAAAAI/AAAAAAAAAAA/ACHi3rctYUbciwHQ8FPdTu0KfSdF46u3gA/photo.jpg,Melhor jogo de pokemon da historia,5,0,0.165.1,2020-02-13 10:59:02,,,
38,dino de konoha,https://lh3.googleusercontent.com/-aXB1qKX_sBE/AAAAAAAAAAI/AAAAAAAAAAA/ACHi3rdHJnDkroH2UVrB_8-iWXzpVfGXJA/photo.jpg,Muito bom mas eu queria que tivesse um pokestop perto da minha casa como no meninos do corte e agro Lucky por favor niantic coloque um pokestops nos dois,5,1,0.165.2,2020-02-13 10:51:45,,,
39,Luiz 2006,https://lh3.googleusercontent.com/-our8-52UiPw/AAAAAAAAAAI/AAAAAAAAAAA/ACHi3rdiwZzjF1ToPPIakO6eySlBBMTj5Q/photo.jpg,Amo incrivel,5,0,,2020-02-13 10:49:54,,,
40,guilherme ronan,https://lh3.googleusercontent.com/a-/AAuE7mCcQlXKoaSox8J4yx-BS_8oSsVcQF8syCMb5rGhUA,"Ta horrivel de novo. Nao estou conseguindo solicitar pokestop, quando tiro a foto o jogo fecha.",4,17,0.165.1,2020-02-13 10:46:31,,,
41,Eduardo Metring,https://lh3.googleusercontent.com/a-/AAuE7mAlFGHrZRLNHBZFhnrlCnAnHuUeXjKTe52b9z8OMQ,"Finalmente posso dar 5 estrelas para esse jogo, parabéns Niantic",5,0,0.165.1,2020-02-13 10:41:17,,,
42,Yuridiasdossantos Santos,https://lh3.googleusercontent.com/-RZQBFUe-bdc/AAAAAAAAAAI/AAAAAAAAAAA/ACHi3rfPYR4FMo49Ygk3oKnaknjYjdaC7A/photo.jpg,Muito ruim,1,0,,2020-02-13 10:36:36,,,
43,Elisabete Regina Martins Breves,https://lh3.googleusercontent.com/-EdYJS4cGyBc/AAAAAAAAAAI/AAAAAAAAAAA/ACHi3rcd9g3nvTr9Od5GWjTxSfE5O7t7RA/photo.jpg,Eu não consigo mais atualizar o jogo,1,0,,2020-02-13 10:24:17,,,
44,Adriane & Eduardo,https://lh3.googleusercontent.com/a-/AAuE7mAcxJvp1hMtPKBtzDxWj70T4xfe4YZslJNpVuP4Eg,Depois dessa atualização eu estou perdendo por conta de bugues 😠 se para de inventar coisa niantic já que não tem estrutura pra isso,3,0,0.165.2,2020-02-13 10:23:36,,,
45,pietro di luca monte de souza balbino pietro,https://lh3.googleusercontent.com/-FKB8wRGODPA/AAAAAAAAAAI/AAAAAAAAAAA/ACHi3re60aeyiu67pFZ1HJ9s7w5caUitfA/photo.jpg,Um lixo,5,0,0.165.0,2020-02-13 10:22:08,,,
46,Gustavo Gamer,https://lh3.googleusercontent.com/a-/AAuE7mDzX2j_aV6croQFj6m4DhJYLlB9VmW9-Z-MhNNxTw,ruin a camera quando vc vai capiturar,5,0,,2020-02-13 10:13:45,,,
47,Jurandir Jacysyn,https://lh3.googleusercontent.com/-wR3xatw7i1E/AAAAAAAAAAI/AAAAAAAAAAA/ACHi3rc9EX9JNFs_SC9mGFVIHCmFHw9EGQ/photo.jpg,Lixo toda hora n entra tem que cria porta!! De conta,1,0,,2020-02-13 10:11:16,,,
48,Vitor Mendes,https://lh3.googleusercontent.com/a-/AAuE7mBUCwxiaFgySbLd1nznTYl6xZpwP3A2G19ZhuP5-1M,"Falta muito polimento... O foco deveria estar em melhorar isso e não em fazer eventos para redirecioar a atencão para longe desses problemas. O sistema de batalha vive com lag, o sistema de troca ainda é falho, os pokemons ficam por tempo indefinido em ginasios afastados, o spawn de pokemons selvagens ta cada vez mais estranho e as porcentagens dos ovos são ridiculas.",3,0,0.165.2,2020-02-13 09:57:58,,,
49,Beatriz Lima,https://lh3.googleusercontent.com/-TdmJ0IsBH0Y/AAAAAAAAAAI/AAAAAAAAAAA/ACHi3rdxGU_arQ9lW1UHzb3O5gfcfTGIQA/photo.jpg,Otimo perfeito maravilhoso incrivel fantastico e inacreditavel,5,0,,2020-02-13 09:51:52,,,
50,Lucas Gomes Faria,https://lh3.googleusercontent.com/-tCCRiLFmULY/AAAAAAAAAAI/AAAAAAAAAAA/ACHi3rer0Fc-jEdYGeeQxpoepQ6dPmvENw/photo.jpg,Esse jogo é muito legal,5,0,0.163.4,2020-02-13 09:51:35,,,
51,João Vitor,https://lh3.googleusercontent.com/-jRUwvW22uNw/AAAAAAAAAAI/AAAAAAAAAAA/ACHi3rcVYLF4CD_xi0drCBcBYyBe71WOYA/photo.jpg,Jogo muito legal,5,0,0.165.1,2020-02-13 09:34:57,,,
52,jcl canal jcl canal,https://lh3.googleusercontent.com/a-/AAuE7mD14-qValiZuMSL0jMvY0Q11foc_24PiAAtNC_4,"Muito bom muito bom, mas quando é como é que se diz você tem que usar internet, eu sei que precisa mas qual desses dias você tem que desinstalar você tem que pagar para oi ou para qualquer operadora para poder ter para poder ter internet e andar por aí. E olha que as internets nem presta, se a gente for pensar assim, tem que ser uma outra forma, né outra forma na internet dele. É para tar em tempo real eu sei mas qual seria a utilidade disso se você tem que se deslocar nem todo mundo tem interne",5,0,,2020-02-13 09:32:25,,,
53,LUCAS ALVES,https://lh3.googleusercontent.com/a-/AAuE7mDps7qZtbNZ558lT1HzIQBKI09RHs5LB8x0YWK5,RUIM,1,0,,2020-02-13 09:23:14,,,
54,Pedro Henrique,https://lh3.googleusercontent.com/-4Rkg89ZTfLc/AAAAAAAAAAI/AAAAAAAAAAA/ACHi3rcLBPsq_fc1mZTzbq40cFpPVG9zIQ/photo.jpg,Eu adoro os animes de Pokémon mas o jogo e bom também mas podia melhorar,5,0,0.165.0,2020-02-13 09:19:14,,,
55,Júlio César,https://lh3.googleusercontent.com/a-/AAuE7mAuI9S6UuK9uRloyfzDe1wpqGI77rvDO2aFexUu,"Esquema de pvp novo horrível, só tem bugs de conexão, se vcs não tem capacidade pra introduzir algo desse tipo então não coloquem.",1,0,0.165.0,2020-02-13 09:02:16,,,
56,MR. LOTA,https://lh3.googleusercontent.com/a-/AAuE7mANFQtRr-s38LG5gEC9-uVjET2LubjhgajpHxGS_g,Eu nem pude jogar pois os Pokémons ficaram foi dentro de mim na primeira missão eu clico nele ser mesmo que nada,1,0,,2020-02-13 08:52:25,,,
57,REINAN SANTANA,https://lh3.googleusercontent.com/a-/AAuE7mAIg9-z9IBjeFJhh-zka1EwEflClt3MKXDe-45d,Porque eu não consigo entra isso é bugado vocês vão ter que conserta isso ou eu nunca instalo outro App desta Empresa!,2,0,0.165.2,2020-02-13 08:47:11,,,
58,Jose Fernandes Lopes,https://lh3.googleusercontent.com/-0kX-JbroufA/AAAAAAAAAAI/AAAAAAAAAAA/ACHi3rcHsv4DSPsLANlqHWGxkR40dylR3Q/photo.jpg,Não estou conseguindo abrir,5,0,0.165.2,2020-02-13 08:45:10,,,
59,Alvaro Rodrigues,https://lh3.googleusercontent.com/a-/AAuE7mAsBtXYGMHrKBwwg0-3AMl6djb_zVN-9X8ZTGbX4A,App muito pesado,1,0,0.165.2,2020-02-13 08:38:58,,,
60,Claudia Kaka50,https://lh3.googleusercontent.com/a-/AAuE7mD5eObnaX0_rablOPH3PTynLFpTu9UZu6-Qb6tW,Adoro,5,0,,2020-02-13 08:36:13,,,
61,Miralva Roma,https://lh3.googleusercontent.com/-tTleCslg7u8/AAAAAAAAAAI/AAAAAAAAAAA/ACHi3reADTanAbukhS5hpsMTsXCvc9gQ3w/photo.jpg,Chato,2,0,0.165.2,2020-02-13 08:35:27,,,
62,Arthur Lopes,https://lh3.googleusercontent.com/-z-s2gZ0FAHk/AAAAAAAAAAI/AAAAAAAAAAA/ACHi3reRZQ4H9oKeRTBw1Zp1W6zCJqBNQQ/photo.jpg,O jogo e muito bom as pessoas que ficam falando que o jogo trava e problema nem do jogo e do celular delas,5,0,,2020-02-13 08:17:29,,,
63,Elzinho Gamerzinho,https://lh3.googleusercontent.com/a-/AAuE7mC2jXYQIFsFL2lhVGOhry7V8rMJJS4rk7m0_kLqWg,"O pior jogo da história aonde já se viu não poder usar Pokémon repetido nas batalhas de treinadores on-line, você tem que ter o melhor WI-FI do mundo mesmo eu usando a internet do meu crédito fala que a conexão está instável e da onde já se viu você ter que usar as Pokébolas que você ganha em Reides para você capturar o Pokémon de Reides? E eu quero clicar para usar o ataque especial ou o escudo e não vai e não é o meu celular e várias outros erros consertem esses erros por favor Niantic!",1,0,,2020-02-13 08:16:33,,,
64,Opala Veiga,https://lh3.googleusercontent.com/a-/AAuE7mAEDtLKCw0tciqmSNlJC4k6ualzHdbTCYw9avxX,muito bom eu amei,5,0,,2020-02-13 08:06:14,,,
65,Iuri Lima,https://lh3.googleusercontent.com/a-/AAuE7mC_aJ_a70DPoqmheazRrXA2Ym_DbB33nlh112gg8A,Era piada dofaici agora tem,5,0,0.139.3,2020-02-13 07:46:25,,,
66,ONE VampiroGamer2007,https://lh3.googleusercontent.com/a-/AAuE7mAOaJE-FhEMZUhIIc4wi2tZ6OZyxybAmjo3Lx9d7Q,TA A SER IMPOSIVEL INSTALAR ISTO,1,0,,2020-02-13 07:39:20,,,
67,Leandro Barros,https://lh3.googleusercontent.com/a-/AAuE7mDoyPjbmvyT9YbYk5_nj70XsEZbwoyoSVb4M01gtA,- ❤️,5,0,0.165.1,2020-02-13 07:20:47,,,
68,Paulo David,https://lh3.googleusercontent.com/a-/AAuE7mAM9ckGDD8mQ2eMXcqTO1A7dgXIbNDdLdaJBaUbnA,"Toda vez que eu entro , aparece sempre que o sinal de gps nao foi encontrado, mesmo com o gps ligado, arrumem",3,0,0.165.0,2020-02-13 07:09:17,,,
69,Pedro Andrade,https://lh3.googleusercontent.com/-X4tnQpNyHho/AAAAAAAAAAI/AAAAAAAAAAA/ACHi3rfBFKmxZMdWio22iu-5TR45N6cDeA/photo.jpg,O jogo e bom mas quando eu ligo o local trava,4,0,0.165.2,2020-02-13 06:50:33,,,
70,Brenalti,https://lh3.googleusercontent.com/a-/AAuE7mC3B3n1qIbPfucImP4Wz-uT8BkmyDlKSIxd3L_U,Bom,5,0,0.165.2,2020-02-13 06:43:08,,,
71,Cesar Augusto,https://lh3.googleusercontent.com/-aycgcEWq7tA/AAAAAAAAAAI/AAAAAAAAAAA/ACHi3rdm3pRIm8b0omOy1L_hd28AXnoTjQ/photo.jpg,Esta horrivel jogar na liga de batalha go por favor arrumem isso.,3,0,0.165.2,2020-02-13 06:39:51,,,
72,JJPG #gachalife,https://lh3.googleusercontent.com/a-/AAuE7mBAhNEt8qFW83haEenLJOqnpjWlAmSxHJ5kaT29,"Pokemon senpre foi bom , mais melhora😆",5,0,0.165.1,2020-02-13 06:06:02,,,
73,Joao Monteiro,https://lh3.googleusercontent.com/-CTebCtm4ojw/AAAAAAAAAAI/AAAAAAAAAAA/ACHi3rdMa6hbE6JHcrp1_JIQ4fHlXSlU1w/photo.jpg,MUITO bom,5,0,0.165.1,2020-02-13 05:13:12,,,
74,Maria de Deus Baltazar Palma,https://lh3.googleusercontent.com/-qk_ki9BDJP8/AAAAAAAAAAI/AAAAAAAAAAA/ACHi3rei_jM-3p_oFdyjyPlYej5FInqjBg/photo.jpg,E lol,5,0,,2020-02-13 05:08:21,,,
75,Lusitano Noob,https://lh3.googleusercontent.com/a-/AAuE7mD2SW6qZPiRRFFEH4Z15OWeO3MKtSDLUOtOww6J,Eu viciei muito neste jogo maravilhoso.,5,1,0.165.1,2020-02-13 05:04:29,,,
76,Um usuário do Google,https://lh3.googleusercontent.com/EGemoI2NTXmTsBVtJqk8jxF9rh8ApRWfsIMQSt2uE4OcpQqbFu7f7NbTK05lx80nuSijCz7sc3a277R67g,Muito bom tudo de qualidade mas quando pegamos o primeiro pokemon pergunta se queremos usar a câmara,5,0,0.119.4,2020-02-13 04:57:51,,,
77,gleyciane viana,https://lh3.googleusercontent.com/-GSUVLOVdDPg/AAAAAAAAAAI/AAAAAAAAAAA/ACHi3rePg4eeAA8B2DN-FZFNeb2DcL2aEg/photo.jpg,"Está muito ruim depois da atualização eles não estão nem aí para gente, pois já gastei dinheiro no jogo Mais para eles de pouco importa ficou muito ruim jogo",2,0,0.165.1,2020-02-13 04:22:20,,,
78,M lean,https://lh3.googleusercontent.com/a-/AAuE7mBRc6lsQRTK2CjMMGmJA3MKHxqEFiFWWxGfw-XUuQ,Muito bom,5,0,0.165.0,2020-02-13 04:08:52,,,
79,katia maria martins nogueira,https://lh3.googleusercontent.com/a-/AAuE7mBPqTgh92aQkGgfW-f6J77QgLKn0vbo8J57bwhgdg,"O jogo é muito bom, mas ultimamente, não aparece mais nenhum Pokémon por perto da minha residência. Nem um Zubatzinho para alegrar quem joga, só se for para a região central da cidade. Tá difícil, assim, só desinstalando, né?",1,0,0.165.2,2020-02-13 03:36:26,,,
80,garaujofelinto-g,https://lh3.googleusercontent.com/a-/AAuE7mB93zJMmtO0jaqzl4hoS7_W0BJdsxiS1jboNuF8Lg,E muito legal,5,0,0.165.2,2020-02-13 02:57:47,,,
81,Vitor Leão,https://lh3.googleusercontent.com/-9bPo8jk1d3c/AAAAAAAAAAI/AAAAAAAAAAA/ACHi3rdQcGkcZ5I-yGPGsEBR9ZsZytS0EA/photo.jpg,😎,5,0,0.165.2,2020-02-13 02:26:55,,,
82,Dennys Yasuuji,https://lh3.googleusercontent.com/-jRQ1QAZBCUI/AAAAAAAAAAI/AAAAAAAAAAA/ACHi3rex6xtwjgI4_Zrn4tHP6mUj4VVs_Q/photo.jpg,Poke,5,0,0.165.1,2020-02-13 02:26:27,,,
83,Geison Rosa,https://lh3.googleusercontent.com/a-/AAuE7mDnnUq0pa4eY-2ZyEQeWcMM7mudwBEEF00IlejjlQ,"O modo de batalha esta bugado e fazendo perder tempo caçando poeira pra chegar e perder por uma falha, péssimo!",1,0,0.161.1,2020-02-13 02:21:20,,,
84,Eliton Inácio,https://lh3.googleusercontent.com/a-/AAuE7mCK14X0Q_uQ1wB9EfzYWcCFfy6rHrwVV3Kg9KWAeQ,Excelente,5,0,0.33.0,2020-02-13 01:59:06,,,
85,GY15 benry,https://lh3.googleusercontent.com/-dRYvG8F-E3o/AAAAAAAAAAI/AAAAAAAAAAA/ACHi3rfMo6XJh1QoDkzcoXvGmJ__7aiVgQ/photo.jpg,"Adoro pokémon, e pokémon me surpreende cada dia mais, só que eu esperava por design melhor das chocadeiras, como as de alola por exemplo!",5,0,0.161.2,2020-02-13 01:07:04,,,
86,Higor Campos,https://lh3.googleusercontent.com/a-/AAuE7mB6aDSsJAjfcu6zVmSXTqwdgMtNRdhxU_LRcLOg,Muito tempo eu queria um jogo de pokémon assim. Mas chegou um ponto em que enjoei. Tá na hora de um RPG no estilo gameboy/nintendo ds pra android,4,0,0.89.1,2020-02-13 00:53:37,,,
87,ESQUAD TV FF,https://lh3.googleusercontent.com/a-/AAuE7mDJ8-fZ-oL3pUqoynFY601Qqh5hmG0HXKnTCJeN,MT bom,5,0,0.165.1,2020-02-13 00:42:37,,,
88,Rogério Motta,https://lh3.googleusercontent.com/a-/AAuE7mCjCHia-fXAl5v1CHQoOHR8NM5UQWgb6QZuo1li,"O jogo e bom, poderia ter mais novidades, mas aconselho",4,0,0.165.2,2020-02-13 00:36:23,,,
89,edie eduardo,https://lh3.googleusercontent.com/a-/AAuE7mD2DO-SsrHnDmBjsAl7-mo2YNYZqFzCPwNHgEqexA,O Jogo é bom e a Frustração é Garantida!,4,0,0.165.2,2020-02-13 00:17:34,,,
90,Renaldo Rodrigues,https://lh3.googleusercontent.com/a-/AAuE7mCrSRWuvx2OkgBfwCgtIjdtzafRwRlN1m8bAWgKVg,Não funciona o efeito de realidade aumentada no meu moto G6 Play 😑 durante as capturas ...,2,0,0.165.2,2020-02-13 00:12:25,,,
91,Fabricio Feltrin,https://lh3.googleusercontent.com/a-/AAuE7mBukjZbtTdA6KgcBZitJrTCU7WZYjs2hKW9DT_6bg,"Jogo ta demorando muito pra colocar mais pokestop, quase não tem Pokémon diferente na minha região",4,0,0.165.1,2020-02-13 00:11:37,,,
92,Gabriel Honorato,https://lh3.googleusercontent.com/--Cu3wbwDzjI/AAAAAAAAAAI/AAAAAAAAAAA/ACHi3reMxM_bcLsHlkd-kK8poPB5vIIrjg/photo.jpg,top,5,0,0.165.1,2020-02-12 23:45:11,,,
93,Thiago Rocha,https://lh3.googleusercontent.com/-SbsYXI0V7Oc/AAAAAAAAAAI/AAAAAAAAAAA/ACHi3rcAKPYE8R2Qa57iEBgGmQL0b7UsDQ/photo.jpg,Gosto muito,5,0,0.165.1,2020-02-12 23:40:02,,,
94,GGJÚNIOR GEMES,https://lh3.googleusercontent.com/-d0uExEStGvg/AAAAAAAAAAI/AAAAAAAAAAA/ACHi3rcIvP7mmMiPHU4coGUQWBUsYtZckg/photo.jpg,Eu queria que dá se para trocar de Pokémon e também pudesse estar sem level e não precisava de internet e também poder jogar online,5,0,0.165.1,2020-02-12 23:39:39,,,
95,miguel gamer Br pro,https://lh3.googleusercontent.com/-4BzJZY5ZXZ8/AAAAAAAAAAI/AAAAAAAAAAA/ACHi3rf2CZZcJ8N7TDgIjywHStqlNU7kwQ/photo.jpg,Melhor jogo,5,0,0.165.0,2020-02-12 23:38:03,,,
96,Vig Limita,https://lh3.googleusercontent.com/-SBPjGT57r8Q/AAAAAAAAAAI/AAAAAAAAAAA/ACHi3relrJqKEz5WprN2EatpNoPC48U-Bg/photo.jpg,Ave Maria doido,5,0,,2020-02-12 23:33:14,,,
97,Márcia Silva,https://lh3.googleusercontent.com/-V86FyDuc9oQ/AAAAAAAAAAI/AAAAAAAAAAA/ACHi3rfobbgnCFFKAkht0hRSRRAs_eIVHA/photo.jpg,Muito bom,5,0,0.165.2,2020-02-12 23:28:58,,,
98,gato gamer,https://lh3.googleusercontent.com/-VYJihfqg-Rk/AAAAAAAAAAI/AAAAAAAAAAA/ACHi3rdMlidbpi4HItIskfGq6QLy0Tj4vg/photo.jpg,Não estando para pegar seu primeiro pokémon,3,0,0.165.2,2020-02-12 23:17:40,,,
0,yuri max5 legacy,https://lh3.googleusercontent.com/a-/AAuE7mA6439n_1N3AoPzxYo-DL7cBp3g7VbOvfgRZh3G,"Eu amo o jogo porem nao consigo jogar porque onde moro é muito perigoso e acredito que muita gente passa pela mesma sircustancia, queria que vcs criacem um sistema de lavanca ou joystick pra melhorar nosso meio de jogo porque acredito que se fizessem isso atrairia mais jogadores pro pokemon go e todos nois sairiamos felizes",1,0,0.165.2,2020-02-13 13:02:04,1.0,,
1,os yutlys,https://lh3.googleusercontent.com/a-/AAuE7mDRimSL-ewU6wA2LV_6RS-rJqMEoLhXm3CVhg4Lcg,Eu odiei esse jogo porque eu não tenho senha😭😭😭😭😭😭😭,1,0,0.165.2,2020-02-13 13:07:56,2.0,,
2,WaterHat,https://lh3.googleusercontent.com/a-/AAuE7mAyfiwq5TAstt45iu610rFfwIKB_bh4gJMrAum7Pw,Melhor jogo pokémon jogo desde 2016,5,0,0.165.2,2020-02-13 13:07:23,3.0,,
3,Pedro Ottero,https://lh3.googleusercontent.com/-Lqq4ur_1wUU/AAAAAAAAAAI/AAAAAAAAAAA/ACHi3rck0kkrgxMqf0H0KxizHdb4HsoAGw/photo.jpg,Muito bom,5,0,0.165.2,2020-02-13 13:07:11,4.0,,
4,Enzo Galhardo,https://lh3.googleusercontent.com/a-/AAuE7mAsiXCVHq1MdKQhcIEnf2XyV--lCY91KFvzT_8XX2Q,Jogo muito bom 😁😁,5,0,0.159.2,2020-02-13 13:06:54,5.0,,
5,meu NOME é Isadora,https://lh3.googleusercontent.com/a-/AAuE7mCm_MZn-yE1OvlsnU1r8oDT_GvUKXkMhxwnrGsppA,Como se cria a conta???,4,0,0.161.1,2020-02-13 13:04:28,6.0,,
