,userName,userImage,content,score,thumbsUpCount,reviewCreatedVersion,at
0,CROSS ultimate,https://lh3.googleusercontent.com/a-/AOh14GjcJyshQMKIRHq5liDUIHZ19HolRUW6UGCadbDBkA,"O jogo é incrível mais só uma coisa que mim Rita, o jogo roda de boa mas 10 segundos depois ele sai sozinho e apareçe uma tela dizendo o Mine word parou fiz de tudo pra não acontecer mais isso, e não sei se é bug ou outra coisa do tipo, desenvolvedores podem deixar o jogo mais leve o me celular e um moto5 e não era pra acontecer isso, se fazerem isso vou dar 5 estrelas obrigado pela atenção",4,93,0.43.6,2020-05-30 20:23:35
1,Pëquënä lølï Alves,https://lh3.googleusercontent.com/a-/AOh14GiODbmG2dPia82DjnzasA7iNAXf9Tyox0UPzyUQzA,"Belo jogo mas as skins são tudo de mini moeda assim n vale pras crianças q tem q pagar com cartão de crédito e também tem um problema que na minha casa,mansão,se eu apertar qualquer botão de lá,desliga e liga de novo,eu não gostei muito disso,a minha casa vive de botões, então,arrumem isso por favorr",5,11,0.43.7,2020-05-31 20:00:13
2,Meia Geek,https://lh3.googleusercontent.com/a-/AOh14GiUslW4_MY4-fQ-98w2aPr11Udpc-8UZicmBZaG,"Eu coloquei algo no canto errado, e eu fui deletar, mais eu saio do jogo toda vida, eu pesso para mudarem isso, e dizer como fazer nevar sem chuver a o mesmo tempo, tambem poderia ter um botão para quando nos perdemos de casa, nos apertamos o botão e imediatamente chegar na porta de casa, obrigado pela atenção criadores do Mini World:Block Art",5,183,0.43.6,2020-05-30 12:50:11
3,Miguel Henrique,https://lh3.googleusercontent.com/a-/AOh14GjLFQ2TNvPADYnBaoVA97UGSsNzW5Q8c943EUqNkA,"Não gostei dessa atualização, jogo Mini world há 3 ou 4 anos e me decepcionei muito com essa atualização, o jogo sai e trava direto sendo que minha Net está boa, muitos lags e bugs sem motivos, não gostei, espero que vcs não cometão o mesmo erro na próxima!",5,0,0.43.6,2020-05-31 17:13:02
4,Katiellyhestefany Bronczek,https://lh3.googleusercontent.com/-zgSJmE9LQQA/AAAAAAAAAAI/AAAAAAAAAAA/AMZuucllal5YK0FCypK7uHn-tZ2-56PLjw/photo.jpg,"esse jogo e demais!!!mais e queria que adisionase outros mobes porque eria ficar mais legal e tambem outros biomas,e mais portais,mais podia adicionar cascavel no deserto e podia adicionar urso pardo porque tem o panda e o polar,e porque nao tem insetos podia adicionar né?eu queria : ) ^-^",5,79,0.43.7,2020-05-30 22:44:13
5,donkey Ù_Ú,https://lh3.googleusercontent.com/-uLKZ8ZyOyhg/AAAAAAAAAAI/AAAAAAAAAAA/AMZuuclg_WamgaxmjQ1XM_trdHS9ZgVZ7A/photo.jpg,"O jogo é muito legal de uma forma independente, por que tem muita gente comparando mini world com minecreft sendo que, a única coisa que eles tem em comum é a forma quadrada, todo o jogo que tem o gráfico quadrado é uma cópia de minecraft? Não, são jogos completamente diferentes com propósitos diferentes e os dois são igualmente divertidos, bem viciantes",5,1148,0.43.1,2020-05-25 03:16:52
6,Felipe Pimentel,https://lh3.googleusercontent.com/a-/AOh14GgnE2jtPXU2G5aOSAW8k13_GB06z0Hi_HEUUfFR,Eu fui fazer uma porta automática quando puxar a alavanca saiu do jogo e depois eu usei o olho centro da terra e cavei e eu achei um lugar tinha baú também tinha um gerador de Monstros e quando eu cair lá do nada sair do jogo de novo comigo Está acontecendo muitas coisas não arrumou o Mini World ainda direito Parece que quem criou o jogo tem demência quase eu não posso fazer mais nada e eu também voltei no jogo eu tava preso no meio de uma pedra e morrendo e saiu do jogo toda hora,3,3,0.43.6,2020-05-30 19:21:26
7,Andressa Alves de Souza,https://lh3.googleusercontent.com/a-/AOh14GhNym3u_0N-zg1Nc-8O5enXKCE_If-g6cbc_Uci_A,"Antes eu conseguia jogar de boas com meus amigos no meu mundo entrando no modo mutiplayer privado, agr ele esta falando parar compartilhar e mesmo compartilhado no público ou privado, ele nao permite mais colocar multiplayer , arrumem isso por favor, não consigo mais jogar com os meus amigos criando uma sala multiplayer privada.",1,1,0.43.7,2020-05-31 14:41:38
8,BABY MOM,https://lh3.googleusercontent.com/-aNOqRuvfnC0/AAAAAAAAAAI/AAAAAAAAAAA/AMZuucnJrlV5vIyJjhYcJIGh_tT5NkMRGQ/photo.jpg,Esse jogo é muito bom tem como visualizar as salas mesmo o líder te expulsou ê tipo uma história as coisas desbloqueia as ferramentas São muito Boa os mini feijões são muito bom da pra reçebe coisas de mini moedas com minifejoes em bonus mais não importa isso as mini moedas não são gratuitas ( mais mini world vc pode colocar excluir grupo porque todos os meus amigos coloca grupo chato vc pode fazer isso) mais mini toda a hora eu vivo quando quebro e ativo vc não arruma nada até vai se lasca,5,1,0.43.6,2020-05-31 23:10:39
9,karina De Campos Djubatie,https://lh3.googleusercontent.com/a-/AOh14GiJNx95AITXIBS2L5id6Tty8CNY1sCQF4nNpsDJcA,"Adorei, gostei mais do que o próprio Minecraft. Algo que eu acho que seria interessante são mais biomas e mais animais. Como o deserto, quase não tem animais além do avestruz, poderiam introduzir outros como cobras. Poderia ter tambem armaduras para colocar nas montarias, até agora não vi isso no jogo. Acho que tambem poderiam ter pássaros e objetos como cordas, pois quando domo alguns animais não consigo trazê-los sem a sela.",5,1028,0.43.1,2020-05-19 22:14:54
10,Alice Rodrigues,https://lh3.googleusercontent.com/a-/AOh14GhRc2fde5gGX-qqMF2j_tVpc3FcLrYfmYzFwh6auA,"Gostei muito, mas o jogo bugou quando eu entrei em um mapa, onde eu estava voando e tendo mortes uma atrás da outra e eu não estava em uma área de perigo, gastei minhas estrelas e mesmo assim eu morria de novo, daí eu perdi muitos itens valiosos, e eu gostaria muito que QUANDO A PESSOA MORRESSE NÃO PERDESSE. OS ITENS DO BAÚ, POR FAVOR!!!!!!!",3,369,0.43.1,2020-05-27 17:20:18
11,B. B. J. Foxy,https://lh3.googleusercontent.com/-hKvspVWq2PA/AAAAAAAAAAI/AAAAAAAAAAA/AMZuuclYiT2P-QXjRKN87rdDNrniaFRdvg/photo.jpg,"A minha esperiencia neste jogo foi incrível ! O jogo e viciante com muita diversão ! De facto não foi má ideia jogar ! Mas a nova regra ""compartilhar para poder abrir multiplayer' não me agradou muito, porque tive a trabalhar num mapa até agora e não sei como se compartilha . Se poderem me explicar como se compartilha , eu agradecia .",5,436,0.43.1,2020-05-29 11:23:52
12,Elloa Alves dias,https://lh3.googleusercontent.com/-UC1yMiPEH4U/AAAAAAAAAAI/AAAAAAAAAAA/AMZuucmvKJrItX1YNB9qYH5IlQzo8g2Q8w/photo.jpg,o jogo é muito legal frases as pessoas que falaram que o jogo é ruim de madeira que o jogo é muito legal eu já baixei muitas vezes era muito legal porém eu tinha que excluir ele para baixar os jogos mas ele é muito bom de jogar e dá para jogar online essas pessoas que critica ele falando que não dá para jogar Aline é porque elas não sabe,5,12,0.43.6,2020-05-29 17:39:44
13,Tani,https://lh3.googleusercontent.com/a-/AOh14Gh9cDtjMkjPmGNqvKounp40-dgBL3rbCW0vr2Y_uw,"Depois dessa última atualização o meu mine words não tem dado para quebrar bloco toda vez que eu faço isso o meu mini worlds fecha , e para eu colocar meu mundo em multijogador eu tenho que compartilhar meu mundo não sei o que tá acontecendo mas eu gostaria de uma resposta",3,8,0.43.6,2020-05-30 11:27:00
14,Luna Cruz youtuber,https://lh3.googleusercontent.com/a-/AOh14GjVs2NR3_MIBVKJXNC-hGdDrYPBoxnJajv9ILkZQw,"Muito bom! Mesmo sendo uma cópia de minicraft,é até um pouquinho melhor! 1-gratuito! 2-praticamente minicraft melhor! 3-criar skins,e mobs só seus! 4-jogar ofline 5-JOGAR COM OS AMIGOS! Mano! 🙉Caraca!Esse jogo é muito bom! E eu que AMO roblox,tenho que concordar,esse jogo é bem melhor! 😍Eu dou 5🌟 pq realmente é bom,obrigada por existir Mini World! 😄",5,1326,0.43.1,2020-05-20 14:03:45
15,Sillvaddan Barbbos,https://lh3.googleusercontent.com/a-/AOh14GiUeZIE8v8jn8BgW40OKUl58zeb4952p79cblbI1w,"Eu considero o jogo muito bom, bem cativante e empolgante. Porém, pra quem tem um aparelho mais simples e não tem condições de ter celular melhor, que é o meu caso, terá que suportar um lag permanente na tela do jogo, mesmo mexendo na resolução de imagem.",3,4918,0.43.7,2020-05-30 22:57:46
16,gui 1games,https://lh3.googleusercontent.com/a-/AOh14GgMjddCurrLa_fA8ineAe1zenzHVD6jQLYqog9N6Q,"Muito bom e incrivel eu percebi que muita gente compara minecraft e mini world mas, todo jogo quadrado é copia de minecraft? Não, eu acho que não pois, ele realmente tem fidelidade a minecraft mas tem animais diferentes blocos diferentes e muito mais só que mesmo assim é merecedor de 5 estrelas",5,0,0.43.7,2020-05-31 09:14:21
17,Wagner Silva,https://lh3.googleusercontent.com/a-/AOh14GiWP6slas2kcJEMtm-vHL28NGpa-H3bfAPqQnVM,"Nota:5 Mano jogo criativo tem coisas que até o próprio minecreft não tem Mais ter coisas que eu queria que divesse tipo vilas,o bioma de gelo e aquele de areia vermelha pra fazer argila,monumentos em bioma espalhados faz tipo uma vila na lua ja que no minecreft não ter isso,um bloco de slime que fica preso nos blocos,coloca gatos no jogo, faz um necosio que pode tirar as roupas dos personagem ou colocar roupas,ou faz alguns mods de super heróis,animes etcs Se fazer isso vou ficar muito feliz:)",5,282,0.43.1,2020-05-25 13:26:26
18,BielKane 2008,https://lh3.googleusercontent.com/a-/AOh14Giig2WHMbtySOEQr8Rud5hS4wc65XW1unLKJO3z3A,"Olá desenvolvedores de Mini World eu criei um mapa de puzzle parecido com granny, e eu queria criar uma história através do jogo onde faz com que apareça umas cutscene para o player quando ele termina o jogo e o meu pedido fosse que vocês adicionarem uma opção nos gatilhos tipo, Mostra vídeo para jogador, isso que eu queria fazer então por favor faz o meu pedido ficarei muito feliz se fizerem isso♡♡♡",5,369,0.43.1,2020-05-27 00:39:15
19,•Cat Cute•,https://lh3.googleusercontent.com/a-/AOh14GiBzIK3rhDsNh4qtWJIA6-lWeSy6HPTDtx9GP0I,"Então eu amei o jogo muito bom ótimo trabalho ótimo gráfico mais tem um probleminha, eu e minha amiga estávamos em nosso mundo a um tempo atrás e agora ela não consegue entrar novamente já compartilhei mais está falando que está privado e ela não consegue entrar arrumem esse erro por favor neste mundo tem muitas coisas guardadas nossas",4,165,0.43.1,2020-05-26 15:05:40
20,MARIA Gouvêa,https://lh3.googleusercontent.com/-YyCLI8f472o/AAAAAAAAAAI/AAAAAAAAAAA/AMZuucnX3ve4gZSoS1DwJFkp3xRdipH0YA/photo.jpg,eu gosto acho incrível mas o único problema é que tem vários itens no modo criação que eu não sei como usar só agora que descobri que tem como fazer um elevador no jogo mais ainda não consigo fazer o elevador também acho que as montarias deviam ter mais habilidades como o elefante ele deveria ter a habilidade de espirrar água com a tronba para lutar contra os monstros,4,16,0.43.1,2020-05-27 20:29:14
21,jê jhe,https://lh3.googleusercontent.com/a-/AOh14GhYzR-5aCsr_PDPFmyUuknZBfPCtO0gmRUC8Hew,Muito bom EU jogo sempre multiplayer com MINHA família Más poderia colocar : poder botar no criativo mesmo começando o mapa no sobrevivência Poder criar animais Não usar dinheiro real (dólar) E todos que entrarem no jogo todo dia ganhar umas 10 moedas pelo menos Espero ter ajudado 😊,4,10,0.43.1,2020-05-27 19:45:24
22,Rask Farias,https://lh3.googleusercontent.com/-d8cqrBJIBVc/AAAAAAAAAAI/AAAAAAAAAAA/AMZuuck4OygKWfeSMjh3Y0WOaxBPoWpqkg/photo.jpg,O jogo e bom mais sai toda hora e tem muito bugs que sai bastante irritantes e as vezes nem consigo jogar direito por causa desses bugs irritantes mais tirando isso o jogo e bom e dei 3 estrelas. Criadores por favor tirem esse bugs bastante irritantes. Eu o agradaçedo,3,18,0.43.6,2020-05-29 16:43:55
23,Tiago Gamer,https://lh3.googleusercontent.com/a-/AOh14GjN078SDtQKif14vMH21Si533GrtC8ASAIpiI0n,O jogo é ótimo mas se eu baixar um mapa da um momento para esperar mas é muito rápido e para correr é um Pouco difícil mas também é fácil sala multijogador essas salas dá para visitar os teus amigos E mais os mapas que não tem para você mas também pode baixar e os mods tão bem em esse jogo tá tudo bem não é persiso mais nada mas já não tô a gostar do jogo e quero ganhar o boneco do chefe e o Joguinho tem vários detalhes de sobrevivência e criação para se divertir na app Mini world block art ok,5,491,0.43.1,2020-05-23 11:41:19
24,Paulo Amaral,https://lh3.googleusercontent.com/-kpWg4GTq1Ek/AAAAAAAAAAI/AAAAAAAAAAA/AMZuuclcNPl8UjN71kVTu6yvLHQm0j52bw/photo.jpg,Top da pra jogar com pessoas online mas as vezes parece perigoso e outro detalhe que esqueci de mencionar eu jogo a um tempo e até agora ñ sei como ganha moedas e deveria ter a renovação de idade pq no início tem que colocar a idade então todo ano teria a renovação de idade exemplo 10 anos tem que renovar pq nunca ficamos com a mesma idade,5,345,0.43.1,2020-05-18 10:48:13
25,eudes ricardo,https://lh3.googleusercontent.com/a-/AOh14Gj0p1jFWMqF4oqJrRPmBnvbf0OoOyZWAeaUeSga,O jogo e muito bom mais o único problema é que quase todas as roupas tem que paga mais fora isso o jogo e muito bom e o mais bom desse jogo e porque agente pode jogá online eu jogo esse jogo todo dia amei❤esse jogo então eu vou dar 5 estrela ⭐⭐⭐⭐⭐,5,0,0.43.7,2020-05-31 13:31:44
26,Ju Inventa,https://lh3.googleusercontent.com/a-/AOh14GiNTr1_2Skg1Hq8wFtg1m6h58pMfVgzNshkasYM,"Jogo ótimo por isso estou dando 5 estrelas Mas só acho que poderia ser mais fácil para criar um mapa seu Multiplayer ,pois eu queria fazer um e tinha que esperar 7dias! Poderia ser na hora! não acha?🤔mas tirando isso amei ♥️baixem!!😊😊",5,7,0.43.1,2020-05-28 12:22:13
27,Ednardo Lopes,https://lh3.googleusercontent.com/-9VNXZBxkxoo/AAAAAAAAAAI/AAAAAAAAAAA/AMZuuclHUTZaJfwmFsyQUvktEqMztHJjgQ/photo.jpg,O jogo é ótimo mas se o multi jogador fosse mais fácil para fazer tudo bem eu ia da 5 estrelas mas é muito difícil convidar o amigo para jogar no seu mapa por favor deixem mais fácil.,2,0,0.43.7,2020-05-31 15:06:27
28,DM,https://lh3.googleusercontent.com/a-/AOh14GiQUqCBvoyVmrc6GLkuAo0twauzl7Zg9kfzjKajcw,"Primeira vez que instalei, fiz isso a pedido da minha filha de 6 anos que viu em um canal do YouTube, instalei no meu celular e no dela para jogarmos juntos e adivinha, não dá, hora fala que estou offline (não estou) hora fala que tenho compartilhar o mapa pra jogar online, daí fala que como minha conta é nova (menos de 7 dias) eu não posso jogar online, tipo, O QUE?!",3,288,0.43.1,2020-05-18 22:30:09
29,Vitor Emanuel,https://lh3.googleusercontent.com/-1n-r8p_5qrk/AAAAAAAAAAI/AAAAAAAAAAA/AMZuucmV-8z8zXC7paFUJHjBa066WjELBg/photo.jpg,"O jogo e muito bom,a unica reclamação e que,o jogo quando eu to fazendo algo bem legal,ou quando eu to num mundo ele sai do nada,e isso tira minha diversão com o jogo,entt espero q esse erro saia logo,pq assim o jogo fica mais bom.....",4,0,0.43.6,2020-05-30 13:54:48
30,Any Nascimento,https://lh3.googleusercontent.com/a-/AOh14Gg-JljOzbuOk98dJO21ZIiqluAC1ypjx4fem1WK,"Adoro o jogo, da pra fazer muita coisa legal, só não gostei da atualização, que você precisa compartilhar o mapa para jogar multiplayer, obrigado",5,0,0.43.7,2020-05-31 15:41:23
31,super macaco,https://lh3.googleusercontent.com/-pjiPCJsz41c/AAAAAAAAAAI/AAAAAAAAAAA/AMZuuckWVCE9vD9msAdJyVTM8uTTdMe6Lw/photo.jpg,Eu dei 3 estrelas por que depois dessa atualização como eu quero fazer um mapa multiplayer fala que a sala e privado aí não consigo jogar e fazer meu mapa então não tou gostando mais do mini word por causa disso por favor arrumem isso,3,0,0.43.7,2020-05-31 09:35:40
32,Duda_ Chan,https://lh3.googleusercontent.com/-HG3IE5ApvOE/AAAAAAAAAAI/AAAAAAAAAAA/AMZuucltRKqjXz8wEMK4Z2U8ir94-A1_Fg/photo.jpg,"Esse jogo é legal mas vc poderia atualizar um pouco tipo colocar outros animais,guardas etc. Os outros animais que eu falei são esses macaco,onça,Leão,zebra,hipopótamo,girafa, etc. Caso se alguém queira fazer um zoológico ok?",4,201,0.43.1,2020-05-19 11:10:21
33,Rogerio Leonhart,https://lh3.googleusercontent.com/a-/AOh14GjZQav2tiBtpdF8hgUhM7WzsstJGwxZz1D5I8Mnag,"Tô tentando fazer um mapa multiplayer para jogar com a minha filha faz uma semana e nada, se não é o tal do compartilhamento obrigatório, é o tal do nível do jardim que não chegou a 2 ou voce precisa ter 7 dias de conta! Cara, cansativo e irritante. Parabéns por nada.",1,229,0.43.1,2020-05-19 16:45:16
34,Enzo Schettino,https://lh3.googleusercontent.com/-NECOD5prPvU/AAAAAAAAAAI/AAAAAAAAAAA/AMZuucnRjK6IJx63jAZ75ZWTIKl_7b8z3g/photo.jpg,Bom trabalho dos criadores do jogo só acho que o panda podia morrer pós minha prima quando instalo queria matar o panda mais é só enterrar ele no sub solo e também no modo DV o meu celular trava muito e eu tinha acabado de construir uma cidade mais é muito bom o jogo é o melhor jogo que eu já joguei gente podem instalar o jogo é muito bom por isso eu dou cinco estrelas,5,4,0.43.1,2020-05-29 22:08:03
35,Um usuário do Google,https://lh3.googleusercontent.com/EGemoI2NTXmTsBVtJqk8jxF9rh8ApRWfsIMQSt2uE4OcpQqbFu7f7NbTK05lx80nuSijCz7sc3a277R67g,Muito bom alguns comparam o minecraft com esse app mais eles são completamente diferentes no minecraft não tem uma maquina de fazer miniaturas no mini world tem e tem muito mais coisas de diferentes aconçelho vc a baixar e te prometo que não vai se arrepender por isso #TEAMminiworld,5,5,0.43.1,2020-05-29 12:44:44
36,Louca_por _now_united,https://lh3.googleusercontent.com/a-/AOh14GhrtcCZFcvL59jKnc_gW3uMkkzc3bw9YBasvBxqqQ,O jogo e lgl mas tem bilãos de bugs já não consigo colocar no modo multi jogado e começa do nada outro viu que é assim eu tô lá de boas jogando uma sala aí do nada meu celular desliga e entro no mini word eu saio da sala sem motivo E PFV MELHORA ISSO TA MINI WORD,2,0,0.43.6,2020-05-30 16:17:31
37,Levi Santos,https://lh3.googleusercontent.com/-x5tXgOmUrg4/AAAAAAAAAAI/AAAAAAAAAAA/AMZuuclrRFRQ7DA-pDpHKrkkUE_bW8auvA/photo.jpg,gostei muito do jogo jogo é muito criativo e é muito parecido com Minecraft mas na minha opinião barra Minecraft e porque tem muitas coisas no Minecraft que não tem gostei muito desse jogo na minha opinião que tivesse mais alguma atualização 10 para jogar online com seus amigos sem precisar fazer um mapa exatamente mas é muito bom,5,1,0.43.6,2020-05-30 11:57:47
38,Francisca Maria sancho Sancho,https://lh3.googleusercontent.com/-NUntJffuFtw/AAAAAAAAAAI/AAAAAAAAAAA/AMZuuckidXehYT9m8zB5TRr34HXdfhsoiQ/photo.jpg,Esse jogo é muito legal né Mas ninguém se compara com o Minecraft ele tem que ser mínimo hoje porque a Mini World né porque é muito legal esse jogo eu amo ele eu não paro de jogar não para um de jeito nenhum não para eu vou fazer um vídeo de gravando Mini World no Youtube e depois Minecraft,5,10,0.43.1,2020-05-27 11:58:00
39,Kaleu Marques,https://lh3.googleusercontent.com/-7qFg5PMa55Q/AAAAAAAAAAI/AAAAAAAAAAA/AMZuucnz7vKqYw21_4eeoTdCsc8PV4qr7g/photo.jpg,Queria falar uma coisa pra os criadores desse jogo parabéns o jogo é incrível principalmente o jardim onde vem uma montaria nao é vi no YouTube mais o jogo e incrível legal e divertido e é classificação livri sem violência e sem aquele nencosso nao sei mais tenho que jogar os jogos classificação livri porque sou criança e esse é o único jogo que é divertido e legal e é o jogo que eu gosto agora vou jogar😄😄🤩🤩🥳,5,8,0.43.1,2020-05-27 08:40:24
40,paulo cezar rubio,https://lh3.googleusercontent.com/a-/AOh14Gjhe2QBSEflHbgLXl76KTsZgZzzGfotWLYT1BflNA,"O jogo é muito bom, mas não consigo jogar em multiplayer por algum motivo quando vou pra jogar em multiplayer fala que estou offline (sendo que estou com Net). Se algum puder me ajudar eu agradeço",3,12,0.43.1,2020-05-25 20:22:30
41,Um usuário do Google,https://lh3.googleusercontent.com/EGemoI2NTXmTsBVtJqk8jxF9rh8ApRWfsIMQSt2uE4OcpQqbFu7f7NbTK05lx80nuSijCz7sc3a277R67g,"Oi eu gostei muito deste jogo, eu só queria saber se, quando a jente vai desinstalar e abaixar denovo os dados do jogo ainda ficam salvos? Porque neste mesmo momento sem querer eu desinstalei e estou pensando isso, eu tinha Mini Moedas e roupas compradas, eu não quero perder minha sala coisas do Mini Word.",5,40,0.43.1,2020-05-28 10:06:08
42,Nana Martins da silva,https://lh3.googleusercontent.com/-KaNDbkOf_yE/AAAAAAAAAAI/AAAAAAAAAAA/AMZuuckiGSebrTj9sumKlV0cEURlm6J83g/photo.jpg,Muito top eu só acho que está faltando a linha é os encantamentos no modo de criação eu também gostaria que vocês colocem a opção de criar armaduras que vem junto com uma atualização de laboratório mas tirando isso o jogo é muito top.,4,1,0.43.1,2020-05-28 17:36:25
43,Vinicios2076,https://lh3.googleusercontent.com/a-/AOh14GifL_-p6UHg3TqE9CplzFsGQ0vSYRwFrygyp--NsA,"Gosto do jogo e sempre joguei com minha namorada, mas as últimas atualização tinham muitos erros no multijogador, fui entrar hoje e tem que compartilhar meu mapa para jogar com minha namorada, desnecessário, não curte isso",2,2,0.43.1,2020-05-28 22:08:48
44,Fernanda Sousa,https://lh3.googleusercontent.com/-Gv2TqpKxYRk/AAAAAAAAAAI/AAAAAAAAAAA/AMZuuckkpSdJ_O_cyQhRnBSDtBjzmNmNZg/photo.jpg,O jogo é ótimo..eu amo jogar ele ..soq depois dessa atualização sempre quando tento quebrar algum bloco o jogo simplesmente fecha e volta pra tela de início 🤦 se tiver como concertar eu agradeço kkk,3,0,0.43.6,2020-05-29 19:47:48
45,Lucas Aristóteles,https://lh3.googleusercontent.com/-sWztwQR_h1c/AAAAAAAAAAI/AAAAAAAAAAA/AMZuuclCGAW-ut-mlorHoAlFSk8l-ePi8Q/photo.jpg,Esse jogo é muito legal melho do que Minecraft ó miniword tem até um planeta e eu gosto muito do espaço seria legal uma atualização com mais planetas e que caisse meteorios que trousese minérios de outros planetas e um tipo de mochila a jato que também é um capacete de oxigênio e séria feita com uma mochila a jato e um capacete para voar e respirar em outros planetas,5,21,0.43.1,2020-05-23 11:10:38
46,Roberto Meneses,https://lh3.googleusercontent.com/a-/AOh14GgaGpY_YhDhiYNgc5jEjUzp7JUKPLYFhsM-cJtdiw,"Jogo muito muito bom! Mais estou com um problema, não consigo compartilhar meu mapa, ai as vezes fica chato de jogar sem ninguém. Então por favor corrigam isso o mais rapido possível. Obrigada",4,141,0.43.1,2020-05-16 16:21:47
47,Sarah Rakelly,https://lh3.googleusercontent.com/-258oY1_i9oY/AAAAAAAAAAI/AAAAAAAAAAA/AMZuuckFywTs-iRsmoQfIrvdPoLQIUKnnQ/photo.jpg,"Mini World é um jogo muito bom, mais quando eu vou entrar nas sala mult-jogador ele não carrega e eu tenho que sair do jogo e entrar dinovo ! Era pra ter um botão de saída!!! E isso acontece muitas vezes",3,12,0.43.1,2020-05-22 19:13:28
48,Josue Lima,https://lh3.googleusercontent.com/a-/AOh14Gj2r-JBJ3obDs9NAO8TIKuN9WzRzH9Q4K7svwum0g,Eu gosto muito do mini world mas eu não consigo fazer nada diz que existem muitos problemas tente novamente mais tarde mas faz 3 dias e isso não passa por favor arrumem isso não da pra fazer nada não consigo nem desvincular a conta porque só da erro por favor corrijam isso por favor e me digam o que fazer por favor,3,12,0.43.1,2020-05-25 14:12:05
49,Antônio Carlos De Paula,https://lh3.googleusercontent.com/-ZsKdyRt41L4/AAAAAAAAAAI/AAAAAAAAAAA/AMZuucmkSyM1ymo3kQot-nmb5fGYDZX8vg/photo.jpg,Minicreft de grasa e tão bem asim vai ser o jogo mais popular do mundo🤣🤣😘mais tam bem tem a horas(lua)do mini world e tambem da jogar mutiplayer😆😆😆 como tem pesoa que não tem dinheiro para pagar o minicreft iso é a vamtagem do mini world😀😀😀,5,0,0.43.6,2020-05-30 23:57:33
50,๑Brizada no gacha๑,https://lh3.googleusercontent.com/a-/AOh14Gh0CtEvPybcpXdvAh7cyaLYf6xb1y0pAXiBOFzFmA,Depois dessa atualização ficou um lixo eu tento quebrar uma Craft e a do nada o jogo sai sempre que eu tento quebrar o jogo sai se puder conserta isso blz mais se não poder eu vou desinstalar e não estalo mais,2,1,0.43.6,2020-05-30 11:09:52
51,Mariane Lima,https://lh3.googleusercontent.com/-Dyogh6797F8/AAAAAAAAAAI/AAAAAAAAAAA/AMZuuclX4GhLQxKdjFjDsfFs9llSr--JNA/photo.jpg,Ele é bom mais quando eu uso o poder de ficar pequeno eu ainda fico com 2 bolos de altura mais visualmente eu tô pequena e quando eu fasso miniaturas ele poderia deixar o espaço em branco sem nada sedo assim a pessoa poder fazer uma casa em miniatura e entrar mais vou dar 5 estrelas só pra vcs consertarem,5,80,0.43.1,2020-05-17 01:27:07
52,Ana Gabriela Lopes Massa,https://lh3.googleusercontent.com/-4eFBiNWv0ZA/AAAAAAAAAAI/AAAAAAAAAAA/AMZuucmYGwRFf0eJbwKQ4R4F7hBgtSgYpA/photo.jpg,"Mano o jogo é muito genial, tem muitas coisas para fazer, missões, e muito mais! Eu jogo o jogo deis de quando eu tinha 8 anos de idade! Instalem o jogo pessoal! É muito bom, eu ADOREI O JOGOOOOOOOOOOOOOOOOOOOOOOOOOOOO, mano o porque é assim: o jogo tem coisas para fazer, mapas para baixar e muito mais! A parte que eu mais gosto é de ir ao espaço! Pois tem o foguete, eu adorei. Eu vou dar 5/todas as estrelas! Eu amo esse jogo! Dá para fazer muitas coisas! O jogo também tem personagens e skins! Eu sou louco por Mini_World_Block_Art!",5,12,0.43.1,2020-05-24 17:22:19
53,bogus squid10 br,https://lh3.googleusercontent.com/a-/AOh14GjxgNN4t1YXsotQ2CA0euYOHXXy1so3iZYQRPr3,Muito bom adoro uso esse jogo para jogar com minha prima e é muito bom o multiplayer e em gerral é muito bom ate a customização de personagen e o fato de criar o seu personagem é uma ideia muito boa mas a camera que usa para captar isso é muito RUIM mas em geral é bom =),5,17,0.43.1,2020-05-22 22:00:57
54,Vitoria de Almeida Oliveira,https://lh3.googleusercontent.com/a-/AOh14GhRUD863iB-8xDWi_sfpFyEx21CJxH9KZ2ls1TL,"E muito legal e dirvertido so tem um problema eu não consigo atualizar o jogo eu quero, que arrumen esse problema, vai quantro estrelas se não tivese esse problema, eu daria 5 estrelas",4,2,0.43.7,2020-05-31 21:51:21
55,Ventura,https://lh3.googleusercontent.com/a-/AOh14GgfCa5m3HAZeHImRB0PsWZYZCIqZShv5F8kzBD8,"Um jogo de aventura e sobrevivência que supre todas as expectativas. Ótima jogabilidade, gráficos bonitos, etc. 5 estrelas, sem dúvidas!",5,14,0.43.1,2020-05-25 05:39:22
56,ASRIEL GAMEPLAYS,https://lh3.googleusercontent.com/a-/AOh14GgRfIMps4YKIpiNvRoeuI4Z7KIo5Eg4wK6SFKzpnw,"É muito bom,parecido com minecraft só que com uma variedade maior de itens,minérios,skins,etc. Recomendo pra quem gosta de jogos survival multiplayer/singleplayer",5,3,0.43.1,2020-05-26 15:54:29
57,Nicolas Jesuítas,https://lh3.googleusercontent.com/-h2tFDDPtV0I/AAAAAAAAAAI/AAAAAAAAAAA/AMZuuclvXy3Fg2wAMp2Xl2qezm_FOAK_Kg/photo.jpg,eu acho o jogo incrível ele não ser pago por que o Minecraft é pago e ele tem poucas coisas mas só que aqui dá para fazer uma moto e um carro de Mini world block art parabéns você merece melhor jogo não dá para eu dar mais gue pena por min dava 200 😃😃😃🤩🤩,5,1,0.43.1,2020-05-28 16:50:08
58,super gamers,https://lh3.googleusercontent.com/a-/AOh14Gh5L_VDt2hZLuyBCtIM3xKv2uzid2riSGNArQhF,"O jogo em si é muito bom mas com a atualização deste ano ficou muito ruim, não sei o porquê mas preciso ficar compartilhando os meus mapas para poder jogar com os meus amigos,acho que isso está muito errado, preferia a versão antiga onde só entramos em multijogador sem precisar de compartilhar",4,22,0.43.1,2020-05-14 20:15:17
59,isa_gamer _fofinha,https://lh3.googleusercontent.com/a-/AOh14GiEh5SF69wQmzNuBqguv-DnbQQCsGbTdmbbVGebhg,o jogo é otimo mais tem uma coisa que eu nao gostei: que guando a gente entra no mine Word pela primeora vez a gente nao tem dinheiro nem pra skim podia nos dar pelo menos 400 moedas.podem consertar isso?,4,3,0.43.1,2020-05-26 13:40:36
60,super papai noel game,https://lh3.googleusercontent.com/-6HzRmvQXkCw/AAAAAAAAAAI/AAAAAAAAAAA/AMZuuclh_gE-tzCdbsueKpaK0pNDOHP47Q/photo.jpg,"melhor jogo,melhor que minicreft original tem criativo e sobrebivrncia da para jogar online e mas mostros legais para ataca criar casa e etc jogo muito legal mesmo achei que era um jogo chato mais e legal mistros legaipa atacar ta para ir para a lua e voutar porisso abaigei ne e aconselio abaixarem esse jogo",5,9,0.43.1,2020-05-23 13:08:40
61,Bruna Lara,https://lh3.googleusercontent.com/a-/AOh14GjkImSQaqMeptbFiSmjHjicRFCCGt5PEruKJcNVog,O mini world e legal mais a ora que eu emtro no mapa eu foco jognado aquele mapa e tem umas oras que tipo sai do jogo e também tem algumas oras que começa tudo debolta puriso eu do 3 estrela,3,0,0.43.6,2020-05-30 11:13:40
62,Isabela Pinola2011,https://lh3.googleusercontent.com/-R8jm4zepO2w/AAAAAAAAAAI/AAAAAAAAAAA/AMZuuclwJ4kKqrflfQGigcxjG0bDxsNx5Q/photo.jpg,Muito legal muitos eventos excelente Mini World o criador do jogo e esperto muito legal tem dois skir grátis muito legal muito difícil ganhar mini moedas mas é muito legal o jogo adorei ☺☺☺☺☺mas é um problema e a conta mas é muito legal o jogo 😄😄😄😄e depois eu entro no jogo toda hora e fala o aplicativo mini World não responde fechar,5,25,0.43.1,2020-05-31 14:30:53
63,Pedro Huy Rocha,https://lh3.googleusercontent.com/-mjwrcu1fczk/AAAAAAAAAAI/AAAAAAAAAAA/AMZuucnVyjocKX6YPlm4vV0RUgjvsJ14kQ/photo.jpg,O jogo é muito como os gráficos são muitos bonitos mas tem um blobleminha na última atualização não deu para jogar então eu desabaixei e intalei denovo e dai deu tudo certo então eu vou dar 4 estrelas.,4,2,0.43.1,2020-05-28 14:45:17
64,Renatha Prado,https://lh3.googleusercontent.com/a-/AOh14GjUlIkGPcWqe5zS96cFnwrXN75LJkeC3vfgGbIPkw,"Eu ainda gosto desse jogo mas quando eu invento um mapa e eu vou fazer ele ficar multiplayer mas o coisa fica me falando pra eu compartilhar,mas eu n quero,ent se vcs tirar isso eu ficaria mt feliz",1,10,0.43.1,2020-05-23 20:47:53
65,Iara Pereira,https://lh3.googleusercontent.com/-v1FKxiuEWgE/AAAAAAAAAAI/AAAAAAAAAAA/AMZuucl7yGkBSsenXNPjqkT6YmwFqpt6Bg/photo.jpg,O jogo ém si é bom mas têm um problema toda a hora o jogo comça a travar do nada e fecha o jogo por completo. Poderião melhorar isso por favor ?,2,0,0.43.6,2020-05-31 15:40:32
66,Jamile e Jil,https://lh3.googleusercontent.com/a-/AOh14GhOapHiBZHZDW-pny2VYLa2CMinQqys9Bkb2WTkUQ,"Nunca joguei miniworld e deve ser super legal e quero encontrar a vitoria mineblox a ana mineblox,MutigirlBr e IchBinJulia. Que bom que estão corrigindo erros estou muito feliz 😊 :-) .",5,0,0.43.7,2020-05-31 14:41:00
67,Marcone Santana,https://lh3.googleusercontent.com/-47Iz2cKyPSs/AAAAAAAAAAI/AAAAAAAAAAA/AMZuucl34KFHDnwCF79D4R4nOJRA8WoQ5A/photo.jpg,Jogo que se pode ter que jogar online é o melhor é melhor do que free Fire melhor do que qualquer jogo é melhor Um Beijo Menina eu amo esse jogo Mini World é o melhor que não gosta problema gostei porque,5,11,0.43.1,2020-05-13 15:50:27
68,Erikakel Silva,https://lh3.googleusercontent.com/-mDAwwuk_Kjg/AAAAAAAAAAI/AAAAAAAAAAA/AMZuucmFDonaMkdt4OIeLBTLUpnobWzk4A/photo.jpg,"Eu ia dá 5 estrelas mais não sei se é meu celular mas... Exemplo: eu- aaaa eu vou quebrar esse baú pq coloquei errado. Aí DO NADA o jogo trava e eu volto do início (E PIOR não quebra,ia dá duas se n fosse por isso) eu só tô dando opinião q é pra resolver esses bugs. um beijo e um queijo :)",1,0,0.43.6,2020-05-31 11:00:29
69,Isaac gamer e wagner gamer,https://lh3.googleusercontent.com/-5bRD4q2lQi0/AAAAAAAAAAI/AAAAAAAAAAA/AMZuucnvFLHQuMP7XRy1x5NmkaeuTjTmLw/photo.jpg,eu gostei bastante mas nessa atualização toda vez que eu abro uma sala no luta o mini world fecha sozinho e na sala luta sobrevivência criação quebra-cabeça vcs podem arrumar isso por favor ??,2,0,0.43.6,2020-05-30 12:42:41
70,Simone Maria Da Silva,https://lh3.googleusercontent.com/a-/AOh14GhRJp0_5Neww_3DrVfTop5efc2tk_p78iMILpTy,Bom desculpa pela aquela coisa que eu tinha te falado mais vc pode arrumar mais uma coisa e que agora quando eu vou criar um mapa e vou botar pra multiplayer simplesmente o jogo nao deixa arrume isso porfavor ;-;,3,5,0.43.1,2020-05-22 16:58:17
71,Loieeo gamer,https://lh3.googleusercontent.com/a-/AOh14Gj_3aN-ngSeYXquWoEV-T7m9kEuwO7FuaxsMIS0,Antes ela é legal mas com essa nova atualização ficou mais chato tava dando tudo errado na hora de falar com ele aqui vou para na hora que eu coloco para jogar para agora agora por favorfala com aquele negócio de denunciar para de mexer mais não para por favor 😠😠😠😠😠😠,2,0,0.43.6,2020-05-31 14:40:54
72,Yara Victória,https://lh3.googleusercontent.com/a-/AOh14GgpFevvF6AUsAkuukUItRpbOnV3CK5GOdzB9ZTk,"Essr jogo era o meu preferido! Mas depois ele fica falando que minha internet ta ruim, sendo que ela esta topada, ta ótima. Fica travando todo momento, espero que os criadores resolvam esse problema por favor",2,7,0.43.1,2020-05-17 11:14:17
73,luis antonio roblox,https://lh3.googleusercontent.com/a-/AOh14GjVu4tSgofZk5VikbLEk14xIuv-g3JdGkfnObxJdg,Dei 4 estrelas porque tinha que ser o mini world por favor arrumen issoooooo antes eu jogava normal depois que atualizarao meu jogo começou a travar do nada aparece Mini world parou eu entrava de novo arrumen isso porque meu jogo trava muito antes não travava tanto que chato clique em comentário útil para me ajudar para o dono do Mini world responder esse comentário ok Beijos !!,4,1,0.43.6,2020-05-29 19:51:24
74,Renata Renata Prudente De Andrade,https://lh3.googleusercontent.com/-ct_lOPMBKhE/AAAAAAAAAAI/AAAAAAAAAAA/AMZuucnueOpLPcqMQQAyZ8uYIGO9tHZfrA/photo.jpg,Eu gosto desse jogo mais minha prima não e eu não conseguimos uma entra no mapa da outra E os controles podia ser preto,5,0,0.43.7,2020-05-30 20:47:33
75,Ani Santos,https://lh3.googleusercontent.com/-t507UkcDBJA/AAAAAAAAAAI/AAAAAAAAAAA/AMZuuck69XZN52v1lzg5wesk9YxL9VA5mQ/photo.jpg,Eu não tô conseguindo jogar com meu irmão toda hora que eu tempo jogar online dá uma mensagem que eu vou falar para todo mundo ela diz assim você tem que estar no modo compartilhar para ele devia arrumar isso porque eu só quero jogar com meu irmão e não dá,1,12,0.43.1,2020-05-25 20:32:05
76,Sarah Magalhães,https://lh3.googleusercontent.com/a-/AOh14GhGTZbJ3Yl-P3Zy7icBxh4QVDrr29fuonMm-DdHWw,"Tem vírus no aplicativo, e outra pessoa também detectou o vírus vindo do aplicativo baixando coisas que não era autorizado. Fica a alerta a todos que pensarem em baixar. Malware: Android triada.",1,7,0.43.1,2020-05-27 21:21:29
77,zuzy and zouy cats,https://lh3.googleusercontent.com/a-/AOh14GgcbSnvwhuDA22I0oGiPdTfG8XvPB-4jZiEG9AuGbE,Mini wold e o melhor jogo de todos bem ele trava muito as vezes e eu queria que as mini moedas fossem grátis mais qual é plobema se vc não tem mini moedas se vc tem cartão de crédito da pra comprar as mini moedas UwU,5,3,0.43.1,2020-05-22 01:56:45
78,Allan Moro,https://lh3.googleusercontent.com/-HOyOvS4l-V4/AAAAAAAAAAI/AAAAAAAAAAA/AMZuuckwR5OTzAtktkbkvtkmwnxiTNabeg/photo.jpg,Esse jogo tá roriveu com essa nova atualização e 0.43.6.10 quando eu quebra um broco no jogo o jogo para eu e eu tenho que iniciar o jogo de novo porque o jogo parou é melhor arrumar isso,1,0,0.43.6,2020-05-30 11:25:16
79,Sofia a louca,https://lh3.googleusercontent.com/a-/AOh14Giybh8747RWAz8F9aUcKrwyEU1-hcnS_HZo7ihn,"Esse app é ótimo, mais quando jogo com a minha amiga no multiplayer no mundo dele eu não consigo jogar e quando ela entra na minha ela não consegue jogar",4,4,0.43.1,2020-05-22 14:23:23
80,Julia Lins,https://lh3.googleusercontent.com/a-/AOh14Gj88u3wTlmSxDEtxPVGQEV87nr1jMr1S_JeziTbbXc,Eu espero muito que na próxima atualização vcs tirem esse bug horrivel. Toda hora que eu entro no jogo para. Horrivel,1,0,0.43.7,2020-05-30 18:01:56
81,Sunshine Lollipop,https://lh3.googleusercontent.com/a-/AOh14GgmTqaJaLexMAceQOX1ryAQifkibmziBD5l_acOMg,"O jogo é ótimo, porém tá travando muito, não só no celular como no computador também,espero que arrumem isso logo ;^; <3",4,0,0.43.6,2020-06-01 03:41:26
82,Luana Reis,https://lh3.googleusercontent.com/a-/AOh14Gg7m3ceuwsSHAWAKTiHsjtK5Ut0czfKm3lKP0lDlw,"Jogabilidade e gráficos ótimos, mas por algum motivo as vezes meus ítens somem dos baús, gostaria de uma resposta da organização",3,7,0.43.1,2020-05-16 20:59:34
83,Vitoria adorei Giovana Fernandes,https://lh3.googleusercontent.com/-Bp6zyyZzR-0/AAAAAAAAAAI/AAAAAAAAAAA/AMZuuclwD603bpnfh9ZPRPMCU-_g_v8O4w/photo.jpg,Não jogei mais parece ser legal.ta so que não sei se o original se não for dei cinco estrelas mesmo assim kkkk vi no video da vitoria miniblox não achei o link do jogo então pesquisei ta mais dei cinco estrelas😆😆 ta muito grande esse texto então tchau galera 😜😜,5,9,0.43.1,2020-05-13 16:53:19
84,Esaú emanoel Santos,https://lh3.googleusercontent.com/a-/AOh14GjbDcbDZZ1HOhLmss0T1SAdpgIISnXxHbsLd4uUag,Eu gostei do jogo mais e muito difícil jogar online e se não atualizar o jogo não dá pra fazer mais nada além de criar seu próprio mapa e pra poder jogar algum mapa tem que abaixar 👌,3,7,0.43.1,2020-05-18 17:42:07
85,Celina Dionízio Rosário,https://lh3.googleusercontent.com/a-/AOh14GiIh_ZkbifLNeE8qzsWxO8lxD6yhIBOYH7mhMp7,"A única coisa que tenho para escrever... é o jogo é ótimo!!!!!!! Se eu pudesse dava infinitas estrelas 😘 só tem um problema... não dá pra ganhar mini moedas tem que comprar😭mas tirando isso é ótimo,super endico para quem tem dinheiro ou não tem.✌🏾",4,9,0.42.3,2020-05-17 11:43:11
86,Kelly Brazdasilvapolicena,https://lh3.googleusercontent.com/-j5EUuxsA9aY/AAAAAAAAAAI/AAAAAAAAAAA/AMZuucnCLYyW72I6Fs7Xan-HBnLcS-DjNA/photo.jpg,Eu joguei aquela só que assim Às vezes tem alguns trabalhos assim é porque meu celular não trava eu sei muito bem disso Por que meu celular também é novinho aí eu queria que ele tirasse essas alguma coisa e colocar as coisas mais originais porque o jogo tá muito estranho e trava muito,5,11,0.43.1,2020-05-14 17:40:49
87,Debi Games,https://lh3.googleusercontent.com/a-/AOh14GjmNnHW7NL10zVBQZXv2NdwE4-JkCg7zHcv50jj6w,Amei 😍 da para fazer blocos em minatura e automoveis 🚐 a unica coisa chata é que não da para fazer navios que nadam 🚤 porque eles afundam. Por favor corrigem isso!,4,3,0.43.1,2020-05-25 13:39:57
88,Ruan Pereira,https://lh3.googleusercontent.com/-z_F_2FFXLOE/AAAAAAAAAAI/AAAAAAAAAAA/AMZuucmVlCd4wzA8tlutlEdAtEXGoYCIzQ/photo.jpg,"um jogo excelente que todo mês eles os criadores sempre lançam atualizações muito boas que facilitam construções no mapas e é um jogo que você se divertem muito, ele se empenham muito para tirar qualquer coisa que pode prejudicar o usuario , é um jogo que te tira do tédio , o jogo não tem anúncios e toda semana ele sempre procuram dar eventos para você ganhar várias coisas, eu espero que vocês também achem bom , boa sorte",5,527,0.42.3,2020-04-29 16:31:59
89,Bethania Lima,https://lh3.googleusercontent.com/-izDaLqCJx1A/AAAAAAAAAAI/AAAAAAAAAAA/AMZuuck6JjC1tznS9smXAhqnJEceSQZAoQ/photo.jpg,E muito legal mas e um pouco difícil Então todo mundo que tem esse gojo. Se proteja por favor mas mata pessoas que não e da sua equipe 😚Boa sorte 🤩😘 tenha boas coisas legais no mini word,5,1,0.43.6,2020-05-30 16:55:01
90,Eliza Andrade,https://lh3.googleusercontent.com/-mjRxa-5iHu0/AAAAAAAAAAI/AAAAAAAAAAA/AMZuucnfrrJCbzZYtEERJcSRJIA-pzVZ-g/photo.jpg,Alice Rodrigues você tá certa esse e o único problema mas o jogo e muito visiante e tenhe como customizar ele.,5,1,0.43.1,2020-05-29 07:38:22
91,Grazy Osbourne,https://lh3.googleusercontent.com/a-/AOh14GgfcDEomgE0e12tXGpXEGEdwQayBNRA9hBzpTs5gA,"A última atualização está dando erro, trava depois de uns minutos.",5,2,0.43.1,2020-05-25 13:43:47
92,Suziane Gonçalves,https://lh3.googleusercontent.com/a-/AOh14GhcU8QjvaKxVuDG4AMD4t3QDsuwQykzHyUsnoker6w,"Uma nova plataforma de jogos de sandbox --- Visualize sua imaginação Descrição do Jogo   O Mini World é um jogo sandbox 3D grátis para jogar sobre aventura, exploração e criação de um mundo de sonhos. Não há moagem ou nivelamento. Nenhum portão IAP que bloqueie recursos para jogar livremente com os jogadores. Todos podem aproveitar os recursos completos do jogo com grande liberdade   Modo de sobrevivência Colete recursos, construa ferramentas e abrigos para sobreviver. Continue criando e atuali",5,230,0.42.3,2020-04-12 23:07:56
93,Paolla Gomes,https://lh3.googleusercontent.com/a-/AOh14Ghvw9BMImAJWYtfSbnl2oYHoKhCjgSBu3GcSKGq,"Esse jogo é horrível porque quando foi jogar no modo criação deu tudo certo e quando finalmente terminei minha casa, eu foi dormir e quando acordei no jogo tinha pessoinhas na minha casa que tinha máscaras e cabelos amarelos e azuis e quando quebrei o teto as pessoinhas ou monstros ficarão loucos aí eu joguei água para aucamar mas eles ficarão mais loucos ainda",1,13,0.43.1,2020-05-20 00:28:02
94,Lori Dragon,https://lh3.googleusercontent.com/a-/AOh14Gj0dXaDPSnDGwb1msSo-SjaezEoJcGpKO4sYit0_Q,"O jogo é bom , tem gráficos lindos e adorei a atualização , mas uma coisa que me magoou muito da umas travada pesada tipo instalei hoje e passo o tutorial normal , sai do mapa e criei o meu tava construindo minha casa mais dava umas travada e travo e não volto mais e do nada sai do jogo , fiquei muito triste com isso porque eu amei o jogo e quero que melhore isso por favor",4,444,0.41.10,2020-03-24 23:45:18
95,oRoni,https://lh3.googleusercontent.com/a-/AOh14Gj7VvjJrNvn_x10gfISJN7OONp8hY6Okn1KndNF8g,"Gostei bastante da gameplay, achei meio apelativo demais os monstros e muito difícil a situação da mineração e coleta de recursos em geral no modo sobrevivencia. Bem chato isso de os monstros aparecerem mesmo com a iluminação de uma tocha e a duração das ferramentas e armaduras eu achei ridículo. Minha opinião e acho que também é a de muitos.",5,1767,0.42.1,2020-04-12 00:00:49
96,Ninja gueymer 2.0,https://lh3.googleusercontent.com/a-/AOh14Gh0pEgzFfM2qE8wLIa33P4nRaA_87gzKuMUxnhL2A,"O jogo é muito bom. Só queria dá uma sujestão de lugar no barco,bem que podiam criar um barco com 7 vagas, tanto animais e pessoas poderiam entrar,levaria mais madeira e essa levaria pedras. Por que vamos supor que queremos sair do bioma mas quer levar animais junto,seria melhor. E o barco comum poderia ter 2 vagas. É só um palpiti, mas que poderia existir. Beijos da Carol❤️❤️",5,8,0.41.10,2020-04-17 12:18:11
97,Benedito Ferreira,https://lh3.googleusercontent.com/-EDaC9zovzg0/AAAAAAAAAAI/AAAAAAAAAAA/AMZuucmlx4KnMN3msnvJ-ozsK6nr__hvOg/photo.jpg,"esse jogo é muito legal!!!! mas, gostaria que isso possa ser arrumado: quando eu coloco uma coisa no baú (no criativo) daí não dá para pegar o item some (só no criativo que isso acontece) é isso não é muito Bom porque tem que pegar o item de novo.... ah a mesma coisa com o quadro de colocar coisas dentro depois ele some também ..... e agora o jogo fala que não está respondendo (*como vou jogar assim?!?!??!*)",5,971,0.42.3,2020-04-14 13:46:49
98,lobinha gamer,https://lh3.googleusercontent.com/a-/AOh14GhizcsIbpNqF9vxpl2YVCAww1AKTlOHJqZZMoI0KA,"O jogo e ótimo adoro recomendo de mais, soque tem um probleminha eu nn consigo entrar no sobrevivência eu coloco na opção de sobrevivência e aparece no criativo,se for um bug arrumem pfv<3",3,5,0.43.1,2020-05-13 02:14:01
99,Keila Poliane,https://lh3.googleusercontent.com/-To4dSIjjodY/AAAAAAAAAAI/AAAAAAAAAAA/AMZuucmoflUW0nhnk-cE6ahnfsL-YoWo2Q/photo.jpg,onde é muito bom só que deve ter já casa sozinha sem pronta só para você certas pessoas do jogo né já fica matando a gente isso é ruim você tá jogando e aí do nada a pessoa vai mas você isso é devia ter coisas tipo do Roblox né que o jogo Roblox e aí aí tem que ser assim do Roblox tem que ter mandei sim sim e qual eu já vi no Minecraft né aí vai ter que ser bem legal esse jogo precisa melhorar um pouco precisa mas ele já tem tudo a cama é igualzinho aquele que é o nome da vida real e do Minecra,5,3,0.43.1,2020-05-17 23:12:06
