,userName,userImage,content,score,thumbsUpCount,reviewCreatedVersion,at
0,Isaa Suzarth,https://lh3.googleusercontent.com/-gDvjHhe7PWE/AAAAAAAAAAI/AAAAAAAAAAA/ACHi3rdCQTTLcMwYTuxJ8oYLphKxc7NRoQ/photo.jpg,É muito difícil te que colocar umas plaquinhas se quiser jogar difícil ou fácil,2,0,28.1-4297-es,2019-12-18 18:59:46
1,Mariana Zocche,https://lh3.googleusercontent.com/a-/AAuE7mDSwHRLMRN0wqD6Cmgm1B4gOVhR_DYp6xLAO4mK,"Muito bom. Porém poderíamos ganar dinheiro cuando acertamos as pergunatas no ""Multijogador em linha"".",4,1,25.1-4261-es,2019-10-31 19:08:55
2,Baixinho Lima,https://lh3.googleusercontent.com/a-/AAuE7mDQN_uCjqdsmJrPIE_NVxmPhK6tXWRpTzCiufIpMQ,Bom de mais fico jogando até o telefone. Descarregar,5,56,24.0-4236-es,2019-09-08 18:02:18
3,Junior Puentes Ramos,https://lh3.googleusercontent.com/a-/AAuE7mD31vcD5GMIBQ6QGy8rPIYp-AxUi7Fs-hIdQfDB,"o Jogo e muito bom, bom demais para ampliar o vocabulário e exercitar a criatividade.....mais é chato estar empolgado no jogo e ter que esperar depois de cada dois enigmas passar um anúncio, muita propaganda e chato",5,7,16.3-4077-es,2019-04-27 17:53:57
4,Um usuário do Google,https://lh3.googleusercontent.com/EGemoI2NTXmTsBVtJqk8jxF9rh8ApRWfsIMQSt2uE4OcpQqbFu7f7NbTK05lx80nuSijCz7sc3a277R67g,Estou baixando o jogo. Mas minha nota é a máxima pq já joguei no messenger e atingi a nível máximo. uma pena o app não me liberou mais!,5,4,14.4-3993-es,2019-03-09 23:48:27
5,Um usuário do Google,https://lh3.googleusercontent.com/EGemoI2NTXmTsBVtJqk8jxF9rh8ApRWfsIMQSt2uE4OcpQqbFu7f7NbTK05lx80nuSijCz7sc3a277R67g,Eu amei esse jogo ele é divertido e um pouco complicado mais vale a pena instalar.e então pessoas a vcs que instalem esse jogo PF✌💟,5,96,10.7-3851-es,2018-12-03 14:56:24
6,preto bob,https://lh3.googleusercontent.com/a-/AAuE7mCW3F0WEd_l6Vn5tkw7i2giU19g1Hce6CdBFD1M,"Estou gostando, porque posso desenvolver o meu espanhol.",5,0,29.2-4309-es,2020-01-27 21:40:24
7,Paula Alves,https://lh3.googleusercontent.com/-JaYSknCJ6QE/AAAAAAAAAAI/AAAAAAAAAAA/ACHi3rftFT0iLzwXuCMiZvdQj0nCgNhNwQ/photo.jpg,fantastico divertido e estimulador de mente.,5,79,17.4-4094-es,2019-05-13 18:44:41
8,Kamily Soares,https://lh3.googleusercontent.com/-wYdW-X2t19A/AAAAAAAAAAI/AAAAAAAAAAA/ACHi3rcVknDMnzZxgzjGtbPnL7Gv8mOaqg/photo.jpg,"muito legal, divertido e ainda trás aprendizado.",4,5,,2019-06-17 20:00:10
9,León Milton Junor,https://lh3.googleusercontent.com/-Yw0gmdbxym8/AAAAAAAAAAI/AAAAAAAAAAA/ACHi3rdfxdk_oWhT5TwnLOHIxGwoV9HGkA/photo.jpg,Es um jogo muito bom,5,1,27.1-4286-es,2019-12-05 05:53:49
10,Elza Kuster,https://lh3.googleusercontent.com/-gTn8zUAMpaM/AAAAAAAAAAI/AAAAAAAAAAA/ACHi3rcUjSuVqswPzCLnZAA9KkyWteloiw/photo.jpg,Não gostei terminei o jogo fui abaixar de novo e pago,1,27,,2019-10-27 08:44:25
11,Gabriela Xavier,https://lh3.googleusercontent.com/-T882eWAPeK4/AAAAAAAAAAI/AAAAAAAAAAA/ACHi3regfM2OU_M9zLbGEzE559-AmFWLDA/photo.jpg,eu não consigo mudar a linguagem pro Brasil então não consigo entender o que está escrito 😦😦,1,5,18.2-4119-es,2019-05-15 21:20:59
12,Sandra Meireles,https://lh3.googleusercontent.com/-pXPBcKTRgiA/AAAAAAAAAAI/AAAAAAAAAAA/ACHi3reqHN5eTFwuqR_4vXVF0BNL8KN1Yg/photo.jpg,O jogo é bom só que ele é em espanhol não gostei disso.,2,0,,2019-11-26 18:55:11
13,taty reis,https://lh3.googleusercontent.com/-yHQpZuai9yM/AAAAAAAAAAI/AAAAAAAAAAA/ACHi3rfeR8fYvaKgU5pFiVwE62EYYdtY4w/photo.jpg,e legal.mais um pouco difícil,3,0,18.2-4119-es,2019-05-30 16:58:31
14,Um usuário do Google,https://lh3.googleusercontent.com/EGemoI2NTXmTsBVtJqk8jxF9rh8ApRWfsIMQSt2uE4OcpQqbFu7f7NbTK05lx80nuSijCz7sc3a277R67g,Amei recomendo que abaixem pq eu adoro o meu outro acabo e agora estou abaixando esse porque o outro não tem mais nível eu adoro e não queria que acabasse kkk😍😘👌,5,2,,2018-11-04 22:56:24
15,Raquely fernandes,https://lh3.googleusercontent.com/-kWEFYzOhnzo/AAAAAAAAAAI/AAAAAAAAAAA/ACHi3rfCmrmEmY6qQLQ_1Pf57mhPGsRRdA/photo.jpg,Melhor jogo do mundo,5,0,,2020-01-24 12:34:06
16,Um usuário do Google,https://lh3.googleusercontent.com/EGemoI2NTXmTsBVtJqk8jxF9rh8ApRWfsIMQSt2uE4OcpQqbFu7f7NbTK05lx80nuSijCz7sc3a277R67g,Esse jogo e muito bom jogávamos eu e mais cinco amigos,5,4,,2018-09-27 21:32:16
17,Um usuário do Google,https://lh3.googleusercontent.com/EGemoI2NTXmTsBVtJqk8jxF9rh8ApRWfsIMQSt2uE4OcpQqbFu7f7NbTK05lx80nuSijCz7sc3a277R67g,Ótimo amei esse jogo... estão de parabéns...,5,5,,2018-10-28 15:37:32
18,Um usuário do Google,https://lh3.googleusercontent.com/EGemoI2NTXmTsBVtJqk8jxF9rh8ApRWfsIMQSt2uE4OcpQqbFu7f7NbTK05lx80nuSijCz7sc3a277R67g,Só fala que o jogo e chato quem não sabe as palavras certas,5,3,,2018-10-18 16:34:52
19,jose luiz da silva,https://lh3.googleusercontent.com/a-/AAuE7mDjyuW9iEYlEvgVsZMgJz5keEa9rfsI596ivZQy,É muito bom mesmo,5,0,,2019-11-22 10:14:59
20,Safira Vitória Freitas Carvalho,https://lh3.googleusercontent.com/-POvl-zCyOZQ/AAAAAAAAAAI/AAAAAAAAAAA/ACHi3re3uzDEUq0d0MQKaBPdFyMsKYuFGA/photo.jpg,e muito bom e eu gostei muito de cada um deles,5,3,,2019-06-15 10:12:48
21,Hadryan Gomes Yt,https://lh3.googleusercontent.com/a-/AAuE7mDYiO2a4-ZUltEpNDDRFmCmqzeANjq8K4GPIn9gd5U,no começo estava ótimo mais depois parecia que estava em outra língua não em português,2,60,,2019-01-21 15:38:40
22,Maria izabella Do nascimento,https://lh3.googleusercontent.com/-x8P4fsiMiVU/AAAAAAAAAAI/AAAAAAAAAAA/ACHi3rdlkAUWR48r2RmqZnn_amlPafjA_g/photo.jpg,Pode ser dizer que educativo,5,0,,2019-10-04 14:43:22
23,Albino Silva,https://lh3.googleusercontent.com/-VvzLKvpX0KE/AAAAAAAAAAI/AAAAAAAAAAA/ACHi3rf838VKEQrxrQ5z8OY70u2_NRaIuw/photo.jpg,Gosto de por a cabeça no pensamento do dia,5,4,,2019-05-11 10:14:02
24,Joilson Azevedo pontes,https://lh3.googleusercontent.com/-YUEjira89wE/AAAAAAAAAAI/AAAAAAAAAAA/ACHi3rczvvGnnqWtcG9Oh2C9P7i68H4s-w/photo.jpg,Eu não gostei desse jogo,2,1,21.1-4191-es,2019-08-30 16:08:16
25,Um usuário do Google,https://lh3.googleusercontent.com/EGemoI2NTXmTsBVtJqk8jxF9rh8ApRWfsIMQSt2uE4OcpQqbFu7f7NbTK05lx80nuSijCz7sc3a277R67g,eu nao sei ler em espanhol;-;,1,3,15.1-4007-es,2019-03-26 16:11:30
26,Mari Carvalho,https://lh3.googleusercontent.com/-oCTH5WX6F-c/AAAAAAAAAAI/AAAAAAAAAAA/ACHi3reM7yNpZBL4sgDLfYvGbspxAipMhg/photo.jpg,excelente mas tem coisas muito difisseis,3,1,,2019-05-26 18:46:51
27,Um usuário do Google,https://lh3.googleusercontent.com/EGemoI2NTXmTsBVtJqk8jxF9rh8ApRWfsIMQSt2uE4OcpQqbFu7f7NbTK05lx80nuSijCz7sc3a277R67g,Nao sabia que se escrevia palabra e nao palavras,1,0,,2018-09-22 12:51:57
28,Luciana Moreira,https://lh3.googleusercontent.com/a-/AAuE7mDPooFfqWzJsNKbid09bZDLWIp7jCkX6g031GQQJw,muito bom. recomendo 😙,5,9,17.4-4094-es,2019-05-17 22:41:02
29,Paulo Cesar Neves,https://lh3.googleusercontent.com/-qOfb28vjKKg/AAAAAAAAAAI/AAAAAAAAAAA/ACHi3rejs2U6owNPfuOXSEVwJjhk9lPkRg/photo.jpg,ele é diferente a palavra,5,0,,2019-08-04 19:42:02
30,Um usuário do Google,https://lh3.googleusercontent.com/EGemoI2NTXmTsBVtJqk8jxF9rh8ApRWfsIMQSt2uE4OcpQqbFu7f7NbTK05lx80nuSijCz7sc3a277R67g,gostei muito do jogo 😍😍😍,1,3,,2019-02-06 13:55:01
31,Sheila cristina machado mello Santos Santos,https://lh3.googleusercontent.com/-uWon5EmiCSs/AAAAAAAAAAI/AAAAAAAAAAA/ACHi3rcfOUzSza_rVxWa_bW9nUSTfl_HbA/photo.jpg,é muito bom esse jogo,2,0,,2019-08-03 13:09:28
32,Giovanna Corrêa,https://lh3.googleusercontent.com/a-/AAuE7mChLRyXCLepC6DTpsAIuvck3st8o-W6QK7WKjpVgQ,o jogo e muito bom👍,5,1,,2019-05-03 17:12:16
33,Um usuário do Google,https://lh3.googleusercontent.com/EGemoI2NTXmTsBVtJqk8jxF9rh8ApRWfsIMQSt2uE4OcpQqbFu7f7NbTK05lx80nuSijCz7sc3a277R67g,ter um APP em português,1,7,8.8.2-3598-es,2018-10-28 16:15:28
34,Marcia Souza,https://lh3.googleusercontent.com/-VQ9lHUcJIEg/AAAAAAAAAAI/AAAAAAAAAAA/ACHi3rejr7MwRFqG2NnDpgNWB8FpXNMSTQ/photo.jpg,bommmmmmmmmmmmmmeeeemas o menos,2,0,,2019-05-29 13:00:30
35,Roselaine Almeida,https://lh3.googleusercontent.com/-jeoOKWgBbbE/AAAAAAAAAAI/AAAAAAAAAAA/ACHi3rcdgHHNDRgRfqeCeC6rIjeHMFpUdQ/photo.jpg,Muito ruim não é em português,1,2,,2018-11-06 17:55:14
36,Um usuário do Google,https://lh3.googleusercontent.com/EGemoI2NTXmTsBVtJqk8jxF9rh8ApRWfsIMQSt2uE4OcpQqbFu7f7NbTK05lx80nuSijCz7sc3a277R67g,gostei mas...poderia melhorar,4,6,,2019-01-29 15:26:40
37,Um usuário do Google,https://lh3.googleusercontent.com/EGemoI2NTXmTsBVtJqk8jxF9rh8ApRWfsIMQSt2uE4OcpQqbFu7f7NbTK05lx80nuSijCz7sc3a277R67g,É muito legal,5,4,,2018-11-10 20:19:02
38,Um usuário do Google,https://lh3.googleusercontent.com/EGemoI2NTXmTsBVtJqk8jxF9rh8ApRWfsIMQSt2uE4OcpQqbFu7f7NbTK05lx80nuSijCz7sc3a277R67g,"😈😴isso e horrivelllll, mas me desculpe",1,2,,2018-10-15 22:02:03
39,Alfredo Fernandez,https://lh3.googleusercontent.com/-pITQEDHHkUI/AAAAAAAAAAI/AAAAAAAAAAA/ACHi3rcfRN-TfXADT2xw5pN_jZAAs9IR3w/photo.jpg,muito bom obrigado,4,12,18.2-4119-es,2019-06-12 23:29:57
40,Um usuário do Google,https://lh3.googleusercontent.com/EGemoI2NTXmTsBVtJqk8jxF9rh8ApRWfsIMQSt2uE4OcpQqbFu7f7NbTK05lx80nuSijCz7sc3a277R67g,Mano eu Amei esse jogo☺😄😅😀😊,1,0,,2019-03-10 01:09:23
41,Um usuário do Google,https://lh3.googleusercontent.com/EGemoI2NTXmTsBVtJqk8jxF9rh8ApRWfsIMQSt2uE4OcpQqbFu7f7NbTK05lx80nuSijCz7sc3a277R67g,Gostei muito adorei,5,4,,2018-09-23 13:58:50
42,Um usuário do Google,https://lh3.googleusercontent.com/EGemoI2NTXmTsBVtJqk8jxF9rh8ApRWfsIMQSt2uE4OcpQqbFu7f7NbTK05lx80nuSijCz7sc3a277R67g,ese jogo e muito legal,5,2,,2018-10-28 11:25:09
43,Roberta Georgia,https://lh3.googleusercontent.com/a-/AAuE7mCQidHunNwmbSdEbqTE-hR2mpL8bHR78U1TlieJYA,Não tem tradução,1,84,14.4-3993-es,2019-03-06 23:14:25
44,Ana Paula Martins Carias,https://lh3.googleusercontent.com/a-/AAuE7mAMl8EoNlecWXx7nz51MM4BPxhKBbTrh-OS32hM,e tudo em espanhol odiei😡😡😡,1,10,14.4-3993-es,2019-03-05 11:44:04
45,wanessa Nascimento,https://lh3.googleusercontent.com/-Hw65Glz8R60/AAAAAAAAAAI/AAAAAAAAAAA/ACHi3rdLMuwqfTkye4cY9ebm95jVq17TbQ/photo.jpg,ótimo meu deuxxxxx,5,1,,2019-04-20 11:26:46
46,Nicole Trindade,https://lh3.googleusercontent.com/a-/AAuE7mABl1zkVStsaG3Rqtqo6xjpjdr2d_U6DI8iELFd,ótimo esse adorei,5,0,,2019-06-30 11:14:58
47,Waliff Lima,https://lh3.googleusercontent.com/-Y56npWqNaTo/AAAAAAAAAAI/AAAAAAAAAAA/ACHi3reP6-CLotzoz-a0x4vG-LS8ecoXIw/photo.jpg,Es muy buen juego ayuda a tu cerebro a ser mejor ... Me encanto 👍👍,5,0,28.1-4297-es,2020-01-18 10:07:24
48,Ana Jara,https://lh3.googleusercontent.com/-mdo45AN1-rM/AAAAAAAAAAI/AAAAAAAAAAA/ACHi3rdDz5Q8Y-TWi1fs9sEHB_P0A6CVnw/photo.jpg,Es educativo,5,0,26.2-4276-es,2019-11-02 20:08:07
49,Carmen Luisa,https://lh3.googleusercontent.com/-wX5heDSo5pw/AAAAAAAAAAI/AAAAAAAAAAA/ACHi3reEzeFxX9-8emfVE1E_FYwC0B8-gA/photo.jpg,Muy chevere,4,0,26.2-4276-es,2019-11-24 14:11:28
50,Karen Colman,https://lh3.googleusercontent.com/-9NFAl7rrki4/AAAAAAAAAAI/AAAAAAAAAAA/ACHi3reZvFdLjb4dm7s09-qSKIfI9OWIXg/photo.jpg,Inteligencia,5,0,26.2-4276-es,2019-11-04 09:38:20
51,Matheus Marin de Souza,https://lh3.googleusercontent.com/a-/AAuE7mCsqpu8T98UOYkfBBahxZ76LJlMA4HyJd8UV3Kmzw,Bueno,5,0,25.0-4242-es,2019-09-27 14:14:16
52,Magdalena Iris Blanca Torres,https://lh3.googleusercontent.com/-mAW1dVPboGs/AAAAAAAAAAI/AAAAAAAAAAA/ACHi3rdyT95PNQHxlDamk5h10JD6PaMHzg/photo.jpg,muy lindo e intructivo,5,0,20.6-4173-es,2019-07-31 08:02:50
53,Juan Valera,https://lh3.googleusercontent.com/a-/AAuE7mDGdp5f87u1ch2PdrNdHaqfvkTZXHYEjtVmsayT,bien,5,0,20.6-4173-es,2019-07-31 08:09:40
54,Luciola L. M. Serikako,https://lh3.googleusercontent.com/-Wt3Vvo70MOw/AAAAAAAAAAI/AAAAAAAAAAA/ACHi3rdYMgT1JMGYBV1uBTBAqrFHw04xQw/photo.jpg,Hasta ahora me gustó.,3,0,20.2-4155-es,2019-07-20 22:58:05
55,Mylla Gomes,https://lh3.googleusercontent.com/-BZ-mn6GP7aI/AAAAAAAAAAI/AAAAAAAAAAA/ACHi3reGSxWrXCy-BI2jB_PKs2-XTedZnQ/photo.jpg,bom,3,1,19.3-4136-es,2019-07-15 17:06:17
56,Daniel Mendez,https://lh3.googleusercontent.com/a-/AAuE7mBxOqgDr2JzclsdBkquh0yHZPrF8jlCZcumSiYZ,muy Bueno. quitando las propagandas,4,0,18.2-4119-es,2019-06-21 14:02:40
57,Johanna cedeño,https://lh3.googleusercontent.com/-WyT42W3ZohI/AAAAAAAAAAI/AAAAAAAAAAA/ACHi3rcHfgai-BGiJpxA0628WVIsQkbdmA/photo.jpg,Muito bom,5,2,18.2-4119-es,2019-05-27 16:32:11
58,Laudicéa A. B de Góis,https://lh3.googleusercontent.com/a-/AAuE7mA1-V7pOhvkvKPSmrbmBWaYTh-EnMuZhxHkC8KBAw,está gustando,5,1,18.2-4119-es,2019-05-19 22:00:29
59,Jesus Isaac Garrido Medina,https://lh3.googleusercontent.com/-aE2174K8F9o/AAAAAAAAAAI/AAAAAAAAAAA/ACHi3rcKdKy4Zva22-vUP-_t0qqn4PTsEQ/photo.jpg,muy bueno,5,0,18.2-4119-es,2019-05-25 16:35:18
60,Iolanda souza,https://lh3.googleusercontent.com/a-/AAuE7mBwWTnFRgSoAYfFHtvPe9vHl2Q0H27E-j15U74q0w,Não entendi,1,0,18.2-4119-es,2019-05-24 19:26:57
61,bellesas naturales naturalesa,https://lh3.googleusercontent.com/-98mb6w5xjB8/AAAAAAAAAAI/AAAAAAAAAAA/ACHi3rdEZ3TlK3veYzYgXZ6OfcBPaB35uw/photo.jpg,otimo,5,0,18.2-4119-es,2019-05-20 20:43:38
62,Daniele Cerqueira,https://lh3.googleusercontent.com/a-/AAuE7mDAPjsyN2nO_G9BuqunfO9D6fnRwI8ew9JR12KQ,ótimo,5,20,12.0-3899-es,2019-01-09 13:48:26
63,Um usuário do Google,https://lh3.googleusercontent.com/EGemoI2NTXmTsBVtJqk8jxF9rh8ApRWfsIMQSt2uE4OcpQqbFu7f7NbTK05lx80nuSijCz7sc3a277R67g,Ruim,1,9,12.0-3899-es,2019-01-24 21:37:55
64,Isabela Rangel,https://lh3.googleusercontent.com/a-/AAuE7mCI2koCiZmSudBqK7EPfuXjaZmfXgGCa1A5oK5M,Horrível,1,5,12.0-3899-es,2019-02-10 00:57:31
65,Um usuário do Google,https://lh3.googleusercontent.com/EGemoI2NTXmTsBVtJqk8jxF9rh8ApRWfsIMQSt2uE4OcpQqbFu7f7NbTK05lx80nuSijCz7sc3a277R67g,"Eu gosto muito desse jogo, porque reuni várias pessoas e isso é muito legal recomendo a quem não baixou ainda não perca tempo e baixe agora.",5,22,8.8.2-3598-es,2018-09-06 21:20:56
66,Um usuário do Google,https://lh3.googleusercontent.com/EGemoI2NTXmTsBVtJqk8jxF9rh8ApRWfsIMQSt2uE4OcpQqbFu7f7NbTK05lx80nuSijCz7sc3a277R67g,Es muy divertido Recomiendo para todos♡,5,11,8.8.2-3598-es,2018-10-22 12:59:54
67,Um usuário do Google,https://lh3.googleusercontent.com/EGemoI2NTXmTsBVtJqk8jxF9rh8ApRWfsIMQSt2uE4OcpQqbFu7f7NbTK05lx80nuSijCz7sc3a277R67g,Ameiiiiii!,5,6,8.8.2-3598-es,2018-10-21 21:07:30
68,Um usuário do Google,https://lh3.googleusercontent.com/EGemoI2NTXmTsBVtJqk8jxF9rh8ApRWfsIMQSt2uE4OcpQqbFu7f7NbTK05lx80nuSijCz7sc3a277R67g,Não gostei,2,4,8.8.2-3598-es,2018-11-03 16:26:59
69,manu chan,https://lh3.googleusercontent.com/a-/AAuE7mDjXlYhVe6B4KGt44V9iaQno4LyjA90QA3icrbQAWQ,😴 horrível,2,7,8.8.2-3598-es,2018-09-14 20:25:33
70,ciceroana1234 Ana,https://lh3.googleusercontent.com/-JmUSKHvLYQQ/AAAAAAAAAAI/AAAAAAAAAAA/ACHi3rdBMKc4DT1kwTaE4-F_g4L8Dm126w/photo.jpg,Excelente,4,0,8.8.2-3598-es,2018-10-23 22:58:32
71,Um usuário do Google,https://lh3.googleusercontent.com/EGemoI2NTXmTsBVtJqk8jxF9rh8ApRWfsIMQSt2uE4OcpQqbFu7f7NbTK05lx80nuSijCz7sc3a277R67g,Ohhhhh,5,4,8.8.2-3598-es,2018-09-14 19:07:54
72,fernando fernandes,https://lh3.googleusercontent.com/-5-mNOMQ7ry8/AAAAAAAAAAI/AAAAAAAAAAA/ACHi3rdIGiKlL_hc9H85CQdonezmUsBl7Q/photo.jpg,Adorei,5,1,8.8.2-3598-es,2018-09-23 13:51:49
73,Yanili,https://lh3.googleusercontent.com/a-/AAuE7mC2h7AtcQjkI_VrVS5JT9mPzk-J-owArejsiH4f,👌,5,1,8.8.2-3598-es,2018-09-21 21:38:30
74,Ediana Batista,https://lh3.googleusercontent.com/a-/AAuE7mBwrDiHGNZ5YIJMTSgvF6MvMbW-5S-xK2kZza3sBg,"Gostei, e até gosto um pouco de espanhol, mas não sei todas as palavras 
nessa língua. E acho que não tem como colocar no português, então :/",3,10,8.7.0-es,2018-08-03 17:54:17
75,Um usuário do Google,https://lh3.googleusercontent.com/EGemoI2NTXmTsBVtJqk8jxF9rh8ApRWfsIMQSt2uE4OcpQqbFu7f7NbTK05lx80nuSijCz7sc3a277R67g,Mucho legal amei. Só que no nível 16 estas mucho difícil alguém me ajuda.?,5,4,8.7.0-es,2018-08-03 16:02:05
76,Nathan De Souza,https://lh3.googleusercontent.com/a-/AAuE7mAFxLUm0zUFW8gUPKJ-64ruYUK5Gi2JeTz1PbguBw,"O jogo é muito bom e maneiro, mas o jogo esta em espanhol,e n conheço todas as palavras em espanhol",3,2,8.7.0-es,2018-08-27 22:40:19
77,Um usuário do Google,https://lh3.googleusercontent.com/EGemoI2NTXmTsBVtJqk8jxF9rh8ApRWfsIMQSt2uE4OcpQqbFu7f7NbTK05lx80nuSijCz7sc3a277R67g,E bom por que serve também para mente,5,8,8.7.0-es,2018-07-27 09:16:25
78,soares 1227,https://lh3.googleusercontent.com/a-/AAuE7mDAuznXy-SoERMMvyiXDH0Xb7zJsWcfqgfeyPde8A,Palavra nao e palabra 😂😂 mas e muito bom,5,8,8.7.0-es,2018-07-23 15:27:23
79,isaque03 jn,https://lh3.googleusercontent.com/-JFbxon3oV9U/AAAAAAAAAAI/AAAAAAAAAAA/ACHi3rd6IYZOjgcaFrYcvfWEMhRgZ8q_Sw/photo.jpg,Eu gostei muito desse jogo parabéns para o criador 👏👏👏👏,5,1,8.7.0-es,2018-09-05 13:29:08
80,Francielma De Lemos Costa,https://lh3.googleusercontent.com/-8vJFCt2O6_A/AAAAAAAAAAI/AAAAAAAAAAA/ACHi3rfS-UAE12CL_MPv4vYkx-vnlVbFXw/photo.jpg,Alguém sabe como mudar o idioma?,4,1,8.7.0-es,2018-08-20 19:10:00
81,Um usuário do Google,https://lh3.googleusercontent.com/EGemoI2NTXmTsBVtJqk8jxF9rh8ApRWfsIMQSt2uE4OcpQqbFu7f7NbTK05lx80nuSijCz7sc3a277R67g,Muito legal,5,10,8.7.0-es,2018-07-17 23:43:01
82,Um usuário do Google,https://lh3.googleusercontent.com/EGemoI2NTXmTsBVtJqk8jxF9rh8ApRWfsIMQSt2uE4OcpQqbFu7f7NbTK05lx80nuSijCz7sc3a277R67g,Difícil,1,12,8.7.0-es,2018-07-15 14:26:27
83,Um usuário do Google,https://lh3.googleusercontent.com/EGemoI2NTXmTsBVtJqk8jxF9rh8ApRWfsIMQSt2uE4OcpQqbFu7f7NbTK05lx80nuSijCz7sc3a277R67g,Excelente,5,10,8.7.0-es,2018-07-18 14:31:52
84,Um usuário do Google,https://lh3.googleusercontent.com/EGemoI2NTXmTsBVtJqk8jxF9rh8ApRWfsIMQSt2uE4OcpQqbFu7f7NbTK05lx80nuSijCz7sc3a277R67g,Horrível,1,8,8.7.0-es,2018-07-30 18:51:10
85,Um usuário do Google,https://lh3.googleusercontent.com/EGemoI2NTXmTsBVtJqk8jxF9rh8ApRWfsIMQSt2uE4OcpQqbFu7f7NbTK05lx80nuSijCz7sc3a277R67g,E muito legal,5,12,8.5.1-es,2018-07-02 00:02:41
86,larinhaprince Oliveira,https://lh3.googleusercontent.com/a-/AAuE7mB_U2yfR2qhs5yW51F25Hb567Zx7I1LENZ3TI90wg,Nossa que rui,4,11,8.5.1-es,2018-06-28 01:01:22
87,Um usuário do Google,https://lh3.googleusercontent.com/EGemoI2NTXmTsBVtJqk8jxF9rh8ApRWfsIMQSt2uE4OcpQqbFu7f7NbTK05lx80nuSijCz7sc3a277R67g,Adoro,5,16,8.5.1-es,2018-07-06 00:55:18
88,Um usuário do Google,https://lh3.googleusercontent.com/EGemoI2NTXmTsBVtJqk8jxF9rh8ApRWfsIMQSt2uE4OcpQqbFu7f7NbTK05lx80nuSijCz7sc3a277R67g,Legal,3,13,8.5.1-es,2018-06-26 09:37:05
89,Um usuário do Google,https://lh3.googleusercontent.com/EGemoI2NTXmTsBVtJqk8jxF9rh8ApRWfsIMQSt2uE4OcpQqbFu7f7NbTK05lx80nuSijCz7sc3a277R67g,Odiei,1,9,8.5.1-es,2018-07-01 12:58:48
90,Yanet Ronda Perez,https://lh3.googleusercontent.com/a-/AAuE7mCWRw9Ek_vmIE9fGL2JhUhWmqBPZmQwLqLgs9fF,Es muy lindo y ayuda mucho a la agilidad mental,5,13,8.4.6-es,2018-06-15 15:13:50
91,Um usuário do Google,https://lh3.googleusercontent.com/EGemoI2NTXmTsBVtJqk8jxF9rh8ApRWfsIMQSt2uE4OcpQqbFu7f7NbTK05lx80nuSijCz7sc3a277R67g,As vezes as imagens nao tem.nada ver com as palabras,3,22,8.4.6-es,2018-06-11 00:32:04
92,Luis Guilherme Garcia,https://lh3.googleusercontent.com/a-/AAuE7mB_hNK7o8jFlZQfVAReW0M4-CkOtsRhxtSKIVia,E muito bom que pena que é dificio,5,19,8.4.6-es,2018-06-08 15:58:21
93,Um usuário do Google,https://lh3.googleusercontent.com/EGemoI2NTXmTsBVtJqk8jxF9rh8ApRWfsIMQSt2uE4OcpQqbFu7f7NbTK05lx80nuSijCz7sc3a277R67g,Muito bom amei,5,14,8.4.5-es,2018-06-05 16:06:37
94,Um usuário do Google,https://lh3.googleusercontent.com/EGemoI2NTXmTsBVtJqk8jxF9rh8ApRWfsIMQSt2uE4OcpQqbFu7f7NbTK05lx80nuSijCz7sc3a277R67g,Adoro jogo todos os dias,5,7,8.3.4-es,2018-06-01 20:34:49
95,Um usuário do Google,https://lh3.googleusercontent.com/EGemoI2NTXmTsBVtJqk8jxF9rh8ApRWfsIMQSt2uE4OcpQqbFu7f7NbTK05lx80nuSijCz7sc3a277R67g,La bomba,5,22,8.3.4-es,2018-04-29 13:40:11
96,Um usuário do Google,https://lh3.googleusercontent.com/EGemoI2NTXmTsBVtJqk8jxF9rh8ApRWfsIMQSt2uE4OcpQqbFu7f7NbTK05lx80nuSijCz7sc3a277R67g,é ótimo mesmo,5,21,8.3.4-es,2018-04-21 19:13:15
97,Cris Tina da silva,https://lh3.googleusercontent.com/a-/AAuE7mBeHoGze-Pr4RJnDp1RMFyt6cMbMTk4MWfmGsAR,Genial.,4,8,8.3.4-es,2018-05-19 13:51:33
98,Anna Rackell Rodrigues,https://lh3.googleusercontent.com/-Fq4wvZOXzJ4/AAAAAAAAAAI/AAAAAAAAAAA/ACHi3reVHWSVXivn6qp8zopKXzxr7vBFBw/photo.jpg,Muito bom,5,22,8.3.4-es,2018-04-24 14:31:20
99,marcos fer,https://lh3.googleusercontent.com/a-/AAuE7mB1QcecYd9040WA90qk4zuEqGKyB5TmB2a86Mo1Kg,Não entra mais no multi player falla conexión,3,21,8.2.0-es,2018-03-21 12:21:33
