,userName,userImage,content,score,thumbsUpCount,reviewCreatedVersion,at
0,Rafael Sabbatini,https://lh3.googleusercontent.com/-PB2dQl72xAs/AAAAAAAAAAI/AAAAAAAAAAA/AMZuucnwM6FAJ8dp1BRELvbJOqzld9G9AA/photo.jpg,"O jogo é bem, tem níveis interessantes, mas a quantidade de anúncio é ABSURDA e não são aqueles anúncios que é possível fechar após alguns segundos. Sei que a monetização depende disso, mas é preciso fazer um balanço para melhorar a jogabilidade dos players.",3,143,1.3.6,2020-05-29 20:47:44
1,willian maia,https://lh3.googleusercontent.com/a-/AOh14GiKwl1ikNMvxyro8T2dDyZnXt1KufWUslAGx8Sa,"Eu tentei jogar, mas é impossível! A cada desafio que vc termina, tem um anúncio. Pra que tanto anúncio? Eu entendo que precisa ter pro aplicativo crescer e tal. Mas cara ? Assim não dá. O pior é que vc tem que assistir o anúncio inteiro, eles só liberam o X depois que termina o anúncio. Gostei do jogo, mas assim não dá pra jogar nem ferrando.",1,488,1.3.3,2020-05-26 19:18:58
2,Virgínia Fernandes,https://lh3.googleusercontent.com/-D3t9Zt3fVjM/AAAAAAAAAAI/AAAAAAAAAAA/AMZuuckiRZJwe1sA34r5bwd6wrdnZ5K0bw/photo.jpg,"Adorei o jogo!!! Mas não gostei de algumas coisas, ex.: Não consigo ter lâmpadas quando eu preciso, fica dizendo que não estão preparados os anúncios, então eu não consigo passar de fase e fico tentando e não consigo. Dei a avaliação 4 estrelas por causa desse problema. Se melhorassem nesse problema eu daria 5 estrelas com muita alegria.",4,804,1.3.3,2020-05-18 19:35:53
3,Ana Lúcia Pereira,https://lh3.googleusercontent.com/a-/AOh14GihkIoevmxRy-N27vGL_YDpJ_g5zSnDgWrBMX9XMw,"Eu adorei o jogo !!! Mas eu acho ele um pouco deficil pra mim, mas o resto está ok. Eu queria parabenizar os criadores, vcs criaram um jogo que realmente presta e que é legal pq ultimamente não tem jogos legais e de qualidade, mas esse jogo é incrível !!!! Parabéns aos desenvolvedores !!!",4,729,1.3.6,2020-05-17 17:17:22
4,Luciano Costa,https://lh3.googleusercontent.com/a-/AOh14Gi-bUoZkqWA8IEHEc2dcJ6lw6vIhI67hreBzUbf,"Gosto desse jogo,mas ele passa muito comercial, eu não gostei por causa disso cada fase e um comercial ou até bem na hora que você está jogando,por isso que eu vou desinstalar,é legal mas só isso que deixa esse jogo chato,mesmo se desligar a internet continua passando comercial,não indico por causa disso,mas tirando isso é bem legal",4,101,1.3.3,2020-05-27 21:23:17
5,Raiane Oliveira,https://lh3.googleusercontent.com/a-/AOh14Gj6jRSdmsfgH1gXoKz5QD8HqYyKw7Ln0rXViS8,"MUITAS mais MUITAS propagandas.... pelo amor de Deus que saco, isso irrita muito mano. A cada desafio vem um, e ainda se fosse rapidinho ou se desse para sair antes de acabar mais não, aff que saco, mais fora isso o jogo é útil para testar o QI... resolvam esse negócio das propagandas e o jogo fica maravilhoso😍",2,0,1.3.3,2020-05-30 20:41:58
6,Josué Isaque,https://lh3.googleusercontent.com/a-/AOh14GgNquf8zvMKBaitTIyebM7tYXST9MxfzRQwR4RhMA,"O jogo é muito bom, mas o que complica é a quantidade absurda de anúncio do Tik Tok. Revejam essa questão, porque a cada dois níveis, vem um anúncio muito longo e isso deixa o jogo chato, porque queremos jogar e não ver anúncios do Tik Tok. Tirando isso, tá tudo legal. 😊",3,0,1.3.3,2020-05-31 17:01:39
7,Glaucia Lima,https://lh3.googleusercontent.com/a-/AOh14Gg5dV6oMsTM18ALqqbsCHLM88pSO7hItsMyoCWqKQ,"Feedback é o seguinte: a quantidade de anúncios pode ser realmente desagradável, mas é o de menos. Se tratando de um bom entretenimento (oferecido de graça) dá pra relevar! Inclusive durante os malfalados anúncios encontrei novos jogos que pareciam interessantes. Baixei 6, mantive 4 deles. O triste é que acaba na fase 221. Pessoal, vai ter continuidade?",2,141,1.3.3,2020-05-26 20:34:44
8,Cárdrian Zane,https://lh3.googleusercontent.com/a-/AOh14GiAzug5i27Zvik7j_F4wF2ps6EvUZrWHNNSo7J5,"Que jogo sensacional, primeira vez em toda minha vida que vi um jogo mostrar nos anúncios como ele REALMENTE é. Estão de parabéns, passei 1 mês pensando em baixar isso, mas não fiz antes por quê estava com medo do jogo não tem nada haver com a propaganda dele. Primeira vez que vejo honestidade em um anúncio.",5,519,1.3.3,2020-05-06 03:14:08
9,Jakeline de Andrade,https://lh3.googleusercontent.com/a-/AOh14GjU0PDo615Pwt6m_su1BARvmjf_YBsXjaydmyMPfg,"LEIA TUDO. Desinstalado, o aplicativo é até legal passa o tempo mais o que estraga nele são as propagandas com mais de 18 segundos irei repetir ( 18 SEGUNDOS... Então tipo você vai passar raiva muita raiva com esse aplicativo. Não recomendo a cada 4 fazes tem uma propaganda e pode ser algumas enganosas, e também tem de Tik Tok para ganhar dinheiro e entre outros não recomendo e tipo fala também que o app é para deixar você calmo mais como com as propagandas?? Não vai ficar satisfeito ( você )",3,184,1.3.3,2020-05-04 23:51:44
10,Teteh souza,https://lh3.googleusercontent.com/a-/AOh14GjxZYYOyCwYBf0RiPPuY1KpbOw7ZY8R8l3gJq96,Assim não dá! Não consigo jogar duas perguntas que já aparece comercial! Atrapalha muito e não dá para retirar tenho que esperar praticamente um minuto! Isso é um absurdo!!! Edit: dps que fiz o post estão colocando mais comercias!!! Vou desinstalar e nunca mais instalar pq assim não dá! E estou falando sério! Se não diminuir daqui a uma semana nunca mais instalo!,1,847,1.3.3,2020-05-02 19:27:56
11,Rute Sousa,https://lh3.googleusercontent.com/a-/AOh14Gg9CXps3JujeunuR3oA_Ylno8w_yK3P1GPrP-qu9t0,"O jogo é legal, mas para cinco segundos jogando tem um minuto de publicidade. Entendo que a publicidade que banca o jogo, é necessário e tá tudo bem. Mas poderiam colocar a cada duas ou três fases e não a todo momento. Sem contar os links pegadinha, que são propagandas disfarçadas de níveis. É extremamente irritante. É um app de propaganda com mini jogos nos intervalos",1,126,1.3.3,2020-05-18 19:16:31
12,Júlia Ester,https://lh3.googleusercontent.com/-djj5P6gZ8k0/AAAAAAAAAAI/AAAAAAAAAAA/AMZuucl6th59nOAmvoKHPud4NhyePI-sag/photo.jpg,"Esse app é muito bom dá pra entreter dmais ,mas tem muito anúncio ,muita propaganda, qual a necessidade? Eu tenho que jogar sem internet pra não aparecer nenhum comercial ,sei que outros aplicativos tem que crescer, mas mano, assim não dá mesmo!",3,1,1.3.3,2020-05-29 19:47:39
13,canal da Bibia,https://lh3.googleusercontent.com/a-/AOh14GioJAImNAUFXmHmvYhzggylivAIxKuPtZekoaO7YQ,"O jogo é ótimo, de uma certa forma enquanto ""aprendemos"" nos divertimos tentando descobrir, super recomendo O app é ótimo, tem várias ""atividades"" e ""desafios"" divertidos... Como eu havia dito eu super recomendo!!",5,0,1.3.3,2020-05-31 12:22:20
14,Mikael Vestri,https://lh3.googleusercontent.com/a-/AOh14Ghgm6OKr0TM52pxqiS6bGXd67twRZj7_dEUujPPdQ,"Quantidade ridicula de anúncios. Tudo bem um anúncio de vez em quando, precisa monetizar mesmo, agora isso aqui é insuportável. A cada 1 minuto que vc joga em média tem que esperar 30 segundos. Pessoal, não baixem esse jogo. Tem vários outros semelhantes por aí com uma quantidade decente de anúncios.",1,192,1.3.3,2020-05-18 11:05:41
15,Pedro Antonio Araujo Bastos,https://lh3.googleusercontent.com/-kx_MJoFloSs/AAAAAAAAAAI/AAAAAAAAAAA/AMZuuclYBwBg9MOsOKHwTLITYpPNYP1eOA/photo.jpg,"O jogo em si é bem divertido, coisas diferentes, bem desafiadoras e alternativas. Mas uma propaganda por fase nao da, tem vezes que o jogo parece te insistir em ver as propagandas, teve duas vezes que me pareceu que eu precisava ver o video para dar sequencia no jogo, mas era um convite de propaganda posicionado com enfase",2,51,1.3.3,2020-05-25 22:08:28
16,Débora Godoy,https://lh3.googleusercontent.com/-HyGvp7smQfY/AAAAAAAAAAI/AAAAAAAAAwk/AMZuucnMR2CcpMaW_o1-C-8ANraOBXdCOg/photo.jpg,"Puxa vida, eu concordo com as propagandas em apps gratuitos, mas aqui tem em excesso... Vou ficar até minha paciência aguentar, ou seja, até minha curiosidade ser saciada, o que não vai durar muito tempo... Com certeza irei desinstalar... Teria futuro, mas infelizmente as propagandas tornam diversão em exaustão....",3,288,1.3.3,2020-05-02 20:33:56
17,Rafael Ricardo,https://lh3.googleusercontent.com/a-/AOh14GgyWGE5q9w02gBBaZX8Yz73TQZHclsMS7J9_pOzyA,"Triste, sei da necessidade de anúncios, mas o que fizeram com este jogo foi deplorável. A cada fase um maldito anúncio que na maioria das vezes nem da pra passar, tem que ver todo. O objetivo do jogo é ótimo, mas o que estraga são os inúmeros anúncios. Se vc é que nem eu que não suporta ver anúncios nem baixe, desisntalando aqui!!!",1,540,1.2.7,2020-03-28 16:29:57
18,Paulo Cesar de Oliveira,https://lh3.googleusercontent.com/-I6KUbDqEnhw/AAAAAAAAAAI/AAAAAAAAAAA/AMZuuclcMcE6SuR7sZ1CB7iBlUcRZA7nWw/photo.jpg,"É um bom jogo, nada excepcional. Existem outros mais interessantes desse tipo. Entendo a necessidade de anúncios, mas esse é insuportável. A cada jogada anúncios longos e intermináveis. Desinstalei.",2,2,1.3.3,2020-05-28 16:38:30
19,Stitch chan,https://lh3.googleusercontent.com/-o_07aecfo40/AAAAAAAAAAI/AAAAAAAAAAA/AMZuucmXbV5SH42dePX2kRbl-KeCeoV1ig/photo.jpg,"Amei muito, super recomendo. Explicação: este jogo meche com seu psicológico, ele meio que faz vc pensar mais. Então aconselho a se esforçarem, e não ficar usando muito a ""lâmpada"" de ajuda, pq esse jogo te ajuda a vc ficar mais ""inteligente"", te ajuda a pensar mais, então se esforcem pq no final vai valer apena, use todos os recorsos, tente, se arrisque, e o melhor! Pense. Isso vai te ajudar muito, para ficar mais ""inteligente"" então pense! Espero ter ajudado^^ amei super recomendo 😘❤️",5,695,1.3.3,2020-04-08 23:59:27
20,O Tal Mundo Das Primas,https://lh3.googleusercontent.com/a-/AOh14Ghme-JXM-zXcDRRcK6vEfl6ziX7Aht-H0ceyN4C,"O jogo é bom , sensacional, mas pra jogar tá sendo exatamente impossível com os anúncios, mal a gente termina uma fase,quando vamos passar pra outra sempre tem um anúncio, e certamente temos que esperar o anúncio, não podemos sair não, mesmo saindo o anúncio ainda esta lá esperando nos assistir e também parece que tem mais anúncio que o jogo mesmo ,mais mesmo assim Parabéns aos criadores 👏👏👏👏",1,739,1.3.3,2020-04-12 18:44:51
21,Lauuh,https://lh3.googleusercontent.com/a-/AOh14GjoCa8o2IIC7SkN37fPkyyqKyp57p6mmR6aP_Cmi0I,"Eu gosto muito deste jogo ele é muito legal e divertido mas, eu tenho 2 coisas para criticar A primeira é a enxurrada de anúncios, pra que um anuncio a cada fase?, e o preço para tira-los então meu deus. A segunda coisa é o bug nas fases tem vezes que eu faço a coisa que ela pede mas não vai e eu seeempre tenho que assistir anúncios. E porfavor tirem os anúncios coloquem anúncios a cada 3 fases por favor ta horrível",4,221,1.2.9,2020-04-01 09:21:37
22,Divirta-se com Clara,https://lh3.googleusercontent.com/a-/AOh14GiL8mNd4bHWyF0VfezUhTUfLtZg6W2G8vWnR0tu,"O jogo é muito bom , mais a quantidade de anúncios do tik tok é absurda eu já estou cansada de tik tok ( e eu tenho ele instalado ) eu vou desinstalar o tik tok porque já estou cansada de ouvir falar dele nos anúncios se não fosse os anúncios do tik tok esse jogo ficaria excelente , mais realmente vou desinstalar esse jogo por conta dos anúncios , as vezes tem 2 anúncios SEGUIDOS em 1 fase , então eu vou dar 1 Estrela nesse jogo melhorem isso com os anúncios esse App fica horrível",1,47,1.3.3,2020-05-07 15:09:45
23,Asclepiades Mendes,https://lh3.googleusercontent.com/a-/AOh14GjUiqX_d2ODzIfzBsMxNoM1XmllG_RCaz-q1oXfRg,"Caramba! Recomendo a instalar. Acabei de ver alguns comentários sobre o jogo, tem gente dizendo que o jogo é ruim, mas... Acho que eles só estão bravos pq não conseguem jogar o jogo! O nome do jogo já diz tudo. É um jogo pra testar o nosso cérebro. Pra testar sua inteligência, tbm tive dificuldade no início, mas depois foi de boa. :) Pessoal Não liguem! É apenas um jogo.",5,20,1.3.3,2020-05-04 19:17:33
24,Manoela Vilas Novas Brum,https://lh3.googleusercontent.com/-GjnJp-DeOdE/AAAAAAAAAAI/AAAAAAAAAAA/AMZuuck9qO8Y24ypbP2RHdRKgV5cYJyjcQ/photo.jpg,"Não dou 4 nem 5 estrelas, mas, o jogo é muito bom. Tenho esse ponto de vista por que temos que assistir um anúncio toda hora, não tem como jogarmos em paz! Instalei para eu treinar o raciocínio, não pra ficar vendo anúncios! Por outro lado, (sem anúncios), o jogo em si é muito bom",3,55,1.3.3,2020-05-23 15:34:24
25,nil nil,https://lh3.googleusercontent.com/-vsXYpj0ol0E/AAAAAAAAAAI/AAAAAAAAAAA/AMZuucmr3Sei1LS7wS7qnKqoUW2hP0VoLw/photo.jpg,"Muita propaganda. O jogo é até interessante, criativo e serve como distração. Porém, tem propagandas demais. Entre todos os desafios tem propagandas. E propagandas longas... Tipo você leva dez segundos pra responder e vem uma propaganda de trinta. Se você jogar dez minutos, pelo menos uns sete foi de propaganda. Irrita. Você dá uma resposta... Propaganda. Outra resposta... Propaganda Irritante. Concordo que os jogos tem que ter propaganda, mas esse tem demais.",1,518,1.3.3,2020-04-07 11:40:01
26,Joana Maria,https://lh3.googleusercontent.com/-Tafsdi20164/AAAAAAAAAAI/AAAAAAAAAAA/AMZuuclT7pQElfq2tvSIU3z1y-6BuYpR8w/photo.jpg,"O jogo é bom daria 5 estrelas porém irei dar 4 estrelas por causa dessa chuva de anúncios que tem, a cada fase um anúncio tira a até a a concentração não só de mim mas acredito de muitos jogadores também, diria que o jogo é maravilhoso e daria 5 estrelas mas esse monte de anúncios tira até a qualidade do jogo, bom mais fora isso o jogo é muito bom, um gênio que criou esse jogo é muito muito bom. Parabéns aos criadores.",4,360,1.2.9,2020-03-27 10:36:10
27,welberton nunes,https://lh3.googleusercontent.com/a-/AOh14GhIpB6gBHDbh1vTWh49R4dAroXGAnXGNA_Y2gJ6yg,"Tem tanto anúncio que fica impossível jogar. Um pena, pq o jogo é bacana, mas assim que termina uma fase tem um anúncio. e nem adianta desligar o wi-fi, eles propositalmente colocara um fase ridícula de impossível. Para fazer vc assistir um vídeo pra ganhar uma chave que dá dica, mas pra Assistir o vídeo tem que ligar a internet.. Como eu amo o capitalismo kkkkk.",1,164,1.2.9,2020-04-02 00:03:05
28,Gisa Souza,https://lh3.googleusercontent.com/a-/AOh14GhixzkmgUIYUUqL0wAt2hh4yvBkCEl3fmxn4qba2w,Uma estrela porque tem tanto anúncio que atrapalha a jogabilidade. Seria um jogo muito bom se assistir ads fosse algo opcional e não obrigatório a cada um minuto porque eles simplesmente abrem e pra você voltar ao jogo ou tem que esperar acabar ou fecha o jogo e abre de novo.,1,10,1.3.3,2020-05-02 21:12:25
29,Eduarda Gomes,https://lh3.googleusercontent.com/-wUxanCdt8m8/AAAAAAAAAAI/AAAAAAAAAAA/AMZuucmd7jmSilKilimm-mAr21VJROi-dg/photo.jpg,"Num geral o app é bom, mas quando vc precisa de mais chaves e vc precisa assistir um vídeo para ganhar uma, vc assiste vários vídeos e mesmo assim não ganha chave nenhuma. Depois que vc chega no nível 221 fica escrito que vai chegar mais desafios, mas já faz uns 4 ou 5 meses que não chega mais nenhum.",3,0,1.3.3,2020-05-29 07:31:43
30,servir daloka,https://lh3.googleusercontent.com/a-/AOh14GjDZndc0WEJmuWlb99oQWogrsBXnOuAO710JfW9TQ,"Jogo sensacional muito bom, porém anúncios a casa fase que passa acaba estragando o jogo, você mais passa tempo vendo anúncio do que jogando, entendo que por ser um jogo grátis vocês tem que ter alguma forma de ganhar dinheiro, mas amenizem o anúncio sei lá um anúncio a cada 5 rodadas, ou anúncio por chave, agora isso que vocês fazem patético , chega dar novo de jogar!!!!!! Espero que consertem, se não estarei desinstalando, e acredito que não serei o único.",1,1741,1.2.9,2020-03-26 03:10:23
31,Jerdsonsantosdonascimento Nascimento,https://lh3.googleusercontent.com/-vJrP_2bN22o/AAAAAAAAAAI/AAAAAAAAAAA/AMZuuclBXf7k05T8UtTzJlFLrXLFmlwGxg/photo.jpg,"O jogo é demais!! Só que eu sou tão lerda que baixei o app ontem e não consigo passar no nível 13! Mas continuando... Para não ter anúncio é vc desligar a internet/wi-fi, e se vc não for uma jegue como eu vai conseguir passar o nível 13, e infelizmente acabaram minhas chaves , ou seja não tem dica. Conclusão:se vc não souber a resposta, vai morrer se lascando pra passar de nível. (Meu caso) mas obrigada por ler minha avaliação até aqui bay bay. #AMO MAMUTE CONGELADOOOO. thauzinho...",4,1357,1.2.9,2020-03-27 10:31:20
32,Luciana Batistetti,https://lh3.googleusercontent.com/a-/AOh14Gi-IA5KUXY8iJJbcVEsyypv7JLTfP_eIAQwSteiPA,"A cada 2 fases, 1 anúncio. É MUITO anúncio. Tira toda a vontade de jogar. Entendo q precisa dos anúncios para ter renda, mas é MUITO anúncio. Compromete a jogabilidade!!",2,4,1.3.3,2020-05-22 00:46:50
33,Alessandro Zacharias,https://lh3.googleusercontent.com/a-/AOh14Gggli29MEpjWyRukhv0DYAHXq0-mUMjo_RJh-sYRA,"O jogo é muito bom, mas propaganda em excesso não recomendo a casa desafio, propaganda de 30 segundos , 18 Segundos não dá. Repito o jogo é ótimo, mas desse jeito com tanta propaganda não recomendo",1,3,1.3.3,2020-05-24 14:44:06
34,Elvis Vasconcelos,https://lh3.googleusercontent.com/-1fwgtnkgsA0/AAAAAAAAAAI/AAAAAAAAAAA/AMZuucm7vFAVm60H4znlYVaSn6N9qzXoZw/photo.jpg,"Eu não faço nenhum esforço pra dar cinco estrelas. Não mesmo.Por enquanto eu não vou dar nenhuma estrela,só quando resolverem este problema. O problema é: Aparece toda hora anúncios com vídeos,e quando eu quero assistir um vídeo pra ganhar uma dica,so aparece anúncios com fotos. Obs.Vocês tem a minha palavra que quando este problema for resolvido eu dou cinco estrelas.e mais uma coisa:o App é tão bom que eu nunca enjoei.so tem este problema agora...",1,119,1.2.7,2020-03-26 07:05:19
35,Alex Hahn,https://lh3.googleusercontent.com/a-/AOh14GjKBI906VED66u1FkCldqUSt2e2JhiuMUM82AFfBQ,"Muito bom, porém tem muito anúncio, cada level um anúncio, isso é demasiado, e aí quando precisamos ver um anúncio pra poder pegar dicas não tem!!!! Eu acho que um anúncio a cada 5 ou 10 level já estaria bom, e não tornaria o jogo tão chato... se arrumarem isso darei mais estrelas..",1,32,1.2.9,2020-03-29 14:24:30
36,Teteü Silva G.,https://lh3.googleusercontent.com/a-/AOh14GiM8FiaN1639pzLo-dIDGNk_USiAci4tazqd1qC8g,"O jogo é relativamente bom, mas como a maioria dos comentários mesmo confirma, os anúncios a cada fase e dicas das quais vc já tentou e não deu certo deixam o jogo desagradável, ah e tmb vc é praticamente obrigado a usar as dicas pois é quase impossível de descobrir",3,4,1.3.3,2020-05-09 23:12:04
37,Andressa Arueira,https://lh3.googleusercontent.com/a-/AOh14GgihMIV2H4rKLwOEpB-TOgjJr-HC06LS1n8AFgXRQ,É ótimo jogo eu vi que as pessoas não precisamolhar o que está fora mas se a pessoa tem que ter uma atitude para fazer aquilo que a pessoa tanto quer porque e aí será que vai a pessoa mas não faz é melhor fazer do que só ficar pensando.,5,4,1.3.3,2020-05-16 15:34:57
38,Bel Santuzi,https://lh3.googleusercontent.com/--G0mN6S-ITg/AAAAAAAAAAI/AAAAAAAAAAA/AMZuucnvtswmXqOEYk4LYz94jkSDmF6S-A/photo.jpg,"O jogo é muito bom mas o problema é que tem muito anúncio e é desnecessário, a cada um nível concluído é um anúncio do Tik Tok e se fosse anúncio curto de boa mas não é, pelo visto o Tik Tok tá pagando bem né, além de ser preconceituoso é divulgado pq esse povo só liga pra dinheiro, sério não aguento mais anúncio !",1,304,1.3.3,2020-04-06 13:09:00
39,Lindy Lima,https://lh3.googleusercontent.com/-VWplJATSJ_0/AAAAAAAAAAI/AAAAAAAATHI/AMZuuckCkrAnLRAFAsNlkUdWjukbvon1bQ/photo.jpg,"O jogo é bom, porém os anúncios chegam a ser irritantes, após cada desafio tem um anúncio. Todos apps têm anúncios, eu sei, mas este foi demais. Após cada ação no jogo, um anúncio. Sem condições de jogar assim.",3,4,1.3.3,2020-05-18 19:06:45
40,Taty Bahri,https://lh3.googleusercontent.com/a-/AOh14GjD60T4W8pzGniPfjJH3mZp2b9EbzioYAjL7u6JMRc,"O joguinho até seria legal se não tivesse tanta propaganda. Joguei uns dois dias e já tô desinstalando. É muita propaganda em excesso! Propagandas em vídeos, que demoram até 30 segundos pra poder sair da propaganda. É mais tempo vendo propaganda do que jogando! Sem falar que quase todas são propagandas do aplicativo tiktok. Tô pegando nojo desse tiktok!",1,162,1.3.3,2020-05-20 15:51:36
41,Samir Penna,https://lh3.googleusercontent.com/a-/AOh14GgYB5aXFAOmqwPeqQdptJgslVcCPgaoZDmbsjxC6A,"""Injogável"" devido às propagandas, os desafios são até legais, porém, a cada desafio, uma propaganda... Péssimo isso... Sei que necessitam do dinheiro gerado via anúncio, porém a cada desafio força a paciência. Perde-se mais tempo assistindo propaganda do que jogando.",1,31,1.3.3,2020-05-02 22:48:09
42,show da vi,https://lh3.googleusercontent.com/a-/AOh14GgNQXZ6Vlg__Rle1n8y6QPqACnnspVwAOGHzRUA5g,Sabe depois eu primeira fase a gente não quer mais parar de conhecer as coisas e as próximas fases é muito legal esse jogo eu acho que eu dou três quatro cinco seis sete oito nove dez 11 12 muitas estrelas estão por causa que é muito legal mesmo eu gostei assim eu tô na fase eu acho que 130 é muito legal mesmo você não vai se arrepender se você acha que você é um gênio você tem que falar esse jogo porque você vai ver o que realmente é ser um gênio com esse jogo sempre a frases são legais. beijo,5,362,1.2.7,2020-03-22 18:37:34
43,Silvia Evellyn,https://lh3.googleusercontent.com/a-/AOh14GgcEvRiKzJ9TXQZmktbHwQoY3hijCF0cAZs77Zf,"O jogo ERA muito bom! Porém agora tá um lixo, ter anúncio TD bem...porém a cada vez que vc passa de fase tem um anúncio enorme e nem tem como adiantar o anúncio. Desinstalando infeliz . É uma pena pq o jogo ERA EXEMPLAR. agora tá chato, ridículo . Lamentável",1,3,1.3.3,2020-05-18 23:11:27
44,Catarina de Fátima Dutra,https://lh3.googleusercontent.com/-u1o-in8ocQY/AAAAAAAAAAI/AAAAAAAAAAA/AMZuuclP8fHKT8pdX2m5i_US7rwOkeofBQ/photo.jpg,"Esse jogo ele é muito legal mas eu sei de algumas coisas ,como o do carro, que tem que ver o número de baixo do carro , eu já pensei que era só arrastar o carro para trás! ... Mas eu amei esse jogo !!,o homen ou mulher que fez esse jogo,só quero dizer uma coisa..... AMEI ESSE JOGOOOOO★★★★★★★★★",5,299,1.2.9,2020-03-28 22:46:08
45,Karoline Faria,https://lh3.googleusercontent.com/a-/AOh14Gj4FaU1yki7Td-hcQsfq3AneLU-QGBVgZ9Uuwpu,"Baixei a duas semanas, no início achei maravilhoso! Mas agora é cansativo por dos milhares de anúncios. Cada fase são vários. Jogo tinha tudo pra ser o melhor, mas isso impede da gente usar por mais tempo.",2,1,1.3.3,2020-05-25 21:04:19
46,Priscila Kiomy Urtado,https://lh3.googleusercontent.com/a-/AOh14GjgQRT-xU2my1q-ZvciVSw3hWWBWW60XD4PgnpmHg,"Estou desinstalando o App. O jogo é muito legal, mas não é possível jogar com propaganda a cada fase. Acho justo ""pagar"" pela propaganda se quiser a dica, mas a cada fase já é demais.",2,1,1.3.3,2020-05-19 01:30:18
47,Rafael Neiva De Melo,https://lh3.googleusercontent.com/a-/AOh14GiIkQ_gLW2YBd796KG2MWYfbKXeHaYykDYgwVw4,"Jogo estava muito bom, mas depois da ultima atualização está tendo muito anúncio, 1 anúncio a cada rodada, assim fica muito chato de jogar, vc acaba estressando pela quantidade excessiva de anúncios.. se não diminuir a quantidade de anúncios irá acabar perdendo jogadores e eu serei um deles..",3,253,1.3.3,2020-04-04 04:30:33
48,Laryssa Albuquerque,https://lh3.googleusercontent.com/a-/AOh14GjvsKDl6YbITTokBPVJhTg5_aMUz1IUDs8Y3PDlfA,"Olha, enquanto vcs não reduzirem esse tanto de anúncio, vão continuar perdendo usuários!!!!!!! Parece que o pessoal fala e vcs fecham os olhos. O jogo é muito legal, como a maioria disse.. porém vcs já sabem oq fazer né.",1,9,1.3.3,2020-05-06 01:49:32
49,Adriana Guimarães Duarte,https://lh3.googleusercontent.com/-jSB42cjWzYs/AAAAAAAAAAI/AAAAAAAAAAA/AMZuuckiEFb6agb1EMPN8NUyOrVZMxBsCA/photo.jpg,"Alguns desafios realmente são quebra-cabeças , mas outros não.... são bem toscos..... fora a quantidade de anúncios que vc é OBRIGADO a assistir, pq não consegue sair deles antes do fim... Poderia até dar uma nota maior mas ficou bem a desejar, até pq não tem mais níveis após o 203.....",2,1,1.3.3,2020-05-19 00:51:32
50,Cintia Maria,https://lh3.googleusercontent.com/-T8lZaQE2Loc/AAAAAAAAAAI/AAAAAAAAAAA/AMZuuckXGFrfjI6Un2PqjYa4Uo37fd-_7w/photo.jpg,"O jogo é ótimo,de verdade. Mas pelo amor de Deus...tem mais anúncio que tudo. A gente desanima de jogar por que gasta a paciência toda vendo esses anúncio nada a ver.. Já vi toooodos os comerciais desse Tik Tok.. e são anúncios enormes ... Por favor gente, valoriza o próprio jogo...",2,20,1.3.3,2020-05-05 23:45:21
51,Hilda Pavoski,https://lh3.googleusercontent.com/-Dsi9NHIk4mA/AAAAAAAAAAI/AAAAAAAAAAA/AMZuuclKBcXJJqOZMigm2q8dzqJsEIYRzQ/photo.jpg,Gostei muito do jogo mas tem pessoas que ficam falando que é ruim por causa dos anúncios mas é só desliga a internet e ainda mais tem anúncios bem legal de jogos . é muito legal quando vem anúncio e vc ganha duas Chaves eu gostei muito e não e nada do que as pessoas tão falando,5,9,1.3.3,2020-05-10 22:01:01
52,Isabella Assoni,https://lh3.googleusercontent.com/-MteHzrPt_20/AAAAAAAAAAI/AAAAAAAAAAA/AMZuuckvnXUL2BoLXlJuePjJb8HSDkwwdA/photo.jpg,Estou dando uma estrelinha porque achei que o jogo exibe muitos anúncios que atrapalha e não dá para jogar o jogo direito cada vez que você quer uma dica você precisa assistir um o anúncio. E o pior é que não dá para sair deste anúncio tem que assistir Ele completo. E é isso que atrapalha o jogo se vocês pudessem tirar seria muito legal mas eu sei que vocês querem lucrar muito né por esse jogo então não tem que fazer.,1,261,1.3.3,2020-04-22 17:54:24
53,Isabel Oliveira,https://lh3.googleusercontent.com/a-/AOh14Gh8RWz_ekFL0CJ44upTOWbDIpiKHXGufQe9pxavag,"Pra mim acabou no desafio 217! Como faço pra abrir mais????? É muuuito legal, sério. Propaganda faz parte, as pessoas querem um jogo GRATUITO e não entendem que os desenvolvedores precisam tirar de algum lugar. Super entendo. Parabéns!",5,11,1.3.3,2020-05-04 13:11:39
54,Wesley,https://lh3.googleusercontent.com/a-/AOh14Gh79H1rLvcxMuDzBQgSTi4PMA4tGII0wn5dxmO-,"O jogo é interessante e sei que são necessários anúncios, porém vcs exageraram na quantidade, a maioria das fases vc demora mais pra ver o anúncio do que passar a fase, por isso parei de jogar, acho que a cada 4 fases um anúncio ficaria menos cansativo, agora cada fase um anúncio realmente desisti de jogar.",1,349,1.2.9,2020-03-25 17:22:02
55,Uesley Reis,https://lh3.googleusercontent.com/a-/AOh14GilHw7ktqbwuWLj9NLapP7jRgA7sma38UMduFiRRQ,"Os desafios são bons, mas as propagandas são muito grandes e as vezes a pessoa faz de tudo e não consegue fazer o desafio, depois que ""paga"" e ele mostra como conseguir, mas mostra oq a gente já tentou fazer. Só desinstalei por causa disso.",1,4,1.3.3,2020-05-26 20:48:12
56,Lavínya Ecard Brandão Marins,https://lh3.googleusercontent.com/a-/AOh14GhyBThaD1UqH56XJnH95tDwPgZFnEUGdMMBPyWH,Esse jogo ele é muito bom mudou minha vida eu estava com um momento muito difícil e aí bom aconteceu os momentos que eu estava muito triste quando eu vi a propaganda desse jogo eu fui lá e abaixei bom da primeira fase até a última foi muito bom já maratonei ele umas duas vezes bom eu aconselho ele as pessoas que estão passando por momentos difíceis ele é um jogo que vai te ajudar..,5,0,1.3.3,2020-05-30 23:27:38
57,Thalita Piekarski,https://lh3.googleusercontent.com/a-/AOh14Gi8HxQf4cCJNBC8XgXtZ2udn-omgXP720RyB08C8g,"O jogo é muito bom! Só não dou 5 estrelas devido ao excesso de propagandas, sabemos que elas são importantes, mas não tanto. Para passar de fase são 2 a três propagandas, e se pedimos ajuda há mais 2 propagandas. Passo mais tempo assistindo as publicidades do que jogando. Espero que diminuam isso.",3,216,1.3.3,2020-04-07 08:26:27
58,Lucas Müller,https://lh3.googleusercontent.com/-rzg5cwYJGSU/AAAAAAAAAAI/AAAAAAAAAAA/AMZuucmCv_FVNawpgaTqABOvuWQYze2y1w/photo.jpg,"A quantidade de anúncios é RIDÍCULA, um verdadeiro absurdo. Tudo bem um jogo ter anúncio, até porque é disso que vive o desenvolvedor, mas isso aqui é definitvamente injogável, é completamente abusivo, sem contar que o jogo força a barra e trabalha com interpretações nada a ver nos desafios. Vai à ***** quem criou essa joça.",1,151,1.3.3,2020-04-17 03:53:03
59,Isabel Beatriz,https://lh3.googleusercontent.com/a-/AOh14GgyJ6j2lR47Eeu6XcbWWIx_7D3i4POgA9SS0lsHNg,"O jogo, é realmente muito bom, ideia interessante... Porém, a quantidade dê anúncios é absurda! Ainda mais quando são grandes e não se pode pula-los, o jogo é bom, contudo os anúncios o tornam tedioso e chato, vocês poderiam colocar uma opção para pularmos os anúncios...",1,103,1.3.3,2020-04-18 11:52:49
60,Lenilda Santana,https://lh3.googleusercontent.com/-l9p73p52irM/AAAAAAAAAAI/AAAAAAAAAAA/AMZuucmdHawkSIqQnytFiXNGpg-n64IWrw/photo.jpg,O brain out é bom para agente passar de nível mais só foi até o lv 199 no lv 200 nn tinha mais nada para fazer então fiquem atentos no brain out que atualiza em mais esse jogo é muito bom é um jogo para pensar e tentar de tudo aí se nn dá certo usa uma das suas dicas ou pula o nível tem níveis tem que usar a dica,5,4,1.3.3,2020-05-09 22:57:45
61,Eduardo Henrique Nascimento,https://lh3.googleusercontent.com/a-/AOh14Gg7ebanj_3ROBBkE_epRA6zPpZqpfh1ZoE4Faksxw,"O jogo é razoável, mas nos obriga a ver os anúncios sem ter como pular, e é um muito chato, a cada uma ou duas fases aparece uma propaganda de quase um minuto, demora mais pra terminar a propaganda do que pra fazer uma das fazes. Desinstalando por conta disso, é muito insuportável!",1,22,1.3.3,2020-04-06 15:03:37
62,Erika Gassenferth,https://lh3.googleusercontent.com/a-/AOh14GjskKlSZ401CEZkG7CPB_TeMxQmrz6WWz77cIBF0w,O jogo é legal mas estou desinstalando o app pelo número de anúncios excessivos. Você é obrigado a ver anúncios depois que passa de quase todos os níveis. Se fossem em alguns ou para ganhar dica tudo bem mas é o tempo todo. Isso faz o jogo perder muito.,2,0,1.3.3,2020-05-18 23:48:01
63,Victor Yang,https://lh3.googleusercontent.com/a-/AOh14Gjz5U7SCPZTRK6Sxh--Y5cSLEKPvFRHCal_GXqnvg,"Jogo mercenário! Entre um desafio e outro é uma propaganda, além de já existir uma no canto inferior da tela, tem desafio que precisa abrir um vídeo para continuar ou pra forçar uma dica.",1,0,1.3.3,2020-05-31 12:42:11
64,julia vilela eliseu,https://lh3.googleusercontent.com/a-/AOh14Gh5eJ4HDBJFiLLCurCdrCnsRepabhOytpg1jdM,Jogo bom de mais eu não estou puxando saco de ninguém e sim avaliando o talento da pessoa que criou diferente de certas pessoas por isso que esse jogo é legal porque a pessoa quando se esforça você vê uma ou duas coisas incríveis que o jogo é maguinifico e que a pessoa também é por isso vê o esforço que a pessoa teve antes de falar coisa que vc não sabe!!!!!,5,1028,1.2.7,2020-03-17 16:56:07
65,Vanderson França,https://lh3.googleusercontent.com/a-/AOh14GjU3zuP0SlpbWmzdqHT5OaYTx_zcX99PhpkS6i8,"O jogo é muito bom, muito bom mesmo, mas essas propagandas que aparecem em cada partida que você passa, incomoda MUITO, MUITO MESMO! por isso que eu dei uma estrela. Tirem essas propagandas, coloquem só uma, pelo amor de qualquer coisa. Aí sim, eu dou 5 estrelas 👍🏽",1,31,1.3.3,2020-04-08 19:22:02
66,clube de ciências com lu,https://lh3.googleusercontent.com/a-/AOh14Ghh-N7AbbU0KWh4FH1QWJ567Fw6D3nvdfWv-BRY8w,"Eu amo esse app, já estou na fase 100 e pouco, só tem problemas com propagandas toda hora aparece, mas amo, avaliei o "" brain test"" com 4, ele é bom, e lá falei: "" o jogoé legal, mas prefiro o ""brain out"" já passri dos 100 lá"" kkkk, mt bom parabéns para os desenvolvedores, se pudesse dava infinito",5,9,1.3.3,2020-04-25 21:36:22
67,Lara Andrade,https://lh3.googleusercontent.com/a-/AOh14GgjrQJlD_OPFx_-P4XDd5HuSowTAY9SaR8q0IFH,"E ótimo maravilhoso não tem como melhorar esse App e bom demais desenvolve a inteligência da pessoa se pudesse dar mais de um milhão estrelas eu daria é o melhor jogo que eu ja joguei desenvolve a articulação da criança ou que seja adulto , adolescentes e jovens velhos, idosos etc . Melhor App que eu ja vi na minha vida....",5,157,1.2.9,2020-03-24 23:10:26
68,PRINCELS LINDOS,https://lh3.googleusercontent.com/a-/AOh14GiLlKIC_kj4KDG24_LqOWJq0EwjHygrQSuzg__g6A,"Ótimo jogo, ele e muito bom para passar tempo, ele testa nossa mente e a nossa inteligência, gostei muito ele e super legal, vc ganha chave vendo vídeo então e muito bom mesmo ele e sensacional do 5 estrela mais se pudesse daria 1000 estrelas, abaixe vc também que ta vendo e lendo esse comentário. Ele é confiável e nn fica com anúncio pouquíssimas veses ele bota anúncio mais e bem rápido e para ganhar chave se vc quiser, fora isso ele e maravilhoso abaixe vc também para ter essa experiência.❤👍",5,35,1.2.7,2020-03-22 21:42:35
69,Dr Ukyovsky,https://lh3.googleusercontent.com/a-/AOh14Gg9Uk4OyCa05-dCuaLk5k3nh-c2WK0Ic9t8E4sBow,"Para dizer a verdade, você precisa ter um QI muito alto para entender Brain Out. O humor é extremamente sutil, e sem uma compreensão sólida de física teórica a maioria das piadas não será entendida pelos telespectadores. Há também a visão niilista do app, que é habilmente tecida em sua caracterização - sua filosofia pessoal se baseia fortemente na literatura de Narodnaya Volya, por exemplo. Os fãs entendem essas coisas; eles têm a capacidade intelectual para realmente apreciar a profundidade",5,140,1.2.9,2020-03-25 03:51:38
70,Gleice Souza,https://lh3.googleusercontent.com/a-/AOh14GgYpCf6_IvQEskclL8aFNIV6IGT68lFNfs5RERDIA,"Horrivel, sendo obrigados a ver vídeos que entram do nada e não dá pra sair, ou seja ou assiste o vídeo ou para o jogo. Em si, eh maravilhoso fazer o cérebro pensar, mas, de que adianta, se tem que se estressar com esses vídeos. Além de tudo, alguns com som e, se vc não tiver no vibra, pode ser constrangedor o volume alcançado!!!",1,245,1.2.9,2020-03-30 21:44:40
71,Kleyson Henrick Santos silva,https://lh3.googleusercontent.com/a-/AOh14GhsudMd-yYD_L0EsOa3QzsO7847s9pCXMFyqXzEiw,"Podre! Um anúncio a cada fase, é estressante! Cara eu estava muito empolgado em jogar mas a quantidade de anúncio é chata demais!!! Já desinstalei esse lixo!",1,0,1.3.3,2020-05-28 18:36:09
72,Junnior jr,https://lh3.googleusercontent.com/a-/AOh14Gh7RYzbUDtZkgbJ_CWWenNdmX5_ouwujDayYf5FOQ,"O jogo é bem legal, mas a quantidade de anúncios é de dar raiva, e o pior é que vc não pode cancelar o anúncio antes do final, isso vai t deixando irritado, esperar até 1 minuto vendo anúncios não é legal, isso deixa o jogo sem graça",1,2,1.3.3,2020-05-17 11:30:47
73,Danila Carvalho,https://lh3.googleusercontent.com/a-/AOh14GiEaD6MjezM_Lqa1WfCoIbsUef9lzK4w1KweDT9DQ,"Infelizmente só vou dar uma estrela, isso porque o jogo é muito gostoso, mas estou desinstalando também, pois sem condições de jogar! Um anúncio atrás do outro, pelo amor viu! Pra mim não dá. Uma pena pois o jogo é interessante.",1,1,1.3.3,2020-05-03 23:53:20
74,Lucimara Ferreira,https://lh3.googleusercontent.com/-GGOlwtRn_-8/AAAAAAAAAAI/AAAAAAAAAAA/AMZuuclR_8ToFsicBsoZSwkGCL_Pxb1F7w/photo.jpg,O jogo e bom gostei mais tem hora que inrrita vc tenta tenta e nao consegui e muito difícil as vezes facil a mei esse jogo é espero que vcs faça um jogo mais legal saber um jogo mais agradável mais gostei desse jogo e sim vincia gostei na perte de erra é acerta fiquei me achando na escola agente fica brincando desse. Jogo parecendo crianças espero que vcs faça um jogo super bom é invisível muito difícil que agente vai fazer desputa na escola por favor deixe o jogo atualizado vai fica mais legal,5,2,1.3.3,2020-05-16 02:30:43
75,Edson Filho,https://lh3.googleusercontent.com/a-/AOh14GgkBdbnHBFAFdjeefl2PIW2TZ0PqPffStMHS3I99Q,"Extremamente irritante a quantidade de anuncios. Ja to com odio do tal do tiktok so pelos anuncios chatos, irritantes e longos. O jogo é bom, mas deixa muito a desejar nessa parte.",1,0,1.3.3,2020-05-18 08:06:15
76,Ysrael Garcia,https://lh3.googleusercontent.com/-r9l2PT57Qjg/AAAAAAAAAAI/AAAAAAAAAAA/AMZuuclQAS4EBUlk_WIIe2nDdK8ChoQL5A/photo.jpg,"Adorei o jogo, recomendo. Mas o que poderia ter de melhor teria sido o encorajamento, tipo a música é sempre a mesma, deveriam dar mais encorajamento para os jogadores, como por exemplo, mudar a música as vezes, para uma música de : suspense, alegre... Mas eu recomendo, mesmo com esses dedalhesinhos",4,96,1.3.3,2020-04-24 16:43:45
77,Jefferson Iury,https://lh3.googleusercontent.com/a-/AOh14Gj7Bgjhq3sB_vJAM3lZbcm30O40uTevx6M1Qr0RRg,"Enigmas e jogabilidade bastante interessante e viciante. Porém dou uma estrela pq tem anúncio demaissssss. Um anúncio a cada rodada, se não for pior, anúncio a cada 30seg. O que é terrível. Por favor melhorem isso. Por esse motivo irei desinstalar!!!",1,69,1.3.3,2020-04-20 18:15:59
78,Romario Goncalves,https://lh3.googleusercontent.com/a-/AOh14Ggg-v-79mx7owcHPo03M70p8Qbs0WTWs0wIeST3jQ,"O app e muito bom, mais não sei se é só no meu aparelho, há um consumo absurdo de bateria, a ponto de reduzir pela metade o tempo de duração de carga em relação a qualquer outra atividade que eu poderia executar no aparelho (Netflix, YouTube, chorme ou outro jogo).",3,176,1.3.3,2020-04-11 11:58:07
79,Adriele Viana,https://lh3.googleusercontent.com/a-/AOh14Gh9jPP6r8ziUvdICQ5OnumbvIEDr8QwFu0BgkqZdBQ,"Muitas propagandas desnecessárias e as mesmas são ""abusivas"" aparecem sem aviso prévio. Vc Clica na tela já aparece uma clica de novo outra propaganda. É normal contém anúncios mas esse app é demais!!!!!! A ideia é boa mas as propagandas excessivas não da",1,2,1.3.3,2020-05-07 10:25:04
80,denize rodrigues,https://lh3.googleusercontent.com/a-/AOh14GjRy5vt2-Go4zrkgoE0ARcdHj09EUjA4ClK3ThLVg,Muito legal o jogo e também é muito rápido eu só não consegui adivinhar uma adivinhação mais recomendo você instalar É muito rapidinho não estou falando que tipo adivinhações tem tempo não aqui é muito rápido de vocêe também já acabou o jogo mas mesmo você é muito legal recomendo urgentemente você está lá 😀😀😀😀🧐🧐🧐🧐🤣🤣🤣🤣,5,1,1.3.3,2020-05-03 16:23:58
81,Rebeca Y. Iwagoe,https://lh3.googleusercontent.com/a-/AOh14GjWSgsRCtJJtBiIXdyKaH_ihtjNQZasO9WOaHogCw,"O jogo é ótimo, o problema é que a cada fase te obrigam a ver uma propaganda, isso cansa e te faz desistir de jogar. Gasta mais tempo vendo vídeo do que jogando.",2,0,1.3.3,2020-05-23 23:34:54
82,ŁØBØ ĞÄMËŘ,https://lh3.googleusercontent.com/a-/AOh14Gh9Tlm-Ryz60orgvxOXoo3rjQd3MF4wXOR5gyE3,"gente esse jogo tem muito comercial mas eu sei de uma coisa pra vocês darem 5 estrelas pra vocês darem 5 estrelas pra esse jogo , primeira coisa , esse jogo não precisa de internet , segunda coisa você desliga a internet e não vai aparecer comercial , terceira coisa , quando vocês não saber a resposta é só ligar a internet e depois desligar de novo , quarta coisa , você pode comprar dicas mas elas custam muito caro e também você pode pagar pra não dar mais comercial , tchau😘",5,0,1.3.3,2020-05-05 07:40:32
83,Gustavo Frazao,https://lh3.googleusercontent.com/a-/AOh14GhCsXjRDASOBWqk9ApylnhiF4xPsnasTt7WJ3Lv4Q,O jogo é bem legal mas a quantidade de propaganda o torna insuportável. A cada nível uma propaganda de 20 segundos aparece. Se passa mais tempo vendo propaganda repetida do que jogando. É totalmente compreensível haver propagandas mas em demasia estraga o jogo. Estou desisntalando por esse motivo.,2,10,1.2.9,2020-04-01 10:11:17
84,Marina Rocha,https://lh3.googleusercontent.com/-z2LdjlZ_JI0/AAAAAAAAAAI/AAAAAAAAAAA/AMZuuclPBhKwUQ-va6ccp_A-0axprfV6Fw/photo.jpg,"Só vou dar isso porque o jogo é ótimo testa o cérebro, etc. Mas é muita propaganda você acaba o nível é vem uma propaganda com mais ou menos 40, 30 segundos e irrita muito",2,0,1.3.3,2020-05-18 21:59:32
85,Josue Ferreira,https://lh3.googleusercontent.com/-B_lpkZPXm_I/AAAAAAAAAAI/AAAAAAAAAAA/AMZuucnul6fpMelwZjbbY7ebIXZqaqo9sw/photo.jpg,"Muitos anúncios!!! Demais assim da vontade de parar a cada fase tem anúncios de 25 a 30 segundos chato isso,mas o jogo em si e muito legal.",4,0,1.3.3,2020-05-25 00:52:05
86,Claudio Freitas,https://lh3.googleusercontent.com/a-/AOh14GhaoKEcmpAgAiHLEPdfoBvhNAVcGjt3buHi0R4U,"Um jogo interessante, mas com uma quantidade absurda de propagandas. Há propagandas para tudo... a cada fase que vc passa e não apenas para receber dicas. Vídeos longos de 30 e até 60 segundos sem possibilidade de fechar ou voltar. Péssimo! Irritante! Não recomendo!",1,284,1.3.3,2020-04-15 13:56:57
87,Jane Brito,https://lh3.googleusercontent.com/a-/AOh14GhIjDbLdtwuZn9lUzyWKxrr0b9-4bsl2VkejCit,"A bastante tempo procurava um jogo que fosse realmente assim, porque os outros que eu baixava sempre era uma outra dinâmica e vezes perdidas era que aparecia uma proposta parecida. Esse foi o único que desde que eu baixei está cumprindo o que promete no anúncio.",5,22,1.3.3,2020-04-05 22:01:21
88,Garbas Neto,https://lh3.googleusercontent.com/a-/AOh14Gjy-ZUPhPN3bkD_IWdVcQoJdq0OecM7N3UBIPLe2g,"Ridículo a quantidade de anúncios desnecessários. Entendo que faz parte da maioria dos apps, terem anúncios, mas este tem em excesso. Em vez de agradarmos com o jogo e talvez comprar a versão paga, temos ódio mortal pela quantidade exarcebada de anúncios. Estou desinstalando e espero que arrumem isto!",1,231,1.3.3,2020-04-28 01:40:04
89,Letícia Duenas,https://lh3.googleusercontent.com/a-/AOh14GgX_BceHJGT9SsttJr04FEP5Za9lxL4q2UVMDbIfA,"Há muito tempo eu queria jogar esse jogo e até me diverti com ele, mas a quantidade de anúncios (que além de tudo são extremamente demorados) fez com que o jogo ficasse chato e cansativo. Infelizmente instalei e desinstalei no mesmo dia. Queria muito poder jogar mais, mas os anúncios consomem tempo e bateria....",3,15,1.3.3,2020-04-16 23:03:14
90,Victor Fontoura,https://lh3.googleusercontent.com/-rS7eqeyUirI/AAAAAAAAAAI/AAAAAAAAAAA/AMZuucmN1-gqJuVfIx4T32NEisl5x45Rug/photo.jpg,"O jogo é até que legal , mas simplesmente não da pra jogar direito pq toda hora tem uma propaganda diferente!!! E isso é muito chato!!! Não baixem o jogo , só se quiserem passar raiva com ele",1,1,1.3.3,2020-05-13 00:48:03
91,Julia Pietra,https://lh3.googleusercontent.com/-YJMrO-G5AXs/AAAAAAAAAAI/AAAAAAAAAAA/AMZuuclSNH5Hyi54ZoR2UyaVM4s-vpNrZQ/photo.jpg,dei quatro estrelas porque o jogo é muito bom mas não dei a quinta estrela por conter muitos anúncios o jogo era pra ser desestresante mas irrita na hora dos anúncios e tem um anúncio que se repete um monte de vezes isso poderia menhorar,4,0,1.3.3,2020-05-19 22:12:09
92,Daniel M,https://lh3.googleusercontent.com/-d-zVr93Pl5c/AAAAAAAAAAI/AAAAAAAAAb8/AMZuucmgFPCPG7RIbQH7oW4-CjjIOXNpsA/photo.jpg,"Jogo bom, porém mtos anúncios. Sei que é assim que se mantém os jogos, mas a partir do momento que atrapalha o jogo não dá. Enjoa de jogar e o que importa mesmo são os números de donwload né?!",1,0,1.3.3,2020-05-28 04:19:59
93,Igor Pereira De Souza,https://lh3.googleusercontent.com/a-/AOh14GjLQv_xVkDnmbx_IwSrowS4vhTrpz0R5Cf5NK9h,Eu estou aqui para dizer que o jogo e ótimo muito bom mesmo mais os anúncios tem mais de 30 segundos e não tem como pular durante um tempo tem pouco mais depois de um serro nível a cada misao tem um anúncio e por isso eu disse isso o jogo e ótimo mais os anúncios estão estragando o jogo,2,3,1.3.3,2020-05-19 23:59:09
94,Murilo Leffa,https://lh3.googleusercontent.com/a-/AOh14Gh97-e1-9AqU9RA6XtV1rCbWUMM-uxpQX1ryH5c5A,"Jogo cheio de anúncios, vez ou outra ok. Mas botar anúncios a cada minuto é muita falta de coerência dos desenvolvedores. Precisam de uma aula de MKT.",1,0,1.3.3,2020-05-20 13:00:32
95,Artur Rafael,https://lh3.googleusercontent.com/-4GzaTL6Kb1Y/AAAAAAAAAAI/AAAAAAAAAAA/AMZuuclUfBGWhytuzeSQODLi8BcO6l1KAQ/photo.jpg,"O jogo está interessante só realmente é lamentável que uma pessoa seja obrigado a ver uma quantidade excessiva de anúncios, passando mais tempo a ver anúncios do que propriamente a jogar sendo assim, todo o interesse que o jogo possa ter é deixado de lado por este motivo.",1,9,1.3.3,2020-04-19 22:15:20
96,Locks Maria Clara,https://lh3.googleusercontent.com/a-/AOh14GgKR3jgnusQ283nq-AYvng1WOUPp_STcF4fir1M,"Pra quem fala que o jogo tem muito anucio eu resolvi isso:Jogue apenas na rua,ou quando a net não pega,no trabalho dos pais,e etc... Assim o jogo não aparecera anucios pois sem net ele não comsiguira .botar anucios Beijos>100000000000000 Vajam Se Funciona(♡^♡)",3,0,1.3.3,2020-05-06 11:17:01
97,Tereza Mansur,https://lh3.googleusercontent.com/a-/AOh14Gg-PceWknD7wPYm62pL_7WaH5bb0Sjfwr2CsuGihA,O jogo é bacana. E entendi que existam anúncios para que o desenvolvedor seja remunerado. Mas um anúncio de 30 segundos a cada trica de fase é demais. Não dá pra aguentar. Por isso estou desistindo.,2,3,1.3.3,2020-05-07 11:06:58
98,Matheus Oliveira,https://lh3.googleusercontent.com/-WKOlZg4fe8g/AAAAAAAAAAI/AAAAAAAAAAA/AMZuucnJ6ho0DlJO_21QDnh_g13Brg53UQ/photo.jpg,"Lixo, não vale a pena baixar. Sem nexo o jogo, são coisas nada haver. Tem hora q vc faz de tudo e não resolve aí assiste uma propaganda, ganha a chave com a resposta e vê que fez o manda e não deu certo. Só depois de assistir a propaganda funciona. Sem contar que cada fase que passa entra um anúncio fora os que ficam na frente do jogo.",1,246,1.2.7,2020-03-21 12:29:22
99,Yhonathan Damacena,https://lh3.googleusercontent.com/a-/AOh14GjZj4K4rz19tF1FPHiaDsn-wac9772uG66NoWGC,"Jogo muito muito bom, trabalha bem a mente e é divertido. Mas seeeem condições do tanto de anúncio chega ser chato.. mas bati os 200 games e adorei. Outra coisa, tem fase que fazemos oque é pedido e nao dá, aí vce pede ajuda e o que está pra fazer é o que você estava tentando, sem cabimento!",4,146,1.3.3,2020-04-04 23:42:13
