,userName,userImage,content,score,thumbsUpCount,reviewCreatedVersion,at
0,Lucas Alves,https://lh3.googleusercontent.com/a-/AOh14Ghh7c3FK2yy38XDAGruX2RrE3ch1ytCJl6N8bqONQ,"Infelizmente se pudesse não daria estrela alguma, pois, devido a última atualização o jogo ficou insuportável para nós brasileiros que buscamos um entretenimento legal e divertido, mas, o que se pode ver é que tudo se baseia apenas nos lucros, Nexters nos ajude, nós brasileiros não vivemos em um país de primeiro mundo, não temos a condição de continuar usufruindo de um entretenimento tão divertido sem que vocês façam algo por nós, colaborem conosco também, desde já ficarei grato!",1,6,5.20.1,2020-05-29 10:36:02
1,isaque felix da silva,https://lh3.googleusercontent.com/a-/AOh14GjGDMb_a83yLOHFAOaBLX6ZHHU2uKiJ-9GUqYBOrg,"O jogo perdeu a jogabilidade com a última atualização , agora é quase impossível upar algo , reinos fortes de más sem recursos 😠😠😠 foi muito bom o castelo 20 , mas poderia deixar o jogo como estava , agora ficou impossível upar , participar de individual , se continuar assim vou ter que parar de jogar .",1,2,5.20.1,2020-05-29 15:16:36
2,Vagner Oliveira,https://lh3.googleusercontent.com/--l7HgQ-NWGY/AAAAAAAAAAI/AAAAAAAAAAA/AMZuucnyDiGYTEpRC8huWAPuw8NYMDb-Gg/photo.jpg,"Essas últimas atualização ,acabou com a competitividade do jogo ,um Jogo q antes ganhava quem tivesse uma boa estratégia agora virou um jogo de quem gasta mais gemas , bastião tá impossível de ganhar ,vcs diminuíram as chaves isso acabou pra quem não tem muitas gemas ,essa nova atualização do castelo 20 ,tá impossível de ganhar individual pois não conseguimos mais fazer ataques o bastante pra ganhar 1 se quer artefatos ,tirararam TDS os bots e reinos viáveis de se atacar .",1,48,5.20.1,2020-05-29 08:44:17
3,Danyell Carvalho,https://lh3.googleusercontent.com/a-/AOh14Gh71iMqGhB9hpIyTg1EhHLwimd2vBiiImh-_6X-2Q,"O jogo em si é muito bom, jogo a bastante tempo, porém, essas atualizações recentes estão deixando a desejar. Se for mais uma empresa que foca na grana em vez da qualificação do jogo, vai ser mais um falido daqui uns tempos. Deixo aqui minha indignação.",1,1,5.20.1,2020-05-29 15:30:29
4,Gian luca Souza soares,https://lh3.googleusercontent.com/-FJ-TIBkjzGM/AAAAAAAAAAI/AAAAAAAAAAA/AMZuucm_zcdfZv5uxgPs5wyBuhFHR3Goug/photo.jpg,Muito bom jogabilidade .. So q deveria ser quanto mais tempo se joga mais rapido fica para upar as construcoes...e tem um ploblema quando vc entra no jogo e cai sua internet ele no reloaga de novo mais o resto ta muito bom,5,0,5.20.1,2020-05-27 17:08:41
5,gedeon santos,https://lh3.googleusercontent.com/-QCCj5WmYeGA/AAAAAAAAAAI/AAAAAAAAAAA/AMZuucmJntSVIdf-bhR8lXZztBKhuAtYFQ/photo.jpg,"A cada atualizaçao que a nexter vem fazendo vai ficando cada vez mais impulsivel de continuar jogando o throne rush...diminuiram as tropas , recursos ,bonus por batalha e agora so vem reinos forte e com baixos recursos pra saque.assim so beneficiando quem compra gemas no valor mais barato (os gringo). Acho que voces poderiam pelo menos aumentar as chaves do bastiâo . Se continuar assim serei mais um play a desinstalar o jogo, espero que melhorem o jogo...so assim darei as 5 estrelas de novo.",1,10,5.20.1,2020-05-29 10:40:46
6,Ewerton Santos,https://lh3.googleusercontent.com/-Alr7lol9oH8/AAAAAAAAAAI/AAAAAAAAAAA/AMZuuckoODGZ2jUJ1TKTSxk615TnT7nc_w/photo.jpg,"estou muito decepcionado com o jogo atualmente 😒. virou ""pay to win"" não da para se divertir onde so e favorecido e so ganha quem enfia a mão no bolso para tentar ganhar alguma coisa, isso msm tentar porque parece leilão sempre quem da mais dinheiro toma vantagem. se não arrumarem essas atualizações serei obrigado a deixar esse jogo na lista de esquecimento. fico no aguardo de alguma resposta e de uma solução porque do jeito que ta nao da.",1,0,5.20.0,2020-05-30 10:02:37
7,Abner Silva,https://lh3.googleusercontent.com/a-/AOh14GgQ2S6Ji_tF8E_F-YBA5cqztAkNYJg_xc7w1nxv,"Só poderia poder entrar com a conta do Facebook e não estou conseguindo, praticamente voltei do zero no celular",4,3,5.20.1,2020-05-26 17:26:25
8,séries e animes,https://lh3.googleusercontent.com/a-/AOh14GhDXkxIV3uMl_cjt4lXuFjwVx3ebCHgFjvUdmLU,"Jogo quase 2 anos o Tr,e fiquei bem decepcionado com essas últimas atualizações que ver favorecendo quem tem dinheiro,assim o jogo perde a competição para pessoas como eu que não tem condições de fazer compras no jogo🥺",1,0,5.20.0,2020-05-29 09:32:59
9,Humberto Pimentel,https://lh3.googleusercontent.com/a-/AOh14GhG_swaFg0DgZMcmcsgkkL91av1zGhbb_Hcx87BUHY,"Faz um bom tempo que eu jogo, mas depois dessa atualização o jogo deixou ser estratégico e virou jogo de quem gasta mais ganha.",1,0,5.20.1,2020-05-29 11:12:19
10,Rafael Ribeiro,https://lh3.googleusercontent.com/-dO6N75sG1V8/AAAAAAAAAAI/AAAAAAAAAAA/AMZuuclLe4IGQHcxzb_x-sf9loTmjhA2jg/photo.jpg,"O jogo é excelente só que os torneios não tem disputa são sempre as mesmas irmandades que vencem,seria melhor que uma irmandade tivesse mínimo 10 menbros em sua irmandade para poder participar do torneio do bastião para dificultar que encontrem as listas dos torneio porque usando apenas uma conta em uma irmandade fica muito fácil de procurar lista e é praticamente zero as disputas pelo primeiro lugar.",3,0,5.20.0,2020-05-29 19:43:25
11,Willian Santos,https://lh3.googleusercontent.com/a-/AOh14GhsyxVRgHuM4XpYSs21NnFxruTnHN2cPza_kf54ZA,"Muito caro para conseguir as melhorias dos guerreiros das construções ... As premiações das promoções e batalhas são muito baixas... Quem for instalar, saiba que vai ter que ralar muito... MODERADORES, MELHOREM ISSO.",2,9,5.20.0,2020-05-16 19:52:29
12,Fernando Cardoso,https://lh3.googleusercontent.com/-84wZVrhDn6w/AAAAAAAAAAI/AAAAAAAAAAA/AMZuuckKGrEbK9HA55mrpIH1KZD5s-cp9g/photo.jpg,"Eu gostei, só dei uma desanimada por que na versão do Facebook sempre que você atualizasse a tropa ela mudava a aparência e isso era a melhor parte do jogo, já nesse não tem isso, fora isso tá bom. Edt: obrigado por esclarecer",5,23,5.19.2,2020-03-26 19:40:32
13,Débora Vaz,https://lh3.googleusercontent.com/a-/AOh14GhM1-g01X1mFh3ANhmY_w9qx0Ivxw1nt3xxl5yqtQ,"Jogabilidade péssima. O jogo é de estratégia mas não deixa você pensar, ele já tem jogadas prontas que você tem que seguir obrigatoriamente, péssimo e infantil.",1,25,5.19.2,2020-03-29 09:54:58
14,Valdeir Gomes,https://lh3.googleusercontent.com/a-/AOh14Giv9nYcPC-f8AMdHpcXPe9r9YWnntI2cgMwhq2nJg,Gosto do jogo mais as mudanças contínuas no jogo acaba que atrapalhando. Fora que o custo de construções e os Orcs são péssimos preferia muito mais as ovelhas explosivas que colocaram no lugar e infelizmente tiraram no dia seguinte.,3,8,5.19.3,2020-04-02 17:24:52
15,Carlos Mota,https://lh3.googleusercontent.com/-u8PKaqyssOc/AAAAAAAAAAI/AAAAAAAAAAA/AMZuuclw_p7b7I0Itn9tzIc4j8j9IqVfkg/photo.jpg,"Sem jogabilidade nenhuma, nunca se consegue ganhar uma batalha por muito que se actualize tropas, acaba por se tornar uma seca e sem interesse.",1,3,5.20.0,2020-05-09 12:17:17
16,adalberto sobreira de souza junior bebeto,https://lh3.googleusercontent.com/a-/AOh14GiZd0hLx-KA6l5SQdjAUabq_jFNctqA8P1oamOvNQ,"So duas mesmo. A última atualização tornou o jogo impossível de ataca outro jogador, devido só coloca inimigos muito mas forte q vc. Atualização do dia 28, 04, 2020. 👎👎👎👎",2,14,5.20.0,2020-04-29 21:41:46
17,William Damas,https://lh3.googleusercontent.com/a-/AOh14Ggoj1jzxnIAo_XoMKMLeDLlOUqWIZotYxrRDPeZzA,"Sempre joguei, mas perdi um ataque porque os orcs eram para destruí o canhão, mas não eles foram para outro lado, poxa, destruí a defesa que estava sem muro poxa perdi.",5,4,5.20.1,2020-05-28 08:54:10
18,João Pedro,https://lh3.googleusercontent.com/-Q8YfJH1TN7E/AAAAAAAAAAI/AAAAAAAAAAA/AMZuuckv5_KMYijMPnsNDSYk1HtveKHQZw/photo.jpg,"Tudo é uma questão de criatividade... Se você aumentar o seu exército através da evolução do quartel general e aumentar os suprimentos de trigos, você se fortalecerá!",5,2,5.19.3,2020-04-18 15:28:40
19,Cristian Barbosa,https://lh3.googleusercontent.com/-26BE4FNJIUg/AAAAAAAAAAI/AAAAAAAAAAA/AMZuucmVo5cBz0mlJ5RyzonmSdhqLQ_rNg/photo.jpg,"O jogo em si é bom, gráfico bom mas demora de mais as construções,",4,1,5.19.3,2020-04-27 08:44:11
20,Igo Viana Igo Viana,https://lh3.googleusercontent.com/-DlDJrStBlDo/AAAAAAAAAAI/AAAAAAAAAAA/AMZuuckqHC50S8bVgsjbq7DMsPaA9tdrqw/photo.jpg,Muito bom precisa melhorar a forja mais espaço pelo menos pra duas tropas e diminuir o valor,5,1,5.20.1,2020-05-25 19:36:19
21,Roseli Thayla,https://lh3.googleusercontent.com/a-/AOh14GhHJUBofoYmCaU_2DhRc_IKQsiHiL3sObWPPCx7EA,O exercito nao volta da batalha e tem que ser treinado um novo a cada vez isso cansa deveria ser so os feridos a ser recuperado,3,1,5.20.0,2020-05-11 20:00:59
22,Marcelo Moacir Florindo,https://lh3.googleusercontent.com/a-/AOh14GimoDmcrZPnZ22kxoBHJt-v1nNV8T9D2-iQGeS1TIs,já tentei de tudo e ele não conecta no facebook. Tenho vários outros jogos conectados no face.,2,0,5.20.0,2020-05-11 13:45:04
23,gustavo adam,https://lh3.googleusercontent.com/a-/AOh14Ggwu6LQbWQ9d9r3KEGJofjtnq28YugcWGZIjWXBNw,Mano eu jogo isso desda epoca do facebook mano que vc entrava so pra jogar.Mais o jogo podia ter um atulizaçao pra melhorar mais ainda ter coisas nova.,5,2,5.19.2,2020-03-23 17:50:39
24,Lucas Viana,https://lh3.googleusercontent.com/a-/AOh14Gg9_0jMB32A7jx3cT0Xt-nHkPw5SC2HKuhYRSqk,"Ovelhas? Vocês trocaram os orcs por ovelhas? Eu nunca imaginei que me arrependeria de gastar dinheiro em um jogo, incrível a minha capacidade de fazer besteira.",1,2,5.19.2,2020-04-01 04:26:13
25,Lucas Alexandre,https://lh3.googleusercontent.com/a-/AOh14Gg1JtiIfv1JHp193HyRQXUU5Iq3Y7Pf193E2Uf91Q,"Muito bom, mas eu queria saber porque tiraram a ovelha explosiva, era ótima depois da atualização, aí depois tiraram não entendi",2,0,5.19.3,2020-04-04 09:22:35
26,Marlon Vinicios,https://lh3.googleusercontent.com/a-/AOh14GisPHUSgBL8Gs9ogtxnt38oM6GNU3-dSnc7l-xP,"Dei três estrelas por que o jogo é bom maks quando vc completa as atividades de gemas gratis o jogo não lhe dá as gemas até aparece q vc ganhou mais ai logo em seguida vem uma msg para reiniciar o jogo por problema de conexão só na hr q vc ganha as gemas ,isso não é problema de conexão é pilantragem pq utilizo uma internete de 72 mb por segundos e não deveria fazer isto.....😑",3,15,5.18.0,2020-02-04 08:02:19
27,Ozéias Aguirre,https://lh3.googleusercontent.com/-LZSuAO29-d8/AAAAAAAAAAI/AAAAAAAAAAA/AMZuuckrpvGcP4AVIB_fCKvhvO5YomVshw/photo.jpg,Não percam tempo instalando esse jogo horrível! Os desenvolvedores são mercenários. Tudo que for fazer tem que pagar ou assistir um vídeo de propaganda. Decepção. Como o AGE OF EMPIRE nunca haverá. Fica a dica meus amigos.,1,8,5.17.0,2020-01-09 23:29:28
28,Guilherme De Assis,https://lh3.googleusercontent.com/a-/AOh14GgilYARrR-mELstiaP3oHECkM_tD50pXf_JHEfZeQ,"Bem parecido com clash of clans, você monta sua vila e treina exércitos... Minha crítica são os gráficos que são um pouco ruins e o preço da cabana do construtor",4,2,5.18.0,2020-02-20 14:05:40
29,Bira Mudanças,https://lh3.googleusercontent.com/-0hoXfRypfeY/AAAAAAAAAAI/AAAAAAAAAAA/AMZuucmRTSqdLLJiB4Sfq2NUQ-oRdGUTxg/photo.jpg,"Muito bom,só tem um detalhe que acho injusto castelos com evolução maior atacam os iniciantes ,o restante do jogo perfeito o melhor de estratégia que já joguei parabéns",4,12,5.19.0,2020-02-28 05:50:47
30,jefferson da silva,https://lh3.googleusercontent.com/-mp6Z8h5o9JE/AAAAAAAAAAI/AAAAAAAAAAA/AMZuucmBfd0yZ1spVPYVx7ClN9basxebEw/photo.jpg,Bom precisa ser mais rápido as contrucoes,5,1,5.20.1,2020-05-26 17:02:14
31,Marcos Gonçalves,https://lh3.googleusercontent.com/a-/AOh14GgouJKtTWIRWcyDEVEhk0i66JSyP3htxYPQJyE,Excelente jogo!!! Viciante!!! Realmente MUITO BOM!!! Parabéns aos desenvolvedores!!!,5,1,5.17.0,2019-12-31 11:41:55
32,Joao HM5,https://lh3.googleusercontent.com/a-/AOh14GjY7tAXAIFOcJpyWai3LHPSYOhPtatscHvBTzW8Hw,"Jogo muito bom, bem prático e que exige estratégia próprias tanto para sobreviver quanto para atacar",5,1,5.18.0,2020-02-22 14:13:43
33,Edenilson Nascimento,https://lh3.googleusercontent.com/-NHjY7lcOwg8/AAAAAAAAAAI/AAAAAAAAAAA/AMZuucn2fp3fILZIAl3OY7Qk-HfFPZnsxg/photo.jpg,O jogo é muito bom mais o jogo pra compra diamante e muito caro,5,0,5.20.0,2020-05-10 13:33:39
34,Lucas Pereira,https://lh3.googleusercontent.com/-vyGFJLK0gpk/AAAAAAAAAAI/AAAAAAAAAAA/AMZuuclOCucx5FFTSyaSmesUXNoOUWMeZw/photo.jpg,Eu jogava fais tempo logado com meo facebook e tava longe ja . Dai parei de jogar e quando voltei a jogar tiive que começar do zero . Mais fora isso curto muito esse jogo,5,0,5.17.0,2020-01-16 23:31:16
35,Isabel chrystina,https://lh3.googleusercontent.com/a-/AOh14GhNYxMOqPm6yscGqTVSxcrJMZktIHw8N2dmNDNO4Pk,Muito bom só que precisaria dar mais um construtor e mais UMA vaga na forja,4,16,5.17.0,2019-12-30 22:01:24
36,Dayane Beatriz,https://lh3.googleusercontent.com/-3-fXC7iLhzk/AAAAAAAAAAI/AAAAAAAAAAA/AMZuucnQdoxJk521aY-2vBYVMrYLV5PPGQ/photo.jpg,"Poderia melhora mais,a respeito das construções muito demorada",3,2,5.17.0,2020-01-27 09:03:46
37,Rogerio Lopes,https://lh3.googleusercontent.com/a-/AOh14Gi08fEuYS4oCZPuN4iFXUCXQuZAaY7mVspbbn_N,Extraordinário! Com a nova atualização ficou muito melhor. Thank you Throne Rush!,5,0,5.17.0,2020-01-21 07:29:22
38,André Luiz,https://lh3.googleusercontent.com/a-/AOh14Gjl324xh-ahY_u7FBdX2IPCHhxAUulAMDLIeQbOcA,"Jogo ruim, fiquei um tempo sem jogar e voltei com uma tremenda decepção, lutar com tropas normais contra heroes PAGOS não tem equilíbrio nenhum. Era 5 estrelas e agora dou 2 estrelas pelo passado do jogo. Antes eu ganhava com tropas normais, ganho com mais dificuldade e sumiu as minhas tropas melhores que eu tinha. Acho injusto os Heroes existirem sendo muito fortes e tropas normais sofrerem para saquear uma cidade",2,1,,2019-12-30 21:12:09
39,Eder Rosa,https://lh3.googleusercontent.com/-grgge8KtMVk/AAAAAAAAAAI/AAAAAAAAAAA/AMZuucnwPAcbngu3oIik6beEZkzhfwZSPA/photo.jpg,Muito bom h Jogo e gráfico.,4,0,5.20.0,2020-05-17 16:55:47
40,NewgF Videos,https://lh3.googleusercontent.com/a-/AOh14GjPR3WEC0LrdYQw9nknxYPOlbUCgHXSciOCY3gdGA,"Fake, gems. Se alguem topa um processo em grupo chama.",1,0,5.19.0,2020-03-17 03:55:32
41,Rosangela Maria,https://lh3.googleusercontent.com/a-/AOh14GioV6gqSuRqWj3zYgwuIWl3H6QW0TknamHqGKEhJg,O aplicativo não baixa os arquivos. Mais de uma semana q fala que o servidor não responde. Pronto pra baixar e nada acontece.,1,55,5.14.1,2020-05-23 16:29:21
42,Walisson Junio,https://lh3.googleusercontent.com/-fFqVdP01_zg/AAAAAAAAAAI/AAAAAAAAAAA/AMZuuck9Mzj7alptPnH4NPf9bwtcCCtPtw/photo.jpg,"Além da estratégia, trabalha a paciência! Show de bola",5,0,5.18.0,2020-01-27 22:42:53
43,Neroit Jr,https://lh3.googleusercontent.com/-mLFJzOEyv4Q/AAAAAAAAAAI/AAAAAAAAAAA/AMZuucm-qT75UXGvuFjz5STIlZu8Sg63MQ/photo.jpg,Poder acumular as três jogadas no bastião foi uma idéia muito boa para os jogadores. Deviam acrescentar a habilidade de passar por cima dos muros para os aracnídeos e direcionar o primeiro ataque paras águias já que isso ainda não foi definido,5,3,5.16.1,2019-12-07 15:23:47
44,Klaus Schoenberg,https://lh3.googleusercontent.com/-haLHOJNcifA/AAAAAAAAAAI/AAAAAAAAAAA/AMZuuclsKKnyYMUC4CYrgG99VYAShFBWFA/photo.jpg,"Nossa esse jogo melhorou muito, jogava ele faz uns 4 anos atrás, melhoraram bastante o gráfico do jogo continuem sempre a melhor, estão de parabéns.",5,0,,2020-04-08 12:15:51
45,fox Gamer,https://lh3.googleusercontent.com/a-/AOh14GiVxvmsSHIEir1re3EGZVe9hjPSh9k_Fo0kg5sb,O jogo e bom mais vocês adiciorarão uma ovelha nada a ver cualquer defesa cai com ela não tem mais sentido construir muro ou torre mataram o jogo agora e so colocar ovelha você vence,1,1,,2020-04-01 15:27:40
46,Carlos Breno,https://lh3.googleusercontent.com/a-/AOh14GikknWFqUJAcOwg27xHajbbPr8CCUdf2PMEyaj0vA,"É um bom jogo mais não é o que as fotos mostra por exemplo não tem portão, não da pra ligar os muros nas torres se fizer isso fica uma abertura pro ataque inimigo, não tem esse segundo castelo, não tem esses chão de decoração, não tem esses arqueiros no Castelo e nem esses soudados na cidade pra lutar contra o inimigo, não tem essa estrutura em formato de águia, ah e alguns dos prédios como o cofre e o armazém são diferente dessa foto eles são feios não tem os telhados.EnãoDaPraCostruirNoDeserto",3,2,,2019-05-05 21:34:55
47,Um usuário do Google,https://lh3.googleusercontent.com/EGemoI2NTXmTsBVtJqk8jxF9rh8ApRWfsIMQSt2uE4OcpQqbFu7f7NbTK05lx80nuSijCz7sc3a277R67g,"Vim aqui mudar minha opinião sobre o jogo. No inicio estava ótimo, mais ai conforme fui evoluindo foi ficando cansativo. O tempo que leva pra upar as defesas e o tempo que leva pra recompor meu exercito é muito longo, as vezes tenho que esperar até 3 horas pra voltar jogar novamente. Isso ta me fazendo desistir do jogo...",3,5,5.8.1,2018-11-11 18:14:16
48,Anônimo Anonimato,https://lh3.googleusercontent.com/-C_PXuJpFDas/AAAAAAAAAAI/AAAAAAAAAAA/AMZuucmfd5JgxJbJ_jQcEfQafX7X7Xri-w/photo.jpg,Horrível 1 - o jogo não salva já perdi várias vezes meu progresso 2 - no tutorial a uma parte que o jogo não decha você mecher a tela e para você completar o tutorial precisa mecher a tela não dá para jogar 3 - cada atualização o jogo fica pior isso mostra que vocês não estão nem aí para os jogadores só pensão em sugar o máximo de dinheiro desse jogo não recomendo esse joga a ninguém.,1,3,,2019-04-18 21:26:03
49,Paulo Felipe Kanno Vieira,https://lh3.googleusercontent.com/a-/AOh14GhwM3-sDkBiewQ1LCLK-p8SUmYninGbbdvG2OIXFg,"No tutorial já não consegui mais jogar. Quando pede pra construir a muralha, tem uma hora que eu não vejo mais a opção de construir pq fica fora da tela e fica travado naquilo. Pede pra seguir as instruções mas não consigo. Nem pra deixar mover a tela, prestaram pra fazer. Meu celular eh um j1",1,11,5.8.1,2018-10-21 11:16:26
50,Kaneki Howtrosković,https://lh3.googleusercontent.com/-cKCz56b8ibE/AAAAAAAAAAI/AAAAAAAAAAA/AMZuucnNOBSQPttSJFzhv_0KhhsYfBedFg/photo.jpg,"Jogo mais ruim do mundo manooooo, eu nem consegui entender os gráficos bostas, ícones horríveis, tudo ruim...Pior cópia de Clash of Clans, porém, versão pixels e enrolação total e o pior de tudo, nada de interessante.....Perda tempo se quizer..Deveria ter como jogar, mas o jogo é um tédio tooootaaaaaaaal, Zzzzzz Zzzzz....",1,0,,2020-01-28 12:47:56
51,MIAAAUUU,https://lh3.googleusercontent.com/a-/AOh14Ghn3Umb_ThqOOxa9EB-H3qZ8WkYwDpqYQamqgCpxA,"é uma pena que esse jogo é uma coipa mal feita de clash of clans(eu tinha grandes expectativas por esse jogo), exatamente isso uma copia mal feita, se apenas não precisasse retreinar as tropas todas as vezer eu ate daria uma chance mas pareçe os os developer apenas copia, se apenas eles aprendessem com outros jogos do mesmo tipo e fizessem melhor.",1,4,5.9.1,2019-03-11 15:10:16
52,Israel MG,https://lh3.googleusercontent.com/a-/AOh14GhiHOGil5P5F3wKKM_ZSSCPc5sYeIYyrJbFt7u7vA,"Quando vc chega nos 10000 pontos, vc nao encontra jogadores do seu nivel, so muito superior, não sei se isso é uma estrategia do jogo para força vc a fazer compras, sinceramente ja nem tenho vontade de jogar mais.",1,11,5.14.0,2019-06-24 21:46:59
53,uMalandrao Gamer,https://lh3.googleusercontent.com/a-/AOh14GgcjX1d3RdHaKHBa5Xjumdt-idS0sYqLlECPDkTzQ,"Jogo horrível! Super desbalanceado. Te faz gastar dinheiro a todo instante. Até as tropas vc tem que esperar 10 a 20 minutos, isso pra criar 1 soldado. Horrível o jogo, o pior q já joguei. Desbalanceado de mais.",1,6,5.15.0,2019-10-02 22:06:54
54,ANDRAS,https://lh3.googleusercontent.com/a-/AOh14GgMzLswneF-kFqRyd3r2EIE-b-VsU9c9y-zSo_oVw,"Jogo ótimo, porém não consigo jogar ele no 3g, senpre desconecta mesmo com o 3g funcionando. O jogo abre normalmente mas nenhuma função responde como se eu não estivesse conectado mas estou, poderiam resolver isso? Gostaria de poder jogar esse jogo.",4,1,,2019-04-07 15:58:46
55,Julio Cesar,https://lh3.googleusercontent.com/a-/AOh14GiODKvI16A9LHrqXZsT8ZVBgUplKWy6UTJdbJJH,"jogo com um equilibrio perfeito (ironia) vc vai enfrentar inimigos com 1200 de moral e depois é atacado por inimigos de 1000 sendo que vc só tem 700 perfeito, bem equilibrado, mais equilibrado que isso só os da supercell Não jogo mais desinstalando ok resposta: como diminuir minha moral se ela ja esta baixa tô com menos de 700 ja",1,0,3.3.3 ,2019-06-12 12:00:07
56,Willian Mendes de oliveira,https://lh3.googleusercontent.com/-5c2mYknAWTY/AAAAAAAAAAI/AAAAAAAAAAA/AMZuucnJ7FucNwJWqsp2HU3U7VD8SV82LQ/photo.jpg,jogo muito bom só é difícil mesmo Para atacar as bases inimigo,5,0,5.18.0,2020-02-28 11:48:19
57,mayara ferreira,https://lh3.googleusercontent.com/-GpLx9zUN1c8/AAAAAAAAAAI/AAAAAAAAAAA/AMZuuclK3HKZu2OyuqEIDRg8Rz7m13Yy9Q/photo.jpg,"Muita sacanagem, você faz de tudo para obter gemas e nao cai no jogo... Ja e a terceira vez que acontece eu instalo determinado aplicativo que e pedido e nao recebo minhas recompensa tirando que toda vez que vejo o video nao cai na a gema e foi informado... Desisto ja entrei em contato com todas as centrais possível e ninguem da um jeito. Nao irei mais jogar e ja desfiz o grupo que tinha com mais de 1000 pessoas que e fã do jogo ...",1,4,5.16.1,2019-12-01 22:34:14
58,Luís Felipe Da S. Santos,https://lh3.googleusercontent.com/a-/AOh14GhIQQNuvUHuKJGdqzgOexxG65cNeo25hKFJ5W-RlQ,"O jogo é muito bom, porém se você não estiver disposto a gastar dinheiro fica complicado avançar nele. Tudo é muito caro, além demorado. Isso desanima.",5,2,5.11.1,2019-07-20 10:52:57
59,Valter Oliveira,https://lh3.googleusercontent.com/-TRsmcQoq58g/AAAAAAAAAAI/AAAAAAAAAAA/AMZuucnB7Vy6j6O1Jcy_kaG6GvAwXWvBLA/photo.jpg,Joguei a primeira vez depois tirei.Agora tornei de novo.Abre muito a mente para administrar um reino virtual e quem sabe futuramente um império de verdade. 😃,5,0,,2020-01-04 17:24:32
60,Adeilton Monteiro,https://lh3.googleusercontent.com/-_1fv-omEZRc/AAAAAAAAAAI/AAAAAAAAAAA/AMZuuckUm-SewJ57UMf4CM1pHvMNtfTFeA/photo.jpg,Muito bom ... Lembro os velhos tempos do senhor dos anéis,4,0,5.18.0,2020-02-13 03:23:14
61,Diego Germano,https://lh3.googleusercontent.com/-U94Sn_hRc80/AAAAAAAAAAI/AAAAAAAAAAA/AMZuuclQSXbWXNsW3PI_whbp54-QMm0qDA/photo.jpg,ótimo já tive várias contas já digo Vale muito a pena vcs vão adorar .....tem gente dizendo que o jogo e cheio de problemas. .que não conseguem ver os vídeos quê são muitos importantes pois dão Rubis. ..celular ultrapassado é toda ..desapega filho..,5,40,5.9.1,2019-02-08 10:19:54
62,Caio Alhxir,https://lh3.googleusercontent.com/-JiW5G9hEbKE/AAAAAAAAAAI/AAAAAAAAAAA/AMZuucmSK_Q1HNeJIdfwckom7RdpEA1rXg/photo.jpg,Jogo muito bom Tem alguns bugs de início Mas mesmo assim é um ótimo jogo!,5,0,,2020-04-09 08:44:28
63,Um usuário do Google,https://lh3.googleusercontent.com/EGemoI2NTXmTsBVtJqk8jxF9rh8ApRWfsIMQSt2uE4OcpQqbFu7f7NbTK05lx80nuSijCz7sc3a277R67g,"Excelente jogo! A parte negativa é que conforme for ficando mais evoluído, as construções demoram muito para serem evoluídas e muito caras.",4,13,5.9.0,2019-01-06 10:15:15
64,Marcio Araujo,https://lh3.googleusercontent.com/-j9uvJgTsrJc/AAAAAAAAAAI/AAAAAAAAAAA/AMZuuckNzFsXfxjwbZeC1SJyxQkNkOyOeg/photo.jpg,jogo muito difícil para iniciantes estou na liga inicial e na arena aparece outros jogadores na liga ouro sem chance alguma de eu sair com vitória.,2,7,5.14.1,2019-08-12 16:36:41
65,Douglas Costa,https://lh3.googleusercontent.com/a-/AOh14GieP-FkdmG0zWaxeRp1StwRv1ph23qJokaOluv_YQ,Muito bom!!! Mas tinha que ter uma maneira de girar em volta da base e ter como almentar para ter mais visibilidade,5,1,5.8.1,2018-10-31 10:29:10
66,videos de bebados e de vídeos engraçados Frazão,https://lh3.googleusercontent.com/-mcV2WWw-nRA/AAAAAAAAAAI/AAAAAAAAAAA/AMZuucll-PQ5P1bK9DkPM386XfsQVrBpsQ/photo.jpg,"Era pra ter mais soldados tipo cavalaria, lanceiros, catapulta não era pra te muito monstros não era pra ser igual age of empires tipo assim mitologico monstros e soldados ajeitem isso gente.",3,0,,2019-09-28 18:30:35
67,Carlos Mac,https://lh3.googleusercontent.com/a-/AOh14GgfTI6XyaTQ7o8mvfmbxB88pcwHT_n0fZc3N3k6yYg,"Muito bom, eu jogava bastante no Facebook. Nostalgia. É um pouco complicado de conseguir os estilhaços, mas vamos aprendendo! Hahahaha. Amei, muito viciante. ❤❤",5,7,5.9.0,2019-01-17 02:19:44
68,Rodrigo Ribeiro,https://lh3.googleusercontent.com/-Y3Xp-sdUcio/AAAAAAAAAAI/AAAAAAAAAAA/AMZuucmw87UnJRW8rfCuZM4FTojCMXtkfA/photo.jpg,"Jogo muito bom recomendo baixar,só as construções tem que ser mais rapidas,se não fosse isso o jogo seria perfeito",5,22,5.15.0,2019-10-04 23:04:07
69,Carlos Brito,https://lh3.googleusercontent.com/a-/AOh14Gg8L3aXO67f3qQAatIbZZoIGLQrtMlv0lD2yHHFUg,"jogo top, ( unica reclamação)gemas muito caras, tem que existir muito mais promoções para podermos competir com jogadores com poder aquisitivo maior .",5,34,5.10.0,2019-03-14 19:27:26
70,Dracksane Dtm,https://lh3.googleusercontent.com/a-/AOh14GiA0cF2EC1P4lqb3TIgqLWXY3IM7PZbUhkzfiQ4XA,Muito legal mais como que as coisas que eu tinha antes Apareceram mesmo que eu tinha Muito tempo sem jogar 😐? Olha só eu tinha desinstalado o jogo na época.,5,0,,2018-12-24 12:11:46
71,washington oliveira,https://lh3.googleusercontent.com/-7yMYyxyMjn0/AAAAAAAAAAI/AAAAAAAAIWI/AMZuucmvPBTb9ZASTLmPtrM_JIxfgAPpEw/photo.jpg,Muito bom o jogo o único ruim e que as vezes quando você solta a tropa para o ataque ela da um passo para lateral ou para trás o que e sem sentido,5,4,5.15.2,2019-11-27 11:39:24
72,JonasChamps Games,https://lh3.googleusercontent.com/a-/AOh14GifIxNMZmnHL1nNUCL8OC5cg8UUmP8lGKJNKG_ryg,O jogo e muito daora mais poderia melhorar na dinâmica quando edita a nossa vila,5,1,5.17.0,2020-01-02 17:27:04
73,julio lira,https://lh3.googleusercontent.com/a-/AOh14Gjh-R8MJ6fHkbIiY95v7ma1Erx_dwjKH9uNR9euVg,N consigo entra na minha conta. E também fica dizendo que precisa cicroniza eu ja fiz isso mas se mil fez; é sério ja to reclamando muito e n fazem nada.😡👎,3,44,5.8.1,2018-10-03 16:55:14
74,Android games,https://lh3.googleusercontent.com/a-/AOh14Ghss4ex3KDG5B7qKDNsMTmZehjFw_eTm2wL2kl6bg,"o jogo é bom muito quando tive uma reclamaçao mim respondera logo gostei nao mim fizeram esperar. mais falta uma coisa no jogo tenha que ter eventos pra ganhamos as lagrimas de dragao,moedas e alimento tembem as pessas para reclutar os herois porfavor . e dai vou dar as 2 estrelas que faltao",3,1,5.14.0,2019-07-05 03:17:37
75,Marcos Vinicius,https://lh3.googleusercontent.com/-chWHEZpAnNI/AAAAAAAAAAI/AAAAAAAAAAA/AMZuucmAyTJSXc0or6Nwpor7pK3KLaYYzQ/photo.jpg,Muy top legal mas podia dar umas joias gratis de vez em quando pra ajudar,5,0,5.17.0,2020-01-20 13:41:55
76,Andre Mendes,https://lh3.googleusercontent.com/-FCpk790FYsU/AAAAAAAAAAI/AAAAAAAAAAA/AMZuucn6fgiPBEGo5-KWwuDttP69pK1GEA/photo.jpg,"Bom jogo, porém sem gastar dinheiro não se consegue os heróis imortais, bem mercenário.",3,6,5.14.1,2019-08-11 21:19:55
77,GabRiell NNasc1mentto,https://lh3.googleusercontent.com/-SfgFkNyLMVs/AAAAAAAAAAI/AAAAAAAAAAA/AMZuuckKCpD4TFOLByuEYG5LxDmZrKB2jQ/photo.jpg,"pela amor deus , parem de reclamar , o jogo e bom do jeito que é , se não gosta vai procurar outro jogo , parabéns aos Desenvolvedores , mt bom , 5★ merecidas, continuem assim , que o jogo vai ficar no top10",5,46,5.14.0,2019-06-23 20:29:16
78,Ricardo Miranda Ribeiro Moreira,https://lh3.googleusercontent.com/a-/AOh14GiQJ2RqL6svfcYubml5TY3wI3OpPH5DaRG0WwJCWA,Só acho que poderia ter um módulo offline depois sincronizado com o modo online,5,0,,2018-11-04 02:26:37
79,Leonardo Muraro,https://lh3.googleusercontent.com/-1v-uAQ0wNnQ/AAAAAAAAAAI/AAAAAAAAAAA/AMZuuckDCwwcQSgFxf2rCJ7exn_tt_uFog/photo.jpg,a versão antiga do jogo era melhor quando ganhava uma conquista recebia tropas e não era necessario ter um lugar pra guarda as tropas nem tinha limite mas agora fuderam com tudo isso assim piora o jogo em 50%,3,22,5.11.0,2019-03-27 21:31:00
80,Davi Araujo,https://lh3.googleusercontent.com/a-/AOh14GjZENDlvmubJRvH4qA9CEcgHIR3lZPYrZPS5DQbmTo,"O jogo ate que bom,mas demora muito pra atualizar,e as atualizaçoes é muito fora da realidade....",3,0,5.14.1,2019-09-18 14:31:58
81,Eduardo Castro,https://lh3.googleusercontent.com/a-/AOh14GhmjaKWQVe16bK7KILKyiwnOm8V5SppIPPM0tilqg,"Durou 2 semanas instalado, muito enrolado pra se desenvolver",3,0,,2019-12-31 14:22:57
82,bola na trave os bons de bola,https://lh3.googleusercontent.com/-mSaYQCA2470/AAAAAAAAAAI/AAAAAAAAAAA/AMZuuclVDdZa0U8TXXU-x-lkgiCAbNvJ8g/photo.jpg,esse jogo e muito bom pra que gosta de estrategia e guerra esse jogo não tem nenhum problema e quem não gosta desse jogo e pq não sabe jogar,5,0,,2019-05-11 12:41:13
83,erasmo gabriel,https://lh3.googleusercontent.com/-MhveuB7GIjU/AAAAAAAAAAI/AAAAAAAAAAA/AMZuuclvTiym5RCFira85FvmPDPljcXqfw/photo.jpg,"excelente jogo, lhe dá uma grande liberdade para construir e progredir sem comprar nada",5,6,5.12.0,2019-04-20 14:17:38
84,Ellen Lima,https://lh3.googleusercontent.com/a-/AOh14GjN1UAr6zfCatRFqP4LFzxxx0PMdqlBkLIIZBOSQg,o jogo não está armazenando os recursos coletados em ataques.,3,10,5.9.1,2019-03-10 10:37:32
85,Gébher Gundisalvus,https://lh3.googleusercontent.com/a-/AOh14GgCRHJCd-nPWS8ltOFgNY7Ak9Ft0lyJxB5ScraQaA,O jogo é muito bom!!! so acho que os personagens são mais altos que as estruturas mas fora isso o jogo esta bom,5,1,5.8.1,2018-10-27 07:23:24
86,Um usuário do Google,https://lh3.googleusercontent.com/EGemoI2NTXmTsBVtJqk8jxF9rh8ApRWfsIMQSt2uE4OcpQqbFu7f7NbTK05lx80nuSijCz7sc3a277R67g,Vale muito apena é um tipo de jogo que precisa de muita paciência pra chegar longe o meu castelo já está no nível 10,5,2,5.8.1,2018-11-12 01:17:01
87,Rafael Novaes,https://lh3.googleusercontent.com/a-/AOh14GjBK5yf8SgScnchqLAIbijjdZzKiGQYEtrEjxAV,"Jogo bem legal, ainda estou no inicio, mas estou gostando muito!",5,0,5.17.0,2020-01-19 07:44:02
88,daniel Araújo,https://lh3.googleusercontent.com/a-/AOh14GinPeHiQAcMlDZk8qTSQ_b6mBDqU6AZPMyY5UEv,O jogo é bom mais o tempo de melhora o castelos quansser todos não muito tempo era para ter também uma mordo da pessoa ganha mais gemas mais tirando isso eu recomendo,5,0,,2019-04-14 14:41:03
89,Um usuário do Google,https://lh3.googleusercontent.com/EGemoI2NTXmTsBVtJqk8jxF9rh8ApRWfsIMQSt2uE4OcpQqbFu7f7NbTK05lx80nuSijCz7sc3a277R67g,Demora para criar soldados e aprimorar e criar coisas mas é muito bom de jogar!,5,3,5.8.1,2018-09-27 11:38:21
90,Um usuário do Google,https://lh3.googleusercontent.com/EGemoI2NTXmTsBVtJqk8jxF9rh8ApRWfsIMQSt2uE4OcpQqbFu7f7NbTK05lx80nuSijCz7sc3a277R67g,"Bom, mais podiam colocar mais tropas e melhorar o gráfico na hora da batalha",4,0,5.8.1,2018-11-07 06:26:22
91,Um usuário do Google,https://lh3.googleusercontent.com/EGemoI2NTXmTsBVtJqk8jxF9rh8ApRWfsIMQSt2uE4OcpQqbFu7f7NbTK05lx80nuSijCz7sc3a277R67g,"É melhor, depois da atualização. Que bloquiava qudo se tentava construir muros",5,0,5.8.1,2018-12-01 13:45:34
92,Popai FF,https://lh3.googleusercontent.com/-kfC49Pp0oHk/AAAAAAAAAAI/AAAAAAAAAAA/AMZuuckcgt8CccwKEtDPn2b_hYJsS7Vtag/photo.jpg,o jogo e bom mais quando a tropa morrer quando esta fazendo o ataque a tropa ficasse morta no cha ficava muito real sabe quenem os herois parabens oo jogo e muito bom,5,4,5.9.0,2019-01-18 15:44:04
93,Khael'Thas,https://lh3.googleusercontent.com/a-/AOh14Gh_Zn14yZUG8s5FDokxP9JU293r6rwtY7OcMm3P5w,E bom mas devia customizar mas as construção e tropas em geral,5,1,5.11.1,2019-04-17 23:14:13
94,José Santos,https://lh3.googleusercontent.com/-mIkTaukRqMw/AAAAAAAAAAI/AAAAAAAAAAA/AMZuucmwrP7uEs6j2Q8ltI2mGEH9SWhGtg/photo.jpg,"Jogo muito bom, gráfico perfeito e sem dúvida o melhor jogo de gênero.",5,8,5.15.1,2019-10-27 20:43:50
95,Um usuário do Google,https://lh3.googleusercontent.com/EGemoI2NTXmTsBVtJqk8jxF9rh8ApRWfsIMQSt2uE4OcpQqbFu7f7NbTK05lx80nuSijCz7sc3a277R67g,Até quem fim uma atualização tô baixando agora é infelizmente vou ter que começar tudo denovo como sempre mesmo conectado a goglé Play games,3,0,,2019-02-17 07:36:06
96,Luis Hemrique,https://lh3.googleusercontent.com/a-/AOh14GhOWum5t0szIiDuzEo7zFwcreVTCQs5giVfqROefw,Tem que melhora o posicionamento das tropas mas o resto ta ótimo,5,1,5.8.1,2018-10-28 00:55:44
97,M.U.T.O ANIMA,https://lh3.googleusercontent.com/a-/AOh14GihqxhxpciAhSpMNLI38jop8qZE_RpZT7YxSCyM5A,E muito bom 5 estrelas na minha opiniaõ os orcs saõ os melhores guerreiros mas amei o game,5,0,5.19.0,2020-03-14 10:58:40
98,TP Vendas,https://lh3.googleusercontent.com/a-/AOh14GjQZncem7N38Ef3IwKYgyliILUXC9Xmbviugs_S,Está péssimo. Só consegue evoluir até um certo nível e depois não consegue mais. Está horrível o jogo. Não indico a ninguém.,1,1,,2019-11-23 07:30:00
99,alex camargo,https://lh3.googleusercontent.com/-i4vepxevbUQ/AAAAAAAAAAI/AAAAAAAAAAA/AMZuucklifi3SB_vn7xVNSSKTSBxyg5umg/photo.jpg,O jogo é boa só falta para enviar moedas e pão gostei do jogo valeu faça na próxima atualização para enviar moedas e pão,4,1,5.15.0,2019-10-12 20:56:59
