,userName,userImage,content,score,thumbsUpCount,reviewCreatedVersion,at
0,Teemo,https://lh3.googleusercontent.com/a-/AOh14GgGFR3PPPFpfXMyUr9C51S7_K6KxNTEYFeZnpre,"Jogo muito bom , mas para continuar upando lvl 60+ é muito lento pois falta cartas para evoluir personagens e poucas recompensas , deveriam trabalhar no mid/late game pois ficamos perdidos depois de completar tudo, deveriam adicionar novas maneiras de obter xp e cartas , pois farmar diamantes depois de um certo level fica complicado.",4,4,1.39.01,2020-05-31 05:41:48
1,Fabiano,https://lh3.googleusercontent.com/a-/AOh14Gi5iysTuhjyq10-OG8cY-AKEc6VIQHgdgVxD55aoDg,"Jogo muito da hora. Bons gráficos, boa jogabilidade e boas histórias. Só que o jogo uma hora fica muito difícil de evoluir e tem que esperar quase dois dias pra conseguir evoluir um personagem. Sem contar que fica sem saber para onde ir pra conseguir recursos. Tinha que ter algum lugar mais nivelado para conseguir itens com mais facilidade. E caça a guilda acha pouco duas tentativas. Para mim tinha que ser mais e mais monstro a caça da guilda. Fora isso, tudo de boas",5,48,1.38.01,2020-05-27 08:46:34
2,Rafael Toledo,https://lh3.googleusercontent.com/a-/AOh14GjDIzoUfRzrhFEsCHdZf0szRNP7s-GmZGy26o1fxg,"Positivo: a complexidade, estrutura do jogo, história, bem confeccionado. Ruim: griding afk é fraco com o drop de itens, combates que vc faz não dropa se fizer uma atrás da outra(deveria ter um drop por Vitória e outro por tempo parado na fase); Péssimo: ao meu ver, o jogo cobra caro por pequenos serviços, a realidade do meu país o torna muito caro...",4,35,1.38.01,2020-05-27 10:30:47
3,Bruno Wesley,https://lh3.googleusercontent.com/a-/AOh14GjkmE3vrSfeuPz1uIGbFTu26mvqeWsfjs2ySIjuAg,"por que o passe desse jogo é tao caro? tudo praticamento é muito alto o preço, não tem condições assim. Tem que balancear pra todos poderem acessar, ta um absurdo, se for deixar pra subir naturalmente, demora uma eternidade.",3,2,1.39.01,2020-05-30 13:57:30
4,Nightmice,https://lh3.googleusercontent.com/a-/AOh14GjUEFuMGVdiraFcgjHnXKhS_8h5I6Jxiz6ehFfm1g,"Na minha opinião deveria ter níveis pra famar itens mais rápidos e com oponentes mais fracos, porquê é um saco ter que enfrentar boss com poderes absurdamente maiores e ter esperar dias pra upar o herói pra subir 1 andar na torre do rei. As tentativas de caça na guilda deveriam ser 5 e não duas já que esse é o único meio de talvez dropar um item raro ou de facção. Mas quanto aos gráficos, são impecáveis. A historia, os herois, os poderes, tudo está belo. Menos a parte ""pay to win"". Recomendo!",5,101,1.38.01,2020-05-15 18:29:27
5,Júlio Cezar,https://lh3.googleusercontent.com/-vRL-x2s95lM/AAAAAAAAAAI/AAAAAAAAAAA/AMZuucln6IgLi8WDv6miyBUbnJawCahAJA/photo.jpg,"4 estrelas pelo fato de não poder reenfrentar os inimigos que já foram vencidos nos mapas anteriores , por que esse negócio de só avançar e avançar e osso , chega uma hora em que você fica sem saber pra onde ir para poder arrumar recursos , esse marcado de tempo que fica na tela durante as lutas da uma agonia , tem jeito de tirar isso ? Fora isso o game e ótimo , boa história personagens bem bacanas não e pesado , roda em qualquer carroça de smartphone huehuehue BR . Dica falta mais gatas !",4,83,1.38.01,2020-05-17 20:57:00
6,Augusto Lima,https://lh3.googleusercontent.com/a-/AOh14Gh7pi9VAGFgEyGqEyXnindYIVFAkAbaXf6akpuY,"Muito frustrante... ja jogo há algum tempo e tive uma péssima experiência no último evento ""heróis de experia"". Depois de ter passado por mais de 8 divisões recebi apenas o premio relativo à ultima divisão que alcancei. Enfim, desanimei do jogo...",1,0,1.38.01,2020-05-28 10:45:15
7,John Z Soarez,https://lh3.googleusercontent.com/a-/AOh14Gg9OGMGhHDtMUxMP6p0VmyhsZwcxmJhEOw72mpsYA,"O Jogo é excelente! Defeito? Preços. Abusivos para objetos tão ineficientes para o usuário. R$300 um pacote absurdo e caro, recomendo. Mas espero que reduzam os preços dos pacotes.",3,0,1.39.01,2020-05-30 18:59:39
8,Tio Garimpeiro,https://lh3.googleusercontent.com/a-/AOh14GiGMW6xSsLbnYrDLgZ5mjN8ERnI0RuGxuLEjvu_,"belo jogo, mas enjoa depois de certo tempo...claro que pra quem gasta dinheiro em jogo é outra história, mas para mim que sou ""free"" ficar juntando centavo por centavo pra fazer qualquer coisa é realmente desgastante...sou pobre mesmo",5,1,1.39.01,2020-05-30 10:30:52
9,Yunna chan,https://lh3.googleusercontent.com/a-/AOh14GgfFisqP1-H9m2ifzt716Sd_Ea_nsWVOWpCtmB46w,"Tô jogando desde o final de novembro do ano passado e o jogo foi melhorando entre esses meses o jogo e bom gráfico bom heróis bons não tem nada de ruim pra falar , e ainda tem gente que fica criticando fica dizendo que sai toda hora e n e vdd por pra min não sai e o celular ou PC que e ruim e fica culpando o jogo de ser brugado e ruim o jogo e otimo",5,24,1.38.01,2020-05-14 19:56:49
10,Naive Charm Point,https://lh3.googleusercontent.com/a-/AOh14GiB741TrhrcV2XNR769kPmpkPQZ7AI-s7Mba4t8,"Um dos poucos jogos mobile que realmente gosto, seja pela arte estonteante, criatividade ou personagens únicos. Infelizmente depois de determinado estágio se torna um jogo de logar pra pegar os premios diarios... e depois de um tempo pegando os premios diários avançar um pouco mais no progresso do jogo e repetir.",3,4,1.38.01,2020-05-16 16:00:43
11,Mario Henrique Batista Guimarães Henrique,https://lh3.googleusercontent.com/-1HlTv0-O-N4/AAAAAAAAAAI/AAAAAAAAAAA/AMZuucnKYhf7D9CYD3iooQoyiCZ-hJ08qg/photo.jpg,"Jogo ótimo, um bom RPG ,os desafios, o mapa ,as formas de conseguir elementos pra subir o nível dos heróis, os poderes e abilidades dos heróis, as guildas, as vantagens de poder fazer inúmeras coisas com os seus heróis, resumindo o jogo é muito bom mesmo ,recomendo.",5,10,1.38.01,2020-05-22 15:35:31
12,Jorshua Lima,https://lh3.googleusercontent.com/-Z0Z2k6ylkJE/AAAAAAAAAAI/AAAAAAAAAAA/AMZuucm2ZxrCWwdJ-yO0w0nznEbq88Q6FQ/photo.jpg,"Típico jogo ""pague para ser bom"", quando você aumenta seu nivel fica impossível de passar, ai leva tempo preso nas fases até conseguir elevar os heróis, acho que deveria balancear melhor os premios nos eventos e missões! A cada atualização fica mais difícil de ter uma formação eficiente!",2,1,1.38.01,2020-05-26 14:17:14
13,Mateus Wnr,https://lh3.googleusercontent.com/a-/AOh14GhA6SpAtfKAKwKdb5_KBDKv_H2PhBqMEMRlKVWxdFs,O jogo é bem empolgante no começo passa um tempo começa a ficar repetitivo Só se você realmente gostar vale a pena investir gastei praticamente r$ 500 e me arrependi pois hoje estou travado no level 75 e não tenho que fazer vou ter que ir juntar diamantes até eu consegui novas cartas e o chat também de conversas é muito bugado estou nos dois grupos de WhatsApp e tem várias pessoas que já me falou que já tá tipo leva 90 e pouco atrapalhado também não consegue subir pois lhe falta carta,3,2,1.38.01,2020-05-21 16:10:14
14,vinicius Police Milagre,https://lh3.googleusercontent.com/a-/AOh14GgZf6XIJQzZoYpLTd7ndJvZr5sXE5_3ha5yUfCubA,"O jogo e perfeito, porém pra mim dois pontos está ruim, não poder refazer as fases anteriores, e está travando/saindo do jogo sozinho, não podendo continuar a jogar, sempre trava, e não dá nem pra atualizar o app",3,1,1.38.01,2020-05-24 19:23:06
15,Aero Play,https://lh3.googleusercontent.com/a-/AOh14GhHV8hN4lx4AYllAUxhfxoNsV9KxfySeuE4NqoTDA,"otimo jogo,muito bom de se jogar graficos magníficos,vcs podia aumentar mais os Xp para upar os herois é muito chato ficar esperando o bau encher pra poder upar um nível so no herói so pq vem muito pouca experiência dos baus,e diminuem os niveis dos capitulos para ficar mais facil e poder pegar as recompensas,fora isso o jogo é ótimo espero que melhorem nas proximas atualizações",5,13,1.38.01,2020-05-25 04:21:17
16,Rafa Ferreira,https://lh3.googleusercontent.com/-MAag22COLS8/AAAAAAAAAAI/AAAAAAAAAAA/AMZuuclnlnPNw1ZTSmJ3mFJpxeKF0rQT_Q/photo.jpg,"O jogo é legal, arte bonita. A história é interessante, dá pra ver que se esforçaram pra fazê-la, já q até tem recompensa só pra ler as lores o sistema de lutas TB é interessante, mas ainda estou me acostumando a olhar para a luta e não para as barras de HP e especial.",5,6,1.38.01,2020-05-15 03:51:21
17,Gustavo Vidal,https://lh3.googleusercontent.com/a-/AOh14GiB6S5aW7igg2qSBpZc0-j8R15wAZ753DaNEUnHFA,"Estou tendo problemas quanto ao personagem vurk, no labirinto ele está no time inimigo e ele não carrega e trava o jogo. No picos do tempo a mesma coisa ele não carrega e trava o jogo.",4,1,1.38.01,2020-05-27 09:29:51
18,Ronaldo Britez,https://lh3.googleusercontent.com/-PhFipZFW9-E/AAAAAAAAAAI/AAAAAAAAAAA/AMZuuck6t70eYzYX-N1LdZ--c_hz7VLsGA/photo.jpg,"O jogo é PERFEITO, n tenho nada do q reclamar, porém quero pedir algo, queria q vocês add mais páginas na parte do detalhe do perfil, pois o jogo está tendo muitos emblemas (oq eu acho incrível) e n está cabindo na única página q tem, sei q parece uma petição um pouco tosca e q provavelmente se deva add as suas ""maiores"" conquistas, porém eu queria poder add todas, até a mais pequena delas, pois me faz recordar de como foi pra conseguir a mesma! ficaria eternamente agradecido se fosse atendido",5,1,1.38.01,2020-05-25 08:36:21
19,S / N,https://lh3.googleusercontent.com/a-/AOh14GgGRuzIzH7CnJbkpn4kKq21fTzoi8-9P8hQkgi9,"Esse jogo é realmente viciante! Não só com sua jogabilidade, as histórias dos personagens são bem interessante! Os gráficos são lindos e amei os modos do jogo...👏👏👏",5,0,1.39.01,2020-05-29 20:16:16
20,RODRIGO ALVES,https://lh3.googleusercontent.com/a-/AOh14GjH9YGz5wz6wUbbuItcJh92Fn9e3TsjgLDs6eeC,"Tá ficando, mercenário, e precisa criar uma forma exemplo: máquina de processamento de xp, e aquelas pedras lilás, melhorar os prêmios de arena ,e Torre, missões Diária.",2,0,1.39.01,2020-05-28 21:19:56
21,Isra Tharas,https://lh3.googleusercontent.com/a-/AOh14GhVe_rnJD4MkPN5WFc7QyEG6mbIEI8BWIqHphNOyg,"Curti. Vi a muitos anúncios e o jogo não é nada do que é anunciado. Gráficos bonitos, Belo design e vc não precisa ficar horas no telefone por dia. Vale a pena. Cuidado com o gasto exagerado de dinheiro.",4,2,1.38.01,2020-05-21 12:21:07
22,Emmanuel Santana,https://lh3.googleusercontent.com/a-/AOh14Gj_VOkCmGpYSmu6cecF-NNt2nfzoDJplNcmc_HS,"É um jogo legal, mas acho que ele desenvolve lentamente apesar do nome afk arena, você precisa ser bem ativo dentro do jogo para conseguir progredir, e acho que isso devia ser nivelado",4,0,1.38.01,2020-05-25 03:26:05
23,canal loperes,https://lh3.googleusercontent.com/a-/AOh14Gj5EGCUMW-0SsqqQIg3cccttdzOeg6ZFPc5kzK5UQ,"Ótimo Porquê esse jogo não e difícil e fácil de aprender a jogar Pode Baixar eu gostei ie 5 estrelas ,,,, Porque 5 estrelas ,. Dei 5 estrelas porque o jogo e do meu jeito de luta de espadas poderes etc top",5,0,1.38.01,2020-05-27 04:58:52
24,Pedro Viktor,https://lh3.googleusercontent.com/-B9c9bNNRwL4/AAAAAAAAAAI/AAAAAAAAAAA/AMZuucmPV6Wm7NsTKplqeoNGxsAc5a5Oiw/photo.jpg,É um jogo excelente um dos meus favoritos gosto muito Porém poderíam balancear mais os Boss do game que são extremamente difícil sem falar que demora muito pra upar um herói E os labirintos meus deus kkkk e osso de concluir um Mas o jogo é excelente gosto muito e recomendo é um ótimo passa tempo,5,1,1.38.01,2020-05-17 13:37:14
25,João Paulo C Coelho,https://lh3.googleusercontent.com/a-/AOh14GhFUIyf7ZSykiAddGmg4PlMM802MQxQ9FQ3SvDAhQ,"Infelizmente tenho que diminuir minha avaliação, por um simples motivo... constantes atualizações. Sim... muitas atualizações, algo que deveria ser bom, pode acabar se tornando desastroso, como é o caso de AFK Arena. Um jogo que tinha de 100-200 Mega, hoje ocupa 2 GB no meu celular... estou falando de um jogo com gameplay simples, com gráficos bonitos, mas simples... ocupar 2 GB é irracional, se continuar assim terei que desinstalar, pois toda semana é no mínimo mais 20 Mega de atualizações...",3,6,1.35.01,2020-05-16 00:51:26
26,Filipe Blink,https://lh3.googleusercontent.com/a-/AOh14GgW0ussX4aDCb45vguiohu2htju7tBp37v530c9pQ,"Muito melhor do que qualquer expectativa! Simples, bonito, funcional, justo...Para quem gosta desse estilo de game, O jogo mostra a que veio. Porém falta tradução em várias partes do game e o tradutor no chat não é bom, o chat não me parece funcionar perfeitamente, e outros pequenos problemas no jogo. MESMO ASSIM, é um jogo incrível, e apesar das propagandas do game serem horríveis, parabéns e atualizem sempre! É muito bom!",4,84,1.37.03,2020-05-12 05:24:07
27,Tris W,https://lh3.googleusercontent.com/a-/AOh14GjZs8zsKCO2InbUNLK8LnERwg8RjSrwCuICFK0EBw,"Cara, é simplesmente INCRÍVEL. O melhor jogo de luta que eu já joguei. Vale muito a pena baixar sério, muito bom!!!!!!",5,1,1.38.01,2020-05-14 19:49:54
28,CLASH ON,https://lh3.googleusercontent.com/a-/AOh14Gipc9FCJufNxT43y0bxr7aW47ajZ-3_hUxpBjc1lg,Táva bom más começaram uma roupagem às cartas estao muito raras dê concegui más tem jogadores que já tem lançamento dá carta hj amanhã os cara já conçequiram muito desigual com os demais jogadores melhorem isso aí para nois blz,1,0,1.38.01,2020-05-26 03:20:53
29,Raffa's Souza,https://lh3.googleusercontent.com/a-/AOh14GhKUqVWsB6G0hsrGQwvbHOhcAHp0ntL71iZm9drfQ,"PLEASE. Quando estamos fazendo o labirinto arcano. Põe pra ao escolher uma fonte ou o místico o efeito Seja automático sem ter que dizer se quer usar ou abandonar, aquilo e chato desnecessário e incomoda. E se possível nas missões diaria completo a missão ganhou os 20 pontos que os baú Seja colhido automaticamente. As vezes tem clique desnecessário parece Bobo mais desanima.",4,2,1.36.05,2020-05-08 00:26:24
30,sherek hentai games,https://lh3.googleusercontent.com/a-/AOh14Gi6t7KugXzJlDGZeMV067xx8nsxi2ygkTIxU9tb,"Bem, o jogo tem um estilo um pouco genérico e musica tbm, mas de fato suas artes são bem boas. A lore dos personagens é super extensa e boa. Recomendo o jogo para passar o tempo e para ler um pouco rs.",4,1,1.38.01,2020-05-15 08:54:11
31,Kauhan Henrique,https://lh3.googleusercontent.com/-42p6iHVXHOY/AAAAAAAAAAI/AAAAAAAAAAA/AMZuucmCtRgcaj2ubNzILX12Nesfn4iPmg/photo.jpg,"Meu deus melhor jogo que eu ja joguei, literalmente vc só para de jogar se a bateria acabar porque não tem aquelas coisas chatas da maioria dos jogos desse tipo ex: vc ter que tirar três estrelas em todas as fases para ganhar um prêmio, ou vc ter um limite de vezes que vc pode ir numa fase , ou que evoluir os personagens e complicado e demorado, ou o mais clássico de todos vc ter a maldita energia que não dura nada e leva uma eternidade para recarregar, eu super recomendo jogo 10/10",5,21,1.37.03,2020-05-12 11:34:49
32,"Tem De Tudo, De Tudo Um Pouco",https://lh3.googleusercontent.com/a-/AOh14GgBMlqfkA_QYdJ_9Gxvt_G-MdmAHwEFSzXk2IKfUA,"Jogo Muito Top estão de parabéns pelo jogo viciante e muito bom e um passa tempo ótimo nessa quarentena índio a todos podem baixar vocês não vão perde tempo com ele e ótimo de verdade, os programadores estão de parabéns",5,0,1.38.01,2020-05-16 11:59:12
33,Felipe,https://lh3.googleusercontent.com/-svAytWlgz7E/AAAAAAAAAAI/AAAAAAAAAAA/AMZuuckYFkdTbGyZPQPLze5GLbpJTEU2DQ/photo.jpg,"Resenha de dois meses: o jogo e a desenvolvedora merecem os parabéns! Difícilmente tu vai encontrar um bug. De vez em quando acontece um ou outro problema no servidor mas arrumam logo e te recompensam com diamantes no dia seguinte. O jogo não é nada p2w, muito pelo contrário, tu consegue fazer tudo sem gastar um $. Eles te oferecem tudo, a chance de vitória não muda. A gameplay é simples e fluída, da pra se divertir tranquilamente.",5,1,1.35.01,2020-04-20 01:48:41
34,Higor Reculiano,https://lh3.googleusercontent.com/a-/AOh14GhlC_MFP6KR71FmoG4rJaQwGZeos6ctUjA8Sbj6Zw,"Um jogo interessante a primeiro momento feito para aquelas pessoas que não jogam muito. Umas poucas medidas por dia é o suficiente pra tu ter atividades diversas para fazer. Muito interessante. E por favor, vejam vídeos de dicas antes de começar o jogo, é muito importante pq você recebe muita coisa, e se não sabe gastar tu pode disperdiçar como eu.",5,29,1.37.03,2020-05-05 11:31:59
35,Nathan Soares,https://lh3.googleusercontent.com/a-/AOh14Gii3VB04WTot1TTSjIB7Kp8rP4WZOJTo5ulubrD,"ótimo jogo, porém tem algumas coisas que se tornam repetitivas por exemplo o labirinto. Uma sugestão é que vcs bitem alguns missões no labirinto com recompensas boas e também novos caminhos além do caminho normal e difícil, como uma forma de desafiar os jogadores.",5,0,1.37.03,2020-05-27 11:04:31
36,jober fernandes,https://lh3.googleusercontent.com/a-/AOh14GjJG_RkHKpkhofL4hAT9EVD4ttLtmFLAO2PdzGPfg,"O jogo é muito bom, sinceramente adorei. Jogabilidade simples e ao mesmo tempo maneira, cada personagem tem sua lore, variedades de personagens, e eu gostei também pelo fato de não ser pay to win, o jogo em si te dá oportunidades para ficar forte. Lógico, isso não acontecerá do dia para a noite, mas se você tem potencial nos RPG, vai mandar bem. Recomendo.",5,155,1.37.03,2020-04-27 08:59:33
37,Lucas Evangelista,https://lh3.googleusercontent.com/a-/AOh14Gj1JJVJHfT3pr0anOs4wGvRxn7ahKeuqFZH6-oroA,"Assisti uma propaganda sobre o jogo e foi completamente diferente da proposta, porém, o jogo é excelente mesmo assim. O avanço como jogador é incrível e tem vários pontos que te prendem. Sou de enjoar fácil de jogos mas esse estou jogando des de quando era lançamento.",5,2,1.37.03,2020-05-08 16:53:52
38,Renato Barreto Vieira,https://lh3.googleusercontent.com/a-/AOh14GhF38Le9UM-o9Rth-Gr81ql9WLUrAVyVb764XZCWg,"Apesar das diversas propagandas diferenciadas do jogo, ele impressiona muito pelo o que ele oferece. É divertido e está muito longe de ser Pay to Win. Além de tudo não precisa de horas e horas de gameplay pra avançar e aprender. Pra quem tinha dúvidas eu fui aquele não curtia as propagandas e achava que o jogo seria ruim, porém, quebrei a cara e agora jogo um pouquinho todo dia. SUPER RECOMENDADO!",5,96,1.36.05,2020-04-23 05:21:38
39,Heitor Negrão,https://lh3.googleusercontent.com/a-/AOh14Gj4we67lGpAAQ53CJ4xQwLkoKXi8kCpXzTPsyirJw,"Estou jogando há quase 1 ano, sou um jogador f2p, não gasto dinheiro no jogo, a dificuldade e os desafios para conseguir avançar são altos, mas o jogo é ótimo e quanto mais você joga, mais é gratificante concluir um capítulo, conseguir uma posição alta na arena da sua região e etc. Único detalhe é que deveria melhorar o drop dos heróis, é muito difícil fazer a base para as ascensões mais altas antes do nível ascendido.",4,45,1.36.05,2020-04-28 10:55:44
40,Liz fernando Araújo de Sousa,https://lh3.googleusercontent.com/-HKSpmShkb3U/AAAAAAAAAAI/AAAAAAAAAAA/AMZuuclubEaf--lGczwjehzIZDwdPlmw0A/photo.jpg,"Mui da hora o jogo , gráfico muito bom personagens de hora , história muito bacana ,mas nus dóis primeiro leveu é fácil ,mas vai ficando muito difícil de ganhar xp os personagens não evoluir tanto",4,0,1.39.01,2020-05-31 15:03:48
41,Paulo Henrique,https://lh3.googleusercontent.com/-rCxiO1ADQFA/AAAAAAAAAAI/AAAAAAAAAAA/AMZuuclmEPBIGeJCBnx1u6nFQB6StXaV3g/photo.jpg,"Jogo maravilhoso, recomendo a todos, sem nenhum erro ou bug, recomendo, são bem atenciosos, Amo de verdade esse jogo, passo horas nele.",5,0,1.38.01,2020-05-24 11:36:33
42,Luciano Filho,https://lh3.googleusercontent.com/a-/AOh14GhIkzXxQ5Vzwjix8HGCzsuqYI246_-jkW1O7PNdmQ,"Bom. É bom para passar o tempo e tem um limite do quanto dá para evoluir por dia, o que é bom, já que, você não ficará 24h no jogo. Contudo, o fato mais importante é..... Essa maravilha funciona no meu celular modelo de entrada. Apesar do meu celular não ser nem competente no assunto desempenho, o jogo funciona divinamente bem. Se fizessem mais jogos assim eu gastaria meu dinheiro com o maior sorrizo dessa terra.",5,37,1.36.05,2020-04-20 02:32:12
43,Haislon Barboza,https://lh3.googleusercontent.com/a-/AOh14GhBaGfmXenMTL8zl0yw7gUcLka0-jvuPVXKA2qSQw,"Jogo e muito repetitivo,e agora do nada meu jogo sempre depois de todas as batalhas fica em loading e depois aparece a msg de erro:15,fazendo eu perder minhas batalhas e tendo q lutar dinovo,sem conta q tudo nesse jogo e caro...aonde se viu paga R$198,00 ou algo assim em um personagem,isso pq eles dizem q está em oferta pq o preço msm e mais de 300 mangos...acorda gente,vai estorqui o satanás vai,msm q n somos obrigado a compra,isso e pior q mata a própria mãe vai!!!",3,3,1.37.03,2020-05-04 21:32:45
44,Ryu Furukawa,https://lh3.googleusercontent.com/a-/AOh14GhGf2bZ8wecHsra0BTONYMLpakWqiKXLOYV7uJg,"O jogo é maravilhosamente bom,os gráficos são lindos e detalhados,existe diversas coisas para você fazer,raramente te deixando entediado,está sempre em desenvolvimento,com a Lilith sempre adicionando coisas novas (quando eu jogava antes,tinha uns 50 personagens,agora tem mais de 80,e 3 classes novas!!!) e para completar, todo dia você sempre está ganhando itens,e quando você,é você mesmo completa missões, você ganha muitos itens,assim não te fazendo se sentir empacado no jogo. Enfim Aproveitem!",5,66,1.35.01,2020-04-10 10:44:10
45,Pedro Santos,https://lh3.googleusercontent.com/-qYuAWO0OWSM/AAAAAAAAAAI/AAAAAAAAAAA/AMZuucnG2Gs1jN4XZim3O8U0wHguI2Jx2g/photo.jpg,"Optimo jogo! Desafiante, viciante e divertido. Tem hipotese de jogar com qualidade mesmo sem querer gastar dinheiro. So nao dou 5* porque no meu jogo nunca recebo o equipamento que ganho nas batalhas. Qua do chega ao fim da batalha as minhas recompensas nunca tem o equipamento dos caixotes que caem ao matar os herois inimigos..factor muito negativo na minha experiencia, perco cerca de 3 caixotes por estagio..Por favor ajudem me a resolver esta situacao para poder estar ao nivel justo.. Obrigado",4,5,1.36.05,2020-04-20 10:42:23
46,Emerson Ramalho,https://lh3.googleusercontent.com/a-/AOh14GjRjlYGkEdvBGZ4QVGMtruFsCBrxDdu0t74xU-FJA,"Estou jogando muito por ser simples, vc é um técnico, forma a equipe, decide quem upa de lvl, compra equipamentos e etc, as batalhas são automáticas, é frustrante ver um healer enchendo a vida dos inimigos e seus heróis ignorando, vc não tem como dar foco em matar ele. O jogo é muito p2w, demora muito upar depois de um tempo jogando, o jogo vende pacotes pra tudo, com preços absurdos, vai gastar uns R$500 pra ter esses pacotes, até queria donatar, mas prefiro comprar um jogo completo com valor",3,56,1.37.03,2020-04-28 13:52:19
47,Lady Flores,https://lh3.googleusercontent.com/-K1-Ih1KeYHw/AAAAAAAAAAI/AAAAAAAAAAA/AMZuucm3DXcEb_Az5onmaepLxnFMNG7IGg/photo.jpg,"Eu adoro esse jogo, porém a única coisa que acho que poderia mudar é poder jogar as missões que você já completou do modo comum de jogo. Assim quando não conseguisse passar da próxima fase pudesse ir upando jogando nas anteriores até ficar forte o suficiente pra passar. Além que as recompensas de diamantes são um pouco baixas em alguns casos, podia ser aumentado de 30D pra 100D por ex",4,3,1.37.03,2020-05-04 19:12:28
48,C O K K I E,https://lh3.googleusercontent.com/a-/AOh14GgLyi3T5vHhWytUZACobGB0Vf4Jm9d2-MibfH8YFw,"Jogo maravilhoso! Desde que comecei, não consigo mais deixar de jogar. É realmente muito bom em diversos aspectos, principalmente na construção do jogo. Os detalhes são muito bem colocados e além disso é um jogo organizado e de fácil entendimento. Sério, recomendo que jogue e experimente, porque provavelmente não vai se arrepender.",5,150,1.35.01,2020-04-03 13:53:33
49,Murilo Kovalski,https://lh3.googleusercontent.com/a-/AOh14GgOgKCZOn7BG2HG5KtmFMgmJq11KM9CMr2d4DyvCA,"Só tenho uma coisa a dizer... É muito legal, vc pode se comunicar com outras pessoas; Jogar AFK (Jogar com o celular desligado) Etc. É muito bom.",5,0,1.38.01,2020-05-18 18:18:35
50,Eberson Oliveira,https://lh3.googleusercontent.com/a-/AOh14GjvRM5s89EUFN-zGUC4uYCzbB_83SIo6zgIJ83BYA,"Muito bom, só falta um modo de jogo onde permita evoluir seu herói sem precisar gastar tanto dinheiro...",5,0,1.38.01,2020-05-21 21:07:48
51,Pablo Souza,https://lh3.googleusercontent.com/a-/AOh14GgGrLHpy0pE1f0kFt1ubD7wv6Vvg49Ro__SLMx1aA,"Jogo e bom tem bons gráficos, roda em celulares mais fracos e o principal que você não precisa necessariamente por dinheiro, obviamente que quem põe tem uma evolução mais rápida mais você consegue alcançar os mesmos patamares de quem gasta dinheiro no jogo, jogando de forma totalmente Free",5,2,1.37.03,2020-05-05 12:43:57
52,Wallisson Franco,https://lh3.googleusercontent.com/--vSBIEm93g8/AAAAAAAAAAI/AAAAAAAAAAA/AMZuucnfeKSqh_BbJE8YEEyQuL_tUYIxdQ/photo.jpg,"Editando n1. O jogo realmente é muito bom!! Porém a equipe de eventos do game é muito fraca, muito tempo entre um evento e outro enquanto outros games da play store tem 4~5 eventos no mês. E geralmente o game fica sem ter oq fazer depois de uns min de game, acho q se tivessem eventos semanais com objetivos diários ficaria mais top! msm assim Game muito bom, recomendo!! Post horiginal:Top!",3,76,1.37.03,2020-04-25 19:18:27
53,ivanice ferreira,https://lh3.googleusercontent.com/a-/AOh14GhivSW4RIhqfi_GBIAPH0jDw1qkjQPsu1B7Ex9eTA,"Jogo incrível!!! Simples mas ao mesmo tempo tão belo. Jogo com história bem pensada, personagens lindos com desenvolvimento da história dos mesmos, surpreendentes. Me apaixonei por esse jogo, parabenizo os desenvolvedores pelo ótimo trabalho, Lilith nunca me decepciona sempre com jogos incríveis!!!! Parabéns de novo. Obrigado.",5,1,1.37.03,2020-05-13 11:46:14
54,Savio Santos,https://lh3.googleusercontent.com/-7RvXP9mzqvY/AAAAAAAAAAI/AAAAAAAAAAA/AMZuucnyJ-kLrtl1agHdsaPhZODlBNAXUQ/photo.jpg,"Particularmente gosto muito do jogo.Fotografia agradável e bem diferenciada,jogabilidade de fácil compreenção e heróis que possuem histórias(Que complementam os personagens).O único problema é a necessidade de gastar muito dinheiro para apartir de um certo ponto,evoluir no jogo.Outro problema são os eventos caros que disponibilizam heróis muito bons(Oq não acontece facilmente se vc não empregar ema certa quantia ),e que deixa o jogo bastante desigualitário!No mais é bastante agradável.",4,109,1.34.02,2020-03-22 21:06:34
55,Rafa Fréz Tv,https://lh3.googleusercontent.com/a-/AOh14GiE7RADSQXYaqprJW7LIkHH6gutO27x2CNiYqTA,"Muito bom, mas poderiam deixar as cores um pouco mais vibrantes para melhor vizualizaçao de certas coisas dentro do jogo, fora isso o jogo é espetacular, facil de evoluir, e muito viciante, super recomendo pra quem gosta de jogos desse estilo, parabens aos desenvolvedores pelo exelente trabalho!",5,2,1.37.03,2020-05-04 19:17:59
56,thompson mello,https://lh3.googleusercontent.com/a-/AOh14Ggz8wb0MpNw1s2Qf7lb0pqxJ9wXT1gl6AUC_WRHsA,"gostei combate legal varias fases comunidade de facil acesso , ruim e nunca poder fazer o time que você quer e nao poder upar os personagens que quer o que estraga o jogo 80% (resumindo o jogo e incrivel mas o modo de pegar personagem o estraga )",2,0,1.38.01,2020-05-15 13:36:34
57,Luiz Henrique da Silva,https://lh3.googleusercontent.com/a-/AOh14GjVV_vhaqh45YMxwcp4Cp9JihB66jE3wzi6_sEO_g,Gastei mais de 200 reais e quando voltei a jogar minha conta não existe. Tenho todo o histórico de gasto com o jogo. E no chat não respondem as mensagens.,1,1,1.38.01,2020-05-20 11:50:39
58,Gustavo Alves,https://lh3.googleusercontent.com/a-/AOh14GhxejdkVBFVb-ahKTTpdEyDm6L9vFGxd0euRBzXRw,"O jogo me cativa pela arte dos personagens e a história rica em detalhes dos mesmos. Para ser top no PVP precisa gastar rios de dinheiro, mas não há muita diferença, os prêmios recebidos nesse modo de jogo são mínimos então o jogo é uma boa pedida para quem quiser focar em colecionar os personagens no PVE ou quer uma distração de 20 minutinhos por dia. Alguns eventos contam com a sorte, o que é frustrante, no entanto, os adms são bastante caridosos com os diamantes. Go afk!",5,33,1.36.05,2020-04-19 02:04:52
59,Luno Azhemo,https://lh3.googleusercontent.com/a-/AOh14GjWRVxob2eOqBe7wMo5l9hQVy_8r2qFOaIi82_1SQ,"O jogo é ótimo! A animação é fluída, os heróis são ótimos, tudo é bem divertido. É bem fácil de se conseguir as coisas, mas.... Esse evento ""Flor de Primavera"", é horrível. Eu sou obrigado a PAGAR para poder ter a skin da Tasi. Num evento que era pra ser de graça... Sei que vocês precisam de dinheiro, mas poxa",5,31,1.36.05,2020-04-10 06:54:00
60,André,https://lh3.googleusercontent.com/a-/AOh14Giykwlt5CZbf-7xF3hbIbocsPYObFPq0pHy02cRYg,"Sou apaixonado pelo visual desse jogo, principalmente dos personagens. A jogabilidade é bem similar a outros jogos da store, não há nada de novo. As recompensas do sistema gacha são boas para os free players. É preciso gastar bastante dinheiro no jogo se você quiser se destacar, o que para mim é bom já que sou free ❤",5,54,1.34.02,2020-03-19 18:18:38
61,Wander Saraiva,https://lh3.googleusercontent.com/a-/AOh14GjOu7VxBj2yJPEx02RLXVh-RQiaC9UU3j9UbEGp5A,"Jogo e bom...porém eventos muito fracos, e quando vem algo que preste e as vezes...chega certo ponto que jogo te limita, esto e até normal, mais não ter evento que te faça escolher outro caminho para melhorar além de por dinheiro, acaba fazendo desistir por causa da demora de ter que esperar vir algum evento que ajude....",2,1,1.37.03,2020-05-05 00:21:22
62,Douglas Lima J,https://lh3.googleusercontent.com/a-/AOh14GhgfYmBKA1_KatmXL_bPxi4Xql9cU7k7GdFNeGYPA,"Um dos melhores jogos da história da humanidade perdida que só sabe reclamar das coisas, principalmente os brasileiros querendo que o jogo fique mais fácil bando de otários 👍✌️",5,0,1.38.01,2020-05-27 08:50:49
63,Arthur Loway,https://lh3.googleusercontent.com/a-/AOh14GgtNQSflf-UO8vbfxysTuqVACtk-T1gCpeOy1x0_Q,"Excelente jogo. Infelizmente fui jogando conforme o jogo iria fluindo, mas deveria ter procurado mais sobre o jogo antes. De todos os diamantes que se ganha, não pode gastar com compra de itens e sim de pack de heroes, assim nas jornadas sua evolução será muito rápida. Fui preocupado upando os itens dos meu heroes, achando que estavam na fortes, no EP 10 pra cima já sofria e hoje estou a 1 semana no EP 11 e não passo nem por nada. Utilizem seus diamantes para a compra de pack de 10 heroes",5,44,1.35.01,2020-04-06 17:53:28
64,Lucio Rios,https://lh3.googleusercontent.com/-qhxYyczHfrU/AAAAAAAAAAI/AAAAAAAAAAA/AMZuucn8ZqqkG95ck3G3bhi8gO3LoIZQaA/photo.jpg,"Único jogo que depois de mais de um ano ainda jogo todos os dias (por isso resolvi voltar aqui para escrever). No começo ele te conquista, depois de un tempo pode parecer difícil de upar, mas isso torna muito satisfatória a progressão no game, nada se conquista de maneira muito fácil, requer paciência, mas faz querer continuar sempre jogando. Outra ""vantagem"" é que as compras in game são tão absurdamente caras, que eu nem fico tentado a gastar nada, e mesmo assim já estou muito avançado no game.",5,0,1.36.05,2020-05-19 00:44:56
65,Ivan Diego Guimarães Lopes,https://lh3.googleusercontent.com/a-/AOh14GjWaCLqXk4EjrFEuBo0BmRfMOVRkd2OLplv23TDVg,"É absurdamente estressante como o jogo parece te segurar cada vez mais a medida que avança. Eu só preciso de 1 Shemira pra pegar uma Ascendida e já invoquei mais de 70 heróis, e nada dela aparecer. O mesmo vale pro Brutus, que já usei até pergaminho de facção e não aparece. Vou desinstalar o jogo e voltar somente quando deixarem um sistema de invocação justo. O jogo é maravilhoso, não precisa ser idiota desse jeito pra segurar o jogador nele.",2,27,1.36.05,2020-04-25 14:13:01
66,leo oliv,https://lh3.googleusercontent.com/a-/AOh14Gh5sgKc_ot54qIwzXd_hkAdni6vvVMnn_x1hXMv,"O negocio é o seguinte, o jogo fica dando erro de conectividade no começo, e quando você está jogando sai sozinho. E alem do mais se não tiver dinheiro não adianta jogar, por que não tem muitos jeitos de ganhar experiencia, ja instalei e reinstalei e continuou a mesma coisa, mas eu vou enviar as informações do celular pelo facebook, obrigado por me ouvirem",1,17,1.37.03,2020-05-24 13:38:51
67,Icaro Sun,https://lh3.googleusercontent.com/a-/AOh14GhkMPi1WPC_b7ocuCN2_TeOo-a8xFPdxaeCqyhN,Poucos jogos conseguem ser bem trabalhados dessa forma. Desse estilo de jogo ele é um destaque pois oferece muitas possibilidades!,5,0,1.38.01,2020-05-28 17:43:36
68,Igor Marques,https://lh3.googleusercontent.com/a-/AOh14GjJ-h2LtDfZBfL9f2dwGtS4enaV5Ai-JZAmN1bujg,"Muito bom, lhe dá a sensação de estar jogando um daqueles RPGs clássicos.",5,0,1.38.01,2020-05-15 17:27:37
69,Marcio Adriano Gonçalves,https://lh3.googleusercontent.com/a-/AOh14GgV6A4HTk97APdEGBZiR-ikwO6D79t_W7OZVar3pA,"Boa jogabilidade, interessante sistema de estratégias e missões muito bem trabalhadas!",5,0,1.38.01,2020-05-27 07:17:13
70,Elias Vieira,https://lh3.googleusercontent.com/a-/AOh14Ghy9GBtOVj0sLdTX9ISAVXJhE0SFsgCm4sVUEPbBA,"Jogo realmente muito bom e um dos poucos do gênero que nao é exatamente P2W. Ele fica excelente se voce entender que os TOP's dos servidores gastam muita grana, então você nao estará la no top, porem isso nao atrapalha a jogatina, como todos os sistemas PvP sao baseados em rank, é natural encontrar inimigos com força bem semelhante a sua. Jogo bastante completo, voce gasta pouco tempo do seu dia para manter seu progresso bem, com 20 minutos diários voce faz o essencial para evoluir bem.",5,125,1.35.01,2020-04-07 14:51:00
71,LiberalFord,https://lh3.googleusercontent.com/a-/AOh14Gj040u-2LGitGQNfUWJ_t3KjqeRCGPxzlMGdFG3Zw,"Extremamente decepcionado, voltei a jogar cheio de esperança quando me deparo com minha conta não entrando. Resultado perdi minha conta e não posso fazer mais nada, não irei começar do zero depois de tanto esforço gasto praticamente em vão. Nota zero pra esse sistema. Mesmo problema que aconteceu em outros jogos da empresa, simplesmente apagaram a minha existência dos jogos.",1,27,1.34.02,2020-03-23 06:13:51
72,Miyu Blueerin,https://lh3.googleusercontent.com/a-/AOh14GhzW7Oe8ZyvE4OWkMArd-5wgO7SusU5ComsviNByA,"O jogo é muito divertido e a forma como você vai upando os personagens é muito fácil. Porém, hoje dia 06/4/2020 o jogo apresentou um erro 113 informando que essa não é a versão do aplicativo. Como assim né ??? Até então o jogo está funcionando normalmente, mas agora não consigo jogar porque sempre aparece esse erro ""113 """,5,115,1.35.01,2020-04-06 06:24:31
73,Samuel Rodrigues,https://lh3.googleusercontent.com/-FVqt2iQ34xQ/AAAAAAAAAAI/AAAAAAAAABY/AMZuuclp71ovil5ubVXHLFxol_hsYzenaA/photo.jpg,"O jogo é muito bom, divertido e desafiador em alguns pontos. Uma coisa negativa é que não tem um modo de deixar uma equipe de personagens pré definida, Ex: ter uma equipe só de Tanques Outra de magos e assim por diante. Se tiver isso na próxima atualização vai ficar ótimo, De resto tudo muito bom.",5,26,1.35.01,2020-04-03 01:06:49
74,Asas Gamer,https://lh3.googleusercontent.com/a-/AOh14GiFdpAsHjcZGLo-LKrv560EbtOMwwN_h-6c7ZcU,"O jogo é bom, entretanto, me chateou bastante quando depois de horas jogando vê que para completar a missão da primavera teria que pagar além de não estar traduzido essa parte... Uma dica: deixa duas opções de desbloquear uma em que a 15 missão seja bem difícil quase impossível e outra possibilidade seria desbloquear tudo através de dinheiro da missão 1 a 15.",3,13,1.37.01,2020-04-22 02:50:04
75,Alex Costa,https://lh3.googleusercontent.com/-UhSGAYpVYSY/AAAAAAAAAAI/AAAAAAAAAAA/AMZuucnv1px2sQp9_LPxMeeOLWwL_LqcaQ/photo.jpg,"Jogo excelente, baixei por acaso e acabei viciando. As possibilidades de formação de time e ascenção de heróis imensa abre um leque de possibilidades, que se soma ao aumento de dificuldade conforme o avanço que evita o jogo de se tornar monótono com o tempo.",5,0,1.36.05,2020-04-29 21:37:49
76,Top Animes Brasil,https://lh3.googleusercontent.com/a-/AOh14GjmPj0_GiVp30Dh2rMvHQw5qo3aq7w3czAgsM-aGw,"Mto bom o jogo, mto viciante tbm, um dos melhores q eu ja joguei nesse estilo, se não o melhor. Parabens à equipe e desenvolvedora.",5,0,1.38.01,2020-05-26 02:34:09
77,Elton Prazeres,https://lh3.googleusercontent.com/a-/AOh14GiZj5vToNKF3ZZW1U3AdQN5cJSIr_RbmKXQNKkbpw,"Sensacional!!! para quem procura RPG e diversão, é um prato cheio de detalhes e jogabilidade exelente, afinal de contas combinar heróis de diversas habilidades para a vitória é um quebra cabeças super prazeroso, com desafios e eventos de várias classes e um exelente P2P.",5,3,1.37.01,2020-04-21 23:03:07
78,Raimundo Neto,https://lh3.googleusercontent.com/a-/AOh14GiX7Ndm9pGy0aK8UZ9lR394mujd-NTTxRDqcNr1,"O jogo é muito bom mesmo!... mas eu acho que: 1°: Aos poucos, poderiam dar diamantes no baú de campanha, assim como mais ouro e exp (tanto o de herói, como o de jogador). 2°:Poderia haver uma parte da Nobre Taverna em que você invoca heróis, só que gastando ouro. 3°: se você pode contratar 3 heróis mercenários por semana, seria mais conpreensível a possibidade de uso desses 3 mercenários pela semana.",5,97,1.37.03,2020-04-28 01:08:13
79,Guilhermy Pereira,https://lh3.googleusercontent.com/a-/AOh14GgkS0lJPPbbQuL6nEoMAet07bDBc8m6PY_KUnAl,"Fiquei bastante decepcionado quando abri o jogo e vi como ele realmente era. No anúncio aparece uma coisa mas o jogo em si é outra completamente diferente. Acho q em vez de vocês fazerem isso para chamar público, vocês deveriam colocar o anúncio verdadeiro. Mesmo assim, gostei do jogo. Da pra passar um tempo brincando.",4,38,1.34.02,2020-03-17 09:43:03
80,Darlan Carlos Bigolin,https://lh3.googleusercontent.com/a-/AOh14GgN37m6GY2BDL9hVbyV-Ez1v2i7Sl_D1zptePya,o desenvolvimento do jogo eh interessante. . . bastante coisa pra fazer de saida . . . apenas escasso de equipamentos. . poderia dropar mais . .,5,0,1.38.01,2020-05-17 14:21:04
81,Leonardo Santos,https://lh3.googleusercontent.com/a-/AOh14GhhWyijww8paFq-zfhSgTsXEk09InYBQ_oB-NeD,"Por que um jogo tão simples é pesado desse jeito? Está pesando 1,7Gb. Um absurdo! E, olha, que não está ativado o pacote de ""gráficos caprichados""... Por que não diminuem os gráficos padrões e põe a opção de melhorar os gráficos? Um jogo simples desse pesar quase 2 Gigas é muito errado.",1,12,1.36.05,2020-04-21 11:14:10
82,Mert Ekert,https://lh3.googleusercontent.com/a-/AOh14Ggr9H3kG4jD43F3Gziard9_1X1Q_RIsB8-SZ4zC,"Estratégico, simples e justo com as recompensas pra jogadores sem vip.",5,0,1.38.01,2020-05-21 22:40:48
83,Patricia Lima,https://lh3.googleusercontent.com/a-/AOh14GgK3PtbM2VdnmVKeUBOUgRzYX1xpS-FGjd4zGEAWHI,"Jogo muito bom, viciante, o melhor de tudo... sem anuncios no meio das jogadas. Estao de parabéns.",5,0,1.39.01,2020-05-28 09:02:37
84,Digão,https://lh3.googleusercontent.com/a-/AOh14GgrqRW2Yr4k9Cqrh-JPOKX6xeFIHbst_M1iBrByYw,"EXTREMAMENTE P2W, se você planeja jogar algo onde não tem chance alguma de chegar ao topo sem gastar uma quantidade absurda de grana não perca seu tempo precioso com esse jogo. Agora se não vê problemas em ser mais uma bucha de canhão em um jogo que deixa quem usa grana ser 100x mais forte do que você.... jogue a vontade. Alias... as fotos do jogo na playstore sao horríveis e não mostram que a tela do jogo é VERTICAL, e não horizontal, o que desavrada a maioria e eles sabem disso.",1,97,1.36.05,2020-04-15 07:02:45
85,Sr. COC,https://lh3.googleusercontent.com/a-/AOh14GirHL2KYsXLQR5jj38bVNtHUKe9VIUyWU2j4Pic,"Jogo muito bom, leve e jogabilidade excelente, não te obriga a gastar para ficar forte mais porém o que desanima é a ESSÊNCIA DO HERÓI que ganha muito pouco chega em um certo ponto que os heróis precisa de 32k de ESSÊNCIA DO HERÓI...Por favor se poderem atualizar e colocar um valor mais alto tipo 100/600 iria facilitar mais o jogo, enquanto isso o jogo está ótimo sem hackers no momento estou aproveitando muito o jogo, PARABÉNS aos criadores 👏💪😉",5,37,1.34.02,2020-03-11 17:28:40
86,Gilmar Gomes,https://lh3.googleusercontent.com/-E0tj87BAGUQ/AAAAAAAAAAI/AAAAAAAAAAA/AMZuuclwLgafJ6XcVbgMVkUeZWAuY-8N2A/photo.jpg,jogo é muito bom mas quando voce trava em algumas fases o jogo fica meio chato porque nao tem nada para fazer a não ser esperar horas ou talvez dias para conseguir passar,4,0,1.38.01,2020-05-27 06:40:59
87,Jefferson Lima,https://lh3.googleusercontent.com/a-/AOh14Ggu734gnfFwzaA_9uQPxeJMYmeTbf8VxNDgyacfUQ,"Cara, o jogo tá com um bug horrível! fui no labirinto e desiquipei a armadura da minha personagem nível 140 para equipar na personagem que solta uma fênix, cara quando meu time morreu no labirinto os equipamentos das minhas personagens sumiram. Kd um canal direto pra falar com o suporte? n tem! quero os equipamentos de volta pq foi um sacrifício conseguir upar e comprar esses itens.",1,5,1.35.01,2020-04-08 18:50:56
88,Adriano Akira,https://lh3.googleusercontent.com/-U4DQpw3Nzp4/AAAAAAAAAAI/AAAAAAAAAAA/AMZuucnP6k4nyYzzWE_vUBVEM_BQaLoapw/photo.jpg,"Joguei o AFK a uns tempos atrás e tinha adorado, a jogabilidade é incrível, os eventos dentro do jogo são muito bons, não há espera para recuperar energia e os personagens e gráficos são muito bonitos, as maneiras de ganhar diamantes são muitas",5,1,1.36.05,2020-04-10 10:03:12
89,victor cavalcanti,https://lh3.googleusercontent.com/a-/AOh14GiJsFo1Yzh7zV72arvMxXl6x1dMvOr9yv_13h-U,"Olá não sei o porquê mas não consigo entrar no aplicativo, o jogo diz para verificar a internet mas ela está funcionando, tanto que em outros jogos como o rise of kingdoms ele entra perfeitamente. Por favor me ajudem",3,0,1.37.03,2020-05-23 04:34:14
90,Thales Moraes,https://lh3.googleusercontent.com/a-/AOh14Ghf85zyrzEB4bWeXgXpBgB2MGL0d4v5CDuIbUT-1A,"26/08/19- 5☆ Jogo tem se mostrado muito competitivo e viciante ! Eu fiz questão de comprar uns diamantes(mesmo não precisando )para apoiar a equipe do jogo. Estão de parabéns!! Falta a tradução... Deveriam colocar as histórias dos personagens em português. 13/01/20 _3☆ Está com muitos bugs.. Tem fases que o personagem,específico, não carrega a imagem dele e trava, reiniciando o jogo toda hora. Não consigo mais avançar em certas fases/arena por conta disso. 29/03/20. Melhorou bastante 5☆.",5,3,1.35.01,2020-03-29 12:15:30
91,Pablo Henrique,https://lh3.googleusercontent.com/a-/AOh14GiM-cWPhwL-fZ4sksgRHq7tOQuhSbtarG-EE0ZkzQ,"Só achei meio fácil de mais, tem alguns pontos que dá pra deixar mais difícil pra n ficar sem graça. É um bom jogo ótimo pra passar o tempo.",5,0,1.38.01,2020-05-15 00:34:35
92,KrYsT4L,https://lh3.googleusercontent.com/a-/AOh14GiuarCmlkgWbOpwmogXhJrkByzOluoK85K34Mw1,"Um jogo bastante técnico, interessantes, e bom passa tempo durante esta quarentena",5,0,1.38.01,2020-05-24 16:33:38
93,deluckextreme,https://lh3.googleusercontent.com/-mNQ-PF8s8Y0/AAAAAAAAAAI/AAAAAAAAAAA/AMZuucl-5SV10pCrQVjbr4b5kXxDU-49Hw/photo.jpg,"O jogo em relação aos que testei até agora é o melhor . Ótimo , não trava , leve , bem programado e se quiser jogar sem gastar da tranquilo. Personagens com habilidades bem diferentes e com gráficos bons.",5,0,1.37.03,2020-05-12 21:12:07
94,jairo zavala,https://lh3.googleusercontent.com/-t_5yCwlfG2A/AAAAAAAAAAI/AAAAAAAAAAA/AMZuuckpyYFgxzJKAZ8Dif2FseOfaOlvyQ/photo.jpg,"O melhor jogo para se jogar sem pressa, a longo tempo voce consegue ficar mt forte sem gasta dinheiro, muito bom",5,0,1.39.01,2020-05-29 10:57:22
95,Jose Luis Knorst,https://lh3.googleusercontent.com/-8zUFMooKCzw/AAAAAAAAAAI/AAAAAAAAAAA/AMZuuclCx-Dz0nSMofRQFRSgh8uqDB22mw/photo.jpg,"Bonito, mas um jogo é bom quando você joga pelo menos de 2 a 3 meses free e ele lhe da real experiência sem gastar 1 centavo para poder jogar, e então poder investir no game, porem como todo jogo mobile até agora sem você gastar, você não faz nada, obrigado pela experiência.",2,3,1.34.02,2020-03-14 01:14:02
96,Michel Caurio,https://lh3.googleusercontent.com/a-/AOh14GhLgrlsOzDBEwzhhnMM5QFSSfjoBc4PmtVjuE_q1g,"O jogo é muito bom! Tem muita coisa bacana, além de sempre estar atualizando heróis e dos prêmios que ganhamos nas missões. Só tenho uma sugestão: poderia voltar a ter a guerra das guildas, ou alguma missão de guilda para todos os players realizar juntos.",5,4,1.36.05,2020-04-15 10:26:12
97,Bruno C. Espringman,https://lh3.googleusercontent.com/-82zTDmqoDjw/AAAAAAAAAAI/AAAAAAAAAAA/AMZuucmYkU9Qow6HinFHtTlvsynpet_CFw/photo.jpg,"Preços absurdos para aquisição de personagens exclusivos (valores abusivos na minha opinião); desbalanceamento crítico; personagens luz e trevas muito difíceis de adquirir e evoluir; estagnação por dias, ou até meses, ante a demora que se tem para upar e adquirir recursos; etc. Como pontos positivos: apresenta gráficos bonitos, personagens interessantes e jogabilidade atraente, só. Não acho que vale o investimento.",1,2,1.35.01,2020-04-12 16:10:08
98,Dani daniel,https://lh3.googleusercontent.com/a-/AOh14GgiOBTbo5zurPDiWI4AI4GJOnByZDbAWET_4xu0dA,"Eu Atualmente estou gostando bastante, espero melhores atualizações para ajudar os jogadores comuns ao longo do jogo, Para que mesmo o jogador comum tenha com o tempo e esforço prestígio semelhante aos que pagam por vantagem, agradeço a experiência desse belíssimo jogo, MUITO OBRIGADO DESENVOLVEDORES E PESSOAL DO SUPORTE",4,3,1.35.01,2020-03-31 17:21:55
99,Simey Jesus,https://lh3.googleusercontent.com/-erc00uJXs5g/AAAAAAAAAAI/AAAAAAAAAAA/AMZuucleVXSiUnGq_WGJjPDTn8YpqhHfzw/photo.jpg,"Ótimo jogo !! Estou dando 4 estrelas pois sei que vocês tem potencial para que o jogo fique ainda melhor...tragam mais personagens, coloquem um modo offiline onde os jogadores possam passar o tempo, ou até mesmo ajudar no progresso dos personagens, mas nada que interfira muito. Que seja como um bônus. Mais o jogo em si é brilhante !! Talvez o melhor idle rpg que existe... parabéns aos desenvolvedores.",4,2,1.35.01,2020-04-13 23:01:32
