,userName,userImage,content,score,thumbsUpCount,reviewCreatedVersion,at
0,gabriel kobryn,https://lh3.googleusercontent.com/-VH34DK06nug/AAAAAAAAAAI/AAAAAAAAAAA/AMZuucmDwOg0z9Ik-CJaHq-hIk2C4lJ8GQ/photo.jpg,"Ótimo. A mistura de transformers e angry birds q vocês (criadores) aplicaram, combinou perfeitamente. Os graficos sao bonitos e a mecanica divertida. E por favor adicionem ao jogo o dinobot Scorn, e se vocês fizerem, eu pesso que seus disparos sejam um feixe de energia reto e rodeado de raios, e cada raio acerte um deceptporco, e o feice principal, ao chegar no alvo, cause uma grande explosão. E façam com q o feixe principal seja semelhante a algum ataque de dragon ball. A cor do feixe amarelo",5,10,2.2.2,2020-05-29 21:32:44
1,Ariel Augusto,https://lh3.googleusercontent.com/a-/AOh14Gj-mjTc5GnAaBBWmXlZwjctSz7cdovMjHjXnxox,"Olá, so queria dizer que voces precisão fazer de alguma forma os robos gigantes( como menasor por exemplo) se moverem mais rapidamente porque é muito chato ficar a esperar o tempo todo para aquele robô lento andar todo o campo de batalha e nem conseguimos desviar dos robos morteiros, minha sujestão é colocarem um botão que o faça mover mais depressa correr por exemplo seria otimo voces tomarem esta consideração. OBRIGADO.",2,195,2.2.2,2020-05-28 07:35:15
2,vítor lucas BR,https://lh3.googleusercontent.com/a-/AOh14GjJ5GQglE_esXSHye4-ZlmL7px_ha86Vs1Uc7AcOQ,"Esse jogo é tão bom q muitos dos meus amigos jogam, eu queria comentar outra coisa eu so consigo subir de nivel quando melhoro os transformers era para os jogadores ganharem XP quando comprasem acessórios e ao fim de torneios.",5,4,2.2.2,2020-05-30 22:08:14
3,Leandro Santana souza,https://lh3.googleusercontent.com/-B5XbsJUEnWQ/AAAAAAAAAAI/AAAAAAAAAAA/AMZuucnbJ44b9ESFAknyc7P5NYmQhihFVw/photo.jpg,O jogo e muito bom mas as areas e os diamantes estao caros demais abaixem o preço estamos em pandemia Agora quando chega numa certa fase temos que comprar as areas para evoluir no jogo.,5,14,2.2.2,2020-05-28 23:21:46
4,Fabiana Alvesantos,https://lh3.googleusercontent.com/a-/AOh14GgURKLXopgym0UozqwkVS957t5F1tU9hz3igGdFMeY,"Desde que criaram o jogo, eu tenho gostado, é um excelente passatempo! Porém, essa recente atualização deixa a desejar... Está mais difícil adquirir fagulhas, nas missões fáceis, médias e difíceis quase não vem jóias, só as novas pedras... Não tem mais a espiral do Shockwave , durante a atualização os acessórios que estavam avançados, ficaram em grau 1, que é o mais fraco. O jogo está trapaceando com tudo isso, pois eu estava muito bem, agora fiquei frustrada! Disparos pen não anulam torres.🤬",4,225,2.0.8,2020-04-30 22:05:33
5,Noemy e Gukase1 Silva Sakaue,https://lh3.googleusercontent.com/a-/AOh14GigVbc07L8b_LNe2hCyWIJPGtBhinn9DRUerbkX,"O jogo em si é muito bom,jogo desde o inicio do ano passado,só que o único problema que o jogo tem são os energonicons. Alguns estão bugados como o que paralisa,no gral 1 ele não funciona eu chego perto e não paralisa,já no gral 2 ele funciona perfeitamente.Eu gosto de usar ele,então pelo amor de deus atualize ele pra que seja qualquer tipo de distância.",4,160,2.0.8,2020-04-15 10:04:31
6,Marco Antonio Pereira Rondon,https://lh3.googleusercontent.com/-Qu8HrIKpZzc/AAAAAAAAAAI/AAAAAAAAAAA/AMZuuclmkNvqd0LphM8kmwogQpMnxZZIfg/photo.jpg,"Foi legal, os gráficos e a jogabilidade estão muito melhores do que antes. Mas os controles estão muito ruins e podia pelo menos ter uma história. Fica a dica pros desenvolvedores.",5,0,2.1.1,2020-05-26 12:27:58
7,Julio Bernardo Ferreguetti Junior,https://lh3.googleusercontent.com/a-/AOh14Gg7tWQZXOxVOmbSgijHLXS9iYDzkTn0wQszDpdRwhg,"Muito ruim, horrível... Estragaram totalmente o jogo Diminuíram a quantidade de prêmios, ficou muito difícil conseguir materiais pra fazer upgrades, criaram coisas pra obrigar os jogadores a passar o máximo de tempo possível jogando, não levaram em consideração que muitos fãs e jogadores não têm todo esse tempo disponível. Acabaram com espiral do shockwave. Me sinto lesado, pois até o que já os energonicos voltaram ao estágio 1. Estou extremamente insatisfeito com o jogo do jeito que está.",1,564,2.0.8,2020-04-23 00:42:59
8,Maria Lurdes,https://lh3.googleusercontent.com/-gV3ZBJeXcOw/AAAAAAAAAAI/AAAAAAAAAAA/AMZuucnNAy5fiopAxk3ZTg9RKyVqKgbl3g/photo.jpg,"Muito legal, tem vários personagens, uma experiência incrível, olha desta vez a Rovio se superou, um jogo muito incrível com várias atualizações e parabéns Rovio a jogabilidade é muito boa gráficos muito bons e, é, é incrível não tem nem o que dizer sobre essa obra-prima.",5,40,2.1.1,2020-05-17 16:17:06
9,Um usuário do Google,https://lh3.googleusercontent.com/EGemoI2NTXmTsBVtJqk8jxF9rh8ApRWfsIMQSt2uE4OcpQqbFu7f7NbTK05lx80nuSijCz7sc3a277R67g,"É um jogo incrível! Gostei muito da última atualização. Aumentar a dificuldade foi genial, isso deixa o jogo mais desafiante, diferente de antes que de 20 partidas no máximo 1 você perdia. Fora alguns bugs, está bem melhor agora.",5,63,2.1.1,2020-05-13 17:00:00
10,m Ꭿ Ꮏ Ꮒ Ꮛ Ꮜ Ꭶ,https://lh3.googleusercontent.com/a-/AOh14GjfMndfjBwtSx89JIB8ZtAY9H1eFZAVbOnATaDNYA,"Gosto muito desse jogo jogo a muito tempo em varias contas ... mas na ultima atualizacao começei a odiar , por causa de varias coisas , os assessórios mudaram tudo nao consigo usar mais os acessórios 3 estrelas , nao sei porque , n tem caixas gratis, as novas pedras ... ru gostava muito das ultimas era mais legal ficou tudo muito confuso , e no laboratório ficou muito pior n sei se a galera ai vai querer tambem q volte ao normal como era antes ... por mim pode ser",3,97,2.0.7,2020-04-08 14:11:55
11,Luiz Henrique Barros Nunes,https://lh3.googleusercontent.com/a-/AOh14GggO_hjwdi9RKJjlZLXWLXh2uNpCm7dz9uXKSEO,"Depois da última atualização o jogo ficou horrivel, a torre que dava prêmios todos os agora não é mais assim, os prêmios diários que no último dia dava 30 diamantes agora é só 10, todos os meus bonecos que evolui a anos retrocederam e perderam poder e os novos itens tem alguns que não aparecem nunca. Está péssimo o jogo infelizmente, tentaram melhorar mais fizeram besteira.",2,49,2.0.5,2020-03-27 14:46:22
12,Francisco Pinto,https://lh3.googleusercontent.com/-veSQ3U_UbMk/AAAAAAAAAAI/AAAAAAAAAAA/AMZuuckCqWQk7udig0fe46PD7GJbA7dm9Q/photo.jpg,"O jogo é perfeito. Belos gráficos, bela jogabilidade, nada de bugs é simplesmente incrível. Tinha jogado o jogo à um tempo e chegava uma hora que o jogo ficava chato e repetitivo. Mas agora com passe de batalha, a fagulha e alguns eventos especiais o jogo está vom de mais",5,145,2.1.1,2020-05-02 09:15:36
13,Samuel Ribeiro,https://lh3.googleusercontent.com/-OFBQADWhfos/AAAAAAAAAAI/AAAAAAAAAAA/AMZuuclSKZ-D6Cw8FHhDb0A4HdvOiFKFwA/photo.jpg,"É um jogo ótimo, com riqueza de detalhes a Trasformes e Angry Birds. A jogabilidade dele é muito bom.",5,14,2.2.2,2020-05-26 21:38:23
14,Fabio k,https://lh3.googleusercontent.com/-nLSFO0v9mF4/AAAAAAAAAAI/AAAAAAAAAAA/AMZuucnswiDd91NR4rzGWY1veRSCpgQgAA/photo.jpg,"Depois desta última atualização ficou mais difícil conseguir moedas e é necessario fazer upgrade em tudo. O jogo nos força a ficar mais tempo jogando ou somos obrigados a comprar cristais e gastar dinheiro. As propagandas também são muito cansativas, sendo q poderiam durar menos.",1,42,2.0.3,2020-03-27 01:12:47
15,Um usuário do Google,https://lh3.googleusercontent.com/EGemoI2NTXmTsBVtJqk8jxF9rh8ApRWfsIMQSt2uE4OcpQqbFu7f7NbTK05lx80nuSijCz7sc3a277R67g,"melhor jogo de angry birds com graficos 3D que mais gostei,mas eu estou com uma duvida!Eu completei o passe,eu estou no nivel 50 e disseram que eu iria ganhar o passe de graça e não ganhei! O que caonteceu? E o que é o melhoramento instantaneo no passe?",5,25,2.1.1,2020-05-08 08:34:44
16,José claudio claudio,https://lh3.googleusercontent.com/-20lyPEyEpYE/AAAAAAAAAAI/AAAAAAAAAAA/AMZuucmSWpCbFlAYZuOCwKYV5pc6P7fcCw/photo.jpg,"Jogo show, da hora, gosto demais. Mais uma pequena observação, nos jogadores jogamos muito pra subir nível nossos personagens, aí vocês vem do nada e deixa há gente, igual quando começamos. Não sei de quem foi essa ideia, mais pra mim, foi um erro enorme, mais eu espero que volte tudo ao normal logo, por que tá chato jogar desse jeito.",5,24,2.0.3,2020-03-29 11:22:58
17,Saul Reis,https://lh3.googleusercontent.com/a-/AOh14GgaMVbRnn0QZr42KUPqv89DaI9En6SBIpSpXlFYtw,"Perdi meus mais de 60 jogadores tds evoluídos quero de volta! Comecei do zero, isso é desonesto como vcs vão resolver meu problema? Eu tinha mais de 11.000 diamantes não tenho nem 500 mais quero meu jogo no nível em que estava! Fiquem com os diamantes devolvam meus jogadores....",1,17,2.1.1,2020-05-15 01:14:49
18,alex schwantz.10,https://lh3.googleusercontent.com/a-/AOh14Ghkq3kyKGm1GWsrT8SHXmfmCs836Gc9qz9iPGjm,"O jogo é incrível bem feito, bem planejado.Eu adoro seus jogos Rovio por isso eu acho que não a nada mais legal do que misturar transformes com angry birds. Novos pássaros, com poderes diferentes. Eu só comparo esse jogo com o PK XD e ele tá no #1 top gratuitos então nem me diga melhor jogo do mundo .Adoro angry birds tranformes sempre adorarei",5,11,2.0.8,2020-04-26 07:44:20
19,Natalia De Castro Da Silva,https://lh3.googleusercontent.com/-snyUa7b-lGo/AAAAAAAAAAI/AAAAAAAAAAA/AMZuucmdavZ-2tSSuYwSoC5xH_ipJhSkNA/photo.jpg,Esse jogo é ótimo mas eu acho que énada a ver as pessoas fica falando que a última atualização foi foi inútil por que só para você ver tem vários prêmios jóias personagens e muito mais o melhor é que eles colocaram um personagem novos eu gostei da última atualizaçãoeu só tenho uma coisa a cidade como que faz aquele passa primer Alguma coisa assim vale a pena baixar esse jogo esse jogo é ótimo para mim poderia ser um milhão de estrelas,5,53,2.1.1,2020-05-02 14:37:53
20,MJ gamers,https://lh3.googleusercontent.com/-U04sqIo8icM/AAAAAAAAAAI/AAAAAAAAAAA/AMZuuckPlAIssTB9qiztmcvH6dPrzc_iIg/photo.jpg,Oi eu esta jogando quando o jogo começou a rodar lento porfavor ressouvão isso eu agradesso muito e tambem agradeço se vocês não poderem vou dar a marca do meu Android é j4core vejãom se e normal rodar lento no meu selular,4,0,2.2.2,2020-05-28 10:27:25
21,josé carlos mendes,https://lh3.googleusercontent.com/a-/AOh14GhCI6Lcb3tFmR5ZVMqqKUJqnMUbqZ3tHi9cBxNRrw,"Mais uma nova atualização do jogo angrybirds Transformers no dia 01/04/2020 o jogo reiniciou do zero, do nível 341 que eu estava foi para zero novamente, eu tinha todos os acessórios para chamar para as batalhas e fiquei sem nenhum até às compras que eu tinha com moedas sumiram eu tinha Transformers no nível 15 e sumiram. Todos a cada atualização o jogo fica pior eu estou perdendo a vontade de jogar e sempre entro no jogo logado no meu face para poder salvar e continuar a jogar mas tá horrível.",1,61,2.0.7,2020-04-05 01:09:51
22,Enzo Grangeon,https://lh3.googleusercontent.com/-JA852ccxxUo/AAAAAAAAAAI/AAAAAAAAAAA/AMZuucmN26B-AsAZbXRBj8a1eG2nwa8HBg/photo.jpg,"Adorei, achei o jogo ótimo, mas bem que poderia comprar gema com moeda e porco. Eu tenho os Transformers telepods mas a câmera do celular não fica no meio, poderia fazer uma atualização com ajuste da posição da câmera.",5,11,2.0.5,2020-03-31 15:56:34
23,Gustavo de Magalhães,https://lh3.googleusercontent.com/a-/AOh14GiLtPFPOMzsLG-Vd2PGZxuOoihWO9pp6yUdDJd5sQ,"Jogo ótimo,mas ele trava alguns celulares,eu jogava num Tablet e travava,mas agora tenho um celular,e continua travando. Mas o resto,sem palavras,ótima jogabilidade e sensibilidade. Recomendo,ótimo jogo!",5,9,2.0.8,2020-04-24 13:45:44
24,Lucia Machado,https://lh3.googleusercontent.com/-SBq4GowdqiM/AAAAAAAAAAI/AAAAAAAAAAA/AMZuucmYKimKxIdS_eUQukQLYB0yuS7wBA/photo.jpg,"O jogo é muito bom.eu jogava quando era pequeno e agora tá melhor ainda. mas o PROBLEMA é que tá muito chato o passe- de gerra eu to no time porcos e dai é que só o time dos passaros ganha pontos, e o meu time náo ganha nenhun. por favor tirem o passe de garra eu agradeso muito e vou dar 5 estrelas 😥👍😃",4,7,2.0.5,2020-04-07 14:46:00
25,Gabriel 9.0.4pvp,https://lh3.googleusercontent.com/a-/AOh14Gjaf_GeXhxe1ChQDKA0YNDSRgPS9wX4e8rdG60C,muito bom é otimo demora pra upa de level as vezes mas é otimo fasam mais e mais atualizações,5,2,2.2.2,2020-05-28 22:11:45
26,O Aleatório,https://lh3.googleusercontent.com/a-/AOh14GhusssBuFT7-k_tUZSW-6scGaj5VaddAi8Ej9bBYQ,É o primeiro jogo que joguei na vida eu fiquei viciado quando era pequeno hoje em dia eu voltei a jogar e continua muito divertido mais séria melhor se diminuírem os anúncios mais tirando o jogo continua incrível parabéns,5,0,2.1.1,2020-05-19 13:04:29
27,Ilza Silva,https://lh3.googleusercontent.com/-LK1YtdQL1iY/AAAAAAAAAAI/AAAAAAAAAAA/AMZuucl1wJdZ1lUSiFqIiHMY3-avs-PglA/photo.jpg,O jogo é maravilho os graficos são encriveis mas tem um porem os items de estilos são muito caros eu peço se voces da rovio podem dar uma abaixada no preço por favor mas tirando isao é incrivelmente sensacional!!!,5,9,2.0.8,2020-04-16 15:33:00
28,Eduardo Ortega Ortega,https://lh3.googleusercontent.com/-1WcjQBWz0Hg/AAAAAAAAAAI/AAAAAAAAAAA/AMZuucm0T5noUPeQGNvqZl-j6sjxEhwTQA/photo.jpg,Muita mesmisse não muda nada muda os pássaros muda as fases continua a mesma coisa pra que ter poderes ou levar um comparsa se possui botão de auto tiros contínuos então não adianta levar um parceiro ou ter poderes se ele faz tudo sozinho todas as fases é a mesma coisa fácil matar os inimigos não fica um pouco difícil aí não tem graça o jogo tá muito infantil,1,13,2.0.7,2020-04-08 15:03:40
29,Eraldo Rezende,https://lh3.googleusercontent.com/-pQyySVtwxI4/AAAAAAAAAAI/AAAAAAAAAAA/AMZuucmwiv-QjcTqTk_9uwevIPFrEHMiPQ/photo.jpg,"Os gráficos, a dificuldade deichan o jogo mais desafiante",4,0,2.2.2,2020-05-29 15:22:30
30,Jefferson124567869790789 salve2457,https://lh3.googleusercontent.com/-7czA6meSEyU/AAAAAAAAAAI/AAAAAAAAAAA/AMZuucmb3bQCS0cfYGUQ-lT4DUlLtAVEUA/photo.jpg,Jogo muito bom mas ficar de novo de novo de novo para desbloquear novos equipamentos para jogar do jogo de botar muito legal mas caso não vou aí para a gente jogar em outros equipamentos em velho vai ter outro mapa de jogar não é para fazer não é,5,11,2.0.6,2020-04-03 18:16:57
31,Sara Jardim,https://lh3.googleusercontent.com/a-/AOh14Gg9roNviqJSEJmxxNnWyTAqP3BRBWl-oNMZGC1N,"Adoro, cheiro de infância , claramente tem alguns bugs, como para no meio do jogo, mas é antigo e até compreendo. Amo",4,3,2.1.1,2020-05-08 21:10:38
32,Gilberto Reis,https://lh3.googleusercontent.com/-4vgc4OBWn2g/AAAAAAAAAAI/AAAAAAAACXs/AMZuucnjOhm1F9H-vw7BbUHqKiIBGYw4fw/photo.jpg,"Depois da última atualização, impossível fazer upgrades dos personagens e as missões impossíveis tbm. Só se ficar jogando o dia todo pra conseguir as missões. Não vou desinstalar. Mas parei de jogar",1,32,2.0.8,2020-04-14 15:31:23
33,Roberto Herbster,https://lh3.googleusercontent.com/-1wI-zyDn0c0/AAAAAAAAAAI/AAAAAAAAAAA/AMZuucmUsWk5ykdA2t56q2A_zUECJDkdfg/photo.jpg,"Mais dificuldades para alcançar os objetivos, e menos falhas no jogo. Eu ainda gosto muito.",3,0,2.1.1,2020-05-27 20:53:03
34,Gabriel Seixas,https://lh3.googleusercontent.com/-JPazEZZwut8/AAAAAAAAAAI/AAAAAAAAAAA/AMZuuckVRnFnDO3fSJiJr-4oSyH1gL8Nrg/photo.jpg,"Esse jogo é muito legal juntando duas coisas que eu gosto muito,Angry Birds e Tranformers,Esse jogo foi muito bem feito na minha opinião,eu instalei mês passado estou no nível 121 e pretendo zerar curtindo o jogo,desejo que esse jogo melhore cada vez mais,muito obrigado por criar esse jogo Rovio!!",5,22,2.1.1,2020-05-01 22:09:07
35,Juliano Rocha,https://lh3.googleusercontent.com/a-/AOh14GiUuyQnv9ZPq3ndsbIB92OoYRZ61Jw4h13xpyMv,"Empresa Rovio Carinhosamente eu queria agradecer por terem atendido a minha resenha e atualizarem o jogo. Eu não quero dizer que a atualização não ficou boa, mas que o presente que vocês me deram não foi igual àajuda que eu dei nessa atualização. Sem dúvida ela foi a melhor! Eu achei muito legal o presente que vocês me deram,mas acredito que mereça mais. Não quero ser ganancioso mas.. Que tal o Pass da temporada gratuita?(Aliás foi tecnicamente eu que fiz ela) digam o que é nescessário para isso",5,7,2.0.5,2020-03-31 22:00:52
36,Rodrigo Gentili Habib,https://lh3.googleusercontent.com/-_YbVjlRP2Yo/AAAAAAAAAAI/AAAAAAAAAAA/AMZuucm5EqdVlFMXoObUwWftHvKcngVwyA/photo.jpg,Muito bom esse jogo só tem um único problema Quando eu reinício automático o meu celular ele pede minha conta novamente diferente dos outros jogos aí ele esquece tudo que eu tenho aí eu preciso recomeçar tudo de novo,4,4,2.0.8,2020-04-20 10:36:02
37,Joao Izacc Tavares,https://lh3.googleusercontent.com/-pvIeFPmsIpE/AAAAAAAAAAI/AAAAAAAAAAA/AMZuuckEnyz99gHQrhzKnJSXUehKxeBn6A/photo.jpg,"Esse e muito legal mais está faltando alguns combainers como bruticus,defensor,victorion,compultron,abaminus,predaking,vulkanus esses são os combainers que estão faltando para esse ficar ainda melhor.",5,0,2.1.1,2020-05-21 19:05:24
38,Ana Luica Santos Freitas,https://lh3.googleusercontent.com/-nnQ_ciQVjlU/AAAAAAAAAAI/AAAAAAAAAAA/AMZuucmWZjbAGnowUoYXYS7PsRKhFB1cxw/photo.jpg,"O game é muito bom, por isso dou 5 estreitas. Também dá para desbloquear personagens! Jogue e vc verá que é muito legal.",5,4,2.0.8,2020-04-21 22:20:39
39,TØBI,https://lh3.googleusercontent.com/a-/AOh14GiRz8tjzXdgprHKMJNY1Z9iiShQ2rud4qH2y_tOiQ,"Ótimo,porém é muito difícil e desanimador de evoluir no game,e ele não salva os dados na nuvem oque é muito ruim",4,0,2.1.1,2020-05-21 13:01:43
40,Joel neto,https://lh3.googleusercontent.com/a-/AOh14GgtTn1Wrggg_A4HpyAcAd5T1M2Agvl6JUtVJGxbzw,"O jogo em si é ótimo, eu amo os jogos dos Angry Birds, mas, ele tem um problema, o jogo fica travando quase o tempo inteiro, eu estou jogando no Moto G8 Plus, e acredito eu que o poder de processamento é perfeitamente capaz de rodar este jogo sem grandes problemas. Espero uma resposta do ""porque"" o quanto antes.",2,3,2.0.8,2020-04-23 14:05:06
41,Felipe gamer pro,https://lh3.googleusercontent.com/a-/AOh14GjcZIO65xNfV6ogXaAH65mfEVA6krd499je1yYDQQ,"Olha eu ainda gosto , mais essa atualização da guerra deixou o jogo impossivel , jogo te dá menos chances de fazer upgrades te dá menos recompensas diárias , etc.",3,2,2.0.8,2020-04-14 07:55:13
42,Edu TV,https://lh3.googleusercontent.com/a-/AOh14GiHeUQIa578iX8ACkk0HoBRwMp1IG4O4JVakSyAGg,ESSE JOGO É PERFEITO! Infelizmente não consegui recuperar meu progresso mais eu recomendo muito! Só precisa estar online pra jogar eventos.,5,6,2.1.1,2020-05-01 08:39:36
43,Marcos Bispo,https://lh3.googleusercontent.com/a-/AOh14GgBg-1IHnMfrk5m1Q7X3C_3VkU3vxvcMhm4B43S,"Meus transformers estavam com 15 % de poder,atualizei e perdi ttodos os transformers,por gentileza retornem com meus transformers,vou ter que comecar tudo de novo.adquirir os mesmos transformers que eu ja tinha ? Se for assim desisto do jogo.",2,8,2.1.1,2020-05-17 13:15:40
44,Carlos Andre Alexandre,https://lh3.googleusercontent.com/-wwdhMR69xr0/AAAAAAAAAAI/AAAAAAAAAAA/AMZuucmmnm2gvoHd_XF55Jhx7YMtHY318g/photo.jpg,Oi eu queria pedir ajuda a desenvolvedora do gamer e porque na hora de batalhar os gráficos fican desfocados e tudo vão lento devagar os carros vai devagar eu lembro ano passado eu joguei ele e era tudo rápido normal então eu pesso por favor me ajudem,3,5,2.1.1,2020-05-02 10:56:02
45,Patrícia Machado de oliveira,https://lh3.googleusercontent.com/a-/AOh14GgpBv3hwvPER2SaFQBtW33PYHqAjAI8pGmgZ3oUHg,"Tenho gostado desde que instalei ele,quando ele foi criado.Mas agora parece que os upgrades custam mais e é mais difícil de ficar vivo em algumas missões",3,1,2.1.1,2020-05-08 13:51:44
46,Jessica Solarski,https://lh3.googleusercontent.com/-5wZAotrkRIQ/AAAAAAAAAAI/AAAAAAAAAAA/AMZuucmiGK4NcvuaqXX-Cz32UDkyxR8Rsw/photo.jpg,Seria bom que as bolas de lava das Torres Monteiro não nos atingir sem com facilidade daí a gente conseguiriase transformar em carro só que ela sabe quando a gente vai estar aí elas explode nós pesso que concerten,5,0,2.0.8,2020-05-31 12:23:51
47,Marcos Borsari,https://lh3.googleusercontent.com/a-/AOh14Ghy40Y7B8hwvv9LvqME7egp-JSGjuEALsFhatRwTbU,Tenho 300 mega de internet e meu jogo não acessa mais as disputa on line. O que dizer ?,1,2,2.1.1,2020-05-24 19:46:15
48,Guilherme Oliveira Delfino,https://lh3.googleusercontent.com/-Dobqmxz4R-A/AAAAAAAAAAI/AAAAAAAAAAA/AMZuuckv6sUFn01cAhRtpwJKlm-JGxaVOA/photo.jpg,"O jogo está muito bom! Só poderia colocar mais robôs, outros mundos e alguns robôs lendários de ouro.",5,2,2.1.1,2020-05-13 13:19:37
49,Eduardo Brocco Bezerra,https://lh3.googleusercontent.com/-IJKvAHximDc/AAAAAAAAAAI/AAAAAAAAAAA/AMZuucni8uEqtveM3RBEpM-DflevYG1oxg/photo.jpg,Só passa do já só pq eu já só em me em essa só tô ia do já ela qualquer coisa do que eu ganhei o sprout eu não sei se inscreve no meu celular e não tem como não ficar sem dinheiro e não vai dar certo sim é o seu número e o número do meu pai pra vc e sua folha de,5,0,2.1.1,2020-05-29 13:59:17
50,Rachel Ferreira,https://lh3.googleusercontent.com/-j6s9rFwmR7c/AAAAAAAAAAI/AAAAAAAAAAA/AMZuucn0bZ_JHtrvUoTBLsbmKPDCYP6k6w/photo.jpg,"Muito legal esse jogo. Instalei pro meu filho que ama os Transformers, mas quem se apaixonou pelo jogo fui eu. Fico brigando pra ele não gastar o dinheiro do jogos errado kkk",5,2,2.0.8,2020-05-01 13:17:07
51,Thomaz Pieruccetti,https://lh3.googleusercontent.com/-MTqIzJGkHsg/AAAAAAAAAAI/AAAAAAAAAAA/AMZuuckCwXKzjCVpH0o9BVkdb6vxrVcipQ/photo.jpg,Mano bem legal o jogo tem vários personagens e cada um deles tem a jogabilidade bem diferente o que é bem legal gostei do jogo recomendo mas infelizmente as vezes não dá para mirar bom esse é o único erro para mim,5,4,2.0.8,2020-04-12 17:02:55
52,Arthur Diolino Garcia,https://lh3.googleusercontent.com/-zDGTVSOjTEM/AAAAAAAAAAI/AAAAAAAAAAA/AMZuuckhI0ZrNxPwYxatqvtJsorWkMIqQA/photo.jpg,Eu amo esse jogo! Mas eu gostaria que vocês deixassem mais fácil pegar porcos-morcegos e que salvasse as fichas de eventos anteriores! Aí eu darei 5 estrelas!,4,2,2.0.8,2020-04-12 12:47:38
53,Isaque Maia Games,https://lh3.googleusercontent.com/a-/AOh14GgSVUscF0PyU6PZEDpm7nV2yaByLXuMQ5Olo3AIhA,"O jogo é bem legal, só que algumas coisas não tem sentido, como o fato do grinlock não fazer parte daqueles robôs gigantes.",5,0,2.1.1,2020-05-27 10:12:33
54,CORVO BR,https://lh3.googleusercontent.com/a-/AOh14GjVq3MEWxrVhuflNBpuauQgTmabDn8AdHvxkyEAng,"Jogo sensacional,os graficos,os tranformers tudo muito bem feito parabens rovio!!",5,0,2.1.1,2020-05-18 07:40:41
55,Wirla Lima,https://lh3.googleusercontent.com/-RzeqUWgXX_s/AAAAAAAAAAI/AAAAAAAAAAA/AMZuuclT5fzhcGFJzK7PU4EoQZPHe2bKug/photo.jpg,Muito legal!!! Eu adorei.:-) quando eu tinha 4 anos eu sempre jogava eu me divertia sempre agora parece que agora eu tenho 4 anos e agora to jogando mas to dijitando,5,0,2.1.1,2020-05-15 17:57:29
56,Filipe Lipe,https://lh3.googleusercontent.com/a-/AOh14Ghxn8yqmq0W077LwETfpN9MGNYC5AdHlKPBnUGIwg,Jogo muito bom gráficos excelentes jogabilidade fácil não tenho nenhuma reclamação pra fazer,5,1,2.1.1,2020-05-13 23:46:01
57,corvo urubu,https://lh3.googleusercontent.com/-Lav-xCAILq4/AAAAAAAAAAI/AAAAAAAAAAA/AMZuuckaEXgzPwuumnlyD31x-4PdvlOjGQ/photo.jpg,O jogo é bom os gráficos tambem mais ele enjoa rapido mais eu continuo jogando eu recomendo para todo mundo que esta lendo isso,4,1,2.0.8,2020-04-10 13:40:37
58,cyber craft,https://lh3.googleusercontent.com/-Gx9f-CZK048/AAAAAAAAAAI/AAAAAAAAAAA/AMZuucn7iJ6NEuGUhObankI4D1ZUMJBsRA/photo.jpg,Muito bom porem o jogo e um pouco lento mas fora isso e muito bom!!,4,3,2.1.1,2020-05-06 09:27:59
59,Vinicius gamer,https://lh3.googleusercontent.com/a-/AOh14GgEWAXvhusuRhFia_2I6u1xsJGO9fMHt0OCZLYh-g,O jogo é muito bom mais os item de personalização são muito caros!!. Porfavor baixem os preços na próxima atualização.🙂👍🏼👍🏼,4,2,2.1.1,2020-04-29 19:43:38
60,Andreza Gonzaga,https://lh3.googleusercontent.com/-tKiWJdETDoQ/AAAAAAAAAAI/AAAAAAAAAAA/AMZuucmS75aEE2guy2LTmlLJ5eqrr4wunA/photo.jpg,É muito bom e vale a pena. Estou nesse jogo para colecionar bots,4,1,2.0.8,2020-04-10 16:19:08
61,Herdjania Lima,https://lh3.googleusercontent.com/-B8R83xWCUZ0/AAAAAAAAAAI/AAAAAAAAAAA/AMZuuclwmAG-FtQdvl_eAYAdqAOrt8mUyQ/photo.jpg,"Amoooo o jogo. Mais me encomodo com as atualizações, sou de nível baixo no jogo e apareceu um chefão de uma vida imensa e que a gente n consegue matar! Ainda mais iria adorar o jogo se ele voltasse a ser como a versão de 2015, simples, rápida e legal. Os negócios de passe de batalha são muito injustos! Sou da equipe dos porcos e sempre perco. Se melhorarem isso volto e dou 5 estrelas enquanto isso vcs só merecem duas! 😐⭐⭐",3,2,2.0.7,2020-04-20 15:54:43
62,Alexsandro Silva,https://lh3.googleusercontent.com/-8OTgJr4-YaA/AAAAAAAAAAI/AAAAAAAAAAA/AMZuuckJZwWAfdF4TQ0ETAhURD9F4yh1LA/photo.jpg,Otimo jogo ele tem hora ta incrível a velocidade e ai desaselera mas tirando isso é um otimo jogo so trava um pouco,5,0,2.1.1,2020-05-15 15:00:55
63,Davi Arruda,https://lh3.googleusercontent.com/-1kLnXWKJ8Lo/AAAAAAAAAAI/AAAAAAAAAAA/AMZuucm27vMn9yrUuZ5ymlvhDDoFQurrKA/photo.jpg,Esse jogo é muito legal com exceção dessa última atualização ficou muito ruim muito difícil menos prêmios a qualidade do jogo ficou muito ruim .,4,0,2.0.8,2020-04-30 14:42:02
64,Lucas cat red,https://lh3.googleusercontent.com/a-/AOh14Giwbas7e2icaN4qCPszzTIzEpccDkGQx5_UfPrN,"O jogo ficou muito ruin, ganancioso depois desse passe de batalha e tbm ta muito caro us$17,99 aqui no Brasil e rs$93,48 eu sei que vc tem que pagar para ganhar mas pó tá muito caro por favor resolvem isso e deixa mais barato eu imploro",1,2,2.0.6,2020-04-01 11:24:17
65,Cida Alves Santos,https://lh3.googleusercontent.com/-dEmlt7Oslkk/AAAAAAAAAAI/AAAAAAAAAAA/AMZuuckPJkb48Y2xBno-PNPXpUgNYqDTjg/photo.jpg,"O jogo é bem legal ja alcansei o nivel 200,eu queria que desse pra desbloquiar mais trasnformes sem os eventos mais mesmo assim o jogo é muitolegao",1,26,2.0.8,2020-05-01 00:16:42
66,MDT TUNING,https://lh3.googleusercontent.com/a-/AOh14Gizq28b0Zsokxqi_Xj1AZujhC4c97LnOr6Fm6S9xQ,"Acabaram com o jogo com a troca de engrenagens para diamantes, não dá para entender nada , voltem a deixar como estava , está horrível",1,10,2.0.6,2020-04-04 11:48:12
67,Luciana Vieira damaceno,https://lh3.googleusercontent.com/-ybXWt3VE3Qo/AAAAAAAAAAI/AAAAAAAAAAA/AMZuucnwWAi4S8RneOE1j9fDxuEKs98jXw/photo.jpg,"O jogo é muito bom recomendo, mas tem uma coisa deveria ser um pouco lento o bublube",4,2,2.1.1,2020-05-04 13:37:29
68,José Victor Saturnino Silva,https://lh3.googleusercontent.com/-xSUKkAvX0A8/AAAAAAAAAAI/AAAAAAAAAAA/AMZuuckHvb5BElPMN7DvUoPfJ7KdgmQrsQ/photo.jpg,Dou 4 estrelas pois esse jogo é ótimo Mas não 5 porque toda vez que desinstalo perco minha conta do jogo eu ( só cocnectei no Facebook e nuca mais perdi minha conta),5,3,2.0.3,2020-03-27 18:46:11
69,Lilian Rodrigues de Oliveira Rodrigues de Oliveira,https://lh3.googleusercontent.com/a-/AOh14Ghb9ELrsyY9oF24Qtzze6Om1EhnyvQb2_-gqq_h,Esse jogo é muito bom eu estou gostando de jogar ele tem muitas coisas boas dele nós vamos tanto violento assim transformação,5,0,2.0.8,2020-05-31 15:21:17
70,Josue PS,https://lh3.googleusercontent.com/a-/AOh14GhPy0BScKjKdCoaGJGjHJ3ObmyZfL-UX5iM5DK3,"Otimo jogo, mas acredito que a atualizaçao nao deveria ser obrigatoria para continuar a jogar sem ter passado por todo o jogo.",3,0,2.0.7,2020-04-25 04:07:30
71,Ramon Souza,https://lh3.googleusercontent.com/a-/AOh14GhIg4yp4gIIk4mgCWNqewnn-tloaFvmTK78INNwbyQ,Eu tinha jogado a muito tempo e tinha colocado minha conta no Facebook e quando eu desinstalei e instalei de novo perdi todo o meu progresso,1,2,2.0.8,2020-04-11 11:12:28
72,Quesia Passos,https://lh3.googleusercontent.com/-utQTpWA2oNg/AAAAAAAAAAI/AAAAAAAAAAA/AMZuucleh6CYe4yCG8Z0rCeLUbEqOhDoNg/photo.jpg,É muito legal maia so que é muitos porcos para vender para pegar os personaguem e é muito demorado os niveis para evoluir mais o jogo é top,4,0,2.0.6,2020-04-19 11:11:43
73,Joao Lim,https://lh3.googleusercontent.com/-oRap-ucgAzo/AAAAAAAAAAI/AAAAAAAAAAA/AMZuucmd9IV_H5gvRLfGfolX-vH2B-WthA/photo.jpg,É muito bom pela jogabilidade dos autobots mais um defeito podia ser menos upgardes para ganhar novos personagens 😀😀😀,5,0,2.1.1,2020-05-27 15:32:21
74,Juninho Nascimento,https://lh3.googleusercontent.com/-UlxVhkNgpDY/AAAAAAAAAAI/AAAAAAAAAAA/AMZuuckk_DRfI4S_W5i5fyT3-nj-TwTPBA/photo.jpg,Esse jogo é muito bom meus parabéns os gráficos os personagens as histórias os eventos são ótimos estou sem palavras,5,1,2.0.8,2020-04-20 20:18:52
75,Luluzinha Alves,https://lh3.googleusercontent.com/-R0ggtOBuKIg/AAAAAAAAAAI/AAAAAAAAAAA/AMZuucl_6uPzjy6b-gLrtoiJkAZ8ruYSdA/photo.jpg,Muito bom não so os gráficos é muito legal recomendo muito mais vcs deveriam colocar menos coisas pagas mais de resto ta tudo ok 😀,5,4,2.0.5,2020-04-03 22:06:34
76,Katiane Alves Rodrigues,https://lh3.googleusercontent.com/a-/AOh14GhdriWuQyylOXLouydAZvfTtItxVzybpOcMohUQOQ,"É bem legal, o único problema é que quando fiz upgrade no bludegon ele ficou com a mesma 👑",5,2,2.0.7,2020-04-07 11:01:09
77,Adriano Santos,https://lh3.googleusercontent.com/-gqMQshky26U/AAAAAAAAAAI/AAAAAAAAAAA/AMZuuclVoT2n5CS-KTuXMmEnb-AMpk6uag/photo.jpg,"Já joguei este jogo 6 vezes,e vi muita coisa mudar o jeito de andar,nova área,personagens novo e personagens melhorando, atc...",5,2,2.0.7,2020-04-06 19:44:20
78,Dani Dal ponte,https://lh3.googleusercontent.com/-2NpBk1dZyh8/AAAAAAAAAAI/AAAAAAAAAAA/AMZuucnybcg_HSZ_TSfsP_5kowsSBp_0Qg/photo.jpg,Sério que tu que tu pega o personagem e daí ele vai para o céu daí tu Tem que desviar dos porcos eles caindo e tem que tirar vários porcos e também eu mando terrestre se tiver dentro bota mais personagem que eles vão para debaixo da terra de fazer terrestre e fazer meu irmão Vocês podiam não tem que deixar tudo bem pertinho deixa bem longe e tiver 120 final e no final de todas as fases menos menos no começo mas se vocês quiserem botar no começo também pode,5,0,2.0.7,2020-04-07 19:41:54
79,EnzinhoClashON Marques,https://lh3.googleusercontent.com/-1cRMCbt8ce0/AAAAAAAAAAI/AAAAAAAAAAA/AMZuuckFH-71t7LDcfIUDvrGiVxt3tOvzA/photo.jpg,É um bom jogo a junção dos transformers com os angry birds é uma ótima ideia ainda mais que tem vários transformers e isso deixa o jogo bem mais legal,5,2,2.1.1,2020-05-06 13:23:48
80,Samuel Santos,https://lh3.googleusercontent.com/-kAbipBKpc6M/AAAAAAAAAAI/AAAAAAAAAAA/AMZuucmNzQqL55pkYH-lXDNb5vyzrkabBw/photo.jpg,Cara eu jogo isso desde dos 3 anos cara angry birds and robio são os melhores desde a época!!👍👍👌👌👌✌✌,5,0,2.0.8,2020-04-16 14:05:36
81,Leandro br,https://lh3.googleusercontent.com/-1Xye67Dg_CU/AAAAAAAAAAI/AAAAAAAAAAA/AMZuucmZj8PZO3EvEJAHsejQ6b0awWPZ_g/photo.jpg,Muito legal mesmo a jogabilidade e boa as musicas sao boas em si o jogo todo e bom,5,0,2.0.8,2020-05-09 10:59:07
82,o cara aleatório,https://lh3.googleusercontent.com/a-/AOh14GgEDR3YQN3eJVKyagZTJe2nKlNK2BZJ9g1NlFly,Divertido e legal só tô fazendo isso pra não aparece pra avaliar em quanto eu tô no jogo,5,2,2.1.1,2020-04-29 19:17:35
83,gael brawl,https://lh3.googleusercontent.com/a-/AOh14Gj9NeDUZbVhMfDej_NJm9bGcTtzqlFnAzQbL7rW1w,Jogo muito bom vários personagens gráficos ótimos animaçoes ótimas muito bom o jogo,5,1,2.1.1,2020-05-20 00:11:14
84,janete Ju,https://lh3.googleusercontent.com/-7aqDuBazx2M/AAAAAAAAAAI/AAAAAAAAAAA/AMZuuckHGRWghRRtW39NOZ6hkhVow_-_iA/photo.jpg,Gráfico bom só que as veses trava um pouco mas é muito bom eu estou numa fase que não consigo pasar kkkkkkkkkkkkkkkkkkkkkk mas recomendo que jogue ele eu do quatro estrelas,4,1,2.0.5,2020-03-30 12:57:27
85,Kilmen Andriew Nascimento santos,https://lh3.googleusercontent.com/a-/AOh14GiyOs63zzZWgvo-ioOWcka_oEshTzWPhS4VaDXM,O jogo é muito legal porque tem várias opções de personagens e agora que atualização e agora você pode ganhar todos os cristais nas fases,5,0,2.0.8,2020-04-25 22:03:47
86,Álan Damasceno,https://lh3.googleusercontent.com/a-/AOh14GgBqQga0jdOa0s8n7oE0DHJurU2DXR0FpP921vV,"O jogo é otimo,só não dei 5 estrelas porque ele não consegue conectar na internet.",4,0,2.1.1,2020-05-08 10:03:57
87,Yan Campos,https://lh3.googleusercontent.com/a-/AOh14GgW4vWfSr7v9dJwNyvW3n7Qpv5NYzqwu8xN3fPX,Muito bom o jogo os tranformes são variados e muito bom tem não pagar nada,5,1,2.0.7,2020-04-04 22:00:47
88,Francisca Santos Miuda,https://lh3.googleusercontent.com/-OWQgQne5G4A/AAAAAAAAAAI/AAAAAAAAAAA/AMZuuck0RVeC_92GYIjkwS-FHhQShXVV8g/photo.jpg,O jogo é otimo mas os graficos não são os dos melhores,3,0,2.2.2,2020-05-29 09:57:09
89,Marcos Paulo,https://lh3.googleusercontent.com/-lWcHsIxVFJM/AAAAAAAAAAI/AAAAAAAAAAA/AMZuucnALsJeWWHmfL0PYPnNeQxFXZB0DA/photo.jpg,O jogo e muito gostei muito do estilo de jogabilidade e essa mistura de angry bird e transformes foe genial,5,2,2.0.6,2020-04-04 14:00:36
90,Paulo Gomes de araujo Araujo,https://lh3.googleusercontent.com/-tyXfevvRZO8/AAAAAAAAAAI/AAAAAAAAAAA/AMZuuclf_TzhvLmrLQvvZl_d6vKyP7ICSg/photo.jpg,Muito daora e legal alende demorar muito para terminar e tomara que continuem a fazer jogos assim 😄😁😁😁😁*-*#superlegal,5,1,2.1.1,2020-05-01 15:56:02
91,Joao Batista Maurino,https://lh3.googleusercontent.com/a-/AOh14GhpG1BEE356tALYkrTWP3eFmuik78Oa_GxZvMT-vA,Esse jogo é muito bom as personagens os gráficos sério gostei bastante desse jogo e recomendo para muitas pessoas jogarem,5,0,2.1.1,2020-05-10 19:38:18
92,Vitor Hugo Alberto Matana,https://lh3.googleusercontent.com/-j_NVaYvupVg/AAAAAAAAAAI/AAAAAAAAAAA/AMZuucmC80DFmWsrAaKE86cwX76G9yMaaw/photo.jpg,Eu só não do 5 estrelas porque o jogo fica travando não sei se é meu celular mas tirando isso é ótimo,4,0,2.1.1,2020-05-29 12:24:16
93,shadow plays,https://lh3.googleusercontent.com/a-/AOh14Gg1n3pA8VGLyUpmj47Bid72bvOKmT5Sg1DhX1Re5g,Ola rovio estou recebendo devidos bugs ao som do jogo vocês poderiam consertar isso o celular que eu uso é um moto g8 plus de resto está otimo,4,1,2.0.6,2020-04-05 13:42:47
94,Cuphead Lite Magman,https://lh3.googleusercontent.com/a-/AOh14Gj3W_CzMAhraEAN1g3dfhYFdG3K9jExUY8pBWWyBg,angry bords Transformers eu gostei muito desse jogo pode confia gostei muito mesmo melhor jogo do mundo tô subindo de nível ou level muito bom,1,1,2.0.6,2020-04-03 00:40:50
95,Nathan Gabriel Abdalah,https://lh3.googleusercontent.com/-6yktaFivYkw/AAAAAAAAAAI/AAAAAAAAAAA/AMZuucmMWa3xwm2RgA0F_iBB_WePdKK37A/photo.jpg,"Pra mim o jogo ficou melhor do que antes, mas tem algumas coisas que estão faltando como por exemplo a facilidade de ganhar prêmios e cristais",4,1,2.1.1,2020-05-26 13:52:16
96,Odair Duzi,https://lh3.googleusercontent.com/-eIINbEVWFQc/AAAAAAAAAAI/AAAAAAAAAAA/AMZuuckYQEMY65ERMGIm0rpzaVdj9F3lmA/photo.jpg,O jogo é muito bom não tem oque reclamar aconselho outras pessoas instalarem não vão se arrepender,5,0,2.1.1,2020-05-04 10:32:32
97,Rafael Lasmar,https://lh3.googleusercontent.com/-y60F58FMeCc/AAAAAAAAAAI/AAAAAAAAAAA/AMZuuckRgT_YXjomxrz-rFRsPsl5Z9pmsg/photo.jpg,Muito legal esse jogo eu amei os gráficos que apresenta características das animações dos angry birds,5,2,2.1.1,2020-04-30 23:58:06
98,Mateus Camargo da Silva,https://lh3.googleusercontent.com/-_FI94gK67Zw/AAAAAAAAAAI/AAAAAAAAAAA/AMZuucl4lgozrKmKhI0QdsPNbjEBRNTzyA/photo.jpg,Jogo muito bom com vários personagens legais o único problema é que trava bastante.,4,0,2.1.1,2020-05-22 11:46:05
99,Juliana Feitosa,https://lh3.googleusercontent.com/a-/AOh14Giskemtlh_toiJrWBVPaIxh000X_9oNz2Kmr1zt,Esse é o pior jogo do mundo esse jogo me fez desinstalar meus jogos favoritos e além disso o jogo e muito pesado se pudessem concertar o jogo e fazer voltar como era antes eu posso voltar a jogar e eu vou dar uma estrela para esse jogo,1,0,2.1.1,2020-05-01 12:11:08
