,userName,userImage,content,score,thumbsUpCount,reviewCreatedVersion,at
0,Herivelto Sanches,https://lh3.googleusercontent.com/a-/AAuE7mBdoM7s62WhubqESxF-UgkHtuta9gs68inECkH4,"Depois da última atualização o jogo tá travando, saindo sozinho do jogo não consigo nem jogar, e vcs sempre dizem que é minha internet, já conectei em outras e continua o mesmo problema, não sei se é preguiça ou incompetência pra solucionar o problema, mas é mais fácil terceirizar a culpa, sem contar que não responde ninguém, não tem um feedback, sinal que estão pouco se importando com seus clientes e seu produto",1,123,5.0.5c,2020-02-05 23:11:46
1,mundo games,https://lh3.googleusercontent.com/a-/AAuE7mBj9e4AGTUOhMjOkkDtQrGqpZKtFcgevCa00qes,"Este jogo é mesmo perfeito. desde q eu instalei este jogo eu jurei para mim memo q eu nuncamais iria desinstala. É meu jogo favorito ótimos gráfico. ótima jogabilida.... E cenconta com a contidade de dragões. Eu do palmas para quem criou este jogo.... Meus parabéns. Eu adoro este jogo. Esse jogo é pra qualquer idade. Este jogo é para adutos, idosos, crianças e adolescentes. Para min este jogo é sensacional. Eu já tenho 40 dragões é porisso q eu amo este jogo. é muto bom mesmo não ten nenhum erro",5,147,5.0.5c,2020-02-04 14:12:48
2,StarWolf Adventure,https://lh3.googleusercontent.com/-6DkjOv8vUIY/AAAAAAAAAAI/AAAAAAAAAAA/ACHi3rdT9k38_TQtGOo1FPe21kEZEB4q-A/photo.jpg,"Bem eu acho esse jogo muito legal mais... Gameloft vocês precisam melhorar algumas coisas tipo, moderação de níveis de dragões na liga de encantamento, pois meus dragões são nível 20, e eu gasto mais de 200.000 de moedas só para achar um jogador de mesmo nível de dragões que eu, sempre vem jogadores com nível de dragões 50, 40, 30 e eu com certeza não iria lutar com eles... Por favor coloquem moderação nas ligas de encantamento, bem acho que é só essa minha reclamação... Então valeu e tchau",4,17,5.0.5c,2020-02-01 12:07:08
3,Cherrყ Berrყ,https://lh3.googleusercontent.com/a-/AAuE7mBL6f1f0cMcAH7CP2tqae7MM8SX6wwts-GejZEp,"O jogo é muito bom, eu já tenho 15 dragões em uma terra e tô terminando de varrer a primeira para eu encher de habitats! O jogo realmente é bom, porém podiam colocar uma opção de virar os objetos. É meio estranho a casa de procriação ficar virada pro lado e os outros prédios virados pra frente e ter como fazer uma conta pra quando precisar trocar de celular pra não perder o jogo. Tirando isso é muito bom, mesmo meu celular travando bastante eu jogo e eu recomendo.",5,141,5.0.5c,2020-01-27 14:50:50
4,A Ilha Secreta De Äniløw,https://lh3.googleusercontent.com/a-/AAuE7mB3XY6kYSngBuRCb5T5yGsyuTCBBRSuGxKm5jA9,"Olha, o jogo é muito bom, uma variedade enorme de dragões, ilhas, prédios, habitats... Etc, mas, o chato do jogo é que, a cada vez que você vai à luta, você gasta uma energia. Não é a cada vez que você perde, é a cada vez que joga mesmo!! Isso me frusta muito!! Eu gostaria muito que apenas gastasse a energia quando eu perder em uma batalha, igual em Tomb Of The Mask.",1,54,5.0.5c,2020-01-12 20:14:28
5,Lipox Menezes,https://lh3.googleusercontent.com/a-/AAuE7mAxLwm2CiorFAAoPXpc_8SgoPcWoKYKStkO7EfL,"Realmente, o jogo e bom, ótimos gráficos, jogo interessante, mas tem um erro que impede de se tornar perfeito. Por Que não podemos enviar gemas, dinheiro e dragões aos nosso amigos? Não e para usar e para ter, que esse erro seja consertado, confiem em mim, o jogo ficará muito melhor.",4,24,5.0.5c,2020-01-21 14:55:03
6,Gustavo Andrade,https://lh3.googleusercontent.com/a-/AAuE7mCPFGmOhuAnPysbpLcCwwFQ9VLGITEVN9ai_vTa,"Jogo muito legal e divertido, com mecânica de batalha bem diferente de jogos do tipo. O único problema é o alto valor de praticamente tudo, o sistema de economia e de preço é bem injusto, fora que as vezes quando vc clica para ver um anúncio e ganhar um benefício nem sempre roda o vídeo",4,2,5.0.5c,2020-02-09 09:18:11
7,davi paiva,https://lh3.googleusercontent.com/-Nfo2kkYcBTE/AAAAAAAAAAI/AAAAAAAAAAA/ACHi3rcGjnQ7nxoiS-JUJji1uZjSBE1lhQ/photo.jpg,"Esse jogo é muito bom.Mas tem um problema,os dragões antigos divinos são muito difíceis para conseguir,tem pagar com dinheiro de verdade para o jogo ficar mais fácil,se o pai não deixar o compra,isso é muito injusto,consertem isso e eu darei 5 estrelas",3,5,5.0.5c,2020-01-24 19:05:26
8,Cicero Nunes,https://lh3.googleusercontent.com/-JjctsCIxlBU/AAAAAAAAAAI/AAAAAAAAAAA/ACHi3rehMNubwVs4hDKfOZ7O4l-Bt2tTxg/photo.jpg,"O jogo é excelente ! Eu dei 1 uma estrela pq as PROPAGANDAS estragaram o jogo cara, Pqp, quando n é uma propaganda aparecendo do nada e fznd tu clicar, é a boba de um vídeo de 30 segundos que não dá pra pular, e no final, tu ganha 1 gema kkk, vsfd, tirando isso,o jogo é impecável",1,6,5.0.5c,2020-02-05 00:10:13
9,Danielle Do Nascimento Pereira Bernardes,https://lh3.googleusercontent.com/-fXWEbgXa2Wk/AAAAAAAAAAI/AAAAAAAAAAA/ACHi3reWkJ_PLK57DD3V2v4ansEWsgvheg/photo.jpg,"Esse jogo é o único que me faz lembrar de como treinar seu Dragão e Dragões corrida até o limite e Dragões equipe de resgate, sempre gostei dos 3 filmes e das séries, espero que tenha a atualização de como treinar seu Dragão, mas enquanto isso, o jogo é demais, gráficos lindos, jogabilidade única, esse é o 4 jogo na minha lista de jogos de dragões favoritos",5,131,5.0.5c,2020-01-15 11:24:52
10,Kaio Wagner,https://lh3.googleusercontent.com/a-/AAuE7mDaf8O6zdTk2glvGcDwtQ9YXUPkPnElaOarz9Ge,Cara o jogo e excelente gráfico bom demais tudo e bom mas hoje aconteceu uma coisa que fiquei contrariado eu ganhei todas as peças do dragão Tayi Zenhren e quando tinha chocado esqueci que não tinha o habitat aí fui arrumar tudo quando abri o ovo e fui apertar pra colocar no habitat ele sumiu resolvam isso aí por favor Gameloft 😔,5,2,5.0.5c,2020-02-01 14:40:00
11,Nail Tenorio,https://lh3.googleusercontent.com/a-/AAuE7mACTd18N_hxPOSBOKzzNzP7Dcm-W4L0HkTuYN3-mA,"Estava participando de um evento que acaba amanhã. Não estou conseguindo entrar no jogo. Já atualizei, desinstalei, instalei de novo, reiniciei meu celular e até agora nada. Só mostra uma imagem de erro dizendo que ""estamos trabalhando pra voltar o mais rápido possível"" algo do tipo. Por fim, espero que coloquem mais tempo no evento pelo menos ou preciso de uma solução. Pq 3 anos jogando isso pra acontecer algo desse tipo é no mínimo desrespeitoso.",1,37,5.0.5c,2020-01-08 03:32:26
12,amanda rocha,https://lh3.googleusercontent.com/a-/AAuE7mDJfDAD009e9XQDAJgpJmXVDNaN-aQg6x7ykcyoog,"Eu estava em um nível alto já, vinculei minha conta ao Facebook, mas não consigo trazer de volta o meu conteúdo no meu novo aparelho. Na opção ""conteúdo adicional tem todo o meu progresso, mas quando baixa eu ainda não tenho acesso ao meu progresso anterior. Chateada, pois gosto muito do jogo, e jogo a anos.",1,2,5.0.5c,2020-01-27 23:17:35
13,Roberto Costa Brito,https://lh3.googleusercontent.com/a-/AAuE7mCzo5NjwJYwOSAVlwu6DmDl1vlHtUVIfyGp9B7jDg,"O jogo é bom. Mas eu estou com a qualidade gráfica no máximo, mas mesmo assim parece ter umas construções embasadas. Os pixels parecem estar todos desconjuntados. Por favor melhorem a qualidade gráfica do jogo. E também as propagandas todo tempo é HORRÍVEL tirem isso por favor. Fora isso o jogo é muito bom 👍👍👍😃",4,48,5.0.5c,2020-01-07 13:24:19
14,Paolakaori Suzuki,https://lh3.googleusercontent.com/-veo5bzBMRzo/AAAAAAAAAAI/AAAAAAAAAAA/ACHi3rcOidpwGwXpehCFw0lhMDTvkqqTEA/photo.jpg,O jogo é muito legal mais a GENTE poderia trocar de conta pois tenho duas e daí uso uma e outra em outro tablet pois na outra conta eu tinha pagado o coisa de ter bilhete e poderia ter desbloqueado um dragão exclusivo e um divino por que tinha guardado muitos bilhetes mais for pro conserto e não pude gastar esses bilhetes e perdi tudo seria muito fácil se eu pudesse trocar de conta mais não isso é triste mais o mais triste é ficar em primeiro lugar e não ganhar nada na outra conta não ganhei o,4,5,5.0.5c,2020-02-03 10:22:29
15,Alex Wills,https://lh3.googleusercontent.com/-4SW13H4J0B4/AAAAAAAAAAI/AAAAAAAAAAA/ACHi3rcxvXkoB_BmwoIrZm4BXto4SmpM2Q/photo.jpg,"Um bom jogo, Só que na minha opinião daria pra tirar essas propagandas que aparecem do nada, e fazer com que o jogador ganhe gemas mais fácil, ou diminua o valor em comprar por gemas por que não e fácil conseguir gemas no jogo.",5,0,5.0.5c,2020-02-04 01:24:53
16,Otávio Pikachu 999,https://lh3.googleusercontent.com/a-/AAuE7mDhHq2o7YKepWUHIrSiN2rw557KXbzt59ao-21G,Cara eu não tenho palavras o gráfico é excelente Eu só não gosto de esperar muito né para os dragão nascer. e também que tem que pega muita memória do celular então fica difícil de jogar mas eu gosto eu aconselho você jogar é muito bom saibam disso!!!,5,0,5.0.5c,2020-02-04 08:11:02
17,BreCamp,https://lh3.googleusercontent.com/a-/AAuE7mC3MSCEQH1YHP4kUFBISNXYccJLjazBFzP1RQsc,"As coisas estão muito caras. As ilhas, a comida, os habitat e os pontos dos elementos. E a hora para terminar as coisas ta muito demorada. Fora isso, o jogo é muito bom",4,0,5.0.5c,2020-02-11 13:58:27
18,Eduardo Cruz,https://lh3.googleusercontent.com/-gv2Q9q8QMNI/AAAAAAAAAAI/AAAAAAAAAAA/ACHi3rcA0MKw7aq_thUhnqrs-W-q3-kH9Q/photo.jpg,O jogo e bom mais o estraga ele e as propagandas quando estou jogando elas aparecem e as vezes travam o jogo elas só deveriam aparecer só quando a gente clicasse nelas e não toda hora que estamos jogando porque isso deixando o jogo ruim de se jogar quando vocês resolverem isso o jogo vai ficar top por esse motivo só vou dá uma estrela quando vocês resolverem o problema dou as cinco estrelas,1,1,5.0.5c,2020-02-02 08:37:43
19,Cauan Caetano,https://lh3.googleusercontent.com/a-/AAuE7mDoPCFRoIBss_DewTx9rVTPkywcB8qXZwUe-bq0Ew,Otimos graficos para um jogo antigo eu jogava muito quando eu era pequeno parei de joga n sei nem lembro pq e to voltando a joga e quando eu era pequeno eu tava no cll do meu pai e agora eu tenho o meu só que eu perdi a conta eu to mt triste por isso só que eu amo essr jogo recomendo para qualquer idade 🖒✌,5,11,5.0.5c,2020-01-15 02:01:25
20,Rayanne Jhonny,https://lh3.googleusercontent.com/-yfaa706JeNY/AAAAAAAAAAI/AAAAAAAAAAA/ACHi3reyomKSs0SHqxFPxbmuqC4ckfc3Qw/photo.jpg,"O jogo é ótimo, mas a quantidade de propagandas aleatórias que aparecem do nada atrapalha a jogabilidade.(As que temos que clicar para ver não tem problema, até ajuda)",4,0,5.0.5c,2020-02-01 15:04:15
21,JoHanHu_2009,https://lh3.googleusercontent.com/a-/AAuE7mC8RCWJc0pwEcL7KInh66xrn19xw6XTn5C3FgIQEw,Achei o jogo muito interessante e criativo! Gostei imenso dos gráficos e a jogabilidade é fenomenal! Podiam era fazer mais ilhas ou monumentos para conseguirmos tornar os nossos dragões ainda mais fortes! Parabéns! 👏👏👏,5,58,5.0.5c,2020-01-21 04:30:06
22,PanquecaVoadora,https://lh3.googleusercontent.com/a-/AAuE7mBVoSNJXwzgc8fDEcyz9kRlJorho9IIT-D6e-Na,Eu gosto mt deste jogo e é ótimo porém eu gostaria de ter todos os dragões mas não da porque tem dragões que só vip pode ter então fica meio complicado poderiam disponibilizar um jeito pra que ta no máximo do jogo conseguir por meio de eventos ou assistindo uns 100 anúncios ou outros tipos... Já que pra quem não gasta dinheiro não da para ter todos os dragões Agradeceria se fizessem isso,5,2,5.0.5c,2020-01-16 15:04:41
23,Leticia Oreiro Perez,https://lh3.googleusercontent.com/a-/AAuE7mCYgEn5Ntuy3JH1aHscA0jIEjepKArQAdBokkA6,"Gosto muito do jogo , o problema dele é os bugs que acontecem em meio a um evento.E sempre quando está acontecendo um evento isso é chato , parece que é proposital.",4,4,5.0.5c,2020-01-28 13:41:51
24,Bkdks Kdkd,https://lh3.googleusercontent.com/-pjA7xdXi0Rk/AAAAAAAAAAI/AAAAAAAAAAA/ACHi3rdWgRa_lvm-SpCX4w2cm5q8d8kmVA/photo.jpg,"È um jogo muito legal,agente cuida dos nossos dragões e bota eles para brigarem,mas sò achei uma coisa de ruim,agente tem que girar a roleta para vir um diamante ou outras coisas,era bom se vinhesse logo o diamante,mas mesmo assim dou 5 estrelas.",5,37,5.0.5c,2020-01-20 08:22:37
25,gato da vila,https://lh3.googleusercontent.com/a-/AAuE7mCGu-z24Sm1mJFlMMO-ly19hrMX1iXurW_NOIG3HQ,"Tem 1ano que jogo é até hj não deu um problema gráficos bons e falando em dragões ,não é aquele tipo de jogo que não deixa vc ""GANHAR"" coisas boas nunca coloquei gemas e já tenho 173 dragões 15 lendários e 1 divino muito bom o jogo",5,1,5.0.5c,2020-02-06 07:45:19
26,Me Ser Louco,https://lh3.googleusercontent.com/a-/AAuE7mBpizgDim7QwbH-efNiqc2N2ipwhC3TmhSgw3ZI2Q,"o jogo é muito bom tem um gráfico ótimo e não fica travando, muito bom recomendado para todas as idades, e também é muito boa a quantidade de dragões no jogo.",5,0,5.0.5c,2020-02-09 07:55:51
27,Jack Smitt,https://lh3.googleusercontent.com/-qnAE9ScPN7A/AAAAAAAAAAI/AAAAAAAAAAA/ACHi3rftvGRbhxdOxrH1hTP4wrcWGSJTSQ/photo.jpg,"Já estou de saco cheio por causa das propagandas. De 5 em 5 minutos uma propaganda aparece na tela do celular e não tem como cancelar, o jogo já foi bom mas tá impossível de jogar",1,0,5.0.5c,2020-02-10 10:22:40
28,Ivo.r2 Souza,https://lh3.googleusercontent.com/-lJ2feO29E10/AAAAAAAAAAI/AAAAAAAAAAA/ACHi3rfRnV7n5KLfHPoK3IPEIVsyjAreow/photo.jpg,"É muito bom este joguinho, por isso que eu tinha dado 5 estrelas,mas voltei atrás e resolvi da só uma estrela Toda vez que vc não joga na arena vc acaba voltando pro nível anterior e depois tem que fazer tudo de novo Isso não acontece só na arena e também na arena de encantamento Na minha opinião devia melhorar mais",1,21,5.0.5c,2020-01-08 10:21:11
29,Bibiana Fernandes,https://lh3.googleusercontent.com/a-/AAuE7mDhsFrelEmwZdJIDdnwXE7WSS8xnofU0a3qBYkc6mg,"Gosto muito desse jogo, faz anos que jogo. Mas depois dessa última atualização o jogo nem abre. Carrega, carrega e quando parece que vai entrar, fica com a tela toda preta. Enfim, estou sem jogar. Já tentei várias vezes e nada acontece, o jogo não abre.",1,16,5.0.5c,2020-01-08 05:29:15
30,gamerrzoo br,https://lh3.googleusercontent.com/a-/AAuE7mAZdyhhoTWKT8Ll4yY3b-l1owgzcATWTMBDdHtveg,"Depois dessa atualização meu jogo não carregava e quando carregava ficava todos os dragões com ponto de interrogação e mandava eu baixar um pacote de 0 MB q nunca baixava,mais piorou porque eu desinstalei e instalei de volta para ver se sumia o bug e fui conectar no Google play para vincular minha conta e não consegui ficou no tutorial e conectou só volto a jogar se melhorarem porque tá muito ruim.",1,16,5.0.5c,2020-01-29 13:33:35
31,Sua Carta de Hogwarts,https://lh3.googleusercontent.com/a-/AAuE7mA3jVJICzkfct4mDzxXSOz3gAv2j5g_fBjfgI9W,"muito legal, mas precisa instalar várias outras coisas, que ocupam muito espaço, quando fui baixar isso, vi que ocupava 300MB e não consigui instalar de tão pesado que era. então vocês devião arrumar isso, mas fora isso o jogo e muito legal.",4,1,5.0.5c,2020-01-13 11:54:54
32,Paulo Vieira Mendes,https://lh3.googleusercontent.com/-_7rrQ4vTTeA/AAAAAAAAAAI/AAAAAAAAAAA/ACHi3rcqFQZ5nDCO292dGnt4LhfUbLOeLg/photo.jpg,Sempre gostei de jogos que envolvessem dragões e elementos da natureza como super poderes. Esses elementos em um jogo são os que mi atrai muito.,5,0,5.0.5c,2020-02-03 14:30:11
33,Marina Sousa,https://lh3.googleusercontent.com/a-/AAuE7mDsuAdBaIkQCFULNtHTr7xOyvA9aSbEiWtT7FP7_A,"Péssima atualização. Mudaram o design da janela que dá para ver as informações do dragão (tipo a força do ataque) e simplesmente ficou péssimo. Não mostra a força dos elementos individualmente, por exemplo. A versão anterior estava perfeita, seria ótimo se voltasse como a ser como antes.",1,460,5.0.5c,2020-01-09 14:39:20
34,Adeval Alves,https://lh3.googleusercontent.com/-SZTkjellQ4g/AAAAAAAAAAI/AAAAAAAAAAA/ACHi3rep643EECO5ktjxfltVOMxa8vC0aQ/photo.jpg,É evoluído e encantador! Só o tempo de alguns intervalos às vezes são cansativo e custa muito caro com jóias etc..pagar .Dai não vale participar de tudo . Mas amei o jogo demais. Sugiro nomes também positivos e não tão pesados de alguns dragões. 😍😘😻🐞🐞,5,12,5.0.5c,2020-01-10 07:22:52
35,Victor Levi,https://lh3.googleusercontent.com/-QpExMm7bUWg/AAAAAAAAAAI/AAAAAAAAAAA/ACHi3rekaoCabNMBFgMKssYFmx7N0Ftx8A/photo.jpg,"O jogo poderia ter minijogos, que poderia dar alguns prêmios ou reduzir o tempo de alguma ação. Ex:incubação. Além que seria interessante se pudesse rotaciona intens de decoração.",3,2,5.0.5c,2020-01-28 14:14:01
36,Guilherme Pinto,https://lh3.googleusercontent.com/a-/AAuE7mAzy35oZsT9BprAhYycGRafUyXIN4a2U1prDEyr,Não estou conseguindo entrar no Dragon Mania! Parece que os Servidores estão muito mal. Já faz um dia que tento entrar e não consigo! Espero que possam resolver esse problema rápido!,3,1,5.0.5c,2020-01-30 16:33:22
37,Raissa Alves,https://lh3.googleusercontent.com/-IIzCyhvqDcY/AAAAAAAAAAI/AAAAAAAAAAA/ACHi3rdDwLgllRUxs5n1ZEIKsjPL53YidA/photo.jpg,"Olha bem no ponto de vista da pra saber que o jogo e muito legal so que... Vocês deviam adicionar mais coisas no jogo, sabe no começo e legal de se jogar mais depois que acaba chegando num certo ponto nas batalhas, fica quase impossível de se passar, ai fica meio repetitivo as coisas, vocês deviam também diminuir os preços das coisas no jogo, pra melhorar fazendas e hábitats e muito caro, e diminuir os preços de joias dos dragões mais fortes, bem e so essa minha opinião é tchau 😜",4,15,5.0.5c,2020-01-09 11:30:59
38,Denis Melo,https://lh3.googleusercontent.com/-6srKwC1xqKU/AAAAAAAAAAI/AAAAAAAAAAA/ACHi3rfyXzRjjBI5p96kkYlECgd_OGhY-g/photo.jpg,Cara nada a dizer só é muito bom jogabilidae boa Jogo muito facil de jogar é divertido é muito bom para passar o tempo e com muitas coisas para nesse joga n Existe essa de ja fiz tudo q tinha para fazer sempre algo para fazer muito bom,5,2,5.0.5c,2020-01-15 20:59:44
39,Leandro Oliveira,https://lh3.googleusercontent.com/-EeDwfQ2gLrc/AAAAAAAAAAI/AAAAAAAAAAA/ACHi3re7K6uvLa4K1tK360JcxJhpbhuX2Q/photo.jpg,Vc Começa Jogar e Já Saí Um Pouco da Realidade. Jogo Top!! Já Baixei Pela 3 Vez Por Complicação Com O Celular. A Primeira Bem No Começo da Criação Para Aparelo Celular. Como Naum Deu Certo Agora Estou Na Terceira Vez Com Pouco Mais de 2 Anos de Jogos Ahah!! Quiser Evoluir Comigo Me Add 👉 3dab9e0 e Entra No Meu Clã Quando Chegar No Nivel 25 E Ajudo Na Sua Evolução.😉,5,0,5.0.5c,2020-01-23 14:39:56
40,Amanda Tanan,https://lh3.googleusercontent.com/a-/AAuE7mCC0zNt1jVAQx_mQ7egI5EImqVBDhuBkKqB6J52,É muito divertido! Só é chato esperar tanto.. o tempo de espera é realmente muito grande: 15h/23h. Mas o jogo é realmente muito bom!,5,0,5.0.5c,2020-02-10 16:08:20
41,The Merkel,https://lh3.googleusercontent.com/a-/AAuE7mAaPGAbMqvo2Kfs7yY8HpeJ2-3YO4hio4wwkOyaVQ,"Gostei do jogo, o sistema de Gema tbm não e algo tão complicado, o jogo nao força a vc gastar dinheiro para ser o top, por mais que de algumas vantagens, ótimo game, nunca fiquei tão fascinado por um game de celular como este.",4,164,5.0.5c,2020-01-08 18:50:05
42,Gabriel França,https://lh3.googleusercontent.com/a-/AAuE7mCDAt82KK5zXqSONTiRwolU4EO-kQm5eYdRcVvhzg,"Gosto demais do jogo, porém desde a última atualização o jogo está fechando sozinho, as vezes ao abrir , uso moto G6 plus de 2019 4gb de RAM e não tenho problema do tipo com nenhum aplicativo.",1,0,5.0.5c,2020-01-28 10:04:55
43,Manuela Machado,https://lh3.googleusercontent.com/-LLCXNz-sdII/AAAAAAAAAAI/AAAAAAAAAAA/ACHi3rcPooacpNJe442RjeVZILcwkqG-3w/photo.jpg,"O jogo e ótimo e muito viciante, porem acho que merece um pouco de melhoria, tipo deveria sube de nivel a área da procriação para dois ovos,e a possibilidade de descarta os ovos antes de ir pra iculbadoura.",3,0,5.0.5c,2020-01-24 01:11:05
44,Dieguin,https://lh3.googleusercontent.com/a-/AAuE7mBX-pE2mtgT5k6Xn00vhPNY2lBXazJ8rxJIuqcZ9w,Horrivel . ja nao basta o jogo ter a opçao de ver anuncio pra acelerar evoluçao . vem anuncio na tela no meio do jogo a cada 5 minutos . pessimo . desinstalado,1,2,5.0.5c,2020-02-04 04:26:11
45,Michely Oliveira,https://lh3.googleusercontent.com/a-/AAuE7mDYGlXuqI2XUlb0_vTqdncIsV6ejkNGUGUweD3YpW8,"o jogo é muito bom, muito bom mesmo, mas ultimamente as publicidades têm atrapalhado demais, a vontade é de desinstalar.",4,0,5.0.5c,2020-02-10 00:30:15
46,eu estarei em todos os vídeos,https://lh3.googleusercontent.com/a-/AAuE7mAYvjzlHiU3dGUpoFTtvUdJx7OMOfkOWdkFtPhT,"Quando eu baixei o jogo ele entrava agora n entra mais fica aparecendo que os servidores n estão disponíveis no momento,aí eu fecho o jogo e entro dnv e acontece isso. Por favor arrumem isso o mais rápido possivel n estou conseguindo jogar e n quero perder minha conta pq eu já jogo faz muito tempo. Meu celular é um Xiaomi Redimi 7a .",1,0,5.0.5c,2020-01-29 10:08:57
47,Aghateira Theira,https://lh3.googleusercontent.com/a-/AAuE7mAr2klzLSHyMjOP8ulOjQ2qby9f-Xg7n2TuWchj,"Um ótimo jogo! Desinstalei por conta do espacinho e eu n tava jogando mt, mas deu uma saudade gigantesca. Nada a reclamar, vou verificar se meus dragões estão salvos ou vou ter q recomeçar. Volto já ;3// Gente! Minha conta tá inteirinha aqui, como se eu tivesse jogado ontem! Que maravilhoso! Só ir nas configurações e procurar a opção (se vc já tiver salvo antes, claro). Baixem! Recomendo com muitas exclamações!!!!!",5,1,5.0.5c,2020-01-22 21:53:11
48,Janele Araujo de França,https://lh3.googleusercontent.com/-8IxBHFPUuTE/AAAAAAAAAAI/AAAAAAAAAAA/ACHi3rcihwIiFqT7HEklCpAAX0CPjxEUeA/photo.jpg,Ojogo em si e muito bom e criativo graficos muito bons e com ofertas rasuavelmente boas gostei muito do jogo recomendo so acho que o tempo de espera de acasalamento e o tempo dos dragoes chocarem e muito longo e acho que deveriam diminuir um pouco o tempo o jogo ta aprovadissimo,4,2,5.0.5c,2020-01-23 11:45:57
49,Cleilton Venancio Dos Santos,https://lh3.googleusercontent.com/a-/AAuE7mBRMdhPZqVkhqQ_97PHRE_zbaVOb5XM6o2Rvgs6,"Jogo simplesmente viciante.. Ótimo game, gráficos bons e jogabilidade simples. Poderia ter mais interação com os outros jogadores. Seria show se houvesse um chat na lista de amigos tmb e não só no clã como é hj.",5,17,5.0.5c,2020-01-09 14:37:48
50,Brena Santos,https://lh3.googleusercontent.com/a-/AAuE7mAX3mwBIZ9i40eMrKP94YbOx9noUNifSfpvRueXBcQ,"É um jogo que eu adoro. Porém tem me decepcionado quanto há alguns erros, exemplo tempo de procriação vieram errado, missões, e quanto a prêmios ao assistir anúncios e não ganhar e outros bugs. Por favor melhorem.",3,20,5.0.5c,2020-01-06 20:19:47
51,バラBara-Chan,https://lh3.googleusercontent.com/a-/AAuE7mBUdrm5lcCEWKYWIV8teUcsL_xwCXc-7Zlzj6VO,"Eu ameeeeeeeeeeeeeeiiiiiiiiiiiiiiiii o jogo É super legal e muito divertido Só acho que os dragões poderiam ter mais mudanças de acordo com os níveis (Eu acho alguns com aparências meio simples) e se ñ tiver, eu queria que na parte de informações dos nossos dragões falassem se o dragão é menino ou menina, pq os nomes que o jogo coloca nos dragões de começo fazem eu me perguntar se o dragão é menino ou menina Bem...tirando isso...O É DEMAAAAAAAAAAAAAAAAAAAIS",4,9,5.0.5c,2020-01-10 16:15:22
52,Hallisson Costa Gloria,https://lh3.googleusercontent.com/-H_FPC-nVOBo/AAAAAAAAAAI/AAAAAAAAAAA/ACHi3rdDVri8Ahy7kR1eMhML63o04mcY5Q/photo.jpg,"O jogo é MT bom, mas eu só acho q eles deveriam nos dar mais energia para batalhar pq e MT pouco só 3 energias, e tbm eles deveriam deixar um pouquinho mais fácil de conseguir gemas, mas fora isso o jogo é maravilhoso super recomendo",5,117,5.0.5c,2020-01-12 12:33:08
53,Maria Eduarda Andrade,https://lh3.googleusercontent.com/-LQprQpF854c/AAAAAAAAAAI/AAAAAAAAAAA/ACHi3rdldMgGWfc2-Y7qFv0RoKW9ISf_wA/photo.jpg,Este jogo é òtimo bem divertido até pq vc pode misturar vários elementos de dragões e ir criando outros tbm tem varios lugares do mapa onde vc pode ficar e tbm vc pode lutar contra outros dragões e ganhar reconpensas incríveis não se esqueca de baixar é ótimo 👍,5,1,5.0.5c,2020-01-23 20:49:18
54,Matheus Silva,https://lh3.googleusercontent.com/a-/AAuE7mDti_6dUpoZlQ7Ft5VbOhO2BHJUvPw5YiEhSxI1aQ,"PESSIMA ATUALIZAÇÃO! Não dá pra entrar no jogo. Tá difícil de continuar jogando desse jeito. Não dá nem pra reclamar com o suporte, o jogo não abre. E não sou só eu que estou tendo esse problema, então não venha falar que é meu celular. -.-",1,191,5.0.5c,2020-01-10 23:57:40
55,Mauricio Itoi,https://lh3.googleusercontent.com/a-/AAuE7mDDQ0TFPtu_bvBBDkQRA_rCBDzwnj8IpplBzrS7,ele é muito legal desde quando eu tinha 4 aninhos eu tô jogando no celular do meu pai aí eu jogo muito e é muito legal quando eu consegui o seu meu celular eu estou jogando muito só que o meu tá descarregado é por isso que às vezes eu jogo do meu pai,5,0,5.0.5c,2020-02-07 19:43:48
56,sans-pikachu universo,https://lh3.googleusercontent.com/-tGaWYEyFwPU/AAAAAAAAAAI/AAAAAAAAAAA/ACHi3rcSA97s0WJJgUefIa2dz7jt62Ox_w/photo.jpg,Muito bom o jogo é bem legal eu até consegui um raro no computador da minha tia amei e amei os gráficos mais tive que desinstalar porque eu fiz merdinha eu tava la eu juntei um Dragão abelha e um Dragão terra deu em um muito raro mais tinha uma missão de criar um Dragão de lava eu fiz isso é vocês já sabem eu não consegui aumentar o nível do negócio porque tinha poucas gemas e como ja tinha um ovo ali desinstalei pra recomesar,5,8,5.0.5c,2020-01-08 09:20:17
57,Marcos Caetano,https://lh3.googleusercontent.com/a-/AAuE7mANQBgK5rKUegFX_HE6o9fVom-7W8muUrzstZ-dbA,O jogo De caiu muito tem muitas missões impossíveis devido à rotina dos usuários muintas vezes você não completa uma evento por falta de tempo mesmo gastando jóias para pular o cronômetro é quase impossível completar então sem falar que está muito lento e pesado a jogabilidade no momento eu não recomendo.,1,27,5.0.5c,2020-01-11 17:39:41
58,Bruna assis silva,https://lh3.googleusercontent.com/a-/AAuE7mApxBDvVBpRNJkZCsSNA_SjoCd32UuCofTmyWp6qw,"Gostei muito do jogo, da pra conseguir as coisas fácil. É bem divertido. Cada dragão é único e o jeito de batalhar é muito bom .",5,0,5.0.5c,2020-01-29 08:56:51
59,Loucuras Em Família,https://lh3.googleusercontent.com/a-/AAuE7mCQePbwOp38utf0LxjVqMCSO8aqNy3eUsvgQDg62A,"Muito bom amo este jogo, mas são muitos dragões q não serve pra lutas só pega espaço, mas recomendo, pq é tão poucas lanternas q não dá nem pra pega de tão rápido.",5,1,5.0.5c,2020-01-25 21:19:31
60,Isabela Ruano Pinto,https://lh3.googleusercontent.com/-QG05Oi8IeNA/AAAAAAAAAAI/AAAAAAAAAAA/ACHi3rd9vx8BECtUA8oucqGB-MNjyhC1zQ/photo.jpg,"Jogo ótimo..Muito divertido, legal e interativo. Somente uma coisinha q poderia ser melhorada, os eventos poderiam ter mais tempo de duração, mas isso é uma sugentão.Tirando isso super recomendo!!!: )",5,13,5.0.5c,2020-01-10 20:29:09
61,Iagoo Oliveira,https://lh3.googleusercontent.com/-ffRzFai0WcQ/AAAAAAAAAAI/AAAAAAAAAAA/ACHi3re0TQnZCR_3EsMWZuWeT832af9Xeg/photo.jpg,Seria bom se tivesse uma forma de Salvar o jogo porque eu precisei Formatar meu celular e quando botei minha conta Google novamente que baixei perdi tudo tive que recomeçar.,4,0,5.0.5c,2020-02-10 13:42:05
62,Mello br,https://lh3.googleusercontent.com/-UUo7T0Wdqkc/AAAAAAAAAAI/AAAAAAAAAAA/ACHi3rcpnCgcy5bwF0jRc4HF2DZzx4f1JA/photo.jpg,"O jogo e ótimo recomendo , porém só acho que deveria ter a opção de descarta o ovo antes de mandar para incubadora,pois em eventos vem ovos com muito tempo e isso atrapalha muito mesmo.",4,6,5.0.5c,2020-01-12 13:58:58
63,Douglas Naves,https://lh3.googleusercontent.com/a-/AAuE7mBzKzmwWzq_3Bf7IQvhIKbr5Vz7b8R2k1l09YNChg,Decepciona e alguns aspectos principalmente quando entra vídeo e n tem como sair !!!N quero ver o vídeo e sou obrigado acaba desanimado d jogar,2,0,5.0.5c,2020-02-02 08:00:25
64,Poliane Barbosa,https://lh3.googleusercontent.com/-C3ad3iOPfAE/AAAAAAAAAAI/AAAAAAAAAAA/ACHi3reurq6RGSNje6HtdeAzInPdchgoEQ/photo.jpg,O jogo é bom mais vive dando erro ao entrar dizem q os servidores estão fora do ar daí não consigo completar os eventos a tempo convertem isso por favor amo esse jogo mais assim é estressante jogar,3,0,5.0.5c,2020-01-16 01:21:27
65,GRAN FF,https://lh3.googleusercontent.com/a-/AAuE7mDSGRu_cYve1_bUDk5HGJcG6xflTTfAsVS4J2vU,O jogo e muito bom mas o problema e qui quando coloca pra procriação e quando acaba e tem o lugar de chocar o ovo ocupado deveria ir para o cofre,4,0,5.0.5c,2020-01-16 14:16:46
66,Iolly Sousa,https://lh3.googleusercontent.com/-SdxTliHG1gE/AAAAAAAAAAI/AAAAAAAAAAA/ACHi3rd8L_BBL_t5eDbbfgzrRtVY5HSXAg/photo.jpg,O jogo é muito bom mas o pior que n3m todos os dragões voa e também são fofos os dragões poderiam parecer mais MAUS igual o bola de fogo Dragão pavão etc mas tirando isso o jogo e maravilhoso é vocês poderiam lançar novos dragões amo Dragon mania recomendo baixar😚😍😍👏👏👏👏👏 PARABÉNS pelo trabalho melhor jogo de dragões de todos,5,0,5.0.5c,2020-01-29 21:56:06
67,trouser ff,https://lh3.googleusercontent.com/a-/AAuE7mC0dXXn9BgzHA6o1sPmj65kcYGMUHrBUvZG9S5_AQ,Este jogo é maravilhoso espesial mente pq vc Pode ter varias variasoes de raridade é o dragão do mes pra mim foi muito bom da um destaque pra algun dragão e ter a opsão de pode conprar o chefe é muito bom,5,0,5.0.5c,2020-02-08 22:20:40
68,Joana Darc,https://lh3.googleusercontent.com/-KWawa2bWbZo/AAAAAAAAAAI/AAAAAAAAAAA/ACHi3rf16rk7IVHV4UMyOr5m_2H9rzVVsA/photo.jpg,"Essa última atualização foi péssima, o jogo fica saindo toda hora. Espero uma nova atualização, para resolver isso.",1,5,5.0.5c,2020-01-17 07:59:14
69,ArthurLemes,https://lh3.googleusercontent.com/a-/AAuE7mAlO4InGeocQeZcfOcnBc7uru78Lh4C5bPR3LCr,"Um jogo muito Bom, mas tem um problema Criei minha conta 1 dia antes de Atualizar e nessa atualização ganhava o Touro nos dias mas ja passou meu dia e n ganhei ele e queria muito oq eu devo fazer ???",5,5,5.0.5c,2020-01-08 14:17:09
70,Filipe Lopes luvizotto,https://lh3.googleusercontent.com/-80SOn_iuyiQ/AAAAAAAAAAI/AAAAAAAAAAA/ACHi3rcX9hypSgH0dX8CtR43rt58Q5Z_3w/photo.jpg,"O jogo é excelente e também os dragões são bem fofos, atualizem para ter mais dragões. Abaixem, que vai valer a pena para caramba É muito bom, dou 5 estrelas ☆☆☆☆☆🐉🐲",5,1,5.0.5c,2020-01-22 19:22:54
71,Manuela Luna,https://lh3.googleusercontent.com/a-/AAuE7mBBxCp-_Tkb791v8W94CpH1gFim9zv9cDtua8F9,"No jogo pergunta se eu estou curtindo o jogo e eu estava só que acabei clicando que não estava sem querer mas sim o jogo é maravilhoso ,pouca memória do seu celular é gasta e também é muito bom em todos os aspectos o jogo é maravilhoso completamente em tudo .👍👍👏👏👏👏👏",5,1,5.0.5c,2020-01-13 16:34:24
72,Rafael Goldman,https://lh3.googleusercontent.com/-fpI7TGhKL4I/AAAAAAAAAAI/AAAAAAAAAAA/ACHi3rcxBuYI4xXsmxlshdo0EwVMS4ZzTQ/photo.jpg,"Jogo muito bom, mas depende muito de pagar pra colocar gemas pra acelerar o jogo, caso contrário a demora pra subir de nível é muito maior.",3,8,5.0.5c,2020-01-07 12:45:49
73,Frisk Uchiha,https://lh3.googleusercontent.com/-08OI4IDWH4c/AAAAAAAAAAI/AAAAAAAAAAA/ACHi3rft4qZgP_CSKi6JzEY8gITZzkW0RQ/photo.jpg,"Eu gostei bastante desse jogo só, que deveria ter mais energia, para batalha no começo tipo umas 5",4,1,5.0.5c,2020-01-13 15:15:11
74,anormal mente,https://lh3.googleusercontent.com/a-/AAuE7mA1vnoasXTiGYlxgHnMJe7czK-UFf2No-AGYgHJ,"Incrível recomendo muito, otímo gráficos um ótimo passa-tempo pra quem tem tédio. tomara q vcs tenham uma ótima esperiencia",5,0,5.0.5c,2020-02-01 22:25:56
75,Inês Costa,https://lh3.googleusercontent.com/a-/AAuE7mABpA0SIWFZ_hqC5QrNhuru_UPa0S5Vuq4pspDmpg,Muito bom adoro o jogo esta é a minha pontuação. Mesmo controlos empecáveis.ygrjfbfvcchffwyfjfnfbdbfbdhdhfhhfbfbfbdhdhdhdhdjfhfhdhfhdhdhdhdhfhdhfhdhdhdhdhdhdhdhdhdhdhdhfhdhdhdhdhddhhdhdgdgdhdfhhdhdhdhdhdhdhddhhddhhdhdjdjdjjdjdjdjdjdhdhdhdhdhdfhfydyfyhffhhfhfchjxjfjfjxjfjfj fjjfftjrjefjfjefjdjfjfjfjffjfjfugjfjffjfjfjfgjfjjfgjfkgjvjckgkgkgkckckc. Isto foi uma gargalhada.djdjfjdj fh fh fh gargalhada uma jfjfjfjfjdjfjfjcjfcjfkxjfkfjcjfnckfnfjfkdkxkdkfkdkxkfkxkfjfkckfjffjfjfjfjfj fh fjfjfjfhhfhfhfhfh,5,6,5.0.5c,2020-01-09 15:31:40
76,Yolanda Nicole Colantonio,https://lh3.googleusercontent.com/-eJtlXq-imB8/AAAAAAAAAAI/AAAAAAAAAAA/ACHi3reR3ujQ6htzQjom0KfqsSXPckrzAA/photo.jpg,"É bem legal o jogo é fofo só acho que tem três coisas ruins uma a maioria das coisas são muito caras, demora muito tempo para chocar o ovo e tem pouco tempo para conseguir outoros dragões",5,4,5.0.5c,2020-01-09 15:06:19
77,Taiby Control,https://lh3.googleusercontent.com/a-/AAuE7mBYcqF59h7QNBoEpM0k4lfa56tkLmAcPGqkphJAew,Jogo esse jogo a muito tempo desde 2016 mas infelizmente hj em dia mal consigo jogar pois o jogo não para de parecer anúncio toda hr mesmo quebrando assim minha jogabilidade.,3,3,5.0.5c,2020-02-01 07:48:06
78,eevee sayajin,https://lh3.googleusercontent.com/a-/AAuE7mBl3ppcXjVT2MIqtv00YpudzceupJRUKqvdFJCX,Esse jogo é uma copia de dragon city é bom mais não da para ver a fraqueza e a resistência dos dragões e não tem quase nada para fazer dragon city é bem melhor,4,0,5.0.5c,2020-01-13 14:15:19
79,Sun Stone,https://lh3.googleusercontent.com/a-/AAuE7mCJatnEUaD4LvLOrJYtc2AJ-lZ6YNeL5VYCQ_YbbA,o jogo e muito bom eu tinha ele no tablet eu tinha muitos recursos so que meu tablet quebrou ai eu baixei no celular ai eu yinha muitos recursos ai do nada saiu do jogo e perdi tudo mais tomara que tenham tirado isso,5,0,5.0.5c,2020-01-19 12:37:36
80,funtime Freddy vip,https://lh3.googleusercontent.com/a-/AAuE7mC5CpfAHs3dQr_790OmpRKUDRsPgcW2EtIrJTYwUA,O jogo é muito bom gráficos incríveis lutas nem se o jogo é ótimo não tem como a pessoa dar um estrela para isso,5,0,5.0.5c,2020-02-09 14:29:13
81,Ice The Nine-Tailed Fox,https://lh3.googleusercontent.com/a-/AAuE7mDzPPyJVp_I0XOtloWrrtGumyGl_y515fTeYz5hKw,"Estava otimo antes, so que derrepente na tela de carregamento fica travada mas a musica continua,eu ganhei um dragao bola de fogo mas GRAÇAS ao dragao elefante nao pude, quando arrumarem a tela de carregamento vou dar 5 estrelas 😘 Edit:a musica continua ate agr mesmo fora do app ksksks",4,2,5.0.5c,2020-01-12 14:26:40
82,Gabriel Vilant,https://lh3.googleusercontent.com/-rVHBp4lVxeA/AAAAAAAAAAI/AAAAAAAAAAA/ACHi3rd2_DaUFVcVmu60THQ3Ryn3_84WdQ/photo.jpg,Muito legal os gráficos são bons e boa tem roubo na minha opinião por exemplo com jóias vc ganha muitas jóias durante o game e moedas tmb belo jogo,5,0,5.0.5c,2020-01-20 14:58:28
83,Érika Lacerda Bar,https://lh3.googleusercontent.com/a-/AAuE7mBHB4ZowccbKg4yaSDo0SHqXzLN-3JlPU5qGlevPg,"Adorei o jogo mesmo que meu tablet esteja com vírus eu fico viciada no jogo Mesmo meu pai pedindo pra eu reiniciar o tablet inteiro pra tirar o vírus. Mas eu não quero,tudo por causa do jogo.",5,3,5.0.5c,2020-01-08 08:21:27
84,Rogerio Luiz,https://lh3.googleusercontent.com/a-/AAuE7mCYMLOikvZaWEdct3DXh_Wyk_ZN_xJ26YfArXhDYqc,o jogo é bom mas quando agente Batalha e o seu adiversario tem 2 dragões vivos e você também tem 2 vivos os 2 dragões do seu adiversario os dois atacão e quando chega a sua vez vc só ataca 1 vez mas não tô falando mal do jogo eu amei também,5,0,5.0.5c,2020-01-26 21:37:49
85,Vinícius Bibiano de Pádua,https://lh3.googleusercontent.com/a-/AAuE7mC1PWmlxdcQn2KQg9x8RW1d0HbHUOKhtok__yLt1Q,"Eu estava jogando e minha conta era vinculada com meu Facebook, porém fui trocar o usuário do jogo com a minha prima e o jogo logou com a conta do meu Facebook, agora o player dela ficou com meu Facebook, e eu perdi minha conta do jogo! Gostaria de uma solução, pois na minha conta, já havia gastado algum dinheiro!",1,3,5.0.5c,2020-01-20 03:50:37
86,iago 26k,https://lh3.googleusercontent.com/a-/AAuE7mAUzHA91otnITHBrmJPaSfdBiGGOyUzrs058LQq,O jogo é ótimo a única coisa que deveria melhorar é a quantidade de energia no portal e na arena tirando isso o jogo é 100 estrelas se tivesse,5,7,5.0.5c,2020-01-09 15:03:07
87,Dupla Afonso e Boyo Electrónicos,https://lh3.googleusercontent.com/-akl5mecj_gw/AAAAAAAAAAI/AAAAAAAAAAA/ACHi3ret9N5-ZxjwRYahQ5EQmhjkpfSwKQ/photo.jpg,Jogo otimo o unico problema é que não tem a versão offline mas fora disso é uma maravilha,4,0,5.0.5c,2020-02-07 13:06:08
88,evandro lamera,https://lh3.googleusercontent.com/a-/AAuE7mAFiO0FQk56BOgPcYDjaEu7i26UCO_De-_7Em45,"Jogo é bom mas tem MUUUUUUUUUITA PROPAGANDA, vc está jogando e do nada aparece uma propaganda em sua tela, e muitas sao em vídeos, como no youtube que vc so pode pular depois de 5, 8 e 10 segundos. Se tirarem essas propagandas o jogo melhora muuuuito e fica bem melhor.",3,4,5.0.5c,2020-01-08 01:21:51
89,Emerson José,https://lh3.googleusercontent.com/-lCmD7HbXUPU/AAAAAAAAAAI/AAAAAAAAAAA/ACHi3rduk8NRESCxI5VY6bjH3rsncdz7OQ/photo.jpg,"Muito bom, mas se tivesse um modo multiplayer seria melhor tipo uma batalha com os amigos.",4,0,5.0.5c,2020-01-15 14:55:14
90,Valber Games,https://lh3.googleusercontent.com/a-/AAuE7mC8iadeB2HI0UsYF2YzYvvvBWrFETmLz_zrzOOF6g,"Esse jogo é muito bom pra passar o tempo até agora não achei nenhum bug, então por inquanto eu estou gostando muito",5,0,5.0.5c,2020-02-09 20:21:11
91,Tailan Santos,https://lh3.googleusercontent.com/-b7MOOj7Sckk/AAAAAAAAAAI/AAAAAAAAAAA/ACHi3rcFNEo91JRUq90VyAkqEHRPEyg8cw/photo.jpg,O jogo e incrivel a jogabilidade e otimo gostei dms mereçe cinco estrela e outra coisa o grafico tambem e otimo e os controles tambem são otimos recomendo,5,0,5.0.5c,2020-01-18 12:42:01
92,vinícius topzera,https://lh3.googleusercontent.com/-2WJtOhhOR38/AAAAAAAAAAI/AAAAAAAAAAA/ACHi3rf3PZSFQXqNRwtUjzxLGQb38FQlcA/photo.jpg,Olha muito bom mais essa coisa de quando eu dessistalo pra baixar conteúdo isso é chato mais o resto do jogo é ótimo tem anúncio pra facilitar ótimo é recomendado esquece esse comentário ruim de crítica e esse jogo é viciante,5,4,5.0.5c,2020-01-11 21:44:46
93,El _ hitter,https://lh3.googleusercontent.com/a-/AAuE7mDVl86YJtJRykwvFwdPJnpwHiwpIH4uESbdNdU4,Muito bom esse jogo mas eles poderia na próxima atualização do jogo deixar a coisas mais barato como as árvores Ou as pedras,5,0,5.0.5c,2020-01-20 12:00:13
94,FERA #MCR,https://lh3.googleusercontent.com/a-/AAuE7mCJYLAxl0xK_14YcMGmrXHRJQhi6tS5w_-EE8Gd,Gameloft troquei de celular e não tenho mais a conta eu já estava no nível 100 da para recuperar??,5,0,5.0.5c,2020-01-14 12:20:56
95,João games,https://lh3.googleusercontent.com/-4uZYXl3T4MU/AAAAAAAAAAI/AAAAAAAAAAA/ACHi3rdWUQTU6Lx_ccJwi9WrEUKpQsmjzQ/photo.jpg,Ele é legal recomendo mas tem algumas coisas que deixa o jogo injusto como o dragão do início consege vencer os outros bots com facilidade,5,0,5.0.5c,2020-01-24 00:53:58
96,DOVILE BASKYTE BERNARDES PEREIRA,https://lh3.googleusercontent.com/a-/AAuE7mAWruO0QR4Vj-kFT47ytaddIHJvGMy0U3oEIOSjNA,"mano, melhor jogo do mundo!!! existem diversos tipos de dragoes batalhas comidas eventos roleta ilhas habitats e muito mais!!!😄😄😄😄😄🐲🐲🐲🐲🐉🐉🐉",5,0,5.0.5c,2020-02-05 09:05:34
97,mauro_0002,https://lh3.googleusercontent.com/a-/AAuE7mB4vEHeHuha7NLgc2aG8c9SrupCP7ERi_Sms7LJ,O jogo deve ser muito fixe e viciante porque eu e os meus amigos tavamos a jogar e eles tinha sempre de parar para abrir um baú acho eu,5,0,5.0.5c,2020-01-26 15:46:17
98,CACTO DE ASA,https://lh3.googleusercontent.com/a-/AAuE7mCEUOH4iWfWi3BYV5ITm1ojLJx4Bosdl5r2VstgNg,O jogo é incrivel a jogabilidade é ótima os gráficos são maravilhosos a história é envolvente adorei #5ESTRELAS,5,0,5.0.5c,2020-01-24 22:40:12
99,Mayara Barbara,https://lh3.googleusercontent.com/a-/AAuE7mDyVZOVkg6V-wIHFAkC_fmHeG_3sNcvQnXpC1bOKw,"Jogo viciante, pena que o servidor fica toda hora caindo e quando isso acontece e vc esta no combate seja na torre de encatamento ou no pvp...vc sempre se ferra...muito chato isso",2,0,5.0.5c,2020-02-01 18:33:05
