,userName,userImage,content,score,thumbsUpCount,reviewCreatedVersion,at
0,Fernando Lobo,https://lh3.googleusercontent.com/a-/AAuE7mA-H1O_uML0DFfTmgZP3-9w7OdcvZePDT6D_SpQwQ,"Merece mais estrelas, mas não vou dar mais pois penso que as jogadas deveriam ser mais completas, tipo; Ao sair a bola, tivesse escanteio e lateral. Ter faltas, quando acontecer de roubar a bola não já terminar a jogada! Aconteceu de o adversário tocar na bola mas o meu jogador pegar de novo.. Mas pelo fato do rival tocar na bola já acabava a jogada! Se mudar isso, fica TOPPPP! Mas é legal e gostoso.",4,79,2.32,2020-01-30 20:23:49
1,Marina Marques,https://lh3.googleusercontent.com/a-/AAuE7mCai8pQrSvwH55bTHC_S44vAU6AyzE9xM00ev9d,"O jogo é ótimo, muito bom mesmo parabéns. Mas, são muitas poucas vezes para jogar e só recarrega as energias em cerca de 1 hora à 1 hora e meia. Irrita muito quando acaba a energia!Sério.Devia deixar repetir os níveis já feitos com três estrelas sem gastar energia. E se vc está tentando fazer o segundo gol pra frente e erra vc recomeça a tentar o primeiro.",1,32,2.32,2020-02-08 18:02:16
2,Futebol Master,https://lh3.googleusercontent.com/a-/AAuE7mCFsYemL9XMG2-YatPKqyd58tOskPGsg3m_uv5qDA,"Precisa melhora em algumas coiasas! Primeiro os jogadores que inventam de driblar, fazer alguma gracinha eles acabam perdendo a bola ou quando vc vai toca acaba ficando impossível efetua o toque, do nada também eles começa corre com a bola até ela sair pela linha de fundou ou lateral e os jogadores parecem caranguejos fica correndo de lado ao invés de correr reto endireção a bola. Isso é muito estranho",2,32,2.32,2020-02-05 14:19:27
3,GuuhThegemer 7645,https://lh3.googleusercontent.com/a-/AAuE7mBZTS2EbwZV6m4yaA6OMQP-Qy-Kq7UuRKhCLsL2lA,"O jogo em si é bom,mas pela quantidade de bugs que se pode encontrar no jodos ele acaba sendo muito criticado...teve um momento que o gol Tava livre e o goleiro na marca do pênalti e do nada o goleiro se teletrasportou pra o gol além disso o jogador corre para linha de lateral por si mesmo e o jogo não dá o grátis..espero melhoras do jogo. ..",2,17,2.32,2020-02-06 11:39:14
4,Rui Ferreira,https://lh3.googleusercontent.com/-RMCU4p1DMz4/AAAAAAAAAAI/AAAAAAAAAAA/ACHi3reX1JV1WLzrlVk-j1xWF4wnvbwaxQ/photo.jpg,"Tem os controles muito sensíveis movimentos enjajerados os jogadores correm pouco e os guarda-redes defendei remates impossívels de defender e os resultados foram feitos completamente ao calhas, porém é um jogo que alivia o estresse mas depois de çair do pc fico a pensar que em outros jogos de desporto era mais fácil de jogar como disse no início da critica Nota: jogabilidade 1 ☆ movimentos dos jogadores 3☆movimentos do goleiro 1☆ sensibilidade max. jogadas 5 ☆ Por isso é que dei 3 ☆",3,23,2.32,2020-01-27 17:09:20
5,Br3n0 F4ur3,https://lh3.googleusercontent.com/a-/AAuE7mAe63Yf4QSLhMPplMnTH7PlVNN19cvmTraBu3QJaA,"Péssimo, jogo bugado de mais, além do gráfico ser da pior qualidade, o jogo apresenta falhas nós passes para outros jogadores, joguei algumas partidas, depois de anos que não tinha jogado, não teve nenhuma atualização, e quando passei para um jogador do meu time, ele começou a correr sem parar para um canto aleatório do campo, e perdeu a bola.",1,213,2.32,2020-01-15 20:39:52
6,Bruno França,https://lh3.googleusercontent.com/-GTxxnda3B7A/AAAAAAAAAAI/AAAAAAAAAAA/ACHi3rer4836XR3ISYdmjJOW96DQrD_DDA/photo.jpg,"Os gráficos são bons, mas fica por ai, a quantidade de vida é insuficiente para o goleiro ninja adversário, e quando você avança de etapa e erra, ou você paga o dinheiro do jogo para voltar aquela cena que errou ou volta da primeira etapa, sem conta que os seus jogadores são burro e dominam a bola pra cima do marcador, e pra finalizar você mais vê anuncio, que joga LITERALMENTE até quando você esta com vida cheia ele para o jogo para mostrar anúncio. Horrível!",2,732,2.32,2020-01-13 16:32:07
7,Walber Mito,https://lh3.googleusercontent.com/-6WAFQgqGdlw/AAAAAAAAAAI/AAAAAAAAAAA/ACHi3rfvl-XRE_XG970kgIiBRM47x0dM6Q/photo.jpg,"O jogo é perfeito na jogabilidade, ""controles"", gráficos e efeitos sonoros, com exceção do narrador, que narra muito sem emoção. Acho que vocês poderiam colocar o jogador para atuar em times brasileiros e em torneios como La liga, brasileirão, copa del Rey, copa do Brasil, premier ligue e etc, mas fora isso, tudo perfeito e nada a melhorar.",5,1013,2.32,2019-12-27 01:23:43
8,Alice X28,https://lh3.googleusercontent.com/-bFfFVU_lfDY/AAAAAAAAAAI/AAAAAAAAAAA/ACHi3rertaq8tYWpDh3cRThmRE21tRxftw/photo.jpg,"Achei muito bom, pra começar: os gráficos variam de acordo com a capacidade do dispositivo automaticamente, nos de última geração são visivelmente mias bonitos mas ao mesmo tempo bem renderizado e nada travado, já em outros mais inferiores, os gráficos são bem mais simples porém com um desempenho de mesmo nível que outro. A jogabilidade a princípio é duvidosa, eu particularmente nunca havia visto um jogo assim e ao jogar me impressionei por muitos motivos, não posso escrever mais, recomendo.",5,2198,2.32,2019-12-28 01:40:48
9,Thayrlan Matos,https://lh3.googleusercontent.com/--LjmgwCqmJc/AAAAAAAAAAI/AAAAAAAAAAA/ACHi3rdleMXnf6F725LQFGdciTO2hm9W_Q/photo.jpg,"O jogo poderia ser excelente mas, tem 2 coisas que mata a primeira e ter que espera a barra de energia encher. vei isto e insuportavel deixem o jogo fluido. a ultima e que se vc tiver errado um lance sendo que nos anteriores vc fez tudo certo, vc e obrigado a reiniciar tudo de novo isto acaba com o clima.",1,39,2.32,2020-01-24 02:24:16
10,Cassio Rebecchi,https://lh3.googleusercontent.com/-8y7Y5regxCE/AAAAAAAAAAI/AAAAAAAAAAA/ACHi3rcLpJmkEcTH-bMRCRR6eaos2aWsBQ/photo.jpg,"O jogo por vezes parece que faz os jogadores em campo errar de propósito. Muitas vezes o jogador corre para fora do campo com a bola, corre em direção a um adversário, o adversário pega a bola facilmente, o jogador ao invés de virar para o lado em que está livre ele vira para o lado qie tem um adversário bem a sua frente. Parece que é para acabar com as vidas.",3,153,2.32,2019-12-12 19:53:21
11,BL1ND4D0 444,https://lh3.googleusercontent.com/a-/AAuE7mCSt5WllMzVlapJFjqlOW0jYiEn2a5VUEpU8_ny,"Além dos anúncios, o jogo é digno de ter fama. Porém a inteligência artificial dos jogadores é meio ""Burra""! Pq nós trocamos para um jogador e ele adianta a bola DMS e o jogador adversário acaba roubando a bola por causa de um erro da inteligência artificial. Com isso, perdemos uma barra de coração e temos q gastar dinheiro para voltar no lance novamente... Mas o jogo tem gráficos ótimos, chutes de extrema qualidade e tbm o sistema de toques q eu gostei DMS!!! Bom, me respondam se possível.",3,139,2.32,2019-12-28 11:06:36
12,Muuh M,https://lh3.googleusercontent.com/a-/AAuE7mCBN41p4F2LAa-2eNmy8WZDK4kYIMZqDfO4LZmwUPg,"Jogo é bom, porém, infelizmente a inteligência artificial de inteligente não tem nada, 80% dos erros nas jogadas é por burrice da própria IA, e não do jogador, isso torna o jogo estressante. Fora que vocês perderam a mão na história, como um cara consegue jogar 30 anos de carreira? Ele é feito de ferro? Dava pra ser muuuito melhor.",3,120,2.32,2019-12-13 16:12:29
13,Ramon Coelho,https://lh3.googleusercontent.com/a-/AAuE7mBpM_YTOoeL-A6wg0E9aTql9_gyC4_EiXSby_cK8Q,"A ideia do jogo é muito boa, mas ter que começar a fase desde o início toda vez que se perde um lance é muito desrespeito com as pessoas que jogam. Eu vejo que o objetivo dos desenvolvedores com isso é de gastar mais rápido as vidas e forçar a gente em assistir anúncios ou comprar mais vidas.",1,22,2.32,2020-01-26 13:11:05
14,enzo,https://lh3.googleusercontent.com/a-/AAuE7mAETXX1QqMTMrAgy0jliEsg4IHgTuw8qkLYGGGHcg,"O jogo é muito bom! Ótimos gráficos, uma história bem contada e com ótima jogabilidade. Porém há um problema horrível que me levou a odiar este jogo. Eu passo a bola em jogadas, bem colocadas, nos pés dos jogadores, e eles perdem a bola sozinhos. É impressionante o tempo em que gasto tentando passar fases onde fiz tudo certinho e o CPU perde a bola sozinho!",2,66,2.32,2019-12-27 10:14:23
15,Dark Knight,https://lh3.googleusercontent.com/-OhCPXT9kOqw/AAAAAAAAAAI/AAAAAAAAAAA/ACHi3rftSxiD9t8UTeiCwljP0r6jMMHwqw/photo.jpg,"Eu não gosto das inteligências artificiais que na maioria das vezes são culpadas pelos erros, e isso faz que vc perca energia sem ser sua culpa (certas vezes é inevitável) não! Se o jogo não dá chances de defesa. Além disso tem vezes que perde a bola mas o time recupera. Deveria ter uma segunda chance. Bom apenas minha opinião. E quem discorda pode discordar porque no caso seria a opinião de vocês. Quem leu até aqui, obrigado pela atenção.",2,101,2.32,2019-12-22 20:51:43
16,Matheus Garcia,https://lh3.googleusercontent.com/a-/AAuE7mA1Lz0IX7GWdEh6KQ8XJPRrxtaNyRnSiOzyvLCI,"Goleiro toma gol besta nos lances que passam, na hora de jogar faz umas defesas mentirosas. Os jogadores são lesados, ao invés de tocar no óbvio, ou espera a marcação ou sai correndo do nada. Os vídeos grátis pra mim estão limitados. Esperar um TEMPÃO pra recarregar as energias. estou super frustado com o jogo!",1,6,2.32,2020-02-08 23:21:30
17,Núbia Gonçalves,https://lh3.googleusercontent.com/a-/AAuE7mBlcAcxX5JEo5aLcHqJkZjeUOY6yJZfzxl2vo67,"Eu achei o jogo ótimo, mas eles tinham que ter os elencos dos times de verdade, e para mim tinham que nos dar mais dinheiro ou cobrar menos durante as partidas e, da minha visão nós os jogadores tínhamos que mudar de clube com mais frequência porque nào dá para esperar uma temporada inteira, último ponto as energias para mim tinham que ser maiores ou acabar com mais lentidão, mas em geral o jogo e legal",4,465,2.32,2020-01-01 09:29:37
18,Kayke Canal,https://lh3.googleusercontent.com/a-/AAuE7mCSHB7sWRGdYa6PiAhxQHd13l-vZAbeJvCdygPi,"O jogo é bastante bom, só oq eu n gosto dele é q se eu passo a bola para um jogador do time meu, ele simplesmente leva para fora do campo. Outro problema do jogo, é q eu chuto a bola longe do goleiro e ele teleporta para a bola e faz eu perder a vida. Bom, era só essas reclamações q eu queria falar, espero q vcs resolvam!",4,58,2.32,2019-12-30 17:17:46
19,Romoaldo Franca,https://lh3.googleusercontent.com/a-/AAuE7mCeXLussne7mLJe6RLp1JthwFkDskQxxOikUJzt,"Ta muito chato! Toda jogada que erramos tem que volta no único.. o mais decpcionate de tudo , quando agente ja fez o primeiro gol que foi muito suado. Sem falar que a jogabilidade dos jogadores não são das melhores.. arrumem isso pfv. Caso, contrário, o jogo vai fica cada vez mais desanimado para joga",1,20,2.32,2020-01-23 08:29:36
20,Daniel Dutra,https://lh3.googleusercontent.com/a-/AAuE7mCFkRwwBn5XrZCthbZNGmVtj2gsjij7di4luOzm,O jogo é bom. Ruim só que tem energia limitada e toda vez o cara tem que assistir um anúncio pra poder jogar. Isso acaba definitivamente com a qualidade do jogo . Vocês deveriam melhorar isso urgentemente pra poder atrair mais jogadores.,1,7,2.32,2020-02-03 18:55:00
21,Bryer,https://lh3.googleusercontent.com/a-/AAuE7mBitPQM2oscFiuJxCI-auPOgHSzyu0Er2GpROQU,"Poxa o jogo tinha tudo pra ser bom, mas não é justo se, por exemplo, a fase tiver 2 jogadas, e se eu errar a segunda, tenha que refazer a primeira. Além de ter algumas horas que o personagem não tem opção de passe, pois o adversário está na frente, cobrindo qualquer saída de bola. E fora que acaba sendo estressante.",3,73,2.32,2019-12-03 17:02:33
22,Walter Jayme Neto,https://lh3.googleusercontent.com/a-/AAuE7mDyzV5MLsZNMw_iyw6Nd0oJKHFdWFPGfGeOCdIk,"Jogo muito bom e divertido. Prende muito. Mas é ridículo que o jogo te cobre ""energia"" quando os próprios jogadores estão fazendo movimentos programados e perdem a bola. Dever-se-ia perder ""energia"" somente quando a perda da bola é causada por ação exclusiva de quem está jogando.",4,108,2.32,2019-12-08 16:36:37
23,Mundo ViNi,https://lh3.googleusercontent.com/a-/AAuE7mBGLVUeHLWZKFj0FaZw5GGKN7Cbusl3WJiCOLwrgw,"Jogo muito bom mas com uns detalhes que irritam como o sistema de energia para jogar e os jogadores do time adversário que tomam a bola do nosso personagem após já ter dominado a bola, física do salto de goleiro na maioria das vezes é impossível,o que acaba irritando o jogador, mas tirando isso é um jogo bom.",3,49,2.32,2020-01-01 21:10:58
24,Régis Quintanilha,https://lh3.googleusercontent.com/a-/AAuE7mCt5imcoPZTO4LM3LOdnbZh6yNMn8lGuORKHRcj,O jogo é 5 estrelas... Mas a quantidade de anúncio que você assiste para ter um mínimo de jogabilidade é péssimo. Tudo forçado para gastar mais dinheiro. Deveria ser muito mais racional... Eu estou delatando o jogo porque se tornar irritante... Volto a dizer o jogo è muito legal... Mas mata a política de monetização dos criadores,3,80,2.32,2019-12-24 02:10:29
25,Lucas João,https://lh3.googleusercontent.com/--b_tqXhEmiE/AAAAAAAAAAI/AAAAAAAAAAA/ACHi3rfj6nm7PoJdHBUJQilI2zejTez0Mg/photo.jpg,"o jogo não estar tão bom,por conta da inteligência artificial dos jogadores,deixa o jogo ruim. Exemplo: Você toca a bola para um jogador do seu time e ele simplesmente leva a bola para fora sozinho e a pessoa não pode fazer nada para impedir ou você toca a bola para um jogador do seu time e ele só da a opção de tocar para um jogador totalmente marcado sendo q do lado tem um livre de frente para o gol e sem estar na posição de impedimento.",2,3634,2.32,2019-12-04 02:23:24
26,Bruno Costa,https://lh3.googleusercontent.com/a-/AAuE7mBpM5bMBYfG7KiAQgkTHkuE0fJvA3G7gSJqxG0DKQ,"Jogo tem uma pegada legal e divertida até certo ponto, mas, ao passo que vai subindo de nivel acaba sendo extremamente chato e injusto, ficando massante. Problema não é a dificuldade natural em níveis avançado, mas acaba por trata o consumidor como verdadeiro idiota (com jogadas que não saem, lances impossíveis, jogadores que erram de propósito etc. Tudo para que haja propaganda em cima de propaganda). Depois de semanas jogando, hoje já não tenho menor interesse. Virou puro estresse.",3,49,2.32,2019-12-17 07:04:02
27,o fucving pato ronaldo,https://lh3.googleusercontent.com/a-/AAuE7mAyHsQZ_T6nmAANdJfdAd_zmDeht4RJdKgibH3wmg,"Primeiro: as vidas. São escassas, no mínimo deveriam ser dez corações e não aquele pouco . Segundo : jogabilidade é péssima. O cálculo da força do chute é horrível somente pelo deslize do dedo, e como sugestao o jogador poderia escolher a força do chute antes de traçar a linha com a direção, exemplo, ele vai cobrar um cruzamento e aí ele coloca que vai cobrar com 70/75% de força. Terceiro: a restrição dos movimentos da I.A, o jogador não tem rebote quando erra o chute e o Goleiro é roubado.",1,86,2.32,2019-12-15 20:14:08
28,Felipe Fernandes,https://lh3.googleusercontent.com/-UEuTpvb6UpE/AAAAAAAAAAI/AAAAAAAAAAA/ACHi3rd-0PjyLJkp5RfRJUGBl6o2oW737g/photo.jpg,"Pelo tanto de anuncio que tem o mínimo que o jogo deveria proporcionar é uma boa experiencia. A inteligencia artificial do time controlado é burra, os desafios por exemplo os de fazer gol batendo na trave para serem feitos precisaria melhorar a precisão na hora de direcionar a bola e etc. Fora os goleiros deslizando no ar pra fazer milagres. O I.A do adversario dominando a bola no peito desrespeitado totalmente a fisica",1,46,2.32,2020-01-07 21:11:19
29,Pedro Costa,https://lh3.googleusercontent.com/a-/AAuE7mBNlC04RuGk_ZD39hIP8A7cXyspNR0Vxcmu9Tw,"Desistalando o jogo. É ridículo que em uma partida que você tenha que fazer 3 ou 4 gols você tenha que voltar ao início quando erra. Eu não sei quem foi o ""genio"" que criou isso, mas é uma ótima maneira de cansar os jogadores que mais cedo ou mais tarde vão partir para outros jogos.",1,8,2.32,2020-01-26 01:09:32
30,Edmar Esteves,https://lh3.googleusercontent.com/a-/AAuE7mCb1nujdTvLmIUJj1x5g-BE9TSAmb9kXVQ6zwHr,"Gostaria de saber por que escrevi comentario três vezes e não aparece? O jogo tava legal foi só eu comprar dois pacotes um de 8,49 e outro de 12,99 aí comprei pacote de 24 hs de energia. Perca de tempo,essas horas todas na mesma fase agarrado,pq toco a bola e o meu jogador lá no ataque volta até a zaga ou corre pra vc lateral e sai com bola é tudo. Enganação pura,quero ser ressarcido do meu dinheiro ou que devolvam os pacotes que conorei, ridículo isso!",1,71,2.32,2019-12-05 00:07:29
31,levindo lino,https://lh3.googleusercontent.com/a-/AAuE7mAsY139uNi2YTEHKckIYF5zPNQFRYvw57lUMyxPLQ,"Gostei muito do jogo, me tornei viciado, sinceramente incrível a experiência que ele passa, mas tenho uma reclamação a fazer do nível 529 no qual não consigo passar de nenhuma forma, não faço a toa essa reclamação dá pra ver pelo nível que cheguei, sempre que tem uma fase difícil tento e insisto em passar dela mas esse nível achei impossível para mim.",5,11,2.32,2020-01-16 23:02:33
32,Daniboy 019,https://lh3.googleusercontent.com/a-/AAuE7mBMFA_-AxFGaOrN7Q5YeGCj-yJUd9MSWhLUa6muVw,"Jogo é muito bom, você usa estratégia pra conseguir fazer o gol. Mas é muito ruim você ter que jogar 10 minutos e fechar porque sua vida acaba e você tem que ficar vendo 30 propaganda pra continuar jogando, isso é muito chato e estraga a experiência.",3,4,2.32,2020-01-19 01:04:28
33,Felipe Osmarini Cardoso,https://lh3.googleusercontent.com/-_VRlZvIt8uA/AAAAAAAAAAI/AAAAAAAAAAA/ACHi3rdIDU-8RN93N2G6FpXODPiqoYBYRA/photo.jpg,Os gráficos sa ótimos. Mas o goleiro fas defesas emposiveis os nossos jogadores são altamente burros é desarme o do próprio time e as vezes tu acerta o passe e o jogador perde a bola . Porque das vidas?,2,2,2.32,2020-02-04 16:42:07
34,Ademar Queiroz,https://lh3.googleusercontent.com/a-/AAuE7mCjAO6Jo05TZkHuZ5EEB-XapArtNoIueNGnydOy,"O jogo é um pouco bom so que deveria consertar algumas coisas tipo: o time da CPU sempre é melhor o goleiro parece vooar mesmo quando a bola é indefençavel. E voçes deveriam adicionar mais coisas tipo perna ruim e botar os preço dos acessorios mais baratos tipo uma chuteira que custa R$100,00. E tanbem os nossos jogadores sai com bola e tudo. 😠",3,26,2.32,2019-12-27 14:10:32
35,Caio Patriota,https://lh3.googleusercontent.com/-GFIlQjS8xW8/AAAAAAAAAAI/AAAAAAAAAAA/ACHi3rduWtqbNGcNSEwSONyEMaLTik4vtw/photo.jpg,"Esse jogo é muito legal você pode trocar de cabelo trocar de time até para seleção brasileira eu instalei esse jogo no dia 1 do um de 2020, esse show que é tão legal tão legal dá para você ir na Champions league campeonato inglês italiano espanhol depende da onde você de que campeonato você está é muito legal esse jogo 🏆",5,13,2.32,2020-02-06 12:17:22
36,Lázaro santini games,https://lh3.googleusercontent.com/-gJC3K-rjPCk/AAAAAAAAAAI/AAAAAAAAAAA/ACHi3rd-xHuFzWysqVYt7zzT27d0ZTwvyg/photo.jpg,Não é àquela coisa mas é bom mas o ruim é q presida de chances e quando acaba presisa comprar ou olhar um vídeo e da poucas chances e os bonecos tem a demência fase onde eles não sabem o q está acontecendo e gasta muitas chances no jogo pra repetir. E poucas vezes vai receber dinheiro e só pode jogar no mesmo campeonato e não pode mudar e também tem q esperar muito tempo para as chances voltarem. Os jogadores não pulam na bola quando presisa.,4,3,2.32,2020-01-24 18:36:16
37,Vinícius Boff,https://lh3.googleusercontent.com/a-/AAuE7mA33ndZKeIAaBE_dypm_t3CpCq3tb2absGOdkqVVQ,"Perde muito tempo com as propagandas. O jogo é muito legal, parabéns aos desenvolvedores, mas é demais propaganda, perde o foco do jogo... Não quero desinstalar, mas o excesso de vídeo atrapalha, perde tempo 🤷🏻‍♂️",3,3,2.32,2020-02-05 00:08:36
38,Leonardo Kaminski,https://lh3.googleusercontent.com/a-/AAuE7mDGkdJhEPLxVOunL0pwnQPTAmQib9Zk5ApBNNOW,A inteligência artificial mais burra já vista na história do planeta Terra. Os zumbis do RE1 tem uma inteligência extremamente superior a qualquer jogador que você possa ter no seu time... Parece que o jogo é entre 2 creches regionais,2,2,2.32,2020-01-25 01:40:40
39,Vinicius Silverio,https://lh3.googleusercontent.com/-KHbVmyeqNS8/AAAAAAAAAAI/AAAAAAAAAAA/ACHi3rf1wQ-L1kv1f-_UmntFwCCgAWzvnQ/photo.jpg,"O jogo em si é bom de mais ,mas quando chega no gol os niveis mais avançados o goleiro esta em um lado e ele sai coredo e defende so batendo a mão ,tambem quando vc da um pase longo para um jogador do seu time ele vica bobeando , e outro jogador do outro time sai corendo e cabeceia",3,1,2.32,2020-02-05 16:12:26
40,Je Awaken,https://lh3.googleusercontent.com/a-/AAuE7mAyQ4pBj0vRO5flECjLDZXsennK2PtaBBbiy2KAGg,"Nao curto muito futebol, mas esse jogo de parabens, as vezes a gente erra una jogada d dependendo da.força tu consegue cruzar pra jogadores diferentes e apesar de ""perder""e ter que repetir algumas fases, cada vez é diferente, entao ta de parabens",5,4,2.32,2020-02-06 20:35:08
41,Juan R.,https://lh3.googleusercontent.com/a-/AAuE7mC7x5Ft--mA8gQr8Mw-QGm3slwVZgnKUAAc5Ez4,"O jogo é falho no quesito domínio de bola, após o jogador receber o passe, muitas vezes ele simplesmente entrega a bola pro adversário tentando um drible idiota, isso acaba deixando o jogo ruim! Fica totalmente injusto, é algo que o player não consegue controlar e acaba consequentemente perdendo tempo",3,191,2.32,2019-12-11 20:28:40
42,mathprates,https://lh3.googleusercontent.com/a-/AAuE7mBmBuLnog7O0bTl3VZyjpE979WZsAumS07vICKBwQ,"Cara eu gosto muito do jogo mas eu n daria 5 estrelas pela inteligência artificial,a inteligência artificial do jogo e péssima tipo oq aconteceu comigo eu dei a bola pro outro jogador mas ele jogou a bola longe sem motivo algum a até isso eu daria 4 estrelas, mas eu queria fazer uma sugestão de vcs continua o progresso em outro celular como no meu exemplo eu estava jogando no Cel da minha mãe e eu estava super longe e eu queria continuar no meu celular e ainda estava na mesma conta Google",4,22,2.32,2019-12-26 14:32:29
43,Conta do CLASH,https://lh3.googleusercontent.com/-sekZmizuA1M/AAAAAAAAAAI/AAAAAAAAAAA/ACHi3rflC7vOLrlehxWroWsa0xSd-vJ0PQ/photo.jpg,"É legal mas só que tem muita propaganda de patrocinadores e também quando você joga bola para algun do seu time ele não se importa de pegar lá no alto aí o time adversário fica com ela . A outra coisa quando o meu jogador toca e o outro do time adversário que vai pegar a bola e chuta porque não tem reboot ou também a possibilidade de pegar a bola de volta ???? Gráfico tá de médio a RUIM PRONTO DEIXEI minha opinião sobre o jogo , antes de instalar leia este comentários !!!!!!",2,35,2.32,2019-12-23 11:17:02
44,alvaro wosniak bispo,https://lh3.googleusercontent.com/a-/AAuE7mDue8fbrmLsQljDa5OWaqj8zFippanvYbijdW46vg,"Jogo cheio de bugs, principalmente falhas na inteligência artificial, que poderia ser chamada de burrice artificial, de tantas falhas que tem. Há momentos em que o jogador recebe a bola e simplesmente corre até a linha de fundo, mesmo não havendo marcadores por perto e também não dá a opção de fazer um cruzamento na área. Outro defeito é o jogador receber a bola e só aparecer a opção de bater de primeira, sendo que em muitos casos era possível dar mais alguns passos e bater mais de perto do gol",1,685,2.32,2020-01-08 13:09:41
45,marcilio Vidal,https://lh3.googleusercontent.com/-BM9iSB0PpN0/AAAAAAAAAAI/AAAAAAAAAAA/ACHi3rd6mzAofycrQSG1O8T40vIRGFZJ1w/photo.jpg,O jogo é bom mais eu fui assistir um vídeo para ganhar energia no jogo(estava no capítulo 37) quando o vídeo acabou estava no capitulo 47 perdi as propostas e fui pro pior time tinha começado no valladoid da lá liga e fui pro saint-etiene(se estiver errado falem por favor não sei como escreve o nome do time) fiquei com raiva pois poderia ter continuado em times bons por isso 3 estrelas,3,22,2.32,2019-12-21 02:09:06
46,Marcos Kayan,https://lh3.googleusercontent.com/a-/AAuE7mDxCZ7Bsyzkn0Z8qIeXF0kZIrDrE3tS8RvrRWSvqw,"A inteligência artificial dos jogadores é muito ruim. Os jogadores adversários são mais rápidos, costumam ganhar todas as divididas e sempre tomam a iniciativa de ir atrás da bola primeiro. Esse jogo é um caça níquel. MELHOREM A INTELIGÊNCIA ARTIFICIAL URGENTEMENTE!",2,24,2.32,2019-12-19 00:54:09
47,Gabriel Bianco,https://lh3.googleusercontent.com/-oj_aTa7qxmI/AAAAAAAAAAI/AAAAAAAAAAA/ACHi3rfXrdcd93L5Rvint6lvXPZzNAUBxg/photo.jpg,"O jogo é otimo simula uma carreira de um jogador q vc pode criar eu gostei de tudo só dei 4 estrelas e não 5 porque eu acho q o jogo poderia não fazer todo jogo é o nosso time q faz o primeiro gol poderia tbm o adversario começar fazendo o gol mas pra mim o resto foi perfeito a jogabilidade é boa,tem varios eventos bem legais e etc... resumindo o jogo é muito bom só q na minha opinião poderia ter esse pequeno detalhe",4,2297,2.32,2019-12-03 12:49:25
48,Jose Victor,https://lh3.googleusercontent.com/-LHLFujQqBgM/AAAAAAAAAAI/AAAAAAAAAAA/ACHi3rcMYanpYCI19GjZIXUK8Uq7hG9ifA/photo.jpg,"Muito ruim esse jogo os adversários fazem coisas num estalar de dedos como se lê se a mente da pessoa e os seus jogadores são muito burros por exemplo eles pegam a bola é saem correndo para fora do CAMPO , é ainda se a pessoa errar um passe perde seus corações muito ligeiro e demora para recarregar e o dinheiro do jogo é muito ruim mau da pra comprar nada ,não recomendo esse jogo a NINGUÉM",1,37,2.32,2020-02-07 15:46:37
49,Ezequiel Carvalho,https://lh3.googleusercontent.com/-dBF9g9XynCc/AAAAAAAAAAI/AAAAAAAAAAA/ACHi3rc9DfBWijcQ4toNgakn2BL39fXuxw/photo.jpg,"Tem que arrumar as vidas ou tirar elas e deixar igual o dls só o dinheiro, perco porque os próprios jogadores jogam a bola pra fora, eles não disputam bola aérea, perdem bolas bobas, as vezes tem jogador livre e o joga manda tocar a bola pra quem tá marcado e quando os jogadores perdem a bola não deveria descontar da vida",2,9,2.32,2020-01-03 22:43:45
50,ryhan alves,https://lh3.googleusercontent.com/-MG7apyscTFk/AAAAAAAAAAI/AAAAAAAAAAA/ACHi3rcPAnCMUnBE1Nst0BoMkIc8SliVHg/photo.jpg,"É um jogo muito bom, um jogo que vc pode colocar ele para ocupar o seu tempo de boaça, mas ele tem os seus contras. Sugestão para a melhora: O jogo poderia fazer com que os corações para chances durasse menos tempo para voltar e você ter mais chances. Mas fora isso está bom",3,1,2.32,2020-01-20 01:34:36
51,Eliab Lopes,https://lh3.googleusercontent.com/-j4D7jTR4jHU/AAAAAAAAAAI/AAAAAAAAAAA/ACHi3rfOl_01zNLS9FRYoplI7aQKeN4zXQ/photo.jpg,"Esse jogo é top... Apenas precisa de alguns ajustes, mas eu não tenho nada a falar de mal desse jogo!!! #Score!Heropodebaixar.",5,4,2.32,2020-01-31 16:25:59
52,Juninho Ferraz,https://lh3.googleusercontent.com/-zKO5ZnVePyA/AAAAAAAAAAI/AAAAAAAAAAA/ACHi3rdx4gy4_Ehma5TItGXigzlYNpzvYA/photo.jpg,"O jogo é bom Simula a Vida de um jogador,Mas poderia deixar um pouco mais Real essa simulação como depois do jogo vc controlar o seu jogador até o vestiário e depois até o ônibus que levará até sua cidade e treina o jogador.Mas tem coisas a melhorar como vc toca a bola pro jogador do seu time ele corre até a lateral do campo até sair a bola ou vc toca a bola o jogador dribla sozinho Uma vez e depois tenta dribla o mesmo jogador de novo e perde a Bola..Isso é bem ruim por isso dei duas estrelas",2,21,2.32,2019-12-16 09:34:36
53,Guilherme Capuano,https://lh3.googleusercontent.com/-MXhrOzMfqEM/AAAAAAAAAAI/AAAAAAAAAAA/ACHi3reh-VPw69cM6j6QGiatK2n84l5siQ/photo.jpg,"O jogo é super legal, mas para cada 1 minutos de jogo, são 30 segundos de propagando. Insuportável. Gostei muito do jogo mas vou desinstalar por não ter o mínimo de jogabilidade. Agora se vc quiser perder seu precioso tempo de vida vendo propagandas, o jogo é perfeito.",1,26,2.32,2019-12-20 23:12:47
54,Daniel Stanek,https://lh3.googleusercontent.com/a-/AAuE7mAAsAtauUH491Gaib1jwzq62_VgcgER9yfEXpAI,"Bom jogo, só peca em algumas coisas como , por exemplo, o goleiro adversário tem uma velocidade incrível 🤦🏼‍♂️, ele chuta do outro lado q ele tá posicionado mesmo assim ele chega, outro exemplo, vc lança e o seu jogador domina a bola mas sai com bola e tudo .",3,17,2.32,2019-12-15 16:55:27
55,Johann Abner,https://lh3.googleusercontent.com/a-/AAuE7mDwTNRQX4-7Oz-wo2fpaIu9Au0-w-JScxVi1AF6taY,"Bom, mas poderia ser melhor, a INTELIGÊNCIA ARTIFICIAL me faz passar raiva as vzs. Tem jogadas que só o jogador do time adversário pula na bola e tem outras que meu jogador não corre pra pegar um rebote por exemplo. Todavia, o jogo é bom, com bons gráficos e jogabilidade, oq mata é a IA!",3,24,2.32,2019-12-21 04:22:04
56,Danilo Vescovi,https://lh3.googleusercontent.com/-d1SPthz4h-s/AAAAAAAAAAI/AAAAAAAAAAA/ACHi3rfrS370xMXKLvFFKfsJS7yrf-TdMQ/photo.jpg,"O jogo é muito bom, mas tem muitos bugs, as vezes você faz o passe certo, e o jogador que recebe sai correndo para a lateral e dessa forma você perde a jogada, tem que ser corrigido",3,2,2.32,2020-01-14 14:45:16
57,Douglas Cesario,https://lh3.googleusercontent.com/-N_oosq-cRdE/AAAAAAAAAAI/AAAAAAAAAAA/ACHi3req5iTccRLC1d5j8UCe2s7dWeZy0w/photo.jpg,Fiz uma compra hoje de energia ilimitada por 24 horas e 15 minutos depois quando voltei ao jogo havia sumido a compra que fiz. First Touch Games quero minha compra de volta,3,1,2.32,2020-02-05 17:14:08
58,Bruno Fischer,https://lh3.googleusercontent.com/a-/AAuE7mDXGeGzJc2VpNXnbKvJniLpMe86vH6CR56XbyJHdQ,"O jogo é bom, porém acho que quando o goleiro defende ou pega na trave o jogo deveria seguir se a bola voltasse para um jogador do meu time, e não finalizar a jogada como acontece.",4,1,2.32,2020-01-27 15:24:26
59,Cláudio Junior,https://lh3.googleusercontent.com/-INDRMqJPlq4/AAAAAAAAAAI/AAAAAAAAAAA/ACHi3rdrJEwWRNiZRSS2-IEbOkmLyQqJFA/photo.jpg,"Horrível muito ruim tá maluco dps que vc passa da fase número 150 não consegue nem dominar a bola os jogadores saem com a bola e vc não tem a opção de fazer alguma coisa, e do na fase número 189 do nela a 1 mês já e não consigo passar pq meu jogadores nem dominar a bola dominam mais e só da opção de tocar em jogadores que estão totalmente marcados sendo que tem outro livres, mais enfim vou continuar jogando a mesma fase até o jogo melhora ? Se não desintalo e também não indico a ninguém.",1,77,2.32,2020-01-08 17:07:22
60,Gabriel da Silva,https://lh3.googleusercontent.com/a-/AAuE7mD46yGcRdJzP2kptUj5ogGkT5GzBILflk2VH6V9rA,Ideia do jogo é legal mas a inteligência artificial é horrível. Jogadores muitas vezes pegam a bola e correm até sair pela linha lateral ou não conseguem dominar a bola.,3,1,2.32,2020-02-01 22:53:23
61,Rodrigo Silva,https://lh3.googleusercontent.com/-fLnU81vBpHY/AAAAAAAAAAI/AAAAAAAAAAA/ACHi3rcB6HBJ-vF0neDHrgAGxm_RWOVKxg/photo.jpg,"Jogo é legal! Porém 1 goleiro do matrix. 2 fazer 3 gols errar o quarto e voltar do começo as vezes a opçao de video nao tem e pra continuar tem que pagar. 3 forçam de mais, apelam de mais pra gente nao alcançar o objetivo do jogo e ter que comprar as coisas. 4 muitos erros, goleiro do fifa stret, jogador sai sozinho com a bola, para se obter estrela muito nada aver, tipo"" Marque 1 gol de cabeça com seu heroi, mas na jogada ele ta la na zaga. Querem lucrar? Sejam justos co m quem joga..",1,1,2.32,2020-01-31 14:15:45
62,Gabriel Winter,https://lh3.googleusercontent.com/-dAc3VCaZatY/AAAAAAAAAAI/AAAAAAAAAAA/ACHi3rfdFXzMFIdIGDPX7X8zeUtoRQO8OA/photo.jpg,"O jogo é muito bom, dei quatro estrelas pois mau posso jogar o jogo porque para iniciantes que erram muito perdem estrelas rápido. E também tem muitos anúncios que realmente chega a irritar pois não conseguimos jogar em paz se vocês puderem melhorar isso eu agradeço!",4,12,2.32,2019-12-21 16:31:53
63,Diego Maclntyre,https://lh3.googleusercontent.com/-zyv5dQW9sm8/AAAAAAAAAAI/AAAAAAAAAAA/ACHi3rf8AHQHmxIMBR2tH8C60Y3KYrQm4Q/photo.jpg,"O jogo em si é bom, mas vai te frustar várias vezes. Como? Ele vai fazer você gastar todo o dinheiro rebobinando as jogadas, pra te ""forçar"" a ver anúncio (que só paga 10 'dinheiros', e cada rebobinada custa 10 também).",1,11,2.32,2019-12-28 11:22:06
64,Vinicius. meu. deus Neves. vão. se. demoli,https://lh3.googleusercontent.com/-he8eWMUi6sU/AAAAAAAAAAI/AAAAAAAAAAA/ACHi3rcEORZcGzqZPJ69ZsjeLzpE61vZHA/photo.jpg,O jogo e muito bom mais e só vc chegar nos níveis 48 49 e 50 os caras faz uns e perde a bola do nada a tu tem que jogar umas 30 vezes e ter sorte prós jogadores não perder a bola do nada mais tirando isso o jogo e muito legal,3,1,2.32,2020-01-18 11:01:47
65,Wender Peixoto,https://lh3.googleusercontent.com/-JBxd_PteU-A/AAAAAAAAAAI/AAAAAAAAAAA/ACHi3reJOlNWzMjCJDCgNVG7HnDyTNsiJw/photo.jpg,"Depois de algumas fases os jogadores erram de propósito, deixam pra dar o passe em cima da defesa, fora quando pegam a bola e vão pra fora, sendo q tem muito espaço pro campo, a idéia do jogo é boa, mas esses erros grotescos, fazem o jogo virar um lixo.",1,37,2.32,2019-12-06 01:23:08
66,Matheus Bastos,https://lh3.googleusercontent.com/-yPoEaCcjNwQ/AAAAAAAAAAI/AAAAAAAAAAA/ACHi3rfzjUt_WEQIt500GrnTI_GgtvrG0A/photo.jpg,Ele e um jogo muito bom eu gostei única coisa é que as vida acaba muito rápido Essa foi a única coisa que eu não gostei mas sim Encomendo por causa que ele é um jogo ele é um jogo muito bom e eu gosto de jogar ele,4,2,2.32,2020-02-03 12:31:49
67,Limão aleatório Azul,https://lh3.googleusercontent.com/a-/AAuE7mBMC_E7VZc-bQdiuURXHo60bozyFykyYshizL0C,Olha tinha dado 3 estrelas mas vi que não é só eu que reclamo do mesmo problema do jogo e pelo que estou vendo os desenvolvedores do jogo não estão nem aí para as críticas do jogo então. Vou falar o problema de novo no jogo vc só controla passes ou chutes de jogadores mas não controla seus dribles e corrida o jogador vai dar um drible e perde a bola e não podemos impedir isso. eu vou dar uma estrela e só não dou 0 de avaliação pq não dá então só instalo de novo o app quando atualizarem,1,16,2.32,2020-01-01 18:54:23
68,Ian Damião,https://lh3.googleusercontent.com/a-/AAuE7mBGlpdMlxZv3hcNuY1LrgXLfW9xaa4Q-ZT5frcdF4Q,"Um lixo, seus jogadores parecem burros, se você dá um passe diferente do programado no jogo, os jogadores não recebem a bola, goleiro faz defesas impossíveis (ele é teleportado para o lugar da bola, mesmo que esteja longe) e o jogo é irritante demais. Um lixo",1,71,2.32,2019-12-06 00:11:15
69,Henrique Gabriel,https://lh3.googleusercontent.com/-XGA1RGI3Atw/AAAAAAAAAAI/AAAAAAAAAAA/ACHi3rdJE1LnQUbznxSin5H5LH20R6qk4Q/photo.jpg,"Esse jogo contém muitos bugs:Como os jogadores saírem de campo com a bola,os jogadores adversários passarem por dentro de vc,o goleiro se teletransportar etc...Gostaria que vcs arrumaçem isso por favor!!!",4,15,2.32,2019-12-19 01:19:17
70,JacaExplosiva,https://lh3.googleusercontent.com/a-/AAuE7mAVgmuHUERXsDifUVs3K3OFwja2pZ0nhg7QI--k_g,"Estou jogando este jogo pela segunda vez porque ele é muito bom,mas não dou 5 estrelas porque os corações deixam o jogo chato,eu fico com muita vontade de jogar mas quando acaba os corações eu não posso mais jogar. Também tem alguns níveis muito difíceis, e também não é facil conseguir o dinheiro do jogo para personalizar o personagem. Mas o jogo é incrivel.",4,5,2.32,2019-12-29 12:31:29
71,Matheus Ronconi,https://lh3.googleusercontent.com/-2cJnMmxFnwE/AAAAAAAAAAI/AAAAAAAAAAA/ACHi3rdByLuo8Lzxj721op7iqfgJb0vUJw/photo.jpg,Para mim o jogo é muito bom mas o que acontece pode ser tanto quanto no meu celular tanto quanto no jogo quando vou dar algum passe ou um chute para o gol parece que o jogo está em câmera lenta sendo assim muito difícil poder jogar,4,2,2.32,2020-01-29 08:52:17
72,Ana Raquel Cavalcante,https://lh3.googleusercontent.com/a-/AAuE7mBJW7jPFsQNTsdzO5_9CqcUpoLPEiPt00z5tqpDgg,Um jogo incrível com os gráficos e etc.Mas o que me incomoda é que precisa de corações pra puder jogar e isso é meio chato porque vc precisa esperar 1 hora para todos os corações carregarem.Fora isso o jogo é incrível,3,2,2.32,2020-01-17 14:03:44
73,Joenny Martins,https://lh3.googleusercontent.com/-1sX9QdGSi4Y/AAAAAAAAAAI/AAAAAAAAAAA/ACHi3req6WGaM8QPASziXDVhkrkPIszFNA/photo.jpg,"Zero defeitos, amei o app, só um problema, depois q sobe de nível, não há dinheiro suficiente para desbloquear o restante de fases, arrumem isso por favor, aí darei 5 estrelas! Data: 10.01.2020",4,4,2.32,2020-01-11 00:18:18
74,Roberta Lima,https://lh3.googleusercontent.com/a-/AAuE7mCA6flb2g5vNbbdPQgyxDr2bYj7CKfHDM9FN9PQ,"É muito difícil o goleiro e muito muito cagado e as defesa dele mais é bom não quero criticar tanto...;-;Mais e daora o jogo Eu Gostei,Mano outra notícia boa,o jogo e bem difícil e é isso ai Falou valeu e fui",4,1,2.32,2020-01-26 21:18:51
75,Bruno Dias,https://lh3.googleusercontent.com/a-/AAuE7mBm-ZbHPlCU1-K2PBbn6jMONqVR9iAxH3KBHO8bRA,"O jogo tem uma ideia ótima, o que faz a esperiencia ficar cansativa e até mesmo irritante é a ""inteligência artificial"" que obriga a fazer toques errados ao mesmo tempo que tem um jogador livre ao lado.",3,6,2.32,2019-12-15 15:48:32
76,Rapha Tenso,https://lh3.googleusercontent.com/a-/AAuE7mBbStnmSBABiV88_phD1HmWXKzot-x3mf5LDENsag,"Jogo muito bom, porém qnd ocorre a falta de coerência entre os jogadores em campo na inteligência artificial, muitas coisas dão raiva que nos faz perder, porém o jogo é ótimo.",5,1,2.32,2020-01-19 02:02:29
77,Khris Freire,https://lh3.googleusercontent.com/a-/AAuE7mBPoiT2WA9v3CXvHGo-rkJQR_2d7hrSWPVulfIduA,"Esse jogo tá muito ruim. A energia acaba muito rápido. Cheio de propagandas e o jogo te força a vê-las toda hora. Os gráficos são ótimos, tinha tudo pra ser bom... Mas os caras só pensam no dinheiro.",1,10,2.32,2019-12-30 07:20:04
78,Bruno Podemsm,https://lh3.googleusercontent.com/-iuyIDtmvSDo/AAAAAAAAAAI/AAAAAAAAAAA/ACHi3rdPF9pWl372qvpw_SFj70z13PgaXg/photo.jpg,"Lixo, a ideia do jogo é legal, mas não tem como se divertir jogando, tem lances que desafiam até as leis da física pra não fazer gol ou roubar a bola, odiei isso, devem arrumar isso logo, ridículo isso",1,1,2.32,2020-01-31 05:54:24
79,Lucas Duarte Martins,https://lh3.googleusercontent.com/a-/AAuE7mDMqstq7YgCUUo9gq15rBsX1M3LEzdoiey3OPFjPHc,O jogo é bom. A jogabilidade é ótima. Mas tudo no jogo requer dinheiro!! Ele não é tão bom ao ponto de eu aguentar tanta publicidade só pra jogar Vou desinstalar amanhã quando não aguentar mais ver vídeo,2,5,2.32,2019-12-16 01:34:10
80,Lucas Nogueira Carvalho Beraldi,https://lh3.googleusercontent.com/-io71QnIOD6s/AAAAAAAAAAI/AAAAAAAAAAA/ACHi3rejqKQ_x9hbrHSTedTJIZF3o2kWHw/photo.jpg,"O jogo é ate legal quando a fase é facil porem minha nota é por o grafico ser horrivel, quando o time adversario toma a bola e os jogadores n fazem nd , nas fases profissionais todos ficam marcados e nao dao opçao nenhuma, tem uma fase que eu gasto minha energia inteira",2,4,2.32,2020-01-01 08:59:42
81,Estefanio Daa Silva Flores,https://lh3.googleusercontent.com/-o5a04i6Wy4k/AAAAAAAAAAI/AAAAAAAAAAA/ACHi3rePc2Lz4mxRgditHR7TE3iWrK7Yug/photo.jpg,"O jogo ate que é bom, mas se você não gosta de assistir propaganda nem baixa, pois mesmo você não assistindo em troca de moedas eles colocam no meio da partida sem beneficio algum pro jogador.",1,2,2.32,2020-01-20 23:28:38
82,Rafael Barreto,https://lh3.googleusercontent.com/a-/AAuE7mC5eD-EI8Uu36v4yv7g0G5z-Ek14OezXp1vd4aL4w,"Extremamente irritante. Você pode fazer 2 gols, mas erre uma jogada pra ter o placar zerado, ter que começar do zero e ser obrigado a assistir um monte de propagandas. Que jogo de futebol zera o placar com uma jogada errada? Só este lixo.",1,35,2.32,2019-12-09 17:16:54
83,TMMREDBLACK,https://lh3.googleusercontent.com/a-/AAuE7mAmb3f2EMrfdCsZPviQzK218BPjwIjk6Weg_lkMnA,"Mto bom , meu JOGO favorito de cell a partir de hj , vale apena instalar , a única coisa q eu achei ruim foi quando eu chutei ea bola bateu na trave , e em vez de vir o rebote , contou como se tivesse chutado pra fora mais tirando isso o jogo fera",5,12,2.32,2019-12-29 13:29:50
84,Jean Carlos,https://lh3.googleusercontent.com/-sHyGzwYngNc/AAAAAAAAAAI/AAAAAAAAAAA/ACHi3rfXLcOLfPNFbV94tvRwLNSUnO79lw/photo.jpg,"No início é viciante, porém tem que ter melhorias, quando precisa marcar 3 gols se faz 2 e erra 1, volta no início tendo que fazer os 3 gols novamente, fica enjoativo isso, se marca 1, esse gol já está feito, não deve começar do 0...",2,7,2.32,2019-12-26 02:05:49
85,juliano sf,https://lh3.googleusercontent.com/a-/AAuE7mD9_qJSnHs69k-MdcxDdvu_1Mg1bnwhA1msU9Su,"Os jogadores as vezes parecem ficar inúteis, você passa a bola, e eles não fazem nada, pegam a bola e saem correndo pra fora. Do nada fica difícil passar pra outra fase, parece ter vontade própria.",2,17,2.32,2019-12-08 07:30:54
86,Sergio Iglezias,https://lh3.googleusercontent.com/-Q3RX6i-JViQ/AAAAAAAAAAI/AAAAAAAAAAA/ACHi3rcriXo6GauaxXa7ln0WNTtH4i085g/photo.jpg,"O câncer dos jogos mobile é esse sistema demoniaco de energia. Ja foi o tempo em que o jogo era feito pra ser divertido, mas infelizmente hoje eles tratam o usuario como uma maquina de assistir propaganda, enquanto tentam forçar a gente a gastar dinheiro em um jogo mediocre desses",1,8,2.32,2019-12-22 06:32:37
87,Marcelo Rodrigues,https://lh3.googleusercontent.com/-XrY8sKg7TYI/AAAAAAAAAAI/AAAAAAAAAAA/ACHi3rciIuZn6z_O0h5UNt_AlF-wctXMWA/photo.jpg,"Oii me tirem uma dúvida na fase 71 do jogo ,pede para marcar um ""gol com uma puchada de calcanha "",já tentei de várias maneiras e não consegui,é possível mesmo nessa fase fazer essa jogada ? Aguardo resposta ,no mais o jogo é ótimo obrigado!",4,7,2.32,2020-01-01 06:57:28
88,carlos siqueira rocha,https://lh3.googleusercontent.com/a-/AAuE7mD9YdHPtoFtpa480OYVfAbxaRK3_I5unGrsxF8n,Muito limitado nos movimentos. Muita propaganda mas muita mesmo. Quase não dá pra jogar. Energia acaba rápido. E o pior demora pra carregar. É um jogo promissor. Mas pode melhorar,1,4,2.32,2020-01-01 19:08:04
89,Edna Chaves,https://lh3.googleusercontent.com/-6JvdtjXVcLU/AAAAAAAAAAI/AAAAAAAAAAA/ACHi3rfPUiJOh3f-3NHoCIk1a89W6Gu-pQ/photo.jpg,"Ruim demais, fiquei quase meia hora numa fase e um animal de um jogador não saia do impedimento e o meu time burro não ia para o ataque.Ficava só tocando a bola para as três mesmas pessoas.",1,1,2.32,2020-02-02 10:04:13
90,Celiamaria Viana,https://lh3.googleusercontent.com/-h3akHvH8RGI/AAAAAAAAAAI/AAAAAAAAAAA/ACHi3rcoyfYi3CINnZLm6kGOwvno_CEF5w/photo.jpg,Esse jogo é muito ruim por que os inimigos são muito rápidos a bola tá na minha frente do nada o inimigo tá na minha frente e pega a bola eu já disistalei quem joga esse jogo tem doença por que e ruim de mais eu nao recomendo você joga fifa mais não joga isso por quer e ruim feliz ano novo,1,7,2.32,2019-12-31 18:48:21
91,Tio Madara,https://lh3.googleusercontent.com/a-/AAuE7mBbx4MW2qAFVS2w4ifiUD60KcDyO_0yaxdMszUY_g,"Jogo necessita demais dos cartões azuis pra rebobinar a jogada, e você só consegue vendo ANÚNCIO, tudo nesse jogo só dá pra conseguir através de anúncio, vocês ainda não entenderam que anúncio é uma das coisas mais chatas da internet, ainda mais no número excessivo que vocês apresentam?",1,19,2.32,2019-12-22 17:40:37
92,VKS CØRINGA,https://lh3.googleusercontent.com/a-/AAuE7mDia3Tm-cXUS8J5dLm4fAtCbUioaKzjhsa4feQ3,"O jogo é ótimo mas, seria ainda mais legal se não tivesse aqueles corações que servem como vida. Na minha opinião seria legal se fosse infinito a vida. Obg!!!",3,1,2.32,2020-01-17 22:14:31
93,Marcos Paulo Antunes Rodrigues,https://lh3.googleusercontent.com/a-/AAuE7mA5hKXtPuvIJNK046NZSPcyHyKoNVKGhbXYWrAaYw,"O jogo é meio bugado. Os jogadores perdem a bola de formas ridículas, não pegam rebotes e se o adversário encosta na bola vc já perde. Pouca vida e muita propaganda.",2,3,2.32,2020-01-27 16:07:47
94,Alex Silva,https://lh3.googleusercontent.com/-M68-7CIJ5nA/AAAAAAAAAAI/AAAAAAAAAAA/ACHi3rcJJGpEWmZKyZR0vX2UOiwNc6qwrg/photo.jpg,"Pessimo, o jogo trava, quando ele volta ele fica sem som, a inteligencia dos companheiros de time é BURRA e dos adversario é ESPERTO, o jogo tenta forçar nossos erros para que a gente faça uma microtransaçao para comprar coraçao infinito que so dura 24HRS, resumindo: um lixo de jogo mal otimizado, tnc nada muda Nao baixe esse jogo, tava usando 750 MB de ram e superaquecendo meu telefone ao ponto de que eu ter que reiniciar removendo a bateria, alem de que o jogo trava e nao da pra jogar mais,FDP",1,15,2.32,2020-01-31 20:06:41
95,mari play,https://lh3.googleusercontent.com/a-/AAuE7mBYzCOjYnWDeRgYsvFKG7bNiZHIbtb1-0R58kLR,"O jogo em si é muito bom ,mas pela questão de ter vidas limitadas ,a fala do narrador não ser muito boa e cada vez que o seu adversário pegar a bola você ter que reiníciar a jogada dei 4 estrelas.",4,21,2.32,2019-12-28 22:07:31
96,Anderson Isaque,https://lh3.googleusercontent.com/a-/AAuE7mCKRniqVgFr8rYB6qvCL_-zVhOshy2JqmBKbA7K,"O jogo é bom só que não deveria ter energia para poder jogar e também deveria ter a escalação do time e no início deveria ter mais opções de times para escolher, então FTG melhorem isso.",4,4,2.32,2020-01-08 16:18:33
97,Pedro Rossi,https://lh3.googleusercontent.com/-8DhBFJOF55s/AAAAAAAAAAI/AAAAAAAAAAA/ACHi3rdsiWnyP1mj5dR4zifoyei8x1C2Og/photo.jpg,Sinceramente o jogo não está é viciante mas é muito ruim um exemplo é muito difícil jogar para um jogador que está extremamente marcado e o jogares quando tocam para eles ou estão marcados ou um jogador do outro simplesmente tira a bola do jogador do seu time,2,3,2.32,2020-01-02 13:05:25
98,Thadeu Thurow,https://lh3.googleusercontent.com/a-/AAuE7mBPh8hM9NMCG6lv3RmBzV4swd1V5f21Vpmj_tZg,"O jogo é bem divertido, mas é chato quando tu entra num estagio e tem que fazer varias coisas, ai se tu erra um volta la do começo e tem que refazer tudo, podia ter um save e você tivesse que repetir só a parte que falhou, isso torna o jogo chato, e tambem tem muitos anuncios.",3,1,2.32,2020-01-16 10:51:05
99,Nunca Alguma Coisa Games,https://lh3.googleusercontent.com/a-/AAuE7mD2FkBybesniNSEOXgMeVgZArKd-FhinmYrk4b3jA,"Os jogadores parecem que tem todas as doenças da face da terra possíveis, quando a bola vai na direção deles ! O jogo em si eh bom, mas a AI dos jogadores é extremamente ridícula !!!",1,11,2.32,2019-12-31 01:35:28
