,userName,userImage,content,score,thumbsUpCount,reviewCreatedVersion,at
0,Bruno Ferraz,https://lh3.googleusercontent.com/-lPE-_W7tWDQ/AAAAAAAAAAI/AAAAAAAAAAA/ACHi3rcS52DBFfkEFH7DV_u7Nvf3D-Bf1A/photo.jpg,"Gostei muito! Realmente desafie sua mente! Eu acho que tem comentários nesse jogo que são errados, pois não levam a conta que é necessário anúncios para o jogo que gostam continuar, e também pois por alguns pequenos erros que todos possam entender que são acidentais, estou escrevendo isso não só pra suportar esse jogo otimo mas pra espalhar notícia da falta de tolerância a pequenos erros humanos.",5,22,3.11.4,2019-12-13 23:26:12
1,Maria Eduarda,https://lh3.googleusercontent.com/a-/AAuE7mBH6VK97PXm1Zd-BU9Ykdn4NYRnbtPJb_K_QbAj,"Amo esse jogo,muito bom!❤️ Além de ocupar pouca memória,ele não tem muitos anúncios e é muito bom pra passar o tempo e se divertir.E o melhor, você pode dar sugestões ao jogo,o que ajuda muito na interação! Simplesmente ótimo!💖",5,93,3.11.2,2020-01-14 06:40:39
2,For you,https://lh3.googleusercontent.com/a-/AAuE7mDTCfCxy6jMT8CWWCjYBU7dd76K3A0QIEUGUF_0Lw,"Tava enjoada de jogos iguais, então fiquei procurando algumas coisas que me interessariam. Achei esse jogo e pelos comentários decidi instalar! É excelente, simplesmente maravilhoso e viciante!! Recomendo muito 💙",5,15,3.11.2,2020-01-24 01:30:20
3,Gabriela Klestadt,https://lh3.googleusercontent.com/-sIPonekx7ow/AAAAAAAAAAI/AAAAAAAAAAA/ACHi3rd1Q7nWYp3vKelExwHKmvbGP-JTmg/photo.jpg,"Jogo muito legal , passei horas jogando . Realmente muito bom , os valores das moedas dentro do jogo são justos , só algumas palavras nos mini games de imagens que são nada haver , mas o resto está se parabéns . Recomendo",5,67,3.11.2,2019-12-10 13:46:10
4,Daniel Grisolia,https://lh3.googleusercontent.com/-eaVisVkHw4Y/AAAAAAAAAAI/AAAAAAAAAAA/ACHi3reKFCuUBeM-0ECioaPydXOWIhk2Qg/photo.jpg,O jogo é muito bom e divertido o único problema é que tem um excesso de propaganda mas eu acho que eles merecem esse dinheiro. Se puderem adicionar um ranking onde tantas pessoas do topo iriam ganhar um prêmio ou algo do tipo seria muito legal.,4,214,3.11.4,2019-11-23 08:21:33
5,Aryane Xavier,https://lh3.googleusercontent.com/-2im5pf50rgk/AAAAAAAAAAI/AAAAAAAAAAA/ACHi3rfT_KIop0MA2lQjuBWIlbzWJm0omg/photo.jpg,"Incrivelmente criativo, mas sempre colocam uma ou duas das porcentagens com alguma palavra que não tenha tanta conexão, nos obrigando a pagar por dicas... fora isso, excepcional",5,0,3.11.2,2020-01-26 22:28:01
6,Gustavo Mariano,https://lh3.googleusercontent.com/-ciFZtShVjk4/AAAAAAAAAAI/AAAAAAAAAAA/ACHi3rfEu2sGSvI8dwGkNgcvtjxghS-Zbw/photo.jpg,Eu já tive esse jogo varias vezes mas já é a quinta vez que eu instalo parece que em cada vez que eu instalo o jogo fica melhor e vem muito mais complicado do que já era kkkkkkkkkk mas mesmo esse jogo sempre sendo complicado eu adoro esse jogo eu nunca mais vou desinstalar,5,2,3.11.2,2019-12-12 17:19:54
7,Adriana Salomão,https://lh3.googleusercontent.com/a-/AAuE7mCc7fT1gF2GLj9D9Dz6Rg1YJzP4JJOQWTYVccNGGKw,"Jogo incrível, desafiador, divertido, tem uma idéia interessante. Também faz bem pra minha inteligência, parabéns ao criador e o time de 94%. Merecem 10 estrelas por isso, parabéns 👏👏👏",5,6,3.11.2,2019-11-15 15:10:38
8,Beatriz Gomes,https://lh3.googleusercontent.com/a-/AAuE7mCLVAdCsW99ygHrfBzXhMODJs0hJoL504UlQePc,"Ótimo para jogar com amigos e para passar o tempo. Você pode opinar na aba de votações,o que ajuda na interação ( jogador / jogo). Ocupa pouca memória e não tem muitos anúncios. Amei !!! 💕💕💕",5,55,3.11.2,2019-12-21 20:23:06
9,Luka World,https://lh3.googleusercontent.com/a-/AAuE7mA3ftUCkb-IaPywI1y05HuAHqA72qXXxuUtjVM,"Incrível! eu amei a jogabilidade, as perguntas, os níveis, os gráficos, aí que jogo maravilhoso, eu amei muito mesmo espero que na próxima atualização seja ainda melhor!",5,9,3.11.4,2019-11-24 15:42:41
10,Jessie Antunes,https://lh3.googleusercontent.com/-iy94BNOWqe8/AAAAAAAAAAI/AAAAAAAAAAA/ACHi3re9PlUIxS461ui3DX4P7qGIHr08qw/photo.jpg,"Gostei muito, a experiência estimula muito a variedades de pensamento é bem estimulante recomendo! Aksksks Diria que seu ponto ñ perfeito é as propagandas, mas entendo que é necessário para o jogo",4,0,3.11.4,2020-01-29 20:50:37
11,Keveny Ferreira,https://lh3.googleusercontent.com/a-/AAuE7mAbEe8GrU3YGHRhnyexnW8uVcunkJfEFWaG7hbawg,"Muito bom, mas não sei se compreendi a ideia do jogo, uma vez que se faz necessário descobrir todas as respostas e teoricamente isso corresponde a 100%. Enfim, é instigante.",4,2,3.11.2,2019-12-11 21:20:44
12,Debora Colares,https://lh3.googleusercontent.com/-ew6pGEyKWt0/AAAAAAAAAAI/AAAAAAAAAAA/ACHi3rcHFo0XamU7yKy8rZoaO7zUUIDWzQ/photo.jpg,"Muito bom, gostei muito. Ótimo pra passar o tempo, e pra raciocinar. Parabéns pelo app.",5,0,3.11.2,2020-01-22 22:31:09
13,Pudim,https://lh3.googleusercontent.com/a-/AAuE7mBFYElQdSX3YzMFgRFmkSF8UcrTp-_DB_K-ACWytw,"Ameiii, nossa sério jogo demais!! tem vários níveis,,cm coisas para escrevermos e imagens para descrever, é demais sério parabéns aos desenvolvedores eu jogo no modo avião porque ai não aparece anúncios",5,8,3.11.4,2019-12-06 02:36:36
14,Isadora Lage,https://lh3.googleusercontent.com/-S75mIvQQREw/AAAAAAAAAAI/AAAAAAAAAAA/ACHi3re6udNpNr3sRx4pPM6z8ZIPBihUsw/photo.jpg,"Amei o jogo, muito bom...mas a unica coisa q tenho a reclamar é q poderia ter mais coringas grátis. Tirando isso, o jogo é maravilhoso e eu super recomendo!! 👏👏👏",5,0,3.11.2,2020-01-30 12:23:21
15,Beatriz Martins,https://lh3.googleusercontent.com/-p99VnaepqhM/AAAAAAAAAAI/AAAAAAAAAAA/ACHi3rf8x9t-ZT2FYzAYg9k_bzDSkDlPfw/photo.jpg,"Gostei do jogo por usar bastante a lógica, unica coisa que poderia avaliar é porque as vezes escrevemos palavras totalmente diferentes e ele identifica como certo e as vezes colocamos sinônimos e ele nao identifica. De resto esta tudo otimo, espero que tenha mais jogos como esse.",5,412,3.11.1,2019-09-02 11:36:30
16,Beatriz Vieira,https://lh3.googleusercontent.com/-73hJouRnVUw/AAAAAAAAAAI/AAAAAAAAAAA/ACHi3rc03yNu73bI7Y2zeor2swBqbI0HJA/photo.jpg,"Gostei muito do jogo, porém poderia ter mas opções de respista, em vez de se repetirem toda vez, mas tirando isso, o jogo é incrível e viciante!",4,0,3.11.2,2019-12-03 09:34:13
17,Gee Gee,https://lh3.googleusercontent.com/a-/AAuE7mBSysWUedilC7_c48_QYYk5dd7FpcyLSYLSRcp2dA,"Jogo super interessante!, super interativo com os jogadores, é uma ótima pedida para quando está no tédio com a família e amigos!, realmente amei!.",5,7,3.11.2,2019-11-16 22:44:01
18,Gabriela Moura,https://lh3.googleusercontent.com/-33WvlaXVRRM/AAAAAAAAAAI/AAAAAAAAAAA/ACHi3reJZjPEw3hY0eJtaMYcZkrehvOX8w/photo.jpg,"Recomendo! Bom app para passar o tempo,funciona offline também se não me engano.",5,0,3.11.4,2020-01-14 21:18:05
19,Daniel Lacerda,https://lh3.googleusercontent.com/a-/AAuE7mCsO6uXjCCRnnru3scqJ-jFGmoGRrcDgv9xwbcLqA,"O jogo é muito bom, ja tinha jogado em outra ocasião e resolvi voltar. Só que agora, depois de avançar nas fases, ele dá erro toda hora. Não tô mais conseguindo jogar.",5,3,3.11.4,2019-11-20 12:15:04
20,Little Moon,https://lh3.googleusercontent.com/a-/AAuE7mD-nQCHPPWvnZz91azE1e_-gJ-kOBAVJ2kENUaUkw,"Tem sua dificuldade, mas nada impossível e isso é um ponto muito forte. Ótimo jogo para passar tempo e se desafiar.",5,7,3.11.4,2020-01-06 21:32:58
21,Jacksiane Klein,https://lh3.googleusercontent.com/-4aSwCRdAqRs/AAAAAAAAAAI/AAAAAAAAAAA/ACHi3rcCXZBHijQZQZ91ppsCq5QUCwmVfg/photo.jpg,Muito legal! Super recomendo pra quem quer passar o tempo e ter um pouco mais de conhecimento e interpretação.,5,0,3.11.4,2020-01-27 22:48:27
22,Renan Delfino,https://lh3.googleusercontent.com/a-/AAuE7mAhSFNY4G5S4rfmGvVoSolVlwWrWTltbJ6M7EfqrA,"Muito bom! A experiência com esse jogo e sensacional, apesar de difícil, com os amigos o jogo fica mais divertido de descobri o que pede parabéns!!",5,0,3.11.2,2019-11-23 15:28:51
23,Samuel Sousa,https://lh3.googleusercontent.com/-y1QE3whemfg/AAAAAAAAAAI/AAAAAAAAAAA/ACHi3rel7KRZQyOPdjEA_M6nkpxKKOXsXQ/photo.jpg,"Interativo, com perguntas símples que fazem raciocinar além de uma interface símples e fácil de navegar.",5,0,3.11.2,2020-01-07 20:13:00
24,Thaysa Lesley,https://lh3.googleusercontent.com/a-/AAuE7mAIMJPL50DcH7Q-kA07yUovNwc_SfKqelkvFJPMhA,"Muito bom!! Quebro a cabeça para achar algumas palavras, é amo que tenhamos a chance de usar o coringa e outras coisas assistindo anúncios.",4,1,3.11.2,2019-12-04 17:59:31
25,Laura Leite 008,https://lh3.googleusercontent.com/a-/AAuE7mCya8Aoauo6LWfWoCyAShksw7sjNn-fTeVOtgGLRA,O jogo e muito bom mas ainda falta algumas coisas como colocar anuncios menores ou algo do tipo mas sem ser esses minimos detalhes o jogo e otimo para crianças porque usa a lógica e ainda por cima e divertido. Amei.,4,9,3.11.1,2019-09-09 17:50:24
26,Marina Perna,https://lh3.googleusercontent.com/a-/AAuE7mB38c3N51eFa_eGGM4IMiMz2YDvNwhqW9NMQ-fr,"Gostei muito, recomendo, anúncios aparecem somente quando pedimos ajuda! E o jogo não trava",5,0,3.11.2,2019-11-21 17:32:40
27,Marcio Rieger,https://lh3.googleusercontent.com/-h5jnOeW6ERE/AAAAAAAAAAI/AAAAAAAAAAA/ACHi3rfaOPv4dYkQu5_etS-E8yGWEj35cQ/photo.jpg,"Muito bom o jogo adorei, por mais que as vezes não tem nada haver cm a foto o jogo é ótimo super indico. Ele não enjoa",5,0,3.11.4,2020-02-09 14:25:08
28,Luciane Luana,https://lh3.googleusercontent.com/a-/AAuE7mDqNUprJ8L4vIpZjIbOfGqkoO8D9LrE2yEllF2XSw,"è muito bom.Tem varias respostas diferentes,otimo para passar o tempo.",5,0,3.11.2,2020-01-15 23:15:18
29,Juliana Martins,https://lh3.googleusercontent.com/a-/AAuE7mApbEYKeuR39D3khEHAMppMS_pLTR4Ui_ZuRxqH,"Algumas fases tem resposta bem sem sentido, e as vezes vc coloca a palavra certa e ele não identifica... Mas fora isso é viciante",3,2,3.11.4,2019-11-19 13:05:58
30,Gisleine da Luz Castilhos,https://lh3.googleusercontent.com/a-/AAuE7mBP5uIsyoJ-asJbv21dtUIK4RhVoSyk-f-rU-mR,"O jogo é ótimo. Mas voces podem me ajudar? Comprei moedas ontem e ainda nao consta no jogo. E tambem fiz a assinatura ontem e tambem nao esta aparecendo, diz apenas que em minutos vai aparecer isso desde ontem e fica dando erro... Poderiam ver o que esta acontecendo. Muito obrigada desde ja!",5,0,3.11.4,2019-12-15 15:47:05
31,lisa kudrow #000 stan,https://lh3.googleusercontent.com/a-/AAuE7mA-bv8KphM3IHNzP-cJq4qbqHCNI1CtpoociWge,"amei! faz a gente usar a cabeça pra valer e ao contrário de vários outros jogos desse tipo, não tem tempo.",5,1,3.11.2,2019-12-15 22:34:45
32,Gaah Ferrari,https://lh3.googleusercontent.com/a-/AAuE7mC9O5zo3jl6NeS810SrginJhcc6v6Wy5mJvfjmE,"Ótimo para treinar o raciocínio e a memória. É uma forma de estudo mesclada em um jogo sensacional. Acho superinteressante a ideia de te-lo criado. Difícil, mas sensacional!",5,52,3.11.2,2019-11-11 20:51:31
33,Carlos Douglas Naves,https://lh3.googleusercontent.com/-KpZ5UrU1EnU/AAAAAAAAAAI/AAAAAAAAAAA/ACHi3reM1eeS2LiGuE2y7t0SMkbyT6llVQ/photo.jpg,"Super chato, diversas respostas possíveis, mas precisamos descobrir exatamente o que o programa deseja... Não é um programa lógico, nem de teste de inteligência. Não passa de um passatempo que conta com a sorte e adivinhação.",1,9,3.11.2,2019-10-08 19:18:59
34,favtae min,https://lh3.googleusercontent.com/a-/AAuE7mAasX9wBdDDPrs3oU7apaXUdiF9zE2EiyurlmLt,"Muito bem feito, gráficos simples e lindos, sons relaxantes. Estimula o cérebro de um jeito divertido. Recomendo muito",5,1,3.11.2,2019-11-14 19:29:17
35,luisa de paula ramos,https://lh3.googleusercontent.com/-mWiWq8KyWQY/AAAAAAAAAAI/AAAAAAAAAAA/ACHi3rfk0R-DkYkP-u5LAsBIFwSfNe2fwQ/photo.jpg,"Muito bom... Além de desenvolver a inteligência,também a memória e desenvolve a sua agilidade de perceber as coisas",5,1,3.11.2,2019-12-06 07:24:59
36,Fred BRABO,https://lh3.googleusercontent.com/a-/AAuE7mDNxFtympL-T2bNmLq_n6EwdigmAZidUVyE1npkPg,É muito bom para fazer com os amigos para fazer competição de quem acerta mais sozinho é um pouco difícil e o jogo não é pay to play nem pay to win,5,0,3.11.4,2019-11-15 22:11:30
37,MICA GACHA,https://lh3.googleusercontent.com/a-/AAuE7mAUgEBYbDYdJ7O2mb-_K0O8Vg_kwrKzzJKQhg49wg,"um jogo com muitas perguntas inusitadas e muito legal,quem estuda ainda é uma boa ajuda agente aprende e se diverte... 94%",5,0,3.11.4,2020-02-06 22:41:56
38,Rafael Aires,https://lh3.googleusercontent.com/a-/AAuE7mDKXjRj6H7HmFJ7Km2gaTMZYa1NGdnNYufwhf4fu6s,"Jogo bom. PORÉM, só trava o tempo todo. Demora abrir. Game muito mal otimizado e pesado.",1,2,3.11.2,2019-11-28 20:33:43
39,Lu Gularte,https://lh3.googleusercontent.com/a-/AAuE7mCcjMkm5MmmAbOArth6ZN8849hOSUoANVWCBkggSg,"Muito bom, vulnerabilidade boa, e jogabilidade boa, mas quero mais moedas melhores quero 1000 moedas por segundo, quem quer curte.",5,3,3.11.4,2019-12-11 15:03:07
40,Evelyn Rayane Borges,https://lh3.googleusercontent.com/-zCTWexGvnPk/AAAAAAAAAAI/AAAAAAAAAAA/ACHi3rcuwxH8jQCFIVSX8xGyYqOCAdNiSg/photo.jpg,"Esse jogo é super bem elaborado! Amo jogar ele de mais, o que é ruim são os anúncios, mais eles merecem👏🏽",5,1,3.11.4,2019-12-09 13:15:53
41,Felipe Silva da Anunciação,https://lh3.googleusercontent.com/a-/AAuE7mCsYg-fS6GcJTWfSKVmH5c5CLXYgjO_bmCT9kvj,Dá pra aprender muito com o raciocínio :) Embora seja difícil em algumas fases e ter que gastar moedas (e muito),4,0,3.11.2,2019-11-20 18:10:59
42,Gislaene Correia,https://lh3.googleusercontent.com/-_b6Pih9dkPo/AAAAAAAAAAI/AAAAAAAAAAA/ACHi3rePZikYGBqGS2DmcrH_PVe95cfLTQ/photo.jpg,"94% é um jogo ótimo, faz o tempo passar rapido.",5,0,3.11.2,2020-01-24 14:38:39
43,Cris paixão,https://lh3.googleusercontent.com/a-/AAuE7mAT0H9zIYV2slAOZp2k5dQPFiVnfSf356iJqW9VVWg,Daria o estrelas pq o jogo quando você vê o vídeo não vem sua recompensa e pior comprei com meu cartão 6.50 que vinha 4500 moedas e cobrou na mesma hora do meu cartão e as moedas não vieram... Sacanagem isso,1,3,3.11.2,2019-12-05 11:42:50
44,Cauã Robson,https://lh3.googleusercontent.com/-pnobZFjfR88/AAAAAAAAAAI/AAAAAAAAAAA/ACHi3rfZwtn2PMfCuOlVBNi63iANh6VF3Q/photo.jpg,"Jogo muito bem feito! O ruim são as propagandas a toda hora. Uma ideia seria se os jogadores pudessem fazer suas próprias perguntas, e compartilhá-las com outros.",4,13,3.11.2,2019-09-22 19:35:27
45,Bima com imaginação,https://lh3.googleusercontent.com/a-/AAuE7mDWu2NQ6jRJF4b2SO1RNYZvp2AJKFwyjJGYuiVFcw,"Obrigada por fazerem um jogo que me deixa mais inteligente. Aí vai uma crítica construtiva: abaixem o ""preço"" das cartas coringas😉",5,5,3.11.2,2019-10-13 12:33:21
46,Mellony Gomes,https://lh3.googleusercontent.com/-pr0btvhQxb0/AAAAAAAAAAI/AAAAAAAAAAA/ACHi3rcFAzH45Q_gUBR0szSJqTLDzvmG4w/photo.jpg,"Gostei muito..da pra se divertir em todos os lugares, inclusive com os amigos..e funciona sem a internet ligada...esse jogo n precisa de nenhum ajuste...eu recomendo esse jogo muito educativo😊❤",5,5,3.11.2,2019-10-12 18:20:24
47,Alexa Maronezi,https://lh3.googleusercontent.com/-RRpAX1Z9Hlw/AAAAAAAAAAI/AAAAAAAAAAA/ACHi3rc0bjVIhAtUsJV8iOaT1nE3KhdEtQ/photo.jpg,"Estou gostando, instalei a pouco tempo, aparentemente parece ser muito bom, ajuda a pensar.",3,0,3.11.4,2020-02-08 00:15:23
48,Raquel Azevedo,https://lh3.googleusercontent.com/-m8WXHRbKC7w/AAAAAAAAAAI/AAAAAAAAAAA/ACHi3rfkIc8sY0YT5VdXr2tQ5V5dz9eCLQ/photo.jpg,"Bem legal esse joguinho. Otimo para o cerebro, da pra jogar vom varias pessoas e é muito bom para passar o tempo. Recomendo!",5,0,3.11.2,2020-01-23 19:53:37
49,Paulo Gabriel,https://lh3.googleusercontent.com/a-/AAuE7mCXLbOHGkRMqjhzIh-i034bv5IOuoHRpuuYa03f,"Maravilhoso, apesar de algumas fases de imagens estarem embaçadas no meu Moto E, a jogabilidade e funcionamento do jogo são muito legais!!!",5,2,3.11.2,2019-10-12 18:40:18
50,Andréia Nis de Moraes da Silva,https://lh3.googleusercontent.com/a-/AAuE7mBPap_XxHSsfrfE6ediN-8TQaN5uCRkTnoK9f_WFw,É um aplicativo bom para apreder sobre coisas que vc não sabe que a aquilo tem tipo: eu não sabia que laranja tinha caroço e semente na mesma fruta.Então é ótimo para aprender essas coisas!!! ❤❤❤,5,3,3.11.2,2019-10-26 00:32:37
51,Tiago Gomes,https://lh3.googleusercontent.com/a-/AAuE7mC4dSWijKw2fCRDueNadjRjG9OOZe-rZ9-Apjim8w,"Até que é interessante, mas as vezes as respostas são nada a ver. Sem contar que ele entende diferente algumas palavras que vc escreve.",1,0,3.11.2,2020-01-19 12:25:00
52,Beatriz Paiva,https://lh3.googleusercontent.com/a-/AAuE7mANzA68y7RQmLOSzz0IHrd9gOhIWTVFIZ_JSBM3tg,Adorei o jogo e muito bom para o raciocínio e além disso ajuda a passar o tempo além disso ganhamos a capacidade de não parar de tentar. Mais uma vez instalem e muito bom!,5,103,3.11.2,2019-09-25 17:35:54
53,Ana Claudia Correa,https://lh3.googleusercontent.com/-Ez7ABqeODCE/AAAAAAAAAAI/AAAAAAAAAAA/ACHi3rdEhASWdc_bbUZOOChDNu3UXyqDlw/photo.jpg,"muito extasiante. jogo elaboradamente elaborado, porém não é indicado se você não possui massa cefalica.",1,0,3.11.2,2020-01-15 20:16:41
54,Duda,https://lh3.googleusercontent.com/a-/AAuE7mDInVubodfkOvPLUatTLYmpQ4I1TrM_pPx9IcHOlA,"Porque eu não baixei esse app antes?! Esse app é muito maravilhos velho, eu amei de verdade. Me atrevo a dizer que esse é um dos melhores que existe para android BAIXEM 💜💜💜",5,4,3.11.2,2019-10-13 15:29:20
55,Lea Cavalcanti,https://lh3.googleusercontent.com/a-/AAuE7mDArp7rIHXP_5_7eIMoCE983mtJpWcESTMwdQZ4gg,"Gosto muito desse jogo, porém agora ele está com muitas propagandas, coisas que antes não tinha.",5,0,3.11.2,2019-12-25 19:51:14
56,Lucas Gabriel,https://lh3.googleusercontent.com/a-/AAuE7mB-Q5h-q_wp-znVAVtQN09UOASo5kW1_sDTpKQIPw,"Interativo, so perde mais tarde estrelas devido a quantidade de anúncios indesejáveis.",4,0,3.11.2,2020-01-31 11:03:58
57,Joao Miguel Costa Costa,https://lh3.googleusercontent.com/-XrbxzbTpRM4/AAAAAAAAAAI/AAAAAAAAAAA/ACHi3rd1TWTFmx2soacc8MUm7jItvA6v3A/photo.jpg,O jogo é ótimo o único problema é que a maioria das palavras é em brasileiro eu sei em português mas no português do Brasil várias palavras mudam completamente na forma como se escreve,4,1,3.11.2,2019-11-22 05:29:02
58,Se elas Dançam?,https://lh3.googleusercontent.com/a-/AAuE7mAc3EQW4-92zzlUlAz2gLkAG7d7WRYkhJCOUFn8,Muito bom esse jogo! Ótima interface e é bom para exercitar o cérebro!!!,5,2,3.11.4,2019-12-03 10:26:23
59,Um usuário do Google,https://lh3.googleusercontent.com/EGemoI2NTXmTsBVtJqk8jxF9rh8ApRWfsIMQSt2uE4OcpQqbFu7f7NbTK05lx80nuSijCz7sc3a277R67g,"Esse trata-se de um jogo interessante, porém as ""ajudas/dicas"" são caras demais, tem que melhorar somente isso.",5,2,3.11.2,2019-10-17 17:42:54
60,Sara Passos,https://lh3.googleusercontent.com/--y5RbOP4axQ/AAAAAAAAAAI/AAAAAAAAAAA/ACHi3rcjDXAPO9huY_4PhkrScP6CfK79Vg/photo.jpg,"Jogo que exercita habidades neurológicas. Nós faz trabalhar memória, raciocínio e relembrar conhecimentos gerais.",5,0,3.11.2,2019-11-21 23:40:41
61,Marcella Cristina,https://lh3.googleusercontent.com/a-/AAuE7mAz_YOPlDdruqQvWhnDqkAQnoGZguKs7113neXj,"Bom jogo! Desafia sua memória, seus conhecimentos e desenvolve sua criatividade. Recomendo (:",5,0,3.11.2,2019-11-25 10:25:39
62,Cleyton Melo,https://lh3.googleusercontent.com/-VpTAc-fBk1M/AAAAAAAAAAI/AAAAAAAAAAA/ACHi3rezQBEgz3t5Ktw95pracDqW49YM3w/photo.jpg,"Jogo muito bom e divertido, ótimo para passar o tempo e te faz realmente raciocinar para encontrar as respostas.",5,50,3.11.4,2019-10-26 11:49:24
63,"Oii, cheguei! Amora",https://lh3.googleusercontent.com/a-/AAuE7mDqEYqkG1gZICJiBef-g0evnCip_A2JmUA7CFDi,"O jogo é bom, mas na hora que diz lá embaixo ""você encontrou 94% das respostas te fazem se sentir um lixo, porque parece que você pulou de fase sem completar tudo",4,1,3.11.2,2019-11-08 20:29:01
64,minia turesta,https://lh3.googleusercontent.com/-w4sghYxL9_o/AAAAAAAAAAI/AAAAAAAAAAA/ACHi3reG4azhXCPR8n0z0Xn_7SwkXnh2kQ/photo.jpg,"Uma experiência muito boa que estimula mais o uso do cérebro para coisas do dia a dia. Recomendo ele,muito bom!!!👍🏻",5,0,3.11.4,2019-12-05 16:40:55
65,Maria De jesus,https://lh3.googleusercontent.com/-ZquHFe7PmC0/AAAAAAAAAAI/AAAAAAAAAAA/ACHi3rc1dPv_PChNJwIS2EL82w0oBDPhdg/photo.jpg,"Achei o jogo legal, por causa dos gráficos e de comp ele é organizado",5,0,3.11.2,2020-01-03 15:56:43
66,Ana Bittencourt,https://lh3.googleusercontent.com/-1zv6hmMTt0s/AAAAAAAAAAI/AAAAAAAAAAA/ACHi3reenk-Dvoyfvkel5kb-Rx9VT2xaXg/photo.jpg,"É um bom jogo, mas reiniciou todo depois da última atualização. Eu já tinha passado do nível 100 e tive que voltar tudo.",2,7,3.11.2,2019-09-15 23:17:17
67,Sofia Sagawa,https://lh3.googleusercontent.com/a-/AAuE7mDApOTaq-jkJ29fdKTXaS7V2czeFTRkEGcU1IBbxSw,Jogo ótimo para a memória e o conhecimento. Funciona offline também.,5,0,3.11.2,2019-12-24 16:31:35
68,Isadora Pedralli Kunz,https://lh3.googleusercontent.com/-Ide3Q7RUpJ4/AAAAAAAAAAI/AAAAAAAAAAA/ACHi3rfK8wa4wc2fR2Nep4EZjJjl6ehlbw/photo.jpg,"Jogo realmente muito bom, ótimo para passar o tempo, sem anúncios e sem bugs. Recomendo!",5,8,3.11.1,2019-08-31 13:28:21
69,Eve Magalhães Santana,https://lh3.googleusercontent.com/-inJadnjOKhs/AAAAAAAAAAI/AAAAAAAAAAA/ACHi3rcW0sXenBmI7nnawAjYuhlPZcxmiw/photo.jpg,"Divertido e bom para passar o tempo porém, algumas respostas não tem sentido, e propaganda excessiva.",4,7,3.11.2,2019-09-29 03:39:19
70,Braian Dias,https://lh3.googleusercontent.com/a-/AAuE7mCPgv2B8snYZeVDjRLwV8m1776pbh6iQrMS4TuA,"Excelente, mais de um meio de ter as dicas além q é fácil de ganhar fichas no jogo, ótimos desafios e perfeito pra passar o tempo",5,2,3.11.4,2019-11-01 20:15:53
71,Victoria Martins,https://lh3.googleusercontent.com/-jdhroWGSksA/AAAAAAAAAAI/AAAAAAAAAAA/ACHi3rcf2JKd_H1efBVo7pfqqD6foRdpcg/photo.jpg,Muito bom. Nós faz exercitar a mente e pensar em todas as possibilidades. É um jogos percepção e detalhes.,4,0,3.11.2,2019-11-09 01:15:21
72,Skarlet HD,https://lh3.googleusercontent.com/-F9yPq7Ht6aQ/AAAAAAAAAAI/AAAAAAAAAAA/ACHi3rcgK31ybB2FB7NXhz7ioycYCcWjwg/photo.jpg,"Bom jogo!Possue uma otima qualidade,não buga,porém achei o coringa um pouco caro!Recomendo!",5,0,3.11.2,2019-11-14 19:05:24
73,Wanderson Bezerra,https://lh3.googleusercontent.com/-XDTpnxQQz7A/AAAAAAAAAAI/AAAAAAAAAAA/ACHi3rccQuiEx83uSPqyLpEaYgWwB8BPmw/photo.jpg,"Acho que devia ter as palavras que escrevemos e não acertamos, só pra gente não ter que colocar de novo e não perder tempo.",4,1,3.11.2,2019-12-09 10:09:37
74,Shirley Guimarães,https://lh3.googleusercontent.com/a-/AAuE7mDhI5ekQjKyzyhQiK8SS3Er9XnL35EYxDJA4Q4VNQ,Bastante divertido! Dá para passar o tempo e jogar com os amigos,5,0,3.11.2,2020-01-18 17:23:58
75,Ceilda Inocêncio,https://lh3.googleusercontent.com/a-/AAuE7mAB-b7zATkSVxJQGNHzerwkpSAVGu8hsvsNAT8HwA,"O jogo é bem interessante, porém, por causa da quantidade de propaganda, deixa o jogo muito lento",1,2,3.11.4,2019-11-27 00:09:07
76,Felipe Bezerra,https://lh3.googleusercontent.com/a-/AAuE7mChQqI1CR3p68dXe_8aGg0PBKnyLO_sbRslXsfW,Esse jogo é excelente Mexe com a sua mente para você pensar e responder E são coisas óbvias não são difíceis é só você parar um pouco e pensar e também tem as ajudas esse jogo é maravilhoso Merece 5 estrelas concerteza,5,0,3.11.2,2020-02-09 21:57:59
77,Rosa Lima,https://lh3.googleusercontent.com/a-/AAuE7mB2gDE8hDNmPrdWSZPf2UCtBlhZjWiiz9xcm5jzQA,Muito massa. Testa nosso conhecimento com coisas aparentemente simples mas que são pegadinhas. Ainda gostando.,5,0,3.11.4,2019-12-31 08:44:29
78,Maju Reis,https://lh3.googleusercontent.com/a-/AAuE7mDzxiBHSescQDXh3KTITf-IWDh9JRBZiSlwCdVLlA,Muito legal ! Ajuda a passar o tempo e a gente se diverte aprendendo .,5,0,3.11.4,2020-01-18 21:34:25
79,SHADOW,https://lh3.googleusercontent.com/a-/AAuE7mCDx0-zZXSmgPexuhcbJo0p3BiSUkUh0fugnD3j,O jogo é muito legal poisnreina a sua mente tem um design muito moderno e não porco,5,0,3.11.2,2019-10-19 20:59:45
80,catarina maria vinhas daniel,https://lh3.googleusercontent.com/a-/AAuE7mCnikUT1T1Q31IpACbvA1SuiEt-CGZc6TYEn0vlyA,"Adoro este jogo, super divertido e estimula o nosso cérebro!!",5,0,3.11.2,2019-11-28 17:57:00
81,Lucas Lima,https://lh3.googleusercontent.com/a-/AAuE7mDhLT110dUt6yysdoV903sUVk__VaZT7dDlX9agCA,Jogo super bom para passar o tempo! As vezes desinstalo mas eu não aguento a saudade e instalo de novo ;-;,5,0,3.11.2,2019-12-11 10:27:52
82,Catarina_ 22_,https://lh3.googleusercontent.com/-_MMaYlJpWwc/AAAAAAAAAAI/AAAAAAAAAAA/ACHi3rf6ViYvnZSvXEqsdSHqzV3dvZk0rw/photo.jpg,"Eu gostei do jogo, mas sou portuguesa, e ponho uma coisa certa por exemplo, ponho autocarro não dá, mas dá ônibus e fico bué sadddd mas de resto é bue divertido põe me a pensar gostei 👌🏻:-",4,0,3.11.2,2019-11-09 15:53:29
83,Olgacruz Cruz,https://lh3.googleusercontent.com/-y3rxZNgRIAc/AAAAAAAAAAI/AAAAAAAAAAA/ACHi3rfU0RLI6JUBx-4Ldn6XrnJ1WWmR4A/photo.jpg,É incrível ! O único problema é que o coringa é muito caro.,4,0,3.11.4,2020-01-21 13:50:14
84,Nyan Blue,https://lh3.googleusercontent.com/-TYdNml4mTJg/AAAAAAAAAAI/AAAAAAAAAAA/ACHi3rc6eIsQnTIzKK8RMpbXVtNEK9IM9w/photo.jpg,"Jogo muito bom!!Além de rachar o cérebro com questões,e um ótimo jogo pra passar o tempo! Recomendo!",5,1,3.11.4,2020-01-26 08:49:01
85,Van Rodriguez,https://lh3.googleusercontent.com/a-/AAuE7mAd5Nd-2-oOa4fvKnYlUzZFivuNmbw80yqM4INo,"Jogo excelente, ajuda no raciocínio lógico, além de ser ótimo pra passar o tempo e se divertir com a família. Super recomendo!!",5,1,3.11.4,2019-11-13 16:13:19
86,Natalia Carneiro,https://lh3.googleusercontent.com/-5UuQuWzCAaU/AAAAAAAAAAI/AAAAAAAAAAA/ACHi3rfC7lUUZCb4ONYWz_NiltyGfo5n3g/photo.jpg,Muito bom aprendemos as coisas mais rápido é muito ótimo,5,0,3.11.2,2020-01-16 21:55:39
87,shootingames,https://lh3.googleusercontent.com/a-/AAuE7mBYn23x0c_FlzlVwXJcLER1iMeSWWjdp7X8VJRUIw,"Este jogo é maravilhoso, eu n vou dar 5 estrelas pq isso está fazendo eu perder tempo com uma pessoa, ou seja eu quero falar com ela me o jogo é muito chato, é depois eu vou parar de j8gar para analisar a voz dela",5,0,3.11.2,2019-12-19 19:36:24
88,Rebeca Canafístola,https://lh3.googleusercontent.com/a-/AAuE7mDTTH5gC1M7NjyPD04D5yuRNnaf9RQ0XH98mBnw,"Jogo muito bom, mas o ruim é que tem as mesmas perguntas.. O jogo poderia ter temas aleatórios! Tirando isso, AMEI❤",4,1,3.11.4,2020-01-14 18:49:44
89,Vanessa Garcez,https://lh3.googleusercontent.com/a-/AAuE7mDp7tpHwkSKd2lJu-X2NPDhsbpd4RLDMaLzTh4p,"Até agora parece bom, mas mal comecei :D percebi que o jogo é traduzido, então tem que pensar no vocabulário de lá.",5,0,3.11.2,2019-10-02 01:34:53
90,Caroline De Souza,https://lh3.googleusercontent.com/a-/AAuE7mCxPxbt67UGZyalf9ptrtTJ33lUQAC1SpSrzR6unA,"Ótimo jogo, estimula nossos pensamentos além de ser divertido. Parabéns aos desenvolvedores",5,0,3.11.2,2020-01-31 18:13:02
91,SANSacional GAMER,https://lh3.googleusercontent.com/a-/AAuE7mAlLbUeXCwtfvy1DZqk9EzpbNszrMwq8HMDvlzrpA,"Muito bom para passar o tempo e para quebrar a cabeça um pouco, eu gostei bastante por isso dou as 5 estrelas",5,0,3.11.4,2020-01-05 10:45:50
92,Laura Mamede,https://lh3.googleusercontent.com/a-/AAuE7mB598PGZLuu-27_v_ZooV40kgYh-tsGCXPFLC60DA,"O jogo é bem legal,mais l probl3ma dele é que existem várias respostas e ele só aceita as que ele quer",4,1,3.11.2,2019-12-15 16:16:08
93,Bruna Silveira,https://lh3.googleusercontent.com/a-/AAuE7mDW9iMHnp2pwaeo13KR-eMHZMxoZqqRCZWGFnmK,"Adorei. Jogo que requer muita concentração e habilidade com as palavras, além de utilizar da percepção.",5,1,3.11.2,2019-09-19 20:48:55
94,Marina Zandonadi,https://lh3.googleusercontent.com/-s8sZ5AT-m1c/AAAAAAAAAAI/AAAAAAAAAAA/ACHi3rdBIPJ2wvNYzq4DhiBPZQrVyh7ZCw/photo.jpg,"Esse jogo é muito bom Mais eu acho que ficaria melhor colocar perguntas de assuntos mais descontraídos. Mesmo assim esse jogo é muito bom é eu gosto muito dele assim como toda a minha família, todos jogamos!!!!😊😊😊😊",5,5,3.11.2,2019-09-30 16:55:03
95,Greiciane Barbosa,https://lh3.googleusercontent.com/-JMmolOOU8kg/AAAAAAAAAAI/AAAAAAAAAAA/ACHi3rdxCnuijThzI3mvTWLbO0pv_UmDUg/photo.jpg,Esse app fica muito lento. Resolva ai. Bote pra ficar mais rápido.,2,0,3.11.2,2019-10-30 08:14:00
96,Edson Rodrigues,https://lh3.googleusercontent.com/a-/AAuE7mCE3q5_fTaIyFjyMRm6YVXJkCZI6_Wj-AWKk4rI,"Um bom App, mas em algumas questões houve falta de informação por parte do App. Deixando claro, isso não o torna ruim",4,0,3.11.2,2019-10-21 00:21:39
97,Amanda Júlia,https://lh3.googleusercontent.com/a-/AAuE7mAa7vSVcTGmHk4J61F5dsa8_mNhb1G4Q0MLOm6SnQ,Interessante! Só acho que o a quantidade de palavras aceitas deveria ser maior! Mas estou gostando.,5,2,3.11.2,2019-10-02 14:36:58
98,Andressa Correia,https://lh3.googleusercontent.com/-tdqvcTT8B-Y/AAAAAAAAAAI/AAAAAAAAAAA/ACHi3rflAgSeqJTXhYjX3JzNS5efmb_c8w/photo.jpg,Gosto muito porém as vezes e complicado e pensar e não é pra pagar as dicas pq se ganha poças moedas e elas acabam rapido,4,0,3.11.2,2019-10-24 13:55:42
99,Neiliane Maria,https://lh3.googleusercontent.com/a-/AAuE7mBr9bQRW7BBs9mhnWi-3-eUTJNiQ0hqYKRIPJyJlw,Recomendo muito. Apenas os anúncios que atrapalham uma parte da essência do jogo.,5,0,3.11.2,2019-10-04 22:15:44
