,userName,userImage,content,score,thumbsUpCount,reviewCreatedVersion,at
0,Erivalda Santos,https://lh3.googleusercontent.com/-vLYOxMul62s/AAAAAAAAAAI/AAAAAAAAAAA/AMZuuckNyYkquUs5eMC_xdq6iyTbTrn7QQ/photo.jpg,"Eu gostei do jogo e divertido. Só tem um problema o jogo demora muito pra ter avatares novos leva mais de 6 meses talvez mas, e quando você vai desbloqueado os melhores avatares do jogo vai perdendo a graça e nos esperamos novos avatares. Poderia ser 2 avatares por mês talvez.",4,49,6.7.1,2020-04-24 19:06:26
1,Vitor Moraes,https://lh3.googleusercontent.com/-L5fTF9wVJ0A/AAAAAAAAAAI/AAAAAAAAAAA/AMZuucncFMgcEyqoR721FX0jfJ5qlK_CbQ/photo.jpg,"Mano quando eu jogava era muito legal , mais agora os personagens tá muito forte , da pra da uma nerfada",1,36,6.7.1,2020-04-27 13:11:07
2,alvaro milione,https://lh3.googleusercontent.com/-I1ElTFnQ_Zk/AAAAAAAAAAI/AAAAAAAAAAA/AMZuucmBaWj1MsSlVmilEZPr27mDHNARPg/photo.jpg,melhor jogo de todos tem tempo e qm reclama do coreano pra jogar é pq não sabe mesmo e coloca a culpa no personagem ...,5,19,6.7.1,2020-04-22 23:41:09
3,Leandro PLEYNOOB,https://lh3.googleusercontent.com/-wtgyvb78lrc/AAAAAAAAAAI/AAAAAAAAAAA/AMZuucli1vocEwhXZD98pb1OsAXcAGorOQ/photo.jpg,Voces poderia trazer mas atualização para o jogo e melhorar o multiplayer que não tá dando para jogar online quando eu tento jogar mais meu amigo fica dando esse recurso não está disponível para sua conta eu acho isso errado melhor é isso Não sei não perder mais um cliente a cada dia mais erra so isso trate de arruma isto purfavo,5,0,,2020-05-22 11:59:13
4,Dralgão Fire,https://lh3.googleusercontent.com/a-/AOh14GjVGPRt_DKAoFmhM4l1ak78zasDW6AJZRi3oKcQDA,"Eu só digo, se este jogo tivesse um modo online muito melhor, com sistema de troféus ou algo do gênero, presentes por chegar a uma dada cena, q nem nos jogos de hoje em dia, como também ganhares personagens em online, este jogo seria muito mais jogável, eu conheço o jogo a uns 5, 6 anos, e o q eu vi ele de evoluir foi personagens e novos modos q até agr ainda a não veio nenhum novo, este jogo é daquele tipo em q ficas viciado durante alguns dias mas depois aborreces-te.",4,0,,2020-04-26 07:54:24
5,J. Rafael,https://lh3.googleusercontent.com/a-/AOh14GgFfdsiygF-Ei6t1Rk6pinnrjBMkaJ-cKEbYBgD,"Jogava no Windows Phone, a jogabilidade praticamente é a mesma, mas a dificuldade... Pra quem está iniciando, o único personagem acessível é muito fraco, impossível ganhar um torneio considerando a força dos outros personagens. Na época do Windows Phone já havia uma dificuldade considerável, mas nao se compara com essa versão, tem adversários que é impossível de ganhar pela quantidade de poderes especiais + chapéus que dão outros poderes, enfim, não gostei dessa versão. Desinstalando...",2,29,6.7.0,2020-04-12 19:20:58
6,Viviana Heitz Borges,https://lh3.googleusercontent.com/a-/AOh14Gg4ofM1My87ZEXzpDIQLuApfvkUUrcRAmIKm8o5yg,"Até que é bom,mas podiamos começar com mais personagens,e eu entendi que não iria fazer sentido colocar um modo história num jogo de futebol,ainda mais com esses gráficos,sem ofenças mas não acharia uma boa ideia colocar um modo história,mas podiam colocar mais personagens. Que tal?",4,0,,2020-04-07 14:22:34
7,Desmonetização.,https://lh3.googleusercontent.com/-mBZAwec5ShM/AAAAAAAAAAI/AAAAAAAAAAA/AMZuucm0hdK4BuETtTm0WvswBbEUe73hwA/photo.jpg,"O jogo não vale a pena, eu gostava muito do jogo quando criança mas agora ele está um lixo o personagem inicial é horrível onde não dá para ganhar um torneio a não ser que pague para ganhar fixas e comprar outros personagens, ou até chapéus e pets que sempre irá dar vantagem a quem paga atualmente esse jogo está um lixo!!!!",2,11,6.7.0,2020-04-19 15:17:05
8,racobinha Racobaldo,https://lh3.googleusercontent.com/-Py2mHyo_4qg/AAAAAAAAAAI/AAAAAAAAAAA/AMZuucltITnW2NL848YpYoJAgNuVbIHhzg/photo.jpg,"o jogo é muito bom e a todas as pessoas que ficam falando ""aa o jogo é muito difícil;aa é pay to win;aa o jogo é bla bla bla"" VCS SÃO CHORÕES(sem querer ofender e se tiver ofendido deculpa) e também as pessoas que falam que os grafico são ruins esse jogo é antigo mas é atualizado",5,25,6.7.0,2020-04-13 21:39:30
9,Anderson Cunha,https://lh3.googleusercontent.com/-nIlQCrdgTRs/AAAAAAAAAAI/AAAAAAAAAAA/AMZuuclo0CYkCe5RwO99CSi5ZcwhSlERBw/photo.jpg,"Eu queria que tivesse como ter o thanos por outra cois a que não fosse comprar ele,mas o jogo é dificil os adversários pegam pesados com vc como iniciante de deveria melhorar isso é a quantidade de dinheiro era pra ser mais fácil de conseguir para comprar personagens melhores",2,5,6.7.0,2020-04-30 12:49:25
10,David Melo,https://lh3.googleusercontent.com/a-/AOh14GiIEDYStl3GKLFnhyI-YeIskcsmjaFrryKam4aItw,"O jogo até é bom, mas existem 3 coisas más nele. 1-Cada vez que o adversário marca, ele chuta-te a cara :/. 2-Como uso apenas o 1° personagem, o meu adversário só fica na minha frente quando eu uso o poder, logo faço auto golo ;-;. 3-Por fim, cada vez que o adversário tá a ganhar, ele manda a bola pra cima da própria baliza, o que gasta muito tempo ;/.",3,42,6.7.0,2019-12-19 10:09:33
11,Alerrandro Andrade,https://lh3.googleusercontent.com/-WFvO-1Y2FdY/AAAAAAAAAAI/AAAAAAAAAAA/AMZuucmUO_8xpVc0bsPCUGVXu_gmYl6COQ/photo.jpg,"O jogo está cada vez melhor simplesmente incrível mesmo, porém com essa última atualização está tendo alguns bugs tipo o super poder no alto do Thanos de vez em quando ele buga e a tela fica preta, e quando volta ao normal já tá caindo os meteoros e feito o gol, e outro bug é quando vái começar alguma partida tem vezes que trava por um tempo e demora começar, estou pondo 4 estrelas por isso más assim que for corrigido esses bugs volto aqui e ponho 5 estrelas ok obrigado pela atenção 👍",4,0,,2020-02-20 12:57:18
12,Josue Silva,https://lh3.googleusercontent.com/-dCkKp55pM-4/AAAAAAAAAAI/AAAAAAAAAAA/AMZuucnUSB_j6uKmCr6mGz_n4jISC-2m3w/photo.jpg,O jogo é bom e criativo mas poderiam atualizar o modo historia com imagens e a historia do jogo e tambem e dificil jogar uma partida multiplayer mas ja me acostumei jogando com BOT e tambem poderia facilitar como desbloquear os novos personagens assim o jogo melhoraria,4,0,,2020-03-29 15:50:38
13,Igor Custodio,https://lh3.googleusercontent.com/a-/AOh14GjvbiYwrs9IW0cujFyVoqBkpSgvsAsp8oSynTs3ag,"O jogo é muito divertido, tirando uns modos desgraçados que são impossível de concluir. Eles pedem pra você ganhar de um tanto de gente, aí quando vc ganha eles vão colocando mais oponentes cada vez mais difíceis até vc desistir",3,17,6.7.0,2020-04-02 20:03:52
14,Lucas 08,https://lh3.googleusercontent.com/-T_AX_osrnHY/AAAAAAAAAAI/AAAAAAAAAAA/AMZuucnWXuF50jPI3nkOEXU2PHgQkp7cAQ/photo.jpg,"O jogo tem uma dificuldade enorme proposital, que o deixa muito maçante e injusto, isso perde toda a graça. Pois nossos personagens são muitos fracos, enquanto os outros são muito fortes fazendo com que você gaste dinheiro para desbloquea-los, ou fazendo os objetivos que são muito difíceis. De resto o jogo é bonito, tem animações incríveis, mas é muito pain to win, até para jogar outros modos você tem que pagar. Mas aqui fica minha resenha.",1,45,6.7.0,2019-12-26 16:15:25
15,Jefferson Souza,https://lh3.googleusercontent.com/-fUK68I694FY/AAAAAAAAAAI/AAAAAAAAAAA/AMZuucku1SYkYchr_MrFcgBpKrKhGs66zg/photo.jpg,"O jogo é incrível e maravilhoso vale à pena baixar e jogar. Mas tem um pequeno problema, q é q os vídeos pra ganhar mais pontos e para lutar com o Asura e outros Ñ funcionam, eu toco uma vez e ñ vai, e toco outra vez e diz q ñ tem e q tem q esperar, isso tá acontecendo todas as vezes. Eu ñ me importo de ver os vídeos pra ganhar pontos ou lutar com o Asura, eu só quero vcs melhorem e corrijam isso pra minha experiência ficar ainda melhor. Muito obrigado pela atenção e pelo jogo.",5,90,6.7.0,2020-02-24 13:26:19
16,KingLørd,https://lh3.googleusercontent.com/a-/AOh14GhLhv-VTaGsC_c6ZRZ-TCaTAOjJ2t7-jxVxPfu6,"O jogo é legal e muito viciante, mas eu descobri um bug mt ruim, no inicio do HeadCup , quando eu enfrento todos os personagens na mesma série que eu, eu n vou para o campeonato e batalho mais uma vez COMIGO, quando termino a luta q nem era para existir, o jogo sai, e eu perco os meus 5000 pontos, resolve isso, ta difícil de ganhar esse HeadCup por causa desse bug, mas tirando isso o jogo ta legal!",3,9,6.7.0,2019-12-06 11:59:31
17,math gamer 'u',https://lh3.googleusercontent.com/a-/AOh14GgpmOf181yf7kni74e5pl7CKPaMIw6jMmKav2uv,Esse jogo é bom só falta algumas coisas faz o modo história Dai mostra a origem como ele ganhou os poderes mais personagens que ganha no modo história e faz o modo desafio modo desafio que tem que fazer os desafios para ganhar os personagem e mas uma coisa os animais tem que deixar mais barato porque já é um sacrifício ganhar do novo modo então é isso só faz isso tá eu deixei 5 estrela estou contando com você Tchau,5,134,6.7.0,2020-02-10 09:48:04
18,MINI YgorX,https://lh3.googleusercontent.com/a-/AOh14GhQOCcHFG0817rg5Fyxu0jDMHu2PlhY3zhSS7sY,o jogo é bom mas porém tem um pequeno bug no jogo que eu queria muito que vocês resolver se eu fui tentar entrar na minha conta do iCloud para acessar minha contae todos os meus personagens do jogo estão bloqueados sendo que eu tinha desbloqueado todos eles quero que vocês devolva meus personagens que eu desbloqueei deu mo trabalho pra desbloquearagora que tenta ver vídeo para desbloquear os personagens que precisa ver vídeo para desbloquear o jogo trava e fecha,3,0,,2020-03-14 23:36:36
19,Arthur Nascimento,https://lh3.googleusercontent.com/a-/AOh14GhQkeYpoP-1Q7ot8pBO2nn7_zEXkZEC0FKJMinMRg,"Jogo muito divertido. Leve e simples, mas com vários modos e personagens com poderes que agradam todo tipo de jogador. Outro ponto positivo é que Head Soccer é um jogo leve, ou seja, vai rodar no seu celular, tablet tranquilamente.",5,170,6.7.0,2019-12-11 09:59:14
20,Glauber Duques,https://lh3.googleusercontent.com/a-/AOh14GgLHXrCbeAbtKZWuCB8UPAJNfRJnYI2eKJrNZ226b4,"Só é possível jogar contra alguns oponentes ou em alguns modos do jogo utilizando dinheiro, pois a outra forma é assistindo a propagandas, as quais não funcionam muitas vezes, ficam dando erro.",1,10,6.7.0,2020-03-19 15:25:36
21,ČнaрøŁiท,https://lh3.googleusercontent.com/a-/AOh14Gg_JXbRer8OWpOfyc1VGrEK-EQ0OrTOLHh5YVokrA,"Excelente jogo, adicionem novos pets e costumes também em futuras atualizações, ou também um novo modo de jogo. Mas o jogo em si está excelente.",5,0,6.7.0,2020-03-31 05:26:01
22,DYPY,https://lh3.googleusercontent.com/a-/AOh14GhzePcJ2EYfGqvdcr37-IDvDZ92HI1xXJJrNGxw,"Eu jogava esse jogo,mas to c preguića d instalar e começar do zero como foi da ultima vez,amo da dificuldade q o jogo tem,tem q saber usar q abilidadr em qual situaçao ,como a do frances q se usa no meio de campo,sendo gol todas as vezes,ou a do inglês q é entre a metade de campo e o gol,q tbm é quase gol na certa,eu vi reclamaçoes q o jogo é mt hard,mas o jogo mais hard é mais divertido,e na minha conta upada q eu n gastei dinheiro eu venço d praticamente d qualquer um,já zerei o fight 6 vezes",5,1,6.5.1,2020-01-05 08:58:00
23,Mateus Silva raiol,https://lh3.googleusercontent.com/a-/AOh14GgT31g-uFZvB55lsuMHf8tP9Im1DB-EW2p8YMxu,Jogo ótimo tem alguns truques de contra ataque que muitos iniciantes não sabem e acabam se estressando com o jogo... jogo é criativo e muito bom.❤,5,0,6.7.0,2020-03-21 20:05:06
24,Clash com Luigui,https://lh3.googleusercontent.com/a-/AOh14GgcdL2v9hu7ITaUtN5CN-z1MhQBvjyqsh0sqaQt,"O Jogo é cheio de bugs, como o jogo dar vantagens injustas pro BOT, a bola bugando as vezes, poderes que as vezes não são executados bem e não acontecem. Fora isso, o jogo é bem legal e divertido.",4,20,6.7.0,2020-01-22 13:45:50
25,Johann Fintelman,https://lh3.googleusercontent.com/-EOQeD2SUg6I/AAAAAAAAAAI/AAAAAAAAAAA/AMZuucnTKcycxngH8uqYW4NnYP8vH_Jthw/photo.jpg,O jogo e ótimo cada vez que eu ganho um boneco eu sempre jogo com ele. Só tem um problema os bonecos contra agente e muito fácil de ganhar então coloquem um negócio pra botar o nível que quem quiser.,3,0,,2020-01-10 00:40:26
26,Michel De Lima,https://lh3.googleusercontent.com/-JDxl7c0wMfM/AAAAAAAAAAI/AAAAAAAAAAA/AMZuucnbzIrZqCxDucGkcFVi2EMamrWDJg/photo.jpg,É muito bom esse jogo é divertido legal o grafico é otimo os bonecos chuta a bola muito bem os poderes é muito legal o jogo é muito legal isso eu te garanto,5,0,,2020-03-27 16:20:58
27,Um usuário do Google,https://lh3.googleusercontent.com/EGemoI2NTXmTsBVtJqk8jxF9rh8ApRWfsIMQSt2uE4OcpQqbFu7f7NbTK05lx80nuSijCz7sc3a277R67g,"Cara, o jogo é sensacional, é meio difícil no começo mas fica bem mais fácil se você baixa o head boxing e o head basketball pra liberar 2 personagens. sugestões: podia ter um personagem que você liberaria com um certo número de vitórias no multiplayer tipo 100 ou 200, também podia ter um fight mode online e continuando no multiplayer, se um jogador saísse da partida com ""give up"" ou ""Title"" automaticamente o jogo iria reconhecer que ele perdeu e o outro player ganhou. bom, só isso msm. Recomendo",5,5,,2018-12-25 16:39:08
28,Gabriel Santos,https://lh3.googleusercontent.com/-BpNAWF9PBX0/AAAAAAAAAAI/AAAAAAAAAAA/AMZuuckaHOOMdFFXmw5ZMT08EldIND_3Aw/photo.jpg,"E um jogo muito bom adorei esse jogo porque seus grafico,jogabi Idade ,e os controles eu amei",4,0,,2020-05-27 12:44:48
29,Memes Mil Grau 1,https://lh3.googleusercontent.com/a-/AOh14Gij85WNZEddkW665HA1-WQ0vj4SJpZgvKo62KnzDw,"muito bom e também antigo esse jogo quando eu era uma criancinha eu jogava eu tinha um tablet hoje eu estou com 13 anos quando eu tinha 5 anos eu jogava que só isso, aqui na minha rua tinha campeonato desse jogo!!. Ainda me lembro!! Era valendo um salgadinho, pipoca, e etc",5,14,6.7.0,2020-02-18 17:54:08
30,Anisio Oficial,https://lh3.googleusercontent.com/a-/AOh14Gink5gWuVWKFd_8QKNl1Ko6oV97CK1Wmpghn1XZpQ,"Gráfico muito ruim e a jogabilidade é muito difícil, pois você marca um gol em quando seu adversário marca sete.",1,0,,2020-03-03 22:27:39
31,UCHIHA ITACHI,https://lh3.googleusercontent.com/a-/AOh14GhrmeDyEk6WVhq_H7iLYsBfFudXsssUt6ZThapf,"O jogo é bom, ele tem seus bug mais continua bom e pra quem ta começando é realmente difícil mais depois que vc vai liberando personagens vai ficando facil e se vc baixa o outro jogo dele o de basketball vc liberar um personagem no head soccer",5,0,,2020-01-13 16:37:11
32,Historiando História,https://lh3.googleusercontent.com/a-/AOh14GjjxjlbCc8gPYAHtvXMR0BIktIHGnC3ZmQ_2vbNwA,"É muito injusto esse jogo, pois vc só tem um personagem e pra conseguir outros é impossível, a não ser que vc gaste dinheiro da vida real. Além disso, os outros personagens são bem mais forte que os seus, e isso é injusto por que pra lutar contra eles é muito difícil. Tudo nesse jogo é feito pra vc gastar dinheiro senão não irá conseguir vencer",2,1,,2018-12-15 21:46:50
33,Dehlipe Lipedeh,https://lh3.googleusercontent.com/-Cs8Ji2nrWkc/AAAAAAAAAAI/AAAAAAAAAAA/AMZuuclntKzPjjav8oApTfpyvu9QwH__0g/photo.jpg,"O jogo é muito apelão. O jogador que já tem, o poder dele é muito fraco, é tudo caro, etc. Ei D&D Dream eu sou pobre mermão faz esse jogo mais acessível, 123 mb não é o tamanho dele não, deveria ser uns 56 a 90 mb, aff... se querem que ele realmente seja baixado, fica a dica, leiam as críticas, vcs só tem a ganhar lendo o feedback do povo.",2,1,,2019-06-20 12:31:38
34,Afonso Floro,https://lh3.googleusercontent.com/-EhBQqZdQhVw/AAAAAAAAAAI/AAAAAAAAAAA/AMZuucn8OP1Qmx_w1VhuzpUpogF1IY01tg/photo.jpg,"gosto do jogo mas precisa de um botão que recorfirma a necessidade de alguém quere ou não desistir do jogo, já desisti de varias partidas sem querer em vez de apenas voltar ao jogo, e tmb precisão de balancear os personagens pois os antigos estão balanceados mas os mais recentes estão muito OverPower. E para além disso no modo survival se sairmos e quando voltamos só temos 3 golos para poder sofrer em vez das vidas q compramos na loja",3,9,6.5.1,2019-06-09 11:34:43
35,Alaidre Cabral,https://lh3.googleusercontent.com/-r-iHrbzXAiE/AAAAAAAAAAI/AAAAAAAAAAA/AMZuuckjA2GM7J-wQrl4dDpp5GYOgO1KAg/photo.jpg,"o jogo e bom poderia ter um modo online melhor e alguns desafios melhores que desem recompensas melhores, mas fora isso o jogo e otimo e como faso para ajudar ou dar opiniões sobre países novos, novos modos,sugestões e melhorias, designer de personagens e etc...queria muito ajudar essa franquia de jogo que amo tanto que construiu minha infância melhorar mais e mais",5,208,6.6.0,2019-06-24 23:35:17
36,rodrigo oliveira,https://lh3.googleusercontent.com/-iBPWKdO_DNw/AAAAAAAAAAI/AAAAAAAAAAA/AMZuucnOPnyGhdueiWgHr2_jin1NfSbd0A/photo.jpg,"O jogo e muito bom para o ano em que foi criado,pessoal lembre-se que isto foi a mais de 5/6 anos que existe, não é como esses joguinhos todos iguais quem tem tudo 4k e isso,e as pessoas que não percebem o que diz para ganharem bonecos tão bem mal em inglês,se até eu que não sou um bom aluno em inglês sei tudo o que diz,e o jogo não diz nd de difícil quase tudo diz coisas iguais,por isso se souberem algumas vão descobrir as outras fácil tem e que pensar",5,12,6.6.0,2019-11-13 07:20:00
37,Allan gam e,https://lh3.googleusercontent.com/a-/AOh14Gjj1dWen3bisT5T0v6HjyabMem9q2xR_GppHuRq,Eu gostei mais não gostei muito por que e 124 MB mais o jogo e muito bom principalmente pra quem joga futebol,4,0,,2020-05-28 17:03:11
38,Leonardo Moreira,https://lh3.googleusercontent.com/-mzWtfLCSjLM/AAAAAAAAAAI/AAAAAAAAAAA/AMZuuckxroBjD37B75AxlAXp_0Ie6e3Urg/photo.jpg,"Já foi MUITO melhor a tempos atrás, mas agora o jogo quer lhe força a fazer compras dos seus produtos para poder avançar no próprio jogo.Lembro do tempo em que só faltava 2 personagens para eu desbloquear e esses personagens só podíamo ser desbloqueado por meio de pagamento em real, mesmo sendo a mesma conta que eu tenho da época que faltava 2 personagens para finalizar minha coleção o jogo resertou tudo para me força a paga para avançar no jogo.",1,5,,2019-05-25 21:19:58
39,Felipe Correia,https://lh3.googleusercontent.com/a-/AOh14Gh76WofYsQm-Le0Eq3d-MAQsnTPoiWgodCFRMNt,O jogo em si e muito bom mas tem muitas coisas a melhorar por ex:da para utilizares dois poderes mas so conta como um ao fazer a corrida a bola passa entre ti e quando te poes em cimq da bola fica presa mas em fim recomendo!!Mas um conselho mais para a frente no modo qrcade vao ter de gastar 50000 pontos não gastem no início,4,18,6.6.0,2019-08-27 16:27:48
40,snake 71,https://lh3.googleusercontent.com/a-/AOh14GiCV2jZjbEHhZEIUAJmk4K4zW8jOowXxvAlvuEO,"gostei muito mais pudia ter copa do mundo e jogadores de times seleção brasileira e europeus tipo real Madrid Cristiano Ronaldo, psg Newmar, Barcelona Lionel Messi e Manchester United Van Persie e um mecanismo que faz vc joga com o seu amigo do lado pelo bluetooth sem precisar de internet só de dois celulares.",5,21,6.5.1,2019-05-14 19:37:55
41,Um usuário do Google,https://lh3.googleusercontent.com/EGemoI2NTXmTsBVtJqk8jxF9rh8ApRWfsIMQSt2uE4OcpQqbFu7f7NbTK05lx80nuSijCz7sc3a277R67g,"O jogo é ótimo,mas o ruim dele é por que os preços dos personagens estão muito caro,e também é muito difícil tentar ganhar,tipo o clear mod,isso é completamente difícil,e seria melhor se ficasse um pouco mais fácil.",5,2,,2018-12-07 11:01:17
42,Mike Cárter,https://lh3.googleusercontent.com/-77ERdQ6oCJ4/AAAAAAAAAAI/AAAAAAAAAAA/AMZuuckL7PWBcV6S58JA0I4YwFE3tjkr2Q/photo.jpg,"Mano o jogo é muito legal viciante e tal mas, cara está muito caro vc jogar um modo que era pra ser totalmente grátis, e então joguei muito para poder juntar 50.000 para jogar com o Asura perdi, quando fui jogar de novo tinha que ter 50.000 novamente juntar tudo de Novo não dá né! Arrumem isso.",4,257,6.6.0,2019-09-03 00:12:25
43,Pedro Rubin,https://lh3.googleusercontent.com/-uRvIZOAINi4/AAAAAAAAAAI/AAAAAAAAAAA/AMZuucmse2wAmvUdtXvHBdxPx5SnBWtYTw/photo.jpg,"Tem personagens que possuem habilidades absurdamente impossíveis de defender e em alguns momentos se torna complicado, como no modo fight, quando o cara tem 180 de vida e tu 100 (sendo q cada gol que tu faz nele tira 20 de vida), ou seja, tem que fazer 4 bolas entrarem no gol antes que UMA entre no teu, além do mais os pets são desbloqueados DEPOIS de terminar essa injustiça de modo fight, arrumem por favor. Mas não volto a jogar, se pudesse dar zero estrelas, eu daria 0 estrelas",1,2,,2019-10-04 17:36:30
44,um cara qualquer,https://lh3.googleusercontent.com/a-/AOh14Gj1kqNNHfkrix6k59twiZoA3O5PghXI36OJKdCu,"O jogo em sí é bom, porém ele é repleto de bugs principalmente no death mode no estagio 13, onde a bola prende na armadilha e só sai depois do sudden death se o seu inimigo no tiver feito mais gols, outro exemplo é o do estagio14 na boss fight onde se a bola cair na armadilha ela demora muito tempo pra sair fica indo e voltando,indo e voltando. Esses sao só alguns bugs do jogo, espero que a crítica possa melhorar o game porque se não, terá de depender da sorte para ganhar estes tipos de fases.",2,10,6.5.1,2019-06-03 18:42:24
45,FerkasBR,https://lh3.googleusercontent.com/a-/AOh14GhtiQURQ1HR5eyc9M1G4CLbE4DDXWIoUD7J5xfBlw,"Jogo com aspecto muito antigo, resolução baixíssima no meu celular. Na hora que entra no jogo, tem que dar permissão dos arquivos e em seguida descompacta o jogo. Se o jogo fosss atualizado e fossem resolvidos problemas simples como esse, seria bem melhor e chamaria mais atenção, mas no estado atual do jogo, não recomendo.",2,6,,2019-08-30 22:37:03
46,Suely Oliveira Carvalho,https://lh3.googleusercontent.com/-YoArTmPrISY/AAAAAAAAAAI/AAAAAAAAAAA/AMZuuck1AxS7-JLBeEU_wRofKwNQkpctkQ/photo.jpg,Olha o gráfico não está bom ainda mais ta incrivel jogo traduzido para português e jogabilidade muito boa e muitos futebolistas mais ageita a dificuldade poxa e muito difícil ganhar bruce lee é tão bom que comprei o vampiro e o hulk e felipe era pra você ter salvo em opções e não só logar agora você tem que conseguir tudo denovo:-(,5,5,6.4.0,2019-04-24 12:48:50
47,João Pedro,https://lh3.googleusercontent.com/-9AujsnQZbQM/AAAAAAAAAAI/AAAAAAAAAAA/AMZuucnqpXiout-F3e6p58HuFst3iLrxYg/photo.jpg,"Acompanho esse game faz tempo, mas ele tem pecado em uma coisa. Por que genho que dedicar todo o espaço do meu celular pra ter 2 personagens desbloqueados? Criem uma alternativa para isso! Algo do tipo instalar o ""jogo X"" e avançar até ""tal ponto"" pra deixar o jogador desbloqueado, porque do jeito que está é ridículo!",3,2,,2019-09-03 13:35:52
48,Anderson Farias,https://lh3.googleusercontent.com/-KfpwDRvXFyA/AAAAAAAAAAI/AAAAAAAAAAA/AMZuuclllEjxTtbQO6_HufqOxEKivAsrdw/photo.jpg,"As propagandas não está funcionando para poder lutar com Asura, nem para ganhar pontos, nem para entrar na headcup entre outros.",1,3,,2020-03-06 08:58:30
49,EL -PALHAÇO GAMES #300,https://lh3.googleusercontent.com/a-/AOh14GhLoA_h3bL5bP_gMAtUakthZMGIGkSilr1pwo8fSw,Como faz para salvar meu progresso aliás o jogo e muinto bom mas é muito difícil de liberar algums personagems,4,0,6.7.0,2020-04-15 14:58:48
50,Igor Grigo,https://lh3.googleusercontent.com/a-/AOh14GjPkxYP_tJ_1SYzdn18MMLxJEUWjg7zrdc8B89f4g,"Jogo totalmente ultrapassado, parece um jogo de 2012, já começa tendo que descompactar os arquivos, os gráficos são todos de baixa qualidade, a jogabilidade é péssima, praticamente injogável, o unico ponto forte é a diversidade de personagens, mas tirando isso o jogo é de pessima qualidade",2,261,6.6.0,2019-07-12 00:21:37
51,Sword Games,https://lh3.googleusercontent.com/a-/AOh14GgQpna41hmM-BHTMPcRPFZsfAl93Z77DVurpr-1,"O jogo é bem legal a primeira vista,a animação dos ataques especiais é legal, mas o jogo tem uma dificuldade muito artificial, deixando tudo mais difícil de propósito, mais do que deveria, pra te incentivar a gastar dinheiro com ele,e o que me indigna é que vocês fazem isso em todos seus jogos,e nos outros é ainda pior, seus jogos são um pay to Win gigante",1,91,,2019-10-28 18:04:42
52,Gabriel Vasconcelos,https://lh3.googleusercontent.com/-nLdrXSFhH28/AAAAAAAAAAI/AAAAAAAAAAA/AMZuucmtTitZimsbH8-LbkCXStPEM5kLIQ/photo.jpg,"Este jogo é super viciante!! Falando asserio não há nem um jogo tão bom como o ""Head Soccer"".!!!! Tem 100%bons gráficos e muito para desbloquear e não há nenhum jogo melhor na minha opinião.",5,5,,2019-05-12 17:48:25
53,Hey Arthur,https://lh3.googleusercontent.com/a-/AOh14GjqMbnoije33b4D-HHdsHCr1krEk6v4Y_b449-IRA,"Estava com aproximadamente 858,000 pontos, e do nada eles foram zerado, sacanagem, então decidi desinstalar e instalar novamente e voltou do zero, tentei fazer load e agr estou sem personagens e do zero praticamente, irei desinstalar, estava jogando bastante, mas isso foi decepcionante, o jogo está mal otimizado e cheio de problemas fica fechando sozinho e tudo mais...",1,515,6.5.1,2019-03-06 14:10:12
54,Diogo R,https://lh3.googleusercontent.com/-zCkDDQczHyI/AAAAAAAAAAI/AAAAAAAAAAA/AMZuucnUmv2O5a_mmcuG_s6a38wr4kW5Rg/photo.jpg,Legal..mas a falta de multplayer etc é muito chato .. O multiplayer é inexistente.. E demorado..dúvido q tenha muita gente q jogue isso ainda..,3,0,6.6.0,2020-02-03 21:36:32
55,pas sarin,https://lh3.googleusercontent.com/-63cCc2IjzuI/AAAAAAAAAAI/AAAAAAAAAAA/AMZuucmua3ki_P0Ro38iGkj4_2W1pv_YiA/photo.jpg,Melhor de todos mais quando chega no de bigodinho parece que ele é o criador do futebol pq e difícil bastante no level dele então por favor pode diminuir a dificuldade,5,0,6.7.0,2020-03-07 10:59:17
56,Vinícius França,https://lh3.googleusercontent.com/a-/AOh14GheCaBAOHcV6zJeOfgXt101l1j1UftMe0_FYMurGg,"Decepcionante, a última atualização eu perdi todo o progresso feito no jogo.! Complicado, em questões de Usabilidade e Interface estão bons, porém as barreiras prejudicam a experiência dos usuários.",2,1,,2019-01-01 19:33:39
57,Ps Jonhson,https://lh3.googleusercontent.com/-SLUePhi_P1s/AAAAAAAAAAI/AAAAAAAAAAA/AMZuuckVqpJVK7un495oAXeFRaZ1xGZQyQ/photo.jpg,"como faz para pegar os pets pelo amor de Deus? ja zerei o modo luta, as 3 ligas, os personagens ja venci todos no modo Arcade, ja joguei no multiplayer. se nao tiver resolução vou desistalar. ja jogo faz teeeeeeempo mas nada de se preocuparem com os players.",2,7,6.5.1,2019-05-18 23:03:53
58,Um usuário do Google,https://lh3.googleusercontent.com/EGemoI2NTXmTsBVtJqk8jxF9rh8ApRWfsIMQSt2uE4OcpQqbFu7f7NbTK05lx80nuSijCz7sc3a277R67g,"NÃO PERCA SEU TEMPO COM ISSO, e se falar que eu tô irritado, tô mesmo, difícil pra k7 desbloquear os personagens, voce compra um chapeu QUE AINDA É INUTIL custa 100.000 pontos e eu fui na head cup e eu estava com a Austria para desbloquear a Croácia, eu peguei a Argentina com um chapéu de zumbi que cospe um, tipo de ácido, sei lá, por causa daquilo, eu não ganhei",1,0,,2019-02-07 18:23:32
59,Pedro Zimmer,https://lh3.googleusercontent.com/a-/AOh14GigLB3PkH-QXdpnOzQV24aPYZw0-zXp8gOVKBjlNw,"Ótimo jogo, vários personagens, vários modos, um ótimo entretenimento que pode ser jogado a qualquer hora já que não é necessário o uso de internet, bem dinâmico, na minha opinião esse é um jogo muito bom!!!!",5,4,,2019-09-11 22:15:07
60,Pedro Miola,https://lh3.googleusercontent.com/a-/AOh14GgLieM7rI9w4lzoQ34Sdpy_t1FYQj99Jyedf7jSaA,O jogo apesar de ter boas mecânicas e ser divertido está cheio de personagens impossíveis de liberará sem gastar dinheiro no jogo. A suas chances de ganhar são muito baixas pela pouco variedade de personagens disponíveis.,3,79,6.3.0,2018-09-19 12:01:33
61,Caio Miguel,https://lh3.googleusercontent.com/a-/AOh14Gg-3MFTXw9YOmTkfZehW5lGppy20DIN1WNrTWgVug,Pior jogo do mundo o modo fhity e muito injusto quando você vai contra o personagem 12 devia ter um apgrade para aumentar a vida porque ele tem 180 e agente 100 e eu já zerei esse modo e todos os outros e até agora tenho que comprar chapéu e não tenho pet eu desistalei o jogo por causa disso e tambem você tem que está com os outros jogos obrigatoriamente se não perde os personagens e alem de muitos bugs como atrevassar o inimigo quando da dash e a bola ficar presa em você e no inimigo.,1,6,6.6.0,2019-08-05 15:13:21
62,Nicolas Santos,https://lh3.googleusercontent.com/a-/AOh14Gg-2t9bdCZksYk8uP_yH0p1HQxwUEL7Gw-m1qcnNg,"Amoo esse jogo,head soccer participou da minha infância ainda me lembro que os últimos era uruguai, equador,india. Então um lembrete atualiza mais.",5,0,6.7.0,2020-02-26 23:22:29
63,Eliane da Silva,https://lh3.googleusercontent.com/a-/AOh14GhSoMS94-h0g2q5lsd178MyMUJaQOC-AHYyQ0oZBkU,Parabéns pra quem criou esse jogo mas o defeito desse jogo que os bonecos são muito caros isso que do jogo é negativo é por isso que eu vou dá 4 estrelas espero que abaixem os preços do bonecos,4,0,,2020-01-21 09:16:02
64,deep terror thresh,https://lh3.googleusercontent.com/a-/AOh14GjnxqLbjchMwzjAy94Jq10z2nPKtPf1dgp4RMvoHA,sinceramente prefiro o 1 do que o 2 mas parece que eles simplismente abandonaram o jogo mais mesmo assim adoro esse jogo tenho quase todos os personagens e ele é muito bom pra passar o tempo espero que continuem com as autualizaçoes do jogo por exemplo novls personagens,5,1,,2019-01-02 16:11:55
65,SKB BAD,https://lh3.googleusercontent.com/a-/AOh14GhX9vH9ToTM3ldamliC137iNigR5chr04oJzjjBgg,"Jogo e top mais tá faltando mais utilizações, personagens, novos modos, modos diferentes no modo Multiplayer, coisas assim mais é bom trazer novos personagens, jogo e top curti mt",5,15,6.4.0,2018-12-10 13:58:55
66,Rodrigo Cades,https://lh3.googleusercontent.com/a-/AOh14GjADAWoOz2JAz30Yv5uwP8Iprsz2k4RhsVybp4VKQ,"Pra este jogo é muito complicado de liberar os personagens,além de tomar muito tempo é chato,teria que ter mais facilidade para desbloquear os personagens além também a dificuldade de comprar os up graides,bom falei, é péssimo,vou desinstalar o app.",1,92,6.4.0,2018-11-21 19:47:53
67,Miguel Maravilha,https://lh3.googleusercontent.com/-_We1bOk8U8c/AAAAAAAAAAI/AAAAAAAAAAA/AMZuucmbMkMqMZtz4xWVlFh_QrmrsU2brA/photo.jpg,"o jogo é 5 estrelas,e cada vez está melhor,mas parece que por vezes as teclas não correspondem,principalmente a tecla ""Jump"". Mas o jogo está excelente e cada vez melhor.",5,32,6.5.1,2019-05-09 07:05:45
68,Rodrigo Val,https://lh3.googleusercontent.com/a-/AOh14Ghl_tskHGmfddO2T8RDDZX7xovkaDZ4RDN78UrrAg,"Excelente, jogo a pelo menos 3 anos, pra quem está reclamando da dificuldade, não jogue, vai jogar candy crush ou algum jogo da Barbie.",5,29,6.7.0,2020-02-11 18:12:20
69,pudim ninja,https://lh3.googleusercontent.com/a-/AOh14GgXascHbPDI22ghlmLfnxaNaeHBXsNpciyRkt-hZg,Um rEcado para o pessoal que fala que o jogo ta ultrapassado O JOGO É ANTIGO E REFAZER O JOGO IA DEMORAR DEMAIS E FICARIA MAIS PESADO IMPOSSIBILTANDO CERTAS PESSOAS DE JOGAR esse jogo tem uma jogabilidade antiga e boa com um nivel de dificuldade razoavel👍 Eu não culpo o jogo por ser antigo ele sò é um jogo persistente que não muda sua opinião,5,3,,2019-09-09 23:16:38
70,Douglinhas Mil Grau,https://lh3.googleusercontent.com/a-/AOh14GhCN_DicQgY2kRPRwMf7PvKwAVgy2hiMsoLpHdy,"Eu gosto muito desse jogo por isso eu dei cinco estrelas mas eu acho que deviam atualizar de novo com outras seleções como a Seleção do Paraguai, da Venezuela, da Bósnia Herzegovina, do Qatar que vai sediar a próxima Copa do Mundo, do Marrocos e da Argélia",5,10,6.6.0,2019-10-04 17:22:01
71,Sr.zgamer _07,https://lh3.googleusercontent.com/a-/AOh14GgcsssnSrm1YPx-NxItIqeWsmWOmD8-R-bA9GXJfQ,"Esse jogo está desbalanciado!! Sempre os inimigos são no mínimo 10x mais forte que nos, assim fica difícil upar no jogo!! Falta um tutorial melhor porque tive procurar na Internet como conseguir novas habilidades e personagens!",1,1,,2019-03-12 19:08:25
72,Orange,https://lh3.googleusercontent.com/a-/AOh14GguyzUatYF6h6jgVDB4KSOv1tmexlXMC5u7Nh-9Gw,"Excelente Más O Game É Ridículamente Difícil, Porque Parece Que Todos As Melhorias Não Adiantam De Nada Como: O Upgrade De Pulo, É Inútil, Pois Mesmo Você Tendo Upado Ele Todo Você Continua Pulando Igualmente Como Se Você Não Tivesse Upado Nada, Além De Que Tem Vezes Que A Bola Nem Entra No Gol E O Oponente Marca Ponto, Tirando Que Você Tem De Início Um Personagem Horrível Com Um Especial Horrível.",5,18,6.4.0,2018-12-07 18:18:43
73,LT In 60 HZ,https://lh3.googleusercontent.com/a-/AOh14Gg3m-KuEdPXElMFRdF0HM4CoH9ybfakqatPB19KWQ,"Não dá pra jogar o modo torneio, os personagens são muito apelões, deveria ser mais fácil pra quem acabou de baixar o jogo, nota 0",1,6,6.7.0,2019-12-30 23:12:09
74,EvânioJr,https://lh3.googleusercontent.com/a-/AOh14GiUhYFHAlwu9NRbxCXn-x6n95dKPSL2bUF4Sw-37Q,"Recomendo! Jogo muito top,vários modos de jogo e varios jogadores mt top mesmo.",5,6,6.7.0,2020-01-05 02:18:43
75,João Coutinho,https://lh3.googleusercontent.com/a-/AOh14GgBMinqWO4_8ENAklj0BSZYv6tZkwIyh-J5yT6nGOk,"O jogo é bom, mas esses novos personagens são mt fortes. N é difícil, é injusto. Eles estão sempre com um capacete q atrapalha o nosso jogo e tem especiais mt fortes",2,14,6.5.1,2019-05-27 02:53:49
76,Jhonata Pinto Gomes,https://lh3.googleusercontent.com/-NlaTg6H8k8w/AAAAAAAAAAI/AAAAAAAAAAA/AMZuucl2X5bZoZFLyhI09Il8NpgmtFRALQ/photo.jpg,"O jogo é muito bom,o gráfico e a jogabilidade são excelentes",5,0,,2020-04-21 22:52:30
77,De Tudo Um Pouco,https://lh3.googleusercontent.com/a-/AOh14GhT2j-JAj3D9b9fWhyDyIst2PjlLk_ouExlrEdkaQ,"Jogo muito bom , esse jogo é bastante desafiador como por exemplo nos torneios que vc um personagem melhor que o outro , se O jogador te e um pouco de abilidade ele vai ganhar de todo mundo com grande facilidade , jogo top 👌",5,199,6.4.0,2018-12-04 13:00:35
78,Hot eador,https://lh3.googleusercontent.com/-MoVU9uk4xvI/AAAAAAAAAAI/AAAAAAAAAAA/AMZuucmrO9Q90cA4dDx4sr2wLasKTK9Dsw/photo.jpg,Gosto do jogo porém acho ridículo e totalmente desnecessário o jogo lhe obrigar a permitir o acesso a mídia e se você não habilitar o acesso o jogo simplesmente fecha. (pelo menos no meu celular) porque querem o acesso a mídia das pessoas?,1,1,,2019-07-07 14:00:35
79,PRO 7021,https://lh3.googleusercontent.com/a-/AOh14GhYfMqEm8wAMs--PWjuTzRvTAIjD3Amj85v4YiAew,"O jogo não é muito legal, e muito confuso, é cheio de botões nada ver, e eu nem sei com q jogo o modo multiplayer",1,0,,2020-01-22 20:03:39
80,GHOST,https://lh3.googleusercontent.com/a-/AOh14GiX9IQ82LEyc2j1hKQqxqPXAvO1mMZ2yF36IAiQjA,Muito Bom! Um dos melhores jogos de futebol para Android. Na minha opinião só fica atrás do PES 2018... Parabéns aos desenvolvedores. 👏,5,1,,2018-11-11 13:09:24
81,Gabriel Lima,https://lh3.googleusercontent.com/a-/AOh14Gg-A6vf-9bRo-sJEyH4GDRkdWowhZ138UI2gVKY1A,"O jogo consegue ser escroto ao ponto de: quem paga mais por ""x"" personagem com mais animação, acaba se tornando o melhor. Puts, ótima lógica a de vocês.",1,1,,2020-02-28 00:31:02
82,Victor Hedgehog,https://lh3.googleusercontent.com/a-/AOh14GhcMeTOu6CgdoIPAx9lo-tJGFOVKEiRzbRfzdReHw,"Pra quem tiver dificuldade de completar certos modos sem se machucar, a Ucrânia não leva dano quando ela está com o poder pronto, sendo assim usa ela pra completar os desafios sem se machucar",5,13,6.5.1,2019-06-26 14:39:37
83,Lucas_7500,https://lh3.googleusercontent.com/a-/AOh14GgWUD9uMDEGskDTzGgy7uPGCMJYAngIQOkptaUHxg,"Muito legal e desafiador. Passei muito tempo jogando esse jogo, mas dps de conseguir 3 personagens muito OP's e upar bastante minhas habilidades deu uma enjoada.",5,0,,2019-06-08 16:56:08
84,Guilherme Ribeiro,https://lh3.googleusercontent.com/a-/AOh14GiSUzHnC6zGeYsMC7Go-3iLyDqYVDST3AmZWXlNOA,o Jogo é muito legal mas o Pay to win é desnecessário e a mecânica de jogo fica inviável pois para jogar é necessário gastar dinheiro,1,7,6.7.0,2019-12-27 16:21:52
85,Gustavo Gama,https://lh3.googleusercontent.com/-EMpy5GATXqY/AAAAAAAAAAI/AAAAAAABHjo/AMZuuck6uBhxus83e0CBK-vP7PkofVg5fQ/photo.jpg,Pay to Win... that's this. Os novos personagens são MT roubados e tem literalmente vezes que eles são n fazem gol quando erram a distância.,1,0,,2020-01-19 18:40:05
86,Um usuário do Google,https://lh3.googleusercontent.com/EGemoI2NTXmTsBVtJqk8jxF9rh8ApRWfsIMQSt2uE4OcpQqbFu7f7NbTK05lx80nuSijCz7sc3a277R67g,muito bom mais acho um pouco difícil desbloquear os personagens e isso é ruim e também tem algumas vezes que é difícil e outras fáceis e isso me deixa muito boa quem concorda com isso deixa um like............,5,2,,2019-01-17 23:18:09
87,Geraldo Margela,https://lh3.googleusercontent.com/-IhZjqBRzKFM/AAAAAAAAAAI/AAAAAAAAAAA/AMZuucks4mUs93_iFOA7Gs3JqFXeAZaPng/photo.jpg,esse jogo é muito bom só que eles poderiam diminuir o campo ou almentar a velocidade dos jogadores poos o campo é extremamente gigante se o oponente chutar de cobertura você não vou alcançar por isso por favor diminuem o campo,5,1,,2019-10-29 11:09:06
88,Um usuário do Google,https://lh3.googleusercontent.com/EGemoI2NTXmTsBVtJqk8jxF9rh8ApRWfsIMQSt2uE4OcpQqbFu7f7NbTK05lx80nuSijCz7sc3a277R67g,"Mt bom, só falta ter a opção de linguagem em PT- Português, e ser mais fácil para desbloquear novos Characters pois é mt difícil. Se fizeram isso dou 5 estrelas!",4,2,,2019-02-26 14:39:31
89,Vert Wheeler,https://lh3.googleusercontent.com/a-/AOh14GgSjjXyYMcQLoAACAtJXt77vKcqA3xwLBnka7jsWQ,"Jogo estragado e absurdo que tipo de empresa é essa que faz um jogo bom mas coloca um monte de coisa nada haver que estraga o jogo inteiro não recomendo esse jogo a ninguém a não ser que já tenha uma conta boa você pode ficar até de boa, mas é absurdo os bots tem as habilidades tudo no máximo eles ficam se teleportando e conseguem bugar o player, sem falar dos capacetes e pets o palyer pode ter nenhum mas os bot tem o pet melhor de todos e capacetes que atrapalham o jogo sinceramente nerfem bots",1,14,6.6.0,2019-08-28 20:36:46
90,Jaqueline Barreto,https://lh3.googleusercontent.com/a-/AOh14Gjk66DefVa6Q6kzDQYM1dMlAOcsfCWAeSWrvHAqLug,"Eu amo esse jogo, é o meu favorito.Tem uma otima jogabilidade,poderia pelo kenos melhorar o grafico,mas tirando isso o jogo é muito bom.Parabens aos desenvolvedores 😄",5,18,6.6.0,2019-07-20 17:56:46
91,aqui agora,https://lh3.googleusercontent.com/-O3e0zep3vl4/AAAAAAAAAAI/AAAAAAAAAAA/AMZuuclJJ-qOJjzlj1tRD1yb2otEy2Y17g/photo.jpg,"Ótimo jogo eu sempre joguei ele e AGR com essas novas atualizações ele está mais interessante eu adorei.Graficos da hora,jogabilidade otima,vários personagens e tals eu adorei...five stars❤️❤️",5,1,,2019-09-29 12:26:00
92,JoaoDaPesti,https://lh3.googleusercontent.com/a-/AOh14GgaU0_46PwPfgJgTekK_rtb8Kyl7ghjg6xB4_j8TQ,Extremamente entediante no começo. É necessário adotar um método de balanceamento URGENTEMENTE pois não há condições para jogar no início por causa de novos personagens OP,2,1,,2019-05-11 14:47:52
93,Cap Nascimento_CS,https://lh3.googleusercontent.com/a-/AOh14Gj_Wup0HfAcr3zNqgl55hlg7d6X9A__gQfduedwaA,"O jogo é muito bom porfavor continuem com as atualizaçoes,oq poderia mudar é os graficos para ficar mais bonito e realista e o idioma em portugues isso vai ajudar bastante",5,10,6.6.0,2019-08-23 21:34:06
94,Gui _Games,https://lh3.googleusercontent.com/a-/AOh14Gi5x0OIZMHuLdFYn-m-yTAbruqGw54fOsr1VrzfKw,"E muito bom,mas eu acho que falta colocar personagens realistas como Neymar,Messi,Cristiano rolando e etc...",5,1,6.3.0,2018-10-07 20:55:37
95,wallacy Games,https://lh3.googleusercontent.com/a-/AOh14Gi9KW5uSxb_T6u36bG-kDqKLyQYw99yjp_nfsR0RA,"O jogo é muito legal e muito divertido,os gráficos são perfeitos e é o melhor jogo",5,0,,2020-01-09 14:03:41
96,jogos mania,https://lh3.googleusercontent.com/a-/AOh14Gg5LVQgaly7VvmHgkAN3sh3oR1rtgNWW0hphXQI,"Bom, porem o único problema é que gasta muita bateria",3,0,,2020-01-14 00:48:21
97,Tiaguinho Gam3r,https://lh3.googleusercontent.com/a-/AOh14GijhV6Tk7OlysHbptv8It-3Q6fseY2pr2JpoNob,Não sei se é possível fazer a transferência do valor do frete para o dia todo e qualquer anexo de e-mail como o que você está em anexo os documentos que o mesmo valor que está em execução e entrega dos documentos e r,1,0,,2018-10-04 22:24:07
98,Um usuário do Google,https://lh3.googleusercontent.com/EGemoI2NTXmTsBVtJqk8jxF9rh8ApRWfsIMQSt2uE4OcpQqbFu7f7NbTK05lx80nuSijCz7sc3a277R67g,Poderia ter como selecionar os ataques que os personagens usariam no jogo no meio da partida ao invés de soltar ataques aleatórios,3,0,,2018-10-09 18:28:35
99,Daniel Ramos,https://lh3.googleusercontent.com/-nPT-smxA8VM/AAAAAAAAAAI/AAAAAAAAAAA/AMZuuckS4ep4IMu4gKB6TWZ8u-V6pK6hBQ/photo.jpg,"Quando voce joga no modo ""survival"" um bug não deixa você controlar corretamente o seu jogador, fazendo você tomar gols injustamente e perder a partida. JOGO LIXO!",1,2,6.6.0,2019-07-13 19:20:08
