,userName,userImage,content,score,thumbsUpCount,reviewCreatedVersion,at
0,Jair de Abreu,https://lh3.googleusercontent.com/a-/AAuE7mB5r7QW0xoCnfxcUBuQrJWUfPhz4QChpPdo15dbsg,"O jogo é gostoso, viciante porém quase desinstalei por que dificultam muito as fazes, fazendo com que compremos os bônus,e vidas. Por que não utilizam patrocinadores, comerciais já que este jogo e visto por centena de pessoas. Assim as empresas venderiam seus produtos em comercial curto,e o jogo ficaria mais atrativo.",5,2,6.5.9,2020-02-11 06:04:58
1,Um usuário do Google,https://lh3.googleusercontent.com/EGemoI2NTXmTsBVtJqk8jxF9rh8ApRWfsIMQSt2uE4OcpQqbFu7f7NbTK05lx80nuSijCz7sc3a277R67g,"Muito emocionante às vezes jogo c/ meu neto uma jogada p/ cada um. Agora também as Netinhas. Emocionante difícil e exercita o cérebro. Ótimo jogo. Dia 04de maio de 2019 Achei muito difícil,mas, consegui passar a fase. Esta fase foi difícil mas,persisti e consegui concluir. O jogo foi super difícil, mas,consegui concluir e acho que as melhorias são muito caras...manera aí nas reformas. Otimo jogo as vezes difícil ao extremo, mas, emocionante Pena que só dá 3 bolhas por comercial assistido .",5,233,6.4.9,2020-02-03 00:05:39
2,Marilene Santana,https://lh3.googleusercontent.com/-5r7kHH7I9MQ/AAAAAAAAAAI/AAAAAAAAAAA/ACHi3reuCZXnxMAnaDkGrEicD_l3U0D3ow/photo.jpg,"É muito legal, mas qdo ganhamos um poder no início dos jogos, seria bom a gente usa -los no instante em.q quisermos não só no início. É qdo ganhamos da árvore da vida tbem deveríamos escolher qdo podemos jogar aqueles minutos q temos tipo 30/60/180, usar qdo queremos e podemos. Obrigada",4,67,6.4.9,2020-01-31 23:57:26
3,Cássia Marques,https://lh3.googleusercontent.com/-N7AUctZ6jHg/AAAAAAAAAAI/AAAAAAAAAAA/ACHi3rd5Pnh7CIxsv0CbN0Mb6HSz7KYYcA/photo.jpg,"O jogo é ótimo, mas deveria ter outras opções de gastar as poções mágicas. Pq já completei os dois mundos e agora tô cheia de poção e não tem como fazer nada.",5,2,6.5.9,2020-02-09 18:56:47
4,Sandy Maciel,https://lh3.googleusercontent.com/-G9Z2mhYF_rU/AAAAAAAAAAI/AAAAAAAAAAA/ACHi3rfiFkZFsaH-Gn87ouSzbOSQrJYtMg/photo.jpg,O jogo e excelente só não gostei do cofrinho que aparece e a gente não tem opção de não querer ficar eu ganho os ouros no jogo e fica tudo nesse cofre de porquinho e se a gente quer usar não pode tem que pagar um valor para resgatar o ouro que a gente conquistou nas faces eu não acho justo porque as vezes a gente está numa faze e falta pouco para passar e não tem a cor da bolinha que precisava tem que joga as que tem ai perde ai a gente é obrigada a começar tudo de novo sempre sento não é justo,3,18,6.4.9,2020-02-07 10:08:16
5,Diana Ferreira,https://lh3.googleusercontent.com/a-/AAuE7mDvQ6mQg9zVMhneTnkDxBKNewx46o6H2hZoVyHogA,"O jogo é bom, mas dispenso o facto de para conseguir coletar as barras de ouro ter de pagar. De que serve ter um jogo de livre acesso e download se tenho que quase que andar a ""pagá-lo às prestações"".",3,10,6.4.9,2020-02-05 13:30:29
6,Mariana Portella,https://lh3.googleusercontent.com/-igCXdJM0Hq8/AAAAAAAAAAI/AAAAAAAAAAA/ACHi3rcVfcRDYGAZHkInLLhXoECql_aqBg/photo.jpg,"Este jogo é muito bom, quando mais se joga mais da vontade de jogar. porem cheguei numa fase onde sinto falta dos anúncios nada poder ganhar mais bolhas que nesta , altura do jogo faz falta.",4,0,6.5.9,2020-02-10 12:57:29
7,Maria das Gracas Alves de Araujo,https://lh3.googleusercontent.com/-pw61XSvu5sc/AAAAAAAAAAI/AAAAAAAAAAA/ACHi3rc6bF9jrkUWyTsbPuNzxPfiFrCHXA/photo.jpg,"Às vezes se torna um pouco difícil por causa do pequeno número de bolinhas para atirar. Acaba chateando e saio do jogo, se torna maçante e irritante em vez de entreter.",4,11,6.5.9,2020-02-07 17:00:08
8,Kleide san cruz,https://lh3.googleusercontent.com/a-/AAuE7mCS69rPjjlAvzkbTIiKDA9Vkab8raLsSYWAxBSbGA,Aplicativo não está funcionando.deu pany.parece que travou.nao está indo adiante. Outra coisa vivo jogando este jogo.e minhas barras de ouro nunca aumentam.muito estranho.e agora o jogo está com uma pany as bolas caeem sem parar e o jogo não quer seguir a diante,1,55,6.5.9,2020-02-08 07:16:18
9,Samy's Lopes,https://lh3.googleusercontent.com/a-/AAuE7mAM4BCPntZ2CbphYmzxx5RB1D7iZjIzzJv4OL1wkw,"O jogo é até legal mas você passa mais tempo sendo obrigado a ver os rankings das fases e dos eventos do que jogando. Seria legal poder escolher quando ver isso, pois fica monótono e cansativo.",3,12,6.4.9,2020-01-31 22:30:49
10,tatiana pereira cunha,https://lh3.googleusercontent.com/a-/AAuE7mDwj9rfkB-pCrrGPOuct83ULH9JTGCF4-YQCqsgnw,"O jogo é muito divertido, mas seria interessante se pudéssemos entrar e visitar a casa da personagem. Acho bom enfeitar a parte externa da casa ,mas seria melhor ainda enfeitar a parte interna",4,7,6.4.9,2020-02-02 01:23:36
11,Maura Vieira,https://lh3.googleusercontent.com/-JnGLt3DHNtY/AAAAAAAAAAI/AAAAAAAAAAA/ACHi3rcAUpIqXjDLxZhtT5GcB8gutEiXdQ/photo.jpg,"Gostei muito , mais acho que deveria ter mais opções de ajuda , queria poder usar o ouro do cofre., gostaria de ter vidas extra .",5,6,6.5.9,2020-02-06 21:22:57
12,Danny Flávia,https://lh3.googleusercontent.com/a-/AAuE7mAgloxz23yMdQEpPzB0l3SA9hHg8QXqUEOAFYlH1Nk,"Para agilizar a entrada no jogo, achava que não precisaria fazer a pergunta se queremos jogar ou curtir. Isso é uma coisa desnecessária. Outra coisa foi ter aumentado o número de bolas que acumulamos para ganhar prêmios. Poxa eram 10 e aumentaram para 30? Chato isso! Estava tão bom como era. No mais estou gostando.",4,43,6.4.7,2020-01-22 18:22:55
13,Anabela João,https://lh3.googleusercontent.com/-DrYa-ewsV8k/AAAAAAAAAAI/AAAAAAAAAAA/ACHi3rfAavUVM28H0yfOy_D7jcFnzp0GDw/photo.jpg,"Gosto muito deste jogo, mas tirando os prémios da árvore, raramente se consegue prémios.",3,434,6.4.9,2020-02-01 18:24:51
14,Gabriela Chaves Almeida,https://lh3.googleusercontent.com/-gr1iZfSgSLA/AAAAAAAAAAI/AAAAAAAAAAA/ACHi3rfdgHhCuNDhcytwpNdbzk8wgYluBw/photo.jpg,"Jogo bem viciante, com otimos niveis e boa jogabilidade, as vezes o grafico trava um pouco mas nada que atrapalhe o desenvolvimento do jogo.",5,5,6.4.9,2020-02-02 20:12:37
15,Marcio Silva,https://lh3.googleusercontent.com/a-/AAuE7mDd-BLWZ_XvLqHd4dUtqWl6UXAiNbr9kTqa9HZFCQ,"O jogo é impecável, muito bem feito. É desafiador e você tem que ter muita determinação. O que eu não gosto é ter que comprar o cofrinho mais de uma vez. Eu acho que se o jogo custasse até uns 25 reais eu compraria na hora, talvez até uns 50 ... O jogador recebe ofertas de ítens, mas ficaria muito caro. Um preço único e um pouco mais de vantagens seria mais legal. Essa é a minha avaliação.",5,53,6.4.7,2020-01-25 18:27:07
16,Iracemasantana123@gmail.com Moura,https://lh3.googleusercontent.com/-c47r6-wbwbQ/AAAAAAAAAAI/AAAAAAAAAAA/ACHi3rcFzkfihE3TBZydkW4lSQAfBXahKw/photo.jpg,"Para mim está ótimo,adoro este jogo parabéns me divirto e é muito bom para minha memória e estresse,o melhor passa tempo do momento ,para mim.",5,1,6.5.9,2020-02-09 18:42:33
17,Oldair Cavalheiro Ribeiro,https://lh3.googleusercontent.com/-bjL_t1K_uN0/AAAAAAAAAAI/AAAAAAAAAAA/ACHi3rdD6iaZ8Z3n5ZbkHK3RaEkG5I3b7Q/photo.jpg,"eu adoro jogar, porém tem horas que ele não vai pra frente, deveria ter mais ferramentas quando vc empaca em uma fase.",3,0,6.5.9,2020-02-10 00:31:35
18,Fatima Pereira,https://lh3.googleusercontent.com/-xd49cBng4PM/AAAAAAAAAAI/AAAAAAAAAAA/ACHi3rdbY-1UOy3tdhfMtTmeX4nHTRRy1w/photo.jpg,"Muito bom o jogo tem rasteiras mas consegue se controlar muito fixe é desafiante e os anúncios são muito bons ajudam a ganhar vidas foi difícil avancei um pouco gosto muito deste jogo, adorei jogar este nível",5,7,6.5.9,2020-02-08 23:17:16
19,Mel JSilva,https://lh3.googleusercontent.com/a-/AAuE7mCtHt1Zqy-0iWYnb3mIpr2GhU1TioVRgNgBPkuASg,"Não posso dar cinco estrelas porque cheguei na fase 2140 e fica falando para atualizar o jogo, atualizei e nada dos novos níveis chegarem! Estou frustrada! Sem contar que em qualquer dificuldade de passar alguns níveis a gente manda mensagens para os desenvolvedores do jogo e eles respondem somente mensagens eletrônicas dizendo as mesmas coisas seja qual for sua pergunta! Deixou a desejar para ser um jogo legal! ☹️ Depois da resenha chegaram os novos níveis!😉",2,1,6.5.9,2020-02-09 16:02:32
20,Eliete Santos,https://lh3.googleusercontent.com/-BlhvdWlbpO4/AAAAAAAAAAI/AAAAAAAAAAA/ACHi3rfBBp-vXvtxIh-OgVHJEBBj5t0ODA/photo.jpg,Está e a segunda vez que eu jogo a mesma fase porque estou sendo prejudicada na primeira fase logo quando começou os dois primeiros dá equipe começaram um com 600 ponto é o outro com 500 não tem como passar é agora foi mais ainda um absurdo porque logo no começo do jogo vocês podem ver a diferença absurda de 1000 ponto em questão de segundos sei que dinovo não vou conseguir passar espero que vocês pôr favor me ajude gosto muito deste jogo é não gostaria de desistir é minhas fadas estão prezas,5,11,6.4.7,2020-01-24 15:29:44
21,fatima souza,https://lh3.googleusercontent.com/a-/AAuE7mA8-q9WSLgXGHZXxaoEii9mCodNa-VLWCGDK68csKo,"A cada jogo vai ficando mais difícil, vcs deveriam dar mais ouro pra nós jogadores. Curto demais! É um jogo interessante e viciante... nota 1000. Completei a casa dos gatinhos . Só falta mais ouro! Fabulhoso esse jogo!.para melhorar mais ainda , si falta vcs oferecerem mais ouro! Já ganhei umas duas vezes ,mas nunca apareceu esse ouro. Fabulhoso, maravilhoso , só falta vcs nos presentearem com mais ouro! Quero ganhar ouro ,pra poder comprar mais bolinhas quando precisar! Estou amando as fases .!",5,186,6.4.7,2019-12-27 00:25:18
22,Nise B. de Abreu,https://lh3.googleusercontent.com/-QAC0Xaf_kZw/AAAAAAAAAAI/AAAAAAAAAAA/ACHi3rdIZSKix3IK7B8JSQ1qt2W4krVZgQ/photo.jpg,"Adorei, mto divertido, não dá vontade de parar de jogar, se não tomar tento fica o dia todo jogando kkkkkk... E o ápice, é que os anúncios aparecem se vc permitir, e não atrapalha a jogada pelo contrário ,de ajuda achei mto inteligente da parte dos criadores do jogo, Parabéns!!! Nota mil!!! A cada nível é uma surpresa, fica mais difícil mais assim mesmo te estimula a continuar jogando, é viciante!!!! 😁😁👏👏",5,137,6.4.7,2019-12-22 20:05:57
23,Concinha Almeida,https://lh3.googleusercontent.com/-CpeHgYcy9RM/AAAAAAAAAAI/AAAAAAAAAAA/ACHi3rfsUXIXRE86vfjfIXp8CPodXyqAAQ/photo.jpg,"A experiência foi a decepção dos brindes, para nos ajudar no final do nível. Não ajuda em nada, só derruba uma bolinhas. MUITO CHATO. Anima esse jogo, pois o mesmo é muito legal. E os FEITIÇOS não ajuda em nada para dar adrenalina ao jogo e vontade de jogar cada vez mais. Parabéns pelo jogo de vidas está muito legal.",3,9,6.4.7,2020-01-27 21:04:38
24,Laurinha Jesus,https://lh3.googleusercontent.com/-ya786oQeTNQ/AAAAAAAAAAI/AAAAAAAAAAA/ACHi3rckpvAUqU8rl3jldi9nRWeQgdyLgw/photo.jpg,"Passando a detestar o jogo. Primeiro consigo as estrelas e não ganho a poção mágica, mesmo conectada a internet. Agora eu passei a liga, ganhei mais de 30 pontos, demorou a atualizar, do nafa o jogo começou a fazer a contagem, ganhei mais de 25 pontos por passar de nível e no final ficou apenas 3. Resolvam esse problema ou vão perder usuário.",1,40,6.3.4,2019-11-23 00:22:26
25,Claryssa Melo,https://lh3.googleusercontent.com/a-/AAuE7mBP48WM_xU-lnkuvjQRF92xCMTAIJTHhpGzUNyN6Ww,Simplismente amo!! Na minha opinião só nao é excelente pq deveria disponibilizar mais contato de jogador para jogador como poder enviar emogis e mensagens e mostrar quem está jogando em tempo real. Pois são formados equipes e isso é bem legal. Fora os campeonatos que te incentivam a jogar cada vez mais. Muito show!!,4,28,6.4.4,2019-12-12 03:05:05
26,Geiziane Marinho,https://lh3.googleusercontent.com/-VcbxjvXqQwE/AAAAAAAAAAI/AAAAAAAAAAA/ACHi3rcBaj5p1ffIJj6-IawhDuNist1hTw/photo.jpg,"Esse jogo é muito bom. Todas as vezes que instalo ele, ele sempre volta pro nível que eu estava, graças ao 'salvar progresso'. O único problema é que não consigo recuperar meus bosteres, mas tirando isso é muito bom. Uma ótima distração 👏",4,132,6.4.7,2020-01-26 10:18:29
27,Flaviano Henrique,https://lh3.googleusercontent.com/a-/AAuE7mCyNXgaRvP2juXJbRnl8_cBbYASHzg4PBTFUBnb,"Ótimo passatempo. Pouca propaganda, vários níveis e os gráficos são muito bons. As vezes, a quantidade de tarefas e campeonatos tumultua um pouco, mas não atrapalha a jogabilidade. Mas que a IA é bem malvada, isso é um caso a parte.",5,65,6.4.7,2020-01-18 18:49:44
28,Maryana Paes,https://lh3.googleusercontent.com/-Dtxk925FhbU/AAAAAAAAAAI/AAAAAAAAAAA/ACHi3rcQBx8KYs2TRMdKRhEe4cw-F2uCRw/photo.jpg,Os níveis terminam e demora dias a repor novos e o concurso continua a decorrer. Assim. Ficamos em última colocação.,1,3,6.4.9,2020-02-03 16:36:17
29,Idalia Rendeiro,https://lh3.googleusercontent.com/-FILHa7EbBhw/AAAAAAAAAAI/AAAAAAAAAAA/ACHi3rc4bArgtSLM2XNwM-iFbb9RUobG9Q/photo.jpg,"Estou bastante descontente com o jogo já estou no nível 1503 e está sempre a bloquear! O que faz com que perca a corrida das fadas e outros prémios como vidas ilimitadas por horas entre outros, pois chega a estar horas sem funcionar!! Estou mesmo a pensar desinstalar o jogo com muita pena pois gosto bastante do jogo!",1,45,6.4.7,2019-12-20 13:26:47
30,Andrea Ramos,https://lh3.googleusercontent.com/-sONACOtOTWI/AAAAAAAAAAI/AAAAAAAAAAA/ACHi3rfPMDBkYsBJSP9zgwpD-LME1xTEzw/photo.jpg,Gostei só que poderia melhorar para quem náo pode pagar em dinheiro. Por exemplo porquinho quando enche perde se o restante das barras? Poderia tee mais bolas niveis dificeis tec... Más amei continuarei até quando puder jogar sem pagar.nao estou gostando mais. Ganho barras de ouro que somem. Para onde estão indo??? Ela solta bolas fora de hora. Muitas vezes. Tempo curto qd. Ganha poderes. Chapéus solta aonde não precisa. Vou cancelar se não tiver acesso as barras de ouro. Não posso comprar.,5,40,6.4.7,2020-01-09 13:58:59
31,Karla Fernanda Vaz Guimarães Costa,https://lh3.googleusercontent.com/-8huxjS1xgrk/AAAAAAAAAAI/AAAAAAAAAAA/ACHi3reJDnRBwf3XMJUL5hCAA0xz1WmaAQ/photo.jpg,Adoro este jogo!!! Mas não gostei do novo jeito de jogar. Prefiro mirar e soltar o dedo do que tocar na bolha que eu quero estourar. Pra mim o novo método nao está funcionando. Também prefiria antes quando eu mirava e todas as bolhas que seriam estouradas apareciam marcadas antes de soltar o dedo. Assim eu conseguia visualizar minha jogada em vez de só imaginá- la.,5,27,6.4.3,2019-12-06 16:52:34
32,Neemia Queiroz,https://lh3.googleusercontent.com/-tD2Gm7ZkrXc/AAAAAAAAAAI/AAAAAAAAAAA/ACHi3rcJ5houXOa186ibJxVAtGQsgUBDbw/photo.jpg,"Deveria ser mais fácil pedir vidas, ter o cofre cheio não não poder usar. Deve ser melhorado.",2,2,6.4.9,2020-02-07 00:26:46
33,Cris 26,https://lh3.googleusercontent.com/a-/AAuE7mA6SN36piCcCCBdAhiJVfpJ4Slxo_lGPryFBmSc3Q,"O jogo é cheio de gimmicks para fazer os jogadores torrarem suas economias, por exemplo o porquinho que acumula moedas e o jogador precisa pagar pra transformá-las em barras de ouro. Outra coisa, comparado com o primeiro BW, que joguei há 3 anos atrás, é que o cursor está muito escorregadio e sensível. Entretanto, ainda rouba menos que Candy Crush, aquele é o fim da picada!",2,48,6.4.7,2020-01-06 15:56:51
34,Elaine Magalhães,https://lh3.googleusercontent.com/-c6AsonZER9o/AAAAAAAAAAI/AAAAAAAAAAA/ACHi3rfsFa4yf5qmCD3tWm9HrKSG41kcRA/photo.jpg,"Estava no nível quase 50 e o jogo travou e n consigo mais entrar, antes era muito bom, agora o jogo me sacaneou, triste pq pra jogar teria q desinstalar e começar tudo de novo, agora mesmo eu abri e continua travado, lementavel isso",1,61,6.4.9,2020-02-03 10:05:12
35,Diego Ferreira,https://lh3.googleusercontent.com/a-/AAuE7mBO8_8DL1jZfKMRPeeegJThFvjvYhEoe9ydLdL6WXU,Jogo muito bom porém tem que ficar atualizando o porquinho para atualizar tem que pagar toda vez que for passar duas fases tem que pagar aí é muito ruim dá um jeito,3,1,6.4.9,2020-02-05 00:27:34
36,isabel arminda,https://lh3.googleusercontent.com/-EOAVDm7autU/AAAAAAAAAAI/AAAAAAAAAAA/ACHi3redrCIRVw6LaJlg0_mDk2P9MUQMfw/photo.jpg,"está fixe mas devia-mos poder adquirir feitiços com os pontos, só dá para comprar vidas, assim está mal, e o jogo do andy não presta, andar para trás não tem lógica, só dou 3 estrelas. O jogo do bunny pop está mais atractivo, a gente vê videos mas ganha muitos pontos e não tem limite de vidas, não ando agostar nada deste",1,70,6.4.4,2019-12-13 05:59:07
37,Um usuário do Google,https://lh3.googleusercontent.com/EGemoI2NTXmTsBVtJqk8jxF9rh8ApRWfsIMQSt2uE4OcpQqbFu7f7NbTK05lx80nuSijCz7sc3a277R67g,"É viciante, o lado ruim é que têm que gastar dinheiro para ter as barras de ouro no cofre, aí acaba não ficando com as barras de ouro que se ganha Gostaria de saber se alguém já chegou ao fim desse jogo, pós já estou no nível quase 900, e não vejo o fim",3,16,6.3.6,2019-12-09 20:24:54
38,luzia Perereira Pinto,https://lh3.googleusercontent.com/-QwMtncnLO0U/AAAAAAAAAAI/AAAAAAAAAAA/ACHi3rePqK5-ogW-CRwDcwrwSsp3P8WwHw/photo.jpg,"Está excelente. Gosto dos presentes e de passar os níveis. E até das propagandas. parabéns, passarei o meu natal curtindo o bubbles. Está ótimo. Bjs. Estou curtindo os presentes os personagens as estrelas, os fogos. Tudo é muito bom. Continuem assim. Bjs feliz 2020.",5,20,6.4.7,2020-01-24 01:07:26
39,Priscilla Aguiar Gomes da Silva,https://lh3.googleusercontent.com/-2JkgkMXEZhc/AAAAAAAAAAI/AAAAAAAAAAA/ACHi3rfxQp5FllOAiM8X-tkVWoR-FKBmEQ/photo.jpg,"Fui atualizar, e perdi meu progresso. Nao entendi,pq isso aconteceu. To tentando voltar,mais fica dando sem conexao,n sei cm ,se tenho internet . Cm faco pra resolver?",2,1,6.4.9,2020-02-04 18:27:28
40,mauricelio Nethanyahu Basilio,https://lh3.googleusercontent.com/a-/AAuE7mBaGUFBl1cbiBoIbH14jyfYnGE6UJXXqbjPXOX2HA,É um jogo bastante divertido intuitivo ideal para passar o tempo.,5,1,6.4.9,2020-02-04 18:57:39
41,Veronica Da Silva Pinheuro,https://lh3.googleusercontent.com/-hY3j8VeyZKU/AAAAAAAAAAI/AAAAAAAAAAA/ACHi3rdwqKNgjsGVOiQLynE3s0PslxfwXw/photo.jpg,Eu Verônica estou amando esse jogo é muito legal eu curto muito até quando eu vou trabalhar às vezes está o maior trânsito aí pra me entreter eu entro no jogo e começo a jogar aí quando eu vou ver já estou quase chegando no trabalho é muito bom mesmo...,5,0,6.5.9,2020-02-08 20:44:38
42,Gabi Machado,https://lh3.googleusercontent.com/a-/AAuE7mAeEFSzYz2de4-LlugYTXfhlnT76wHqnolDEuDdNq8,"INVASÃO DE PRIVACIDADE Por um instante a foto de todos jogadores da liga mudou, aparecendo o que pegava a câmera traseira, inclusive a minha foto alterou, aparecendo o que estava na minha frete. Quero muito ter uma explicação sobre este fato. Possuo print deste evento. A verdade é que nunca sabemos qual a intenção real dos aplicativos.",1,15,6.3.4,2020-01-25 16:13:01
43,Isabella Adjani,https://lh3.googleusercontent.com/-KBiBLoyd3EU/AAAAAAAAAAI/AAAAAAAAAAA/ACHi3rc-nicyEvM1hAjnBSkKGoDfHYSHgw/photo.jpg,"O jogo é ótimo mas, ultimamente está tendo um bug mesmo com a internet ligada seja, Wi-fi ou rede móvel quando faço a solicitação de pedir ou enviar vidas aparece uma mensagem de erro dizendo sem conexão. Peço que corrijam essa falha por favor.",5,2,6.4.7,2020-01-30 16:55:20
44,Edna Serra,https://lh3.googleusercontent.com/a-/AAuE7mBC0QJeubE_zkM6__chY1BTP9YpltQy6wgY5XiXLw,"Acho que tem maracutaia, estamos jogando, participando dos prêmios, de repente, vc consegue chegar em primeiro lugar. Participa do próximo jogo, quando retorna para verificar sua pontuação, aparece um jogador com uma quantidade de pontos milagroso, qual é a explicação para este milagre??????",3,35,6.4.7,2020-01-12 21:36:51
45,Scheila Rossetti,https://lh3.googleusercontent.com/-AcReOoxy9VQ/AAAAAAAAAAI/AAAAAAAAAAA/ACHi3rfR6sH0erUXWvcWvL4UaU4jkNMHkA/photo.jpg,Agora tem os campeonatos das ligas. Ontem começou um novo e menos de dez minutos do início o primeiro lugar já estava com 835 pontos. Fiquei em segundo com 85 até hoje quando perdi para alguém que já tinha 293 pontos...impossível alguém completar está pontuação em tão pouco tempo... que falta de respeito com quem joga!,1,20,6.4.7,2020-01-20 18:33:48
46,Deborah Marques de Oliveira,https://lh3.googleusercontent.com/a-/AAuE7mAVjx1Zw8ClFfIEX3cP7Zu6Q27JiVChRdn5hQTGvg,Gosto mto do jogo e principalmente qdo tem vida infinita por um período de tempo. Acho que o jogo facilita bem para alcançar os bônus e recompensa. Gosto demais de jogar!,5,3,6.4.7,2020-01-26 02:52:19
47,Anderson Brito,https://lh3.googleusercontent.com/-Rsd7r52WgD8/AAAAAAAAAAI/AAAAAAAAAAA/ACHi3repsCIoRcwMVWRhm678U0XCv9IHpA/photo.jpg,"O jogo é bom, porém tem muita propaganda e o jogo demora a iniciar entre um anúncio e outro.",3,3,6.5.9,2020-02-07 18:03:44
48,Stefhany Silva,https://lh3.googleusercontent.com/a-/AAuE7mAgba0V2mJAQI4Uov1duaKYy0TMQaF7AIE5Sh3xGQ,"O jogo é maravilhoso nota mil,o único problema é que deveria ter a opção se você teria certeza que queria atualizar tal objeto,de um para o outro....",5,0,6.4.7,2020-01-22 15:45:32
49,Marcio Fernandes,https://lh3.googleusercontent.com/-ar0B-KM0jB8/AAAAAAAAAAI/AAAAAAAAAAA/ACHi3rcF3-Gxf_kq8TLiZLeQTA67bXbMpQ/photo.jpg,"O jogo é bom, mas como pode você conseguir ouro que vai para cofre e depois tem que comprar...... desculpa por isso duas estrelas. Obs: o jogo e para destrair e não ficar bravo por situações igual citado acima. Vamos melhorar não é assim que se ganha dinheiro.",2,18,6.4.7,2019-12-20 09:34:26
50,Tereza Costa,https://lh3.googleusercontent.com/a-/AAuE7mAgRC3QT4NGylB1D-lzaKnO9ke20U6o392xdMa9,O jogo é muito bom. Contudo as atualizações só tornam ele mais lento e travam. O meu estava lento e ontem travou. Aparece um quadro roxo que não me deixa visualizar o jogo. Triste e já estava no nível 1199,3,2,6.4.7,2020-01-20 01:47:04
51,Lê,https://lh3.googleusercontent.com/a-/AAuE7mByocsFoTWTDfR9fHibw8Awz2ICXADszO6CSqxJ,"O jogo em si é legal, mas só tem pessoas egoístas damos vidas a meio mundo, e quando pedimos ninguém ajuda, tuudo tem que comprar, os recursos gratuitos são pouquíssimos perto de outros jogos parecidos.",3,3,6.4.7,2020-01-23 14:03:12
52,Iracema Santos,https://lh3.googleusercontent.com/-BwlQrl3AoNw/AAAAAAAAAAI/AAAAAAAAAAA/ACHi3rfqeB-vCXTlPS3lVDWR1ccfS7YUjg/photo.jpg,"É bom, e é normal ter fases difíceis. O chato é essa palhaçada de "" vingar"" a gente perde ponto .O jogo é pra gente distrair e não estressar. Tinha dado 5 estrelas ,voltei atrás e dei apenas 1. Não tenho mais o prazer de jogar...",1,7,6.4.7,2020-01-06 11:39:31
53,Um usuário do Google,https://lh3.googleusercontent.com/EGemoI2NTXmTsBVtJqk8jxF9rh8ApRWfsIMQSt2uE4OcpQqbFu7f7NbTK05lx80nuSijCz7sc3a277R67g,Amo o jogo. Mas não gosto do.laboratorio da Stela. E.acho que os lustres deveriam se espalhar pelo jogo.todo.,4,34,6.5.9,2020-02-10 13:32:48
54,Amanda Sansi,https://lh3.googleusercontent.com/a-/AAuE7mCUMlehaOOafLcIOZGv7pbs4s4PDmcL4oB-K_ty,"Eu não entendi o negócio do porquinho dourado, pensei que quando ganhassemos estrelas elas iriam para o cofre e podiam ser usadas pra comprar os 5 movimentos quando as bolhas acabam, eu ainda tô confusa com isso. E a lentidão quando troca de fase no começo é bonito mas depois se torna exaustivo.",5,12,6.4.7,2020-01-12 11:41:50
55,Matos Luiz,https://lh3.googleusercontent.com/a-/AAuE7mDiQ2_sL079-5INXycckODa4_z1FmXzR9haS81s9g,"muito bom,a cada fase concluida excelente,passar por cada fase,vamos que vamos novos desafios,que maravilha",5,5,6.4.9,2020-02-02 23:33:40
56,Roberta Adam,https://lh3.googleusercontent.com/a-/AAuE7mCJoIjoDUda-PbH_IopNWD6QH7jQwYVuTwBRtSk,"otimo entretenimento, parabéns aos criadores do jogo! Passo o tempo que nem vejo! 👍😀",5,0,6.5.9,2020-02-10 18:45:07
57,marina fuziwara,https://lh3.googleusercontent.com/a-/AAuE7mBGWlHism9SDkLK7vfP3RzWxCz_WCmU31muAfsxgw,Eu adorava esse jogo mas ele não entra ele simplesmente ele trava eu clico em tudo e não consegui arrumem isso (além de que quando está na tela King aparece uma mensagem dizendo Candy Crush saga parou mas eu não tenho Candy Crush saga),5,2,6.4.7,2020-01-17 23:53:39
58,Ivanise Teresa,https://lh3.googleusercontent.com/-08z9mF9IXps/AAAAAAAAAAI/AAAAAAAAAAA/ACHi3rdCUNkXJDyBRRl_IKH0Vr1d6szi8g/photo.jpg,"Pra mim é um passa tempo e mim distraí muito só q as vezes fico com raiva quando passo tempo sem conseguir passar o nível mais e legal gosto de mais e o meu predileto obrigada por esse jogo muito interessante só não gosto do jogo quando e de morcego o meu predileto é do fantasma muito bom o jogo 1,2,E esse q é o 3 gosto demais.",5,2,6.4.7,2020-02-01 00:00:18
59,Maiza Silva,https://lh3.googleusercontent.com/-6pXug72moFw/AAAAAAAAAAI/AAAAAAAAAAA/ACHi3re2ESFec7xr_kCDhfVVKjkpumk1FQ/photo.jpg,Muito excelente demais gostei muito renovou cada vez mais que continue assim cada vez mais melhorando é o que precisa tá muito bom demais gostei mesmo cinco estrelas porque tá ótimo obrigado pela atualização do jogo demais deslumbrante gostei muito obrigado e boa tarde a todos e a todas.,5,380,6.3.4,2019-11-17 16:17:08
60,Maeejulia@gmail.com mariajulia,https://lh3.googleusercontent.com/-vEiLZY31GU4/AAAAAAAAAAI/AAAAAAAAAAA/ACHi3rfo4NLzNrPlGRLWPNrXL91K6JtORg/photo.jpg,"Minha mãe chegou ao nível 2100 o último disponível ela n sabe se tem continuação, também o jogo falou pra ela que ela era a 10° melhor do MUNDO !!! Será que vai ter continuação?",4,2,6.4.7,2020-01-18 23:59:56
61,Alexandre Souza,https://lh3.googleusercontent.com/a-/AAuE7mBMbqVeBiWpz6hk1B_MqKf5ioXVkAs88lGC4kkwOw,"Eu gosto deste jogo, porém, os desafios deveriam ser menos difíceis....ou quem avançasse ganhasse brinde em um nível que fica as vezes impossível de avançar.",4,2,6.4.7,2020-01-28 16:02:15
62,Maria Merces dos Santos,https://lh3.googleusercontent.com/a-/AAuE7mBCuU8-bE9RG6ICF9cLOhqSjCfqqurMzRCw6x2vGQ,"É bem divertido, mas também muito difícil, o que bom por que ai vc tem trabalhar o celebro pra lembrar as cores que faltam pra poder vencer",5,1,6.4.9,2020-02-06 15:46:39
63,Ana Lucia,https://lh3.googleusercontent.com/-K_Iqqfm0Y24/AAAAAAAAAAI/AAAAAAAAAAA/ACHi3rdCOTlWf67WiPXGaRMuOBepQkLqEA/photo.jpg,"O jogo é perfeito para jogar. Todo dia, qualquer hora e lugar eu sempre estou jogando. O único problema é que devido algumas atualizações, o celular começou a travar muito e antes não era assim.",5,447,6.4.7,2019-12-21 15:26:00
64,Marly Cortez,https://lh3.googleusercontent.com/a-/AAuE7mC3_bFYo-Ex6cGJOtPa1Ny64tEZTO3ZZNMvRgCi_w,Adoro esse jogo. Mas na corrida das fadas mesmo eu ganhando não saio do 5 lugar. Tem alguma coisa errada. Obrigada,5,3,6.4.9,2020-02-02 19:59:23
65,Edson Paulino,https://lh3.googleusercontent.com/-WluXNP0hVPI/AAAAAAAAAAI/AAAAAAAAAAA/ACHi3rdW8BAkMc6n33qoyeZ5kg2gFUoiKQ/photo.jpg,Você consegue passar as fases aprendi mais como se joga é legal e divertido. É um aprendizado para todos os jogos assim,5,0,6.5.9,2020-02-11 15:56:41
66,Iany Vidal,https://lh3.googleusercontent.com/-fHNIKek9WK8/AAAAAAAAAAI/AAAAAAAAAAA/ACHi3re9VKHOQ5uWde3us9fZQBE8wFI_ag/photo.jpg,"É um jogo que tenta fazer com que não perca a graça. Cada ""capítulo"" há algo novo. E, sempre há uma competição online que irá te recompensar com coisas que deixarão o jogo ainda mais divertido.",5,6,6.3.6,2019-12-01 17:11:22
67,Guilherme Renan,https://lh3.googleusercontent.com/-dp0rRwu76v0/AAAAAAAAAAI/AAAAAAAAAAA/ACHi3reeOjUjV082fCltphgmZGlN5y25kg/photo.jpg,"Muito legal! As músicas harmônicas são bem produzidas e são bem alegres; A animação é muito fofa e muito mais. As únicas coisas que me desanimaram são 2. A 1ª é a restrição de poder jogar por meio dos 5 corações que são perdidos um por um caso não conclua determinada fase. Não gostei pois vai contra o aprendizado e é com os erros que aprendemos a fazer o certo, portanto, não deveria haver este tipo de restrição. 2ª coisa: na parte onde personalizamos o terreno, não dá pra mudar e isso é péssimo!",4,2,6.4.7,2020-01-14 11:58:21
68,Zeiza Mattos,https://lh3.googleusercontent.com/-cpnBKa0pE_g/AAAAAAAAAAI/AAAAAAAAAAA/ACHi3rc3l03Ylg0y-sli6Y3iFWi8zm1cww/photo.jpg,Acho um absurdo a gente ganhar as barras de ouro e ter q pagar pra ter acesso...fora isso td legal,4,3,6.4.9,2020-02-01 14:29:56
69,Tania Martins Amorim,https://lh3.googleusercontent.com/-W7u-QcHwiZU/AAAAAAAAAAI/AAAAAAAAAAA/ACHi3rdtMu7vEjaw0ZcfwB1X91wGaNel_A/photo.jpg,"Eu tinha uma conta estava no nível 234. Meu celular foi resetado e apagou tudo não acredito que vou começar do zero, porém é um jogo ótimo para aliviar a cabeça será que consigo recuperar o nível que estava",5,10,6.4.4,2019-12-09 23:18:51
70,mariana Brgs,https://lh3.googleusercontent.com/-SBzBseqq7Oc/AAAAAAAAAAI/AAAAAAAAAAA/ACHi3rckOd2l6wCVZ2f5AIQFICLcX4j44Q/photo.jpg,"O jogo é bom, mas o preço do mobiliário é caro para os itens que são, após as compras com preço cada vez mais elevado o prémio é sempre o mesmo, deviam alterar isso.",5,7,6.3.6,2019-12-02 17:32:24
71,Vera Brazil,https://lh3.googleusercontent.com/a-/AAuE7mCmpXY3e_N1YS-B-meBlPBav5g1y1isJ_o44Z44h-U,"Resolvi comprar as barras de ouro do cofrinho. Deu um total de 52 barras de ouro, continuei a jogar e precisou de 9 barras de ouro pra continuar o jogo e depois mais 19 barras de ouro. Se eu tinha 52 barras de ouro e gastei 28 que matemática é essa? Não vou mais continuar com que rouba no jogo.",1,6,6.4.7,2020-01-11 14:10:18
72,Addilsonsantos Arraujo,https://lh3.googleusercontent.com/a-/AAuE7mD4cfXSvi9vBTYQ9ZsAj4tc2ZdwZqXHleckcVC3qQ,"Seria interessante que fosse criado fases que adicionasse diamantes a fim de ajudar na melhoria da casa e da área ao redor da casa da fada, a com a utilização desses diamantes.",4,0,6.4.7,2020-01-17 14:00:44
73,Terezinha Fátima dos santos,https://lh3.googleusercontent.com/--3NqzOKLZPA/AAAAAAAAAAI/AAAAAAAAAAA/ACHi3rdRNBCP_iZK6bNN--WUN45s1tnmmA/photo.jpg,"Adoro este jogo,o problema é qdo não consigo seguir em frente pq tem que comprar bolas, não acho legal usar dinheiro, é um jogo pra passar o tempo, não pra viciar.",3,12,6.4.7,2019-12-20 18:00:29
74,Edilene Botelho,https://lh3.googleusercontent.com/-7W1r7F7kJNc/AAAAAAAAAAI/AAAAAAAAAAA/ACHi3rdExpRouqOwGrSZy1IoGrCdDFwMdQ/photo.jpg,Um jogo ótimo mais e um jogo não uma disputa de quem e melhor os níveis estão muito difíceis e p ganhar um prêmio e difícil eu gosto mas não vejo nessessidades de está tão difícil um entretenimento que e pra distrair não uma competição como se alguém fosse fosse ganhar dinheiro ou um lugar num podium e minha opinião,1,7,6.3.4,2019-11-25 15:40:37
75,Jhessica pfeffer,https://lh3.googleusercontent.com/a-/AAuE7mDuUuE83ZvnsDAkRV90m_ftzIVmKzxA3tRRV_OHjA,"Meu jogo não tem atualização disponível. Ele parou de avançar nas ligas, e quando conclui a promo de acordar a árvore não da os prêmios. As fadas podiam ser mais inteligentes né?!",5,8,6.4.7,2020-01-07 09:53:44
76,Elisene Alves,https://lh3.googleusercontent.com/a-/AAuE7mAmJRhEPS0e9BmFmZy6QMLHmBkBeAlZDQtxgt_Urg,Gostei mas tem algumas bolhas difíceis deveria ter mais Sanches de conseguir bombas e ŕaios. Não deveria ser tão limitado.,4,1,6.4.7,2020-02-03 01:05:46
77,Silva Camilla,https://lh3.googleusercontent.com/-0Zv8NGCywvk/AAAAAAAAAAI/AAAAAAAAAAA/ACHi3rf6nEtGi0i4XtNV9e5lgtofqp9BHA/photo.jpg,O jogo e muito bem! Mais acho que depois da fase 300 fica muito dificil poderia ser mais facil ao menos ganha poderes,3,1,6.4.7,2020-01-29 12:25:49
78,Junior Caubianco,https://lh3.googleusercontent.com/-pMvwIWQpr7A/AAAAAAAAAAI/AAAAAAAAAAA/ACHi3rdBT1LPgxmuqxSaueNuD6hunn9EqA/photo.jpg,"Muito legal, vale a pena pra quem quer passar o tempo, parabéns.",5,0,6.5.9,2020-02-09 08:56:37
79,natalia rocha,https://lh3.googleusercontent.com/a-/AAuE7mA3Xsz8tZ1ABv6Eh-B5e2a_u1eULtxzitr6Lq-b,"gosto muito do jogo, mas não entendo que toda fase eu ganho barras de ouro mas fica registrado apenas 4 sempre. Por que as barrinhas de ouro das fases não acumulam?",5,8,6.4.4,2019-12-11 22:07:43
80,Andrielle Mendonça,https://lh3.googleusercontent.com/a-/AAuE7mAjp_SijHdTulto5sohE8MpXI99sQQLQ-wjC8jezA,"O jogo é bom, mas está travando demais no meio da fase, daí, tenho que sair do app e ""forçar a parada"" ... Qndo volto, perdi a fase e a ""vida""",1,11,6.4.4,2019-12-14 14:50:00
81,Y-M Yt,https://lh3.googleusercontent.com/-tM54JFw78Ms/AAAAAAAAAAI/AAAAAAAAAAA/ACHi3rd4KYOidesTD4AflcXUf7HFTLJQRw/photo.jpg,E muito top só queria uma coisa que ti vesse um jeito de ganha Barra de ouro porque eu quero melhor minha casa rápida porque tá muito difícil porque demora 1 dia pra reconstruir uma coisa,5,0,6.4.7,2020-01-28 22:15:51
82,LIA ADAMS,https://lh3.googleusercontent.com/a-/AAuE7mC9rbWiEqltVDyAiwrXY4GCmTxCCKqL4Fau9UMR,Para mim não aparece opção de assistir vídeos para ganhar 3 jogadas e nem no início do jogo,4,0,6.5.9,2020-02-10 17:04:29
83,Marcio Gonçalves,https://lh3.googleusercontent.com/a-/AAuE7mCKerQyPeTQI0UDtE-eZgWZGyZnXMuu9OX228IrDA,"está absolutamente perfeito,adoro este jogo estão de parabéns,com estes novos brindes ficou melhor ainda 👍 esperando novas aventuras da Estela , parabéns pelo app continuem assim,e vamos ao jogo 🙂👍😎",5,11,6.4.7,2019-12-26 14:53:17
84,SOARES MORENO,https://lh3.googleusercontent.com/a-/AAuE7mCJpJkqhEcjTIdoR90jL6nPi_i8XLTz9VAkqgZrBQ,"excelente, principalmente para tirar o stress. Estou gostando muito e vou caminhando. E gostando cada vez mais. Blz cara tá show. Até agora foi o melhor que eu encontrei pra tirar o stress.",5,14,6.3.4,2019-11-23 20:05:15
85,Giselda rodrigues da silva franco,https://lh3.googleusercontent.com/a-/AAuE7mAC6BahNs7yvBwtEPpAvlXR4UXC1hNGabSElyiK0A,tem graficos dificil de mais quase nao consegue passar mas adoro. Ah podia dar mais ouro ajuda mais amo esse jogo. cade os ouros nao dao mais fica difícil vc vence mas ao ganha ouro. mas adoro esse jogo.so que lês param de ar o ouro onde esse ajuda muito. volta com as barras de ouroooo!!!!!,5,25,6.4.7,2020-01-07 01:10:55
86,Gabriel Castro,https://lh3.googleusercontent.com/-TmfGYzQahuo/AAAAAAAAAAI/AAAAAAAAAAA/ACHi3rdZOfAB7C1sEzqC8Jd9qJMIOqtRZA/photo.jpg,"Esse jogo é muito legal,não trava é Ainda por cima a mira dele é muito boa,incrível é impossível não se avisiar,recomendo muito,tenho certeza q quem baixar não vai se arrepender.",1,9,6.4.7,2020-01-02 14:33:02
87,Thatiana França,https://lh3.googleusercontent.com/a-/AAuE7mBa91eP8WWGXZviZZQjt6iT8S15MgIVtBO5AsHb,"Gosto muito do jogo porém está acontecendo muitas falhas, tipo a corrida das fadas está travada Fora outras coisas!",5,1,6.4.9,2020-02-01 01:00:31
88,Luizasantos57 Jesus,https://lh3.googleusercontent.com/-gYUV1VaI1Gg/AAAAAAAAAAI/AAAAAAAAAAA/ACHi3rcQb6e1mdSBAuDZ0fFr0R5ZTIammg/photo.jpg,Ótimo jogo mais tem muitas bola o tempo e curto vcs não dá bola extra assim não dá tem que comprar,5,1,6.5.9,2020-02-07 14:26:54
89,Kauany Garcez90,https://lh3.googleusercontent.com/a-/AAuE7mCGn84RVDFB9Iz_8Z8JkSYfU668sCvvQPNOsrUo,"É um jogo muito legal de se jogar, mas é pouca ajuda que temos. Em questão de poções e barras de ouros. Nem sei qual foi a última vez que consegui barras de ouro e isso é triste. Kkk enfim, é daora!",5,8,6.3.4,2019-11-20 23:07:45
90,Mirela Ramos,https://lh3.googleusercontent.com/a-/AAuE7mBcKLWTv-jDP9K_el-HLwRYxcvzegdh8xE2QIESbw,"Já tem um tempo que eu tô passando de fases e ganhando estrelas, mas o contador de estrelas para o pozinho mágico não tá funcionando, o que tá acontecendo?",1,4,6.3.4,2019-11-24 13:41:31
91,Hannah Alves,https://lh3.googleusercontent.com/a-/AAuE7mASMEi73KZnMupNFHR7jFSQ9cos6dFPm41MGy4D,"Esse jogo e incrivel!! Ele esta ainda melhor, tem varios premios, alem de tudo isso nao trava, a historia e muito legal, a ilustração do jogo é perfeita.. nunca vi um jogo de bubble shorter tao organizado. Meus parabens o jogo e maravilhoso ^^",5,135,6.3.6,2019-12-11 20:06:03
92,Cris,https://lh3.googleusercontent.com/-CoRjU-5_54k/AAAAAAAAAAI/AAAAAAAAAAA/ACHi3rdW8KSJmuLL9lI92RhghBIDaLkajw/photo.jpg,"Agora o jogo está muito bom mesmo, os controles estão concordância.",5,2,6.5.9,2020-02-10 22:49:33
93,barbara hoffmann,https://lh3.googleusercontent.com/-W9ZnTQ8aL9s/AAAAAAAAAAI/AAAAAAAAAAA/ACHi3reeb9nfbaTX_K2rRAAfz72-gnRaLA/photo.jpg,"dificulta para nos obrigar a comprar vidas e ""poderes"" acho isso uma sacanagem...mais uma vez, o jogo foi feito para você perder.... não é um jogo, é uma manipulação pras o que eles querem!!",1,422,6.3.4,2019-11-23 15:36:10
94,Graziela Juliao,https://lh3.googleusercontent.com/a-/AAuE7mB44xp1tZhSW1rFQQoI4sslGvVZGl7Q4Y9z8CndBw,"É um jogo muito bom. É viciante, embora haja níveis muito difíceis, e muitos anúncios. Os vídeos não abrem e o jogo cai e volta ao início obrigada.",5,5,6.4.7,2020-01-06 18:24:35
95,Sueli Siqueira Lau,https://lh3.googleusercontent.com/-x6M_LqLy22s/AAAAAAAAAAI/AAAAAAAAAAA/ACHi3rcdD99IKtNbF_LglvQTQabV-dOUZQ/photo.jpg,"Porque o meu jogo não está seguindo? Sempre que eu tento jogar o jogo fecha, estou no nível 956 e queria chegar ao nível 1000, se eu não conseguir continuar jogando vou desinstalar.",3,149,6.4.7,2019-12-23 08:01:27
96,Thiago D'Ávila,https://lh3.googleusercontent.com/-10tXkiqKZDg/AAAAAAAAAAI/AAAAAAAAAAA/ACHi3rdljZCKKz3AXW6aHFtxfb2yqKwNvA/photo.jpg,"É tudo incrivel, só não gostei das coisas com dinheiro de verdade e nâo ter um feitiço capaz de espandir outros feitiços. Por exemplo, usa esse feitiço no raio de magia e ai espande o raio de magia pra cobrir uma area maior.",5,0,6.3.4,2020-01-20 12:01:14
97,Valdinete Alves de freitas,https://lh3.googleusercontent.com/-cbP56FH78LA/AAAAAAAAAAI/AAAAAAAAAAA/ACHi3rcmXafL7NhpOK3JyBhVWsGzBYE6RA/photo.jpg,"Esse jogo é muito bom , so não gosto do porquinho que para ter as moedas temos que pagar.",5,0,6.4.7,2020-01-27 23:38:50
98,Raquel Costa,https://lh3.googleusercontent.com/a-/AAuE7mBCK6NqcfrV9kzr9UiJgEV5HPpzVVvWgELjcaFpVA,Amo esse jogo...roda muito bem no meu aparelho j4 core que não tem um processador muito bom...tem várias possibilidades de ganhar prêmios ou seja eu amo,5,0,6.4.7,2020-01-31 00:21:12
99,Um usuário do Google,https://lh3.googleusercontent.com/EGemoI2NTXmTsBVtJqk8jxF9rh8ApRWfsIMQSt2uE4OcpQqbFu7f7NbTK05lx80nuSijCz7sc3a277R67g,"divertido,viciante.otimo,melhor passatempo do momento, uau, passei o nivel 508, fantastico,mas nao gostei de perder meus pontos e nao mudar de nivel,ja estava no nivel 1500 e pouco e voltei a 0",5,4,6.4.7,2020-01-11 00:26:42
