,userName,userImage,content,score,thumbsUpCount,reviewCreatedVersion,at
0,Lucimare Cavalcanti do Nascimento,https://lh3.googleusercontent.com/-ErGYSii88T0/AAAAAAAAAAI/AAAAAAAAAAA/AMZuuckYd_7prMtsLV45yU3dPUjyvE5lnQ/photo.jpg,"O jogo é muito bom!!! Parabéns!!! Só gostaria que vcs mudassem a forma do cofrinho, assim que ele estivesse cheio, à cada fase cumprida, vcs poderiam esvazia-ló, dando para nós algum prêmio!!! O quê vcs acham??? Fica a dica, tá bom!!!!🤗gostaria tb, que vcs pudessem nos dar mais barras de ouro para podermos comprar as coisas...😔olha, esse tempo todo de jogo e, só tenho cinco barras de ouro....😔😔😔",5,335,6.9.11,2020-05-19 22:00:41
1,Josuel Santos,https://lh3.googleusercontent.com/a-/AOh14GgaNa2C_vLAG1T_oDGrHIITtArZ6GbuUTmTgoAv,Tiraram os anúncios pra ganhar jogadas extras. O jogo ficou um lixo. Muito difícil. Desistalando ok fui. O nível 2417 do fantasma só dá 10 bolas de jogadas pra subir 70 linhas do fantasma. Que loucura é essa? Esse jogo já prestou. Galera se manifeste pra reclamar tbm. Isso chama abuso mental. Ou atualiza e muda ou vou desinstalar minha família toda joga e faz compras tbm. Até os anúncios tiraram.,1,60,6.9.11,2020-05-14 16:43:24
2,Luciene Sena,https://lh3.googleusercontent.com/-mh3_FN5GFgg/AAAAAAAAAAI/AAAAAAAAAAA/AMZuucnd_tAXb8pUwgzjyZRvB2gs4cw9-g/photo.jpg,"O jogo era muito bom e super viciante mas ficou horrível depois da última atualização ele não tá recebendo internet, fica dizendo que não tem internet conectada ao celular sendo que tem, já desinstalei e instalei de novo e não resolve e acabei perdendo minha conta que já tava no nível 200",1,79,6.9.11,2020-05-15 20:41:05
3,Cecília Barreto Sobral,https://lh3.googleusercontent.com/-LxcwL1Xsx5U/AAAAAAAAAAI/AAAAAAAAAAA/AMZuucmp-YEEEPii0LmPJrmIdp_c1wZfgQ/photo.jpg,"O jogo é super viciante, mas acho que demora muito pra aparecer o chapéu que dá o super poderes. E deveria haver brindes quando alcançasse três estrelas. O aplicativo está constantemente travando.desde da tarde de ontem que ele não funciona.",3,38,6.10.3,2020-05-23 02:04:07
4,suelyamaral Amaral,https://lh3.googleusercontent.com/a-/AOh14GjZEVRhr98DQxlr6FsA1JVFQdEZjh8NHl1WyT5OEw,sensacional !!quer dar uma pausa e desestressar??baixe esse joguinho é muito legal!!recomendo!!😍😍😍😍nessa época de quarentena esse joguinho é muito bom ajuda a desestressar e arejar a mente !!experimente tenho certeza que vão amar!!😍obs :Amo mais que chocolate!!,5,209,6.9.11,2020-05-13 23:06:27
5,Doraci Moreno Sanches Morais,https://lh3.googleusercontent.com/-5oh2dwy5sd8/AAAAAAAAAAI/AAAAAAAAAAA/AMZuuclKo-_aCDzJmHO7e73K3CQven6BVA/photo.jpg,"Amo esse jogo , mais minha corrida das fadas travou no jogo 500 e não voltou mais . E não consigo ajuda da central por mais que eu solicite não tenho resposta . Num jogo anterior tive o mesmo problema e por não conseguir ajuda acabei desistalando o jogo e baixando outro . Agora também já estou quase desistindo infelizmente 😡",3,74,6.10.3,2020-05-22 18:44:39
6,Nice Costa,https://lh3.googleusercontent.com/-OP3Q-EY86eI/AAAAAAAAAAI/AAAAAAAAAAA/AMZuucn1zuWm6lb_r_OFjbcS333cVpEnAw/photo.jpg,Esse jogo ta uma maravilha. Cada dia mais difícil sem ajuda nenhuma. Ate os vídeos e as vidas extras sumiram. Nem os jogadores de equipe funciona. Esperam os outros jogarem. Desse jeito da vontade de parar de jogar. Nem genio passa.,5,9,6.10.3,2020-05-24 02:10:22
7,Cristiane Leao,https://lh3.googleusercontent.com/-4p_NvtoDO48/AAAAAAAAAAI/AAAAAAAAAAA/AMZuuckQo0M3uVGtrez5KyccclvsP8bEug/photo.jpg,"Este jogo tá cada dia pior Essa nova atualização não tem anúncios para ganhar bolas extras, as bolas extras só tão vindo pra gente comprar...😡 Não tá vindo os chapéus mágicos, nem outros brindes. Enfim... Tá horrível e muito chaato. Isso é muita apelação...Só pra gente comprar os brindes! Vou desinstalar porque esse jogo já foi bom! Mais agora tá um saco😡😡😏 Vou instalar o jogo 8 ball poll que tá dando de 10x0 nesse bubble with saga👌😉😂",1,43,6.9.11,2020-05-06 23:25:13
8,Fatima Pereira,https://lh3.googleusercontent.com/-xd49cBng4PM/AAAAAAAAAAI/AAAAAAAAAAA/AMZuucnlfrwKLeMSWm0L7t48hTFArFDLnw/photo.jpg,"Muito bom o jogo tem rasteiras mas consegue se controlar muito fixe é desafiante e os anúncios são muito bons ajudam a ganhar vidas foi difícil avancei um pouco gosto muito deste jogo, adorei jogar este nível contínuo a gostar adoro jogar estimula me o cérebro para além de relaxar um pouco face à está situação de calamidade Obrigada e mais anúncios para ganhar vidas",5,63,6.10.3,2020-05-26 16:54:25
9,Deia Danttas,https://lh3.googleusercontent.com/-LwyU5_Js66o/AAAAAAAAAAI/AAAAAAAAAAA/AMZuuckgMbAK96CZno4ye-mN7pR909ICyw/photo.jpg,Trava muito muito mais eu gosto muito do jogo muito bom só esse problema mesmo de travar muito. Podiam melhora as provas que são em equipes deviam escolher só jogadores que estão online jogando por é um saco você colhe as flores e outras equipes não aí vc só pode colher no outro dia isso e um porre deviam melhorar isso por favor.,3,40,6.9.11,2020-05-11 01:29:42
10,Angello Gabrielly,https://lh3.googleusercontent.com/-9Uhm3ORXfqY/AAAAAAAAAAI/AAAAAAAAAAA/AMZuucnHs9ljeQaVlHcEF3qZJKgM02M_Ng/photo.jpg,Gosto muito do jogo só queria adquirir mais barra de ouro .... pois no decorrer do jogo as barras de ouro nao carregar ....poderia carrega assim como a vida ..... ou ter que chegar em alguma fase mais elevada pra carregar as barras de ouro,5,3,6.10.3,2020-05-25 02:08:10
11,Marly Accioly,https://lh3.googleusercontent.com/-Rja0PlNObJo/AAAAAAAAAAI/AAAAAAAAAAA/AMZuucn2gLms5bIFl-8Cj0gf4GAz8hTf1Q/photo.jpg,"Troquei de celular e o Jogo não quer mas abrir, ele inícia mas não segurar. O que eu faço! Pois gostaria de continua de onde parei por favor 😟😢 me ajude de alguma forma, para que eu possa volta ao meu joguinho 😔😔💔💔 Sim a marca do meu aparelho Celular é. MULTILASER, é como lhe falei, ele inícia más não segurar. 😔😔🤦🤦😢😢",3,5,6.9.11,2020-05-17 11:08:25
12,SER FELIZ É O MEU MAIOR Objetivo,https://lh3.googleusercontent.com/a-/AOh14GgTW6YtQhxb1CbHynqG-O44fYOoEGhGWa7FEl8giA,O jogo é muito bom mais em fases muito difíceis deveria ter mais facilidades para concluir o nível do jogo. Só tem fase que poderia ser menos difícil O jogo é muito bom só deveria ser mais fácil nos níveis difíceis.,5,9,6.9.11,2020-05-15 11:12:44
13,ALART PRO,https://lh3.googleusercontent.com/a-/AOh14GjY6pIHKuUjty8ywKcuucMiovN3v2aKxfGbrWitxg,"Muito intuitivo, jogabilidade nota 10, exige configuração mínima; o tempo passa rápido quando percebo fiquei muito tempo me divertindo e nem falei das cores empolgantes e sem incomodar os olhos. Parabéns aos desenvolvedores.",5,9,6.9.11,2020-05-12 15:56:21
14,Kíssilla Solles,https://lh3.googleusercontent.com/a-/AOh14GjtS8ee2nyoOzAfG0HnWmoISzk0acPZj3qBPGQo1HA,Jogo muito bom!! Um ótimo passa tempo dessa quarentena... A única coisa que chatea é ele ficar travando quando se está em um nível mais avançado... Ah!! E poderiam liberar mais poderes pra nós ajudar ... fora isso... ele é maravilhoso!!!,5,8,6.10.3,2020-05-21 02:35:08
15,Bianca Marinho,https://lh3.googleusercontent.com/-5nkxKcltrMs/AAAAAAAAAAI/AAAAAAAAAAA/AMZuucnebA565nwZ03tMK4gOzCLpm--p9g/photo.jpg,"Olá.... o jogo é bom, mais poderiam melhorar os prêmios. Quase não se ganha ouro, sei q o intuito e q os jogadores compre, ás recompensas tbem estão deixando a desejar. Algumas fases se tornam cansativas por serem repetitivas, acredito q possa melhar por isso não dei 5 estrelas.",4,1,6.10.5,2020-05-29 21:32:15
16,Um usuário do Google,https://lh3.googleusercontent.com/EGemoI2NTXmTsBVtJqk8jxF9rh8ApRWfsIMQSt2uE4OcpQqbFu7f7NbTK05lx80nuSijCz7sc3a277R67g,"Eu acho o jogo maravilhosooo, porém acho q só deveria ter mais coisas pra construir, pq eu já fiz tudo, e tenho muitas moedas pra gastar e não tenho com o que. Mas fora isso o jogo é perfeito",5,6,6.9.11,2020-05-08 01:54:06
17,Claudia Rocha,https://lh3.googleusercontent.com/a-/AOh14GhTjFEF-cmUtAfFGHcvrFRNhCM4FDeNnZ_NBhIvLQ,"Gosto do jogo, tanto que recomecei 3 vezes (ñ salvei), mas gostaria que tivesse uma forma de salvar o jogo com mais facilidade. E outra gostaria que viesse mais premiações do que vidas ilimitadas. Essa Morgana tá demais. Gosto das premiações.",5,24,6.9.11,2020-05-14 01:21:13
18,Gilmar Souza,https://lh3.googleusercontent.com/-TfZtH1vvFv4/AAAAAAAAAAI/AAAAAAAAAAA/AMZuucmI4RByRr_ijHFP_Q1ca5D_gdC1uw/photo.jpg,O jogo é muito bom jogo já faz mas de cinco anos kkkk é nunca descobri como resgata a moedas do porquinho . Gente esse jogo não tem fim não kkkkk Outra coisa quando a gente muda de fases a gente espera um jogo mas diferente mas sempre é o mesmo cenário as mesma coisas ñ tem novidades em cada faces .,5,7,6.9.11,2020-05-08 00:14:51
19,SOLANGE XIMENES,https://lh3.googleusercontent.com/a-/AOh14Gg0EGFYc71xljKBdeaUkyXYcKkQYZ6yCu1faVJqsbI,"Muito bom ,só não gosto mesmo e das fases que voltam ao começo, isso me faz mudar de jogo constantemente ,melhor aumemtar a dificuldade para passar do que voltar ao início do jogo. Essa é minha opinião.",4,9,6.9.11,2020-05-10 21:04:52
20,Flávia Hernan,https://lh3.googleusercontent.com/a-/AOh14GiN5Fepf3qJ3Ysmi-Kjny2-Z81Uwt4Qa6q_AVO6,"Muito divertido. Mas quanto mais recompensas mais estimulante fica o jogo. Ganhamos pontos extras ao terminar capítulo, mas a soma não é feita. 🤨",4,5,6.10.3,2020-05-21 08:32:26
21,Sirlei M Pereira Pereira,https://lh3.googleusercontent.com/-ABMPfAG81do/AAAAAAAAAAI/AAAAAAAAAAA/AMZuuckj4L__7FGdhVS3EhxP90aGAiNAmg/photo.jpg,"O jogo está ficando cada vez mais difícil, mas fazer o que o jeito e continuar jogando. Está bem vimos continuar o jogo. Está bem assim mas pode melhorar com mais magias que tal.",5,0,6.10.5,2020-05-30 16:44:29
22,Juliana Salvador,https://lh3.googleusercontent.com/-OQWqWsRZXe8/AAAAAAAAAAI/AAAAAAAAAAA/AMZuucm5rXfaNIdykAVFxJSXMS9_-ZTHQg/photo.jpg,"O jogo é bem legal,mas poderia ser bem mais interesssante se os jogadores ganhassem $$ pra jogar assim como tem a função pra comprar vidas e feitiços poderiam fazer algo do tipo para os jogadores ganhar tmbm,ñ tem graça só os dono do jogo ganhar e os jogadores ñ..seria bem mais interessante jogar..",3,1,6.10.3,2020-05-30 01:05:10
23,Mariana Palmagnani,https://lh3.googleusercontent.com/a-/AOh14GhjofQIIM4P9h64SpZBNyNHVMcDefJuaW3Nb79xVA,"Está dando vários erros tipo: o bônus da liga astral trava quando vai mostrar minha pontuação após eu terminar uma jogada me forçando a reiniciar o jogo, aq na loja o jogo tá pedindo atualização mas quando está terminando de instalar volta a pedir atualização, está travando muito no meio das jogadas! Adoro o jogo e não queria desinstalar então por favor arrumem isso. Obrigado",4,4,6.9.11,2020-05-07 12:41:29
24,Maria Madalena Tome,https://lh3.googleusercontent.com/a-/AOh14GgoaoJDyY59mswoXugNbf0sZuuCrfIYIjw5FmAfNg,"O jogo é muito divertindo e gostoso de brincar. No começo eu não sabia jogar, tava difícil mais agora tá divertindo .É uma graça ois personagens .O jogo estimula a memória ..",5,3,6.9.11,2020-05-14 02:15:41
25,ivonete nascimento,https://lh3.googleusercontent.com/a-/AOh14GhjAsa6LVY-UnZC8MdVukdSDQ_tIR9JlgzsYYRTHw,"Gosto muito desse joguinho. Já exclui várias vezes, mas acabo voltando a jogar. Só não dei 5 estrelas pq perdemos muito tempo com os anúncios. São anúncios de 30 seg😞, caso eu queira ganhar um bônus, no início e no final de cada nível. Ultimente tenho dispensado os bônus, sem paciência para assistir o mesmo anúncios de 30 seg dezenas de vezes. Sei que vcs dependem dos anúncios, mas podiam por aqueles de 5 seg pelo menos😆. De qualquer forma, amo esse joguinho!😍",4,1,6.8.4,2020-05-22 09:06:45
26,Juceli Nunes aparecida,https://lh3.googleusercontent.com/a-/AOh14Gi6d1LHUxEgvzXpVMgVkSHDg_sEhRKfOqddqnHKEA,E mto gostoso mas tem fases que é mtont complicado colocam mtas bolinhas e o jogo se torna difícil joga mais de mil vezes pra poder mudar de fase mas e gosto só peço que diminua a contidade de bolinhas ♥️,5,3,6.9.11,2020-05-10 17:29:58
27,Isis Aribeiro,https://lh3.googleusercontent.com/-TDbNpsCG6os/AAAAAAAAAAI/AAAAAAAAAAA/AMZuucmWotLVPcWNBvGETDgsNFiMQOQgWA/photo.jpg,"O jogo ficou muito bom com os prêmios que estão sendo dados pela árvore, pelo feitiço e tbm pelo prêmio diário que estamos tendo, agora eu não estou conseguindo sair do nível da décima lugar ,mudo de fase falam que vou subir três nível e eu não saio do lugar , acho que o jogo não está atualizando pode ver isso.",5,4,6.9.11,2020-05-15 23:21:24
28,Vilma Simas Carvalho,https://lh3.googleusercontent.com/-dsSSIc2hxYI/AAAAAAAAAAI/AAAAAAAAAAA/AMZuuckToF92lb6kMcoU7TRTIa4p84scaQ/photo.jpg,"Eu gosto muito do jogos ,só não curto os bichinhos que multiplica as bolas do jogos. Continuo dissendo que não gosto ,quando os bichinhos multiplicam as bolinhas,isso me deixa nervosa.",2,2,6.10.3,2020-05-27 19:59:56
29,Gé Isabeli,https://lh3.googleusercontent.com/-NLN1JEQ2xXM/AAAAAAAAAAI/AAAAAAAAAAA/AMZuuclm3CT1b7R_OxCW1Erq1G2mpqK5mg/photo.jpg,"Estou tendo problema com o jogo pois encheu as garrafas da poção pra fazer a casa e não esvazia pra encher de novo travou em quinze garrafas , não sei oq faço já atualizei não adiantou se der pra resolver isso agradeço muito.",2,5,6.10.3,2020-05-21 01:03:42
30,Alan Alonso,https://lh3.googleusercontent.com/-FQvgTQKeFtM/AAAAAAAAAAI/AAAAAAAAAAA/AMZuucmt_EMwQtM9VQL1LfZTUJgZSO3G8Q/photo.jpg,"O jogo é bom, mais está travando em alguns momentos! Ainda tem que melhorar com relação ao porquinho, pois vc colheta um certo n. de barrar de ouro que não serve para nada! Tem que melhorar muito!",2,6,6.9.11,2020-05-11 18:09:27
31,Hugo Alexandre,https://lh3.googleusercontent.com/-SCxtggRCi6Q/AAAAAAAAAAI/AAAAAAAAAAA/AMZuucnHtPs0Lsb9EImF7xfXHhEjM_LXug/photo.jpg,"Abaixei o jogo agrora desliguei a minha internet pra nao acaba meus créditos,o app fechou😤eu acho melhor fazer atualização direito!!! Minha família toda ama esses jogo,antes ele era bom agora esta horrível 😔😭",1,0,6.10.5,2020-05-31 11:44:00
32,edney chirol,https://lh3.googleusercontent.com/-Ksv4aYf4B6A/AAAAAAAAAAI/AAAAAAAAAAA/AMZuucnm_2nARVfE8iDJZ2RqoUf9xqU3nA/photo.jpg,jogo muito bom! poderia ter mais recompensas. E poderiam fazer uma recompensa na qual a pessoa pudesse pegar o que tem no cofre do porquinho a cada 150 níveis.,4,2,6.10.3,2020-05-24 21:44:05
33,marlene fusinatto,https://lh3.googleusercontent.com/-fWJGlADJcIc/AAAAAAAAAAI/AAAAAAAAAAA/AMZuuckLJzad_GtXMyjk4TTPh04KBJRxtQ/photo.jpg,"Muito bom, jogo para relaxar, adoro ver que fico em primeiro lugar, ver quem está jogando, mas claro que as vezes fica super difícil, super aprovo.",5,0,6.10.3,2020-05-31 23:15:27
34,Angela Tischer,https://lh3.googleusercontent.com/-72IqMvOH27A/AAAAAAAAAAI/AAAAAAAAAAA/AMZuucn6bMk7VccaVxZNTO74WL0fqDNEwA/photo.jpg,Só acho que não é verdade o pessoal subir tão rápido pra primeiro lugar que uma vez que passamos de um nível ganhamos pouca pontuação. Deveriam melhorar isso. Mesmo porque nem jogando noite e dia atingimos pontuação tão alto assim.,5,2,6.9.11,2020-05-12 21:16:22
35,Luizinho Guimarães,https://lh3.googleusercontent.com/a-/AOh14GgzQJYr7VQp-rC-dL_4LFbK6-7nwykeWp7icCKa7A,"Chega num certo nivel vc nao tem mais opções de ver videos pra ganhar mais bolinhas, alem de jogar todo dia pra ganhar bonus o App nao reconhece q vc jogou e vc perde a sequencia do premio diário.",3,2,6.10.3,2020-05-23 15:40:40
36,Claudia Japa,https://lh3.googleusercontent.com/-61-XzvDkLCM/AAAAAAAAAAI/AAAAAAAAAAA/AMZuucmJiqluw0FXy_1fntN-JPgXFL--bQ/photo.jpg,"Depois da última atualização, ficou ruim o bônus de 6 jogadas voltou a ser 3. E sempre quando é o bônus extra do baú, nunca ganha. Deveria voltar a versão anterior de 6 jogadas no bônus extra e dar mais chance de ganhar no baú. E os prêmios de entrar todos os dias não ser apenas poção a maioria deles. Pois eu já coletei a árvore toda e os gatos.. O que faço com as poções? Apenas jogadas extras.... Deveriam arrumar isso Tb, dar outras opções com as opções para comprar ajudas por exemplo.",3,307,6.9.10,2020-05-03 00:10:09
37,Michelle Betty,https://lh3.googleusercontent.com/a-/AOh14Gj70pPW5mZQkT6l8CVFwoTNISNL7udRo4HCPo2sMQ,"Eu gosto muito do jogo, mas ultimamente tem dado alguns bugs e tenho que estar fechando e reabrindo o jogo porque trava. Também é um pouco chato o tanto de coisas que abrem entre uma fase e outra, até as animações e tals. Se pudessem diminuir a quantidade seria ótimo, fora isso o jogo vai ficando bem desafiador, ótimo!",4,219,6.9.10,2020-05-04 01:12:19
38,Fernando Luiz,https://lh3.googleusercontent.com/a-/AOh14GiiNcy1Arb5zAJU6pdRAr59L_Nj2Dirq49_WVVOUA,"Emocionante e divertido , sensacional,este é um entretenimento que agrada qualquer um, parabéns aos desenvolvedores!!!!",5,1,6.10.3,2020-05-25 16:37:56
39,Claudiane Mendes,https://lh3.googleusercontent.com/-6IGKURE3FP0/AAAAAAAAAAI/AAAAAAAAAAA/AMZuucmbeX2NlaO2XM2p5sKJOrGHMdLl9g/photo.jpg,"Gosto bastante do jogo mas às vezes dá vontade de desistir, demoram demais p colocar recompensas.",4,1,6.10.5,2020-05-28 14:53:00
40,Vanessa Mendes,https://lh3.googleusercontent.com/-PX9zdW5aIQk/AAAAAAAAAAI/AAAAAAAAAAA/AMZuucnGleHwPXjBXwqZh1Knas-6KGneEA/photo.jpg,E muito legal o jogo mais ficaria melhor se as moedas volta se pro jogador pois temos moedas no começo do jogo e quando aparece o porquinho as moedas enche o porquinho e vc mantém mais como recuperar as moedas,4,4,6.9.11,2020-05-13 02:39:56
41,Karine Andrade,https://lh3.googleusercontent.com/a-/AOh14Gi6rHucAlE1t8GlXojmtuhSNOv0ta42-oZHaMnB9Q,"Eu gostaria de jogar o jogo principal, mas ficam vindo vários eventos e coisas aleatórias que preciso ficar fechando o tempo todo. Isso me desmotivou de jogar.",2,0,6.9.11,2020-05-20 21:58:54
42,Paulo Henrique Alves da Silva Alves da Silva,https://lh3.googleusercontent.com/a-/AOh14Gi_RSKB0EIu1l9unSNUm51k9IF1cM3YxOYZyVQf,Alguns bugs mais é bom sertas fazes difícil às vezes internet está ligado é eles falam que não está vc perde o prêmio dá pra jogar já estou no nível 600 já tem dois meses que eu passo raiva com esse jogo,3,3,6.10.3,2020-05-19 11:39:16
43,Lucia Araújo,https://lh3.googleusercontent.com/-BkVlYRJEa_M/AAAAAAAAAAI/AAAAAAAAAAA/AMZuucksU0UUixrk_HOOHkxVVm7GDiIbyA/photo.jpg,Gostaria de saber pq não tem mais a recompensa quando passamos de nível quando sobra bola quando chegamos no nível 20 as bolas que sobravam tinha recompensa agora não tem mais 😐,5,10,6.10.5,2020-05-28 14:45:08
44,Fátima Silva,https://lh3.googleusercontent.com/a-/AOh14Ghhmc4FAkBFlTZOBrPcm-KHE6OsriOuRcFZkm0rUA,"Gosto do jogo, só não concordo quando utilizo barras de ouro para comprar jogadas extras e quando não uso todas perco as que sobram. Isso é errado. As barras de ouro eu as comprei ou conquistei através de bônus forma portanto se não usar todas, saldo deveria voltar para mim, acrescentando o saldo na etapa seguinte. Uso nove barras para comprar cinco jogadas, uso uma, perco quatro. Me sinto lesada. Pense nisso!",4,536,6.7.6,2020-03-22 00:13:51
45,Mariinha Almeida,https://lh3.googleusercontent.com/a-/AOh14Gi4KEfzA_f0YqlXLeyMJerFWKKaYA3HHH7IsAofM3A,"Fiquei frustrada porque a jogada atual já começou com a primeira colocada com pontuação altíssima, antes da partida iniciar.",3,3,6.9.11,2020-05-10 22:23:12
46,Um usuário do Google,https://lh3.googleusercontent.com/EGemoI2NTXmTsBVtJqk8jxF9rh8ApRWfsIMQSt2uE4OcpQqbFu7f7NbTK05lx80nuSijCz7sc3a277R67g,"Boa distração.cada vez mais competitivo, só podia liberar o porquinho cheio por mais presentes. Credo foi atualizar o jogo que ele travou total...sacanagem",3,0,6.9.11,2020-05-12 09:06:14
47,Vivi Damasio,https://lh3.googleusercontent.com/a-/AOh14Ghp7_OoUTAqhVQ1N0qnCXtiX2bKnCE61of9bdwdcZo,"Gosto muito do jogo, viciada mesmo. Podia ter mais chances de ganhar mais poderes mágicos. E por que os chapéus sumiram? Em alguns níveis só é possível passar com o poder do chapéu dourado!",5,4,6.9.11,2020-05-19 07:34:01
48,Erica Morais,https://lh3.googleusercontent.com/a-/AOh14GhBzzY3gwNqsKCs7LV_9_H-GLf-9F2avV3-ExG0tg,"O jogo nos deixa o tempo todo querendo ganhar as partidas para ter mais ""poderes mágicos"" e pó de fada. A única coisa que é ruim e nosso ""ouro"" ficar preso. Acho que não teria que pagar para poder está utilizando o próprio ""dinheiro"". Existe outras maneiras de arrecadarem dinheiro vivo. No mais, o jogo é muito divertido.",5,513,6.8.4,2020-04-13 01:37:38
49,Thais Melo,https://lh3.googleusercontent.com/a-/AOh14GiZLmTKAL3Jp2vVzWCwJFny4v8_0ITJ6hZPRNNnDyY,"O jogo é maravilhoso, mas ela travou na corrida das fadas( diz que to na fase 459) e estou na 494 , dai não ganho os prêmios.",3,1,6.9.11,2020-05-07 09:43:28
50,Camila Stabenow,https://lh3.googleusercontent.com/a-/AOh14GhU26AeiiIPuFZTL3VQ9EPCJ_sLxUUeNZYXTSqMfa4,"O que está acontecendo? passa a fase e o app está travando e tenho que reiniciar o celular, chato isso.",2,3,6.10.3,2020-05-22 18:55:12
51,Cira Andrade,https://lh3.googleusercontent.com/-qSTxvXpZ9eE/AAAAAAAAAAI/AAAAAAAAAAA/AMZuucme2Blw7jP7fJPLw5rZQA5X_8ywPA/photo.jpg,O jogo é pra relaxar no entanto estressa pois colocam 500 bolhas e vinte para estourar 500 e por cima dificulta. Ou compra ou não joga.isso é chantagem Fui,5,1,6.9.11,2020-05-21 15:14:01
52,jasmim lilyth,https://lh3.googleusercontent.com/a-/AOh14GgimYTXr8eAou2Zv2vVyPP2FYRGTkjoveADtF0u,"Adoro o jogo, porém com a última atualização está dando bugs e começando a travar muito.",4,0,6.10.3,2020-05-27 06:49:05
53,Thaís Vita,https://lh3.googleusercontent.com/a-/AOh14GjBn3af-pQ7DDF0lPtgZr0st4dnHA_y2KGusGP67g,"A cada atualização aparece mais janelas que temos q clicar pra continuar. Nada é fluido, por exemplo agora vive aparecendo a mensagem que eu estou com a chave do Baú do fantasma mas ele nunca aparece no mapa e eu tenho que clicar para fechar essa mensagem a cada vez que passo de uma fase. Há cada vez mais pop-ups que você tem que fechar manualmente. Você passa mais tempo clicando para fechar coisas do que jogando.",2,78,6.8.4,2020-04-25 11:42:36
54,Priscilla Oliveira,https://lh3.googleusercontent.com/a-/AOh14GgCF3cV4U9LfbrHo1pgP4wrw_r7Q8kesrWamTGi,"Pessoal o jogo é ótimo porém estou no 289 e não quer mais funcionar, tá trancando assim que abre porfavor concertem este problema obrigada 😊",5,0,6.9.11,2020-05-11 18:49:33
55,Claudeci Pasqual,https://lh3.googleusercontent.com/a-/AOh14GiQo_7VBt-CyXUxEeAtxGPSwgqNp5szZCWGml74Nw,Meu neto gosta muito de jogar esse jogo é muito bom impressionante demais isso quem não joga esse jogo instale Esse jogo se divirta com a Stella e o nero Construa a casa da Stella Derrote o Wibbor Liberte as fadas salve a fada-rainha e Se divirta muito Se divirta com o seu passatempo,5,0,6.10.5,2020-06-01 18:15:19
56,Cris 26,https://lh3.googleusercontent.com/a-/AOh14Gg5EyOpIOEhrz7ISq5LBH6T2jFjKkhAr0J1FY4fcA,"O jogo é cheio de gimmicks para fazer os jogadores torrarem suas economias, por exemplo o porquinho que acumula moedas e o jogador precisa pagar pra transformá-las em barras de ouro. Outra coisa, comparado com o primeiro BW, que joguei há 3 anos atrás, é que o cursor está muito escorregadio e sensível. Entretanto, ainda rouba menos que Candy Crush, aquele é o fim da picada! Edit (março 2020) tirei mais uma estrela pois tiraram o sistema de conquistas com prêmios!",1,468,6.7.6,2020-03-25 12:25:08
57,Nicelia Gomes,https://lh3.googleusercontent.com/-Lq5gQjXmHsg/AAAAAAAAAAI/AAAAAAAAAAA/AMZuucny7AexQD36zmzgo9fWaR_mp6jzpw/photo.jpg,"Este jogo trava muito, quando vc está super entusiasmado ele trava,aí pra vc continuar a jogar tem que desinstalar é instalar novamente. Isso é muito chato.",2,18,6.9.11,2020-05-08 14:33:53
58,Cris,https://lh3.googleusercontent.com/-CoRjU-5_54k/AAAAAAAAAAI/AAAAAAAAAAA/AMZuucnKPs_2EfY14Us6WUJlJScqgrnclQ/photo.jpg,"O Jogo está ótimo, mas tenho uma sugestão, e se estiver na possibilidade do desenvolvedor, tirar uma tarja azul (com a mensagem fadas e amigos) que sempre aparece na tela em que se liberta as ""fadas"". Pelo menos para mim me atrapalha porque as vezes a ""fadinha"" está sob essa tarja e por conta disso termina incomodando. Mais fora isso está tudo ótimo.",5,73,6.9.10,2020-05-01 15:01:36
59,luzia Perereira Pinto,https://lh3.googleusercontent.com/-QwMtncnLO0U/AAAAAAAAAAI/AAAAAAAAAAA/AMZuucnmtjUaA8t_yXGnl-2TUjAdlNm-sg/photo.jpg,"Está excelente. Gosto dos presentes e de passar os níveis. E até das propagandas. parabéns, passarei o meu natal curtindo o bubbles. Está ótimo. Bjs. Estou curtindo os presentes os personagens as estrelas, os fogos. Tudo é muito bom. Continuem assim. Bjs feliz 2020. Continuo me divertindo e me distraindo muito. Boa sorte e saúde a todos. Nós nós encontramos o ano todo em plena diversão bubbles. Jesus abençoe a todos .",5,136,6.7.6,2020-03-26 08:14:01
60,Dener Oscar,https://lh3.googleusercontent.com/a-/AOh14Ggk7k3Cg1mspVtwshaK-SE-gfFjc-puWyCJszE0,Está maravilhoso. Adoro🥰. Sempre amei a cada dia está melhor. Melhor uma delícia. Obrigada,5,2,6.10.5,2020-05-28 22:35:04
61,Ana Leticia,https://lh3.googleusercontent.com/-Yp9kMdwKTcQ/AAAAAAAAAAI/AAAAAAAAAAA/AMZuuclRRAhq3I-NfbY5rRsOPpz3O57WPw/photo.jpg,Esse jogo é o melhor dos melhores muito legal da primeira vez que eu que eu baixei eu amei gente eu já tô no nível 188 ele é muito legal mesmo eu amei para quem não sabe o que é bom a gente tá perdendo tchau e obrigado,3,0,6.9.11,2020-05-30 21:24:24
62,Iranillce Alves,https://lh3.googleusercontent.com/-h2XUxqY_Hps/AAAAAAAAAAI/AAAAAAAAAAA/AMZuuck1Z4V9Q8cFObZe_Nd8Kgl5xaDiOQ/photo.jpg,muito boa....mas nao dar pra comprar vida ...meu porquinho ta cheio e quando ganho diamantes eles caem fora.. teria que haver outro local pra eles ficarem pra usarmos quando precisar.tinha que ter mais vidas.tinha que ter mais vidas.ganhar mas diamantes e faltando uma pra completar o nível passar.,4,5,6.10.3,2020-05-21 23:44:02
63,Elisene Alves,https://lh3.googleusercontent.com/a-/AOh14Gi72kF4-CvTeHuq-82PXvLPCkvOey0uWnOOxdvwSQ,Gostei mas tem algumas bolhas difíceis deveria ter mais Sanches de conseguir bombas e ŕaios. Não deveria ser tão limitado. Tem alguns níveis muitos chatos cheguei a querer desinstalar o jogo por ficar muito tempo no jogo sem passar. Quase desinstalei o jogo num nível que não dava pra passar a gente perde muito tempo num nível só odeio os sapos e as folhinha.,4,133,6.8.4,2020-04-16 18:52:08
64,Daniela Moraes,https://lh3.googleusercontent.com/a-/AOh14Ggjeo_oodTGgCcUdz6pk8hKaaB5G-ox9tTqiMKyczM,"O jogo é muito bom, o único ponto a ressaltar é que ele é muito lento, demora para carregar tanto na abertura quanto entre as fases ou atividades a serem cumpridas. Poderia ser mais rápido, daria para interagir mais.",4,6,6.9.10,2020-05-05 14:15:25
65,Cecy Calzavara,https://lh3.googleusercontent.com/-2UfGPC2UQLM/AAAAAAAAAAI/AAAAAAAAAAA/AMZuucmWryCGBY6hwVuZhfLDrdGUU0MvzA/photo.jpg,cada fase melhor que a outra. Todos os dias uma diversão. Não me canso de jogar,5,1,6.10.5,2020-05-29 10:59:07
66,Joaquim Coelho,https://lh3.googleusercontent.com/a-/AOh14Gin6uCzAcpPQDyDyEvxANt_64a2eqv3hkEXrP3-XA,Jogo viciado. Programado propositadamente para perder? Ultimamente com muitos bugs.,1,0,6.10.3,2020-05-23 13:07:29
67,Monica Bg,https://lh3.googleusercontent.com/-pghDrdJukp0/AAAAAAAAAAI/AAAAAAAAAAA/AMZuucnh0EXi0x6IoIN0Wn52ldwKef8Uhg/photo.jpg,"O jogo não está me dando meus prêmios. Ontem ganhei a rodada do tesouro, teria que ter ganho 3 prêmios, mas não recebi nenhum. Hoje acordei a árvore e quando ia pegar o prêmio o jogo parou. Jogo desde 2018, porém estou ficando decepcionada com o jogo e até pensando em desinstalar. Quero meus prêmios !",2,5,6.7.6,2020-05-01 19:16:37
68,Anderson Fernandes dos Santos,https://lh3.googleusercontent.com/-xA9iPYhBSvc/AAAAAAAAAAI/AAAAAAAAAAA/AMZuuckNS0RhJAxjsBiSpgIoy2u8Qc0u9Q/photo.jpg,"Jogo a muito tempo e até então não havia tido problemas. Mas nos últimos dias o jogo trava do nada e acabo perdendo estrelas e pontos do pim da primeira tentativa. Pra voltar pro jogo tenho que reiniciar o celular e não é por falta de memória pois tenho memória sobrando gostaria de saber o motivo, pois esta ocorrendo frequenteme.",4,428,6.8.4,2020-04-02 20:54:12
69,Silvana Santos,https://lh3.googleusercontent.com/-4VwUkmX-AXY/AAAAAAAAAAI/AAAAAAAAAAA/AMZuuck6nFxQA_3Hdsx2uXsufNPWZMKEbw/photo.jpg,Eu sou viciada nesse jogo .. Mais uma questão é referente quando se preciso utilizar por obrigação outro app quando estou em jogo .. quando volto eu perdi aquela vida em que estava jogando .. acho isso ruim por nem terminei o jogo mais perdi aquela vida em jogo.. pode fazer alguma alteração sobre isso ... ? Agora o jogo tá travando quando aparece o ranking de pontuação e tenho que sair fechar o jogo e entrar de novo .. acabou minha missão na árvore quando cai aparecer outra missão ..?,5,185,6.8.4,2020-04-09 12:21:05
70,Joelen Cardoso,https://lh3.googleusercontent.com/a-/AOh14GhwdMuUdhdkVEOqFaiEz5JD6CacVjoGY8NEXxp6sw,Depois da última atualização o jogo fecha sozinho e ficou super lento.,4,14,6.10.3,2020-05-25 23:56:22
71,Guilherme Almeida,https://lh3.googleusercontent.com/-x6QTrR3mbns/AAAAAAAAAAI/AAAAAAAAAAA/AMZuucki2R7IuobiuFOC9QXOWKLVhBtfjw/photo.jpg,"Jogo muito bacana, mas falta mais fases diferentes, passando para outros mundos, sempre a mesma coisa, mesmo caminho, e desafios iguais porém somente com fundos diferentes... Precisa poderes novos, mudar personagens, ganharem roupas novas, mundos novos, adversários novos",3,127,6.7.5,2020-03-16 19:13:07
72,Gillieron Teresa,https://lh3.googleusercontent.com/-9Z7MH2fshUI/AAAAAAAAAAI/AAAAAAAAAAA/AMZuucmT1EbTXV7qNLXfJVc2Ay-MAzOeEw/photo.jpg,"Bom dia! Inaceitavel, fazem dois dias que estou bloqueada nada justifica mesmo sendo jogo nao acho certo e uma questao de principio.  Jogo porque gostei do jogo mas estou reclamando pela 2°vez e chega a ser desrespeito com as pessoas. As bolinhas batem ela nao estoura, voce fica em cima do fantasmonha para pegar a chave bloqueia e tem que fechar quando volta ele vai para o proximo level fala serio que jogo e este? Sendo bloqueada e nao fale para olhar jogos no yutoube la nao estao bloqueados.",2,90,6.8.4,2020-04-26 12:08:02
73,Mariana Marsal Gomes,https://lh3.googleusercontent.com/-H__Iaj5GRYc/AAAAAAAAAAI/AAAAAAAAAAA/AMZuucktQSSYjJ2qCm-xO4FXBUafDEfVYg/photo.jpg,"O jogo é bem legal, mas entre uma fase e outra você tem que fazer muita coisa. Aparecem milhões de baús para vc desbloquear, alguns tutoriais de como fazer XPTO, uma coruja perdida, pó de fada mágico... Eu só queria entrar na fase seguinte sem tantos rodeios...",3,39,6.9.10,2020-05-02 09:26:37
74,Márcio Ricardo,https://lh3.googleusercontent.com/-Q1qgvvTar6s/AAAAAAAAAAI/AAAAAAAAAAA/AMZuuclp9JOLHNYQxa835Y6Nk2lKgW2rNg/photo.jpg,Muito bom nessa quarentena já que não tem o que fazer não deixa agente estrezante gosto muito desse jogo vcs estão de parabéns e um bom jogo,5,1,6.9.11,2020-05-12 16:17:15
75,Chris Delmanto,https://lh3.googleusercontent.com/a-/AOh14Gj8ohJOvi-NXy1RodSSMzk649I5IilgSXWeIbLV,"O que aconteceu com os comerciais? Um comercial no final e só. Antes eram 6 bolinhas depois do comercial e agora, quando tem comercial são só 3.Onde está o fantasminha com o bau de prêmios?",4,0,6.9.11,2020-05-16 19:32:13
76,Sandra Lauria,https://lh3.googleusercontent.com/a-/AOh14Ggd-sVxiSE-4B_XjQSwkTZBte0Jj8ajsb4KwbOKHg,Era bom até o nivel 280 quando se perde horas tentando passar em niveis mais dificeis e não te dão mais outra chance. Ganham das propagandas e ainda querem extorquir seu dinheiro te viciando. É um jogo dos infernos. Quero me divertir em tempo de pandemia e não me aborrecer. Desde o 1 era assim. Desinstalando.,1,27,6.8.4,2020-04-10 09:02:55
77,André Luis,https://lh3.googleusercontent.com/a-/AOh14GhsSKCGTpD6qWhRH-7bxYKPmm8XH8mlrtXg2tdY,Jogo muito Bom! E bem facil passar as fases e bem divertido! Mas n gostei e que no evento de 'invocar presentes com sua equipe' é ruim pq o jogo me deu jogadore que nem jogam dai so eu ajudo na quela 'equipe' Mas tirando isso o jogo é ótimo!,5,2,6.8.4,2020-05-03 20:00:17
78,Solange Thebest,https://lh3.googleusercontent.com/a-/AOh14Gg70kQXmpUVJ6TeY-OGTrbkrZFEzTmP4SxknL6aYEA,Porque o jogo não gira mais com a tela Quando vemos anuncio era 6 bolinha agora é3 Resolve isso talkay,5,0,6.10.5,2020-05-28 21:36:57
79,Maristela Firmino,https://lh3.googleusercontent.com/-dgt0Wvss2ss/AAAAAAAAAAI/AAAAAAAAAAA/AMZuucmojbz6uynHBTlHCWOEmFrQfdX79g/photo.jpg,"estou gostando mais é um pouco difícil porque as bolinhas quando precisamos nao vem,às vezes muitas das vezes não passamos por causa de uma bola. Já tô quase terminado este jogo ,e gostaria de saber se vai ter o 4 . Gosto muito deste jogo e gostaria muito q tivesse a continuação, mas igual a este .amando",5,10,6.8.4,2020-04-22 17:55:33
80,Um usuário do Google,https://lh3.googleusercontent.com/EGemoI2NTXmTsBVtJqk8jxF9rh8ApRWfsIMQSt2uE4OcpQqbFu7f7NbTK05lx80nuSijCz7sc3a277R67g,"Poderia dar umas barras de ouro quando passamos uma fase como recompensa .. Eu adorooo esse jogo ,",5,0,6.10.3,2020-05-25 12:48:37
81,aniella matos,https://lh3.googleusercontent.com/-BInAylMO0rs/AAAAAAAAAAI/AAAAAAAAAAA/AMZuucnf8JgyMhpo1aSxms8uB1gHbQ8_4A/photo.jpg,"Este jogo é maravilhoso, muito bom mesmo. Ele é um ótimo para passar o tempo. Há bastante tempo que eu jogo e super indico. Só uma questão que poderia melhorar seria na parte do porquinho que a gente tem que comprar as barras de ouro ao invés de ganhar..",3,20,6.8.4,2020-04-14 13:03:12
82,Conceição Santos,https://lh3.googleusercontent.com/a-/AOh14Gi8NUaq9DPTDEgsFmdQAwlExw8P0S1Qpua9N_Nruw,Ótimo jogo adorei más devia ter mais feitiço para eliminar os jogos grandes. Aquelas 6 bolas a maís no final do jogo ajuda muito pois às vezes tem que repetir o jogo por falta de uma bola,5,0,6.9.11,2020-05-07 15:49:27
83,Silvia tassinari Silvia,https://lh3.googleusercontent.com/-s5QVZR4mlk0/AAAAAAAAAAI/AAAAAAAAAAA/AMZuuck4pwGj5_0G7XSp8XdkNRJBnW7iww/photo.jpg,"Jogo muito bom ,só com poucos recursos,e não gosto porque as barras de ouro nunca caem pra quem tá jogando.,... Espero que melhore....se as barras que caem no porquinho não tem nenhuma utilidade então não façam propaganda enganosa....as barras caem fora do porquinho e diz q está cheio,mas na vdd não está,e pra usar as barras tem que comprar e acho que a intenção minha e de muitas pessoas não é essa....espero respostas ,já que tão sempre perguntando se estamos satisfeitos com o jogo então.....",4,24,6.8.4,2020-03-31 05:10:12
84,Cintia Oliveira,https://lh3.googleusercontent.com/-FGNyO9UmB0w/AAAAAAAAAAI/AAAAAAAAAAA/AMZuucka1MHVIlVb-ZLeSPySTuzRly_mng/photo.jpg,"Maravilhoso o jogo mais tem dois problemas qui eu gostaria qui voceis resolvesem, primeiro no inicio do jogo quando a pessoa abre o jogo pra começar a jogar e aperta nos nivel ou em alguma outra tarefa demora muito pra aparecer as coisa, segundo tem vez qui o raio onde solta as bolas ele trava e demora pra voltar ao normal eu agradeço se poderem resolver isso porque o jogo e bom e tem esses minimos detalhes qui atrapalham.",1,23,6.8.4,2020-04-26 18:27:54
85,Sandra Batista,https://lh3.googleusercontent.com/-qb0yTOukyP0/AAAAAAAAAAI/AAAAAAAAAAA/AMZuucm8gTC3pdCRV_kBPb_plyDYPGxlUw/photo.jpg,Poderia dar cinco estrela mais trava de um dia para o outro eu adoro jogar mas se não parar de travar vou desinstalar não adianta ter o jogo se não dá pra jogar,3,0,6.9.11,2020-05-10 20:54:48
86,Elis Tamiris,https://lh3.googleusercontent.com/-aPsiDeiUHr4/AAAAAAAAAAI/AAAAAAAAAAA/AMZuucnkxyfPReKmXYvjSY5S0jHXL0tBnQ/photo.jpg,"Falta melhorar na Diminuição do tempo de anúncios é demorado demais. E quando á gente ver os anúncios e ganhar os feitiços não seja obrigados a usar na primeira jogada, porque se a gente ver os anúncios temos que decidir á hora que queremos usar os feitiços .",3,21,6.7.6,2020-04-03 21:36:10
87,Alencar Rafael,https://lh3.googleusercontent.com/-UZdFi7ximUE/AAAAAAAAAAI/AAAAAAAAAAA/AMZuucm3bJSnObgzaItDY7QI_YzXq3o3UA/photo.jpg,É um bom jogo Porém quando está com 70% dele concluso os objetivos vão diminuindo por exemplo a construção da casa termina e fica lá aquela área completamente inútil pois não tem segmento que melhorias na casa após 70% do jogo Espero que os programadores resolvam esse problema,3,40,6.9.10,2020-04-29 21:51:07
88,Leda Carvalho,https://lh3.googleusercontent.com/-DXqdg4EQ0Q0/AAAAAAAAAAI/AAAAAAAAAAA/AMZuucltwiGm5za8nljSzBe-WwiRR0_H2A/photo.jpg,"O jogo é 10 mas eu preciso de mais bolinhas para ser mais rápido para passar de vida/ jogo e muito ingressado, mas meu cofre está sem senha Presciso de mais bolinhas grates Presciso de bolinhas grates não tenho assesso ao cofre . O jogo e muito bom,é bom mas todas as fases são iguais, se fosse deferente seria melhor",5,29,6.7.5,2020-03-15 00:28:08
89,Kaline Ferreira,https://lh3.googleusercontent.com/-ETvl75gZ5bQ/AAAAAAAAAAI/AAAAAAAAAAA/AMZuucl5zdG3i51Tmms1V9ZkyHFVCtLcEw/photo.jpg,"Maravilhosooo,só o porquinho q não junta barra de ouro pq tem q pagar,mais não influência em nada o jogo é maravilhosooooo,amooooooooooooo",5,1,6.10.3,2020-05-28 17:37:28
90,devanir oliveira,https://lh3.googleusercontent.com/-qUbq8OrPk9Q/AAAAAAAAAAI/AAAAAAAAAAA/AMZuucmFG9adVVCBe6CpW6YtkbV89JfGPQ/photo.jpg,Legal o jogo embora q tem umas partes difíceis mais estão de parabéns !👏👏 mt bom o jogo eu continuo dizendo parabéns na minha opinião deveria ter mais jogos assim desse jeito,5,1,6.9.11,2020-05-14 00:44:03
91,Jucelia Rocha,https://lh3.googleusercontent.com/-UoeZg1oMwtI/AAAAAAAAAAI/AAAAAAAAAAA/AMZuucmIEoXzoe_az8SpFn3KJp7PTrGNyA/photo.jpg,"O jogo é muito bom, os gráficos e os jogabilidade é ótima!",5,2,6.10.3,2020-05-23 21:24:31
92,Ana claudia Soares,https://lh3.googleusercontent.com/-Kqr8AHSiTKg/AAAAAAAAAAI/AAAAAAAAAAA/AMZuuckX-cYuIxODDkUTR7_oLUbKEQeR4Q/photo.jpg,E legal mas poderia dar a opção de agente em cada nível de jogo em que agente passasse agente poder trocar o gato.nao só guando acaba se o tem em que ele fique com sono.🤔. Eu acho pra eu que deveria responder às nossas perguntas. Pra q agente continuei dar opção no jogo e melhorar mas ainda é pq ñ a gente ñ podemos convidar amigos no zap?.sim agora eu estou gostando.,5,25,6.8.4,2020-04-03 16:24:39
93,Isadora Medeiros,https://lh3.googleusercontent.com/-4F_c9Osj9y8/AAAAAAAAAAI/AAAAAAAAAAA/AMZuuckBUZV3MSjGMmHET14Am5p6BTjiGw/photo.jpg,"Muito bom , melhora se aumentar os prêmios a cada fase concluída!",5,0,6.9.11,2020-05-17 21:17:08
94,Helquias Oliveira,https://lh3.googleusercontent.com/a-/AOh14Gi1n-gxUeHzY6xU7MzdiTHjGf7CoEmvQUS80EhkPQ,"Muito divertido e viciante. As vezes parece um pouco manipulado... Mas é possível chegar no final. Ótimo jogo casual, leve e perfeito para passar o tempo. Apesar de ser simples é bem desafiador.",5,15,6.8.4,2020-04-09 23:10:50
95,Jancy Van Tavares,https://lh3.googleusercontent.com/a-/AOh14Gj2ce9AI0QafnXsND57LwOZDtA46Eqci7ZkqsOZ,"O Jogo e Ótimo, só precisa aumentar o número d bolinhas nas jogadas pois estam difícil ....",5,2,6.10.5,2020-05-29 19:15:22
96,Elielem Moura,https://lh3.googleusercontent.com/a-/AOh14Gg4L6rW3ZQmCfS-iqHsQS502B1EvLjf1yMoshvAmDU,O jogo está bem bacana. Mais prático de jogar e com vidas ilimitadas o que facilita as jogadas. Mas o ouro ainda continua complicado! Pq tem o porco mas só para quem compra... E o meu ouro q tinha disponível sumiu...,4,7,6.8.4,2020-04-16 23:17:03
97,Marcia. Amaral,https://lh3.googleusercontent.com/-_9ZvZdqgaRU/AAAAAAAAAAI/AAAAAAAAAAA/AMZuucn0EDgVBfx_W9VlkSE5thkgyaTLRQ/photo.jpg,Este jogo é muito bom 👏😘 cansei de baixar jogos no meu celular e não dava certo pois sempre travava meu celular e fora os anúncios q vinham juntos 😡 quando estava quase terminando de completar acabava as vidas. Mais este eu gostei até porque posso ter amigos pra jogar comigo legal 🥰😍😘👏👏 comecei a jogar em 2019 /07 e já estamos em 2020 /03 gostei muito 🤩👏👏 só queria que tivesse mais vidas e uma outra bruxinha pra ajudar a stella 🥰😘,5,21,6.7.6,2020-03-28 02:04:39
98,Glaucia Souza,https://lh3.googleusercontent.com/-Gx0iZfhR-8k/AAAAAAAAAAI/AAAAAAAAAAA/AMZuucl_Qd-emw3ScgBBoWitOBmpJb6aDQ/photo.jpg,"Estou no fase 1160 e não jogo mais. Simplesmente pq pra mim o jogo não faz mais sentido. Acumulei muitas estrelas, já arrumei a casa e a árvore dos gatos e não tem mais com que gastar o pó estelar. Já acumulei pó estelar o bastante e não tem com que gastar e nem modificar na casa e na árvore. Virou um jogo chato.",2,32,6.7.5,2020-03-12 20:12:27
99,Marcira Pereira,https://lh3.googleusercontent.com/a-/AOh14GjUVTZskvvhLHRm4D-xUPj5ho-LghJJMVR3rfvOug,"Poderia ficar melhor com mais raios. Esse novo que ainda não tinha usado que pega muitas bolas legal. E poder acumular mais poderes. Ganhos vários e os feitiço e pouco que ganho. E e poderia ter um jeito de mensagem entre os jogadores ficaria interessante. De parabéns, de dica.",4,11,6.7.6,2020-03-28 18:41:44
