,userName,userImage,content,score,thumbsUpCount,reviewCreatedVersion,at
0,Alexandra Chipolechi,https://lh3.googleusercontent.com/-wYbczKtNp5U/AAAAAAAAAAI/AAAAAAAAAAA/AMZuuclw7NHPt-Td7ntmxde-SXX_mWgBTw/photo.jpg,"O jogo em si é excelente, viciante, com história muito atraente, não enjoa e faz a gente colocar dinheiro real, muitos que nunca colocaram dinheiro em jogo de celular se sentiram tentados a fazer neste. O problema são os desenvolvedores, é muito difícil resolver algo, o jogo vem apresentando falhas e há um descaso muito grande quanto a isso, prometem recompensar os jogadores/consumidores e acham que qualquer merreca vai ser o suficiente. Quando isso for resolvido volto a gastar e avaliar o jogo.",1,22,2020.6,2020-05-30 20:09:24
1,Vanessa Vilas Boas,https://lh3.googleusercontent.com/a-/AOh14GheAS_qUT5V9JDdAd40kAnz5mnyN2621uIDWsPI9A,"Adoro o jogo. Mas depois de toda atualização o jogo fica fechando do nada. Vem tanto o erro de servidor, quanto de internet, esteja eu no Wi-Fi ou no 4g. Não é falta de internet, porque está funcionando para tudo menos para o jogo recém atualizado. Vou perder o festival, cair de liga, tudo pq quando atualiza fica assim e leva uns 2 dias para estabilizar.",2,33,2020.6,2020-05-29 13:26:19
2,Ana Vitória C. Martin,https://lh3.googleusercontent.com/a-/AOh14GjStoV1LUVTmyEsA_8ny6r5RmKKKB-tSEVExjBMFZ0,"O jogo é ótimo, muito diversão e bom para passar o tempo, porém o preços dos produtos, dos itens do jogo e até mesmo dos pacotes ""promocionais"", são muito caro. Sem condições de participar de tudo, sem contar que só consegue avançar alguns niveis com especiaria que só e liberado para quem é vip, e, é muito caro ser vip.",4,28,2020.6,2020-05-29 14:01:19
3,Andressa Danttas,https://lh3.googleusercontent.com/-IChm5LZzNCQ/AAAAAAAAAAI/AAAAAAAAAAA/AMZuucn5nGWR5c52X0sjaOBktIbmOh4UUA/photo.jpg,"O jogo é muito bom e muito criativo, porém tudo caríssimo, gastamos muito por pouco dinheiro que ganhamos, os móveis, objetos, máquinas, um absurdo de caro, precisa ser melhorado nessa parte, temos que ter lucro na nossa renda para poder gastar e tirar o nosso, muito injusto. Por isso dou 3 estrelinhas, se melhorar quem sabe.",3,360,2020.6,2020-05-26 23:33:16
4,Nathalia Coelho !,https://lh3.googleusercontent.com/a-/AOh14GhDEfJnkb7LglHmQQ5yrnjF58TWJnu2Ke-s4v-6_w,"Decepcionante, dia 29/05 o servidor apresentava instabilidade das 8hs até às 15hs, perdi especiarias, tempo e dinheiro. hoje como compensação a melsoft nós dá 1 presente azul? e só na semana que vem?no mínimo deveria nós dá um de cada ou pelo menos um dourado ou vermelho, deveria manter neste festival a cidade na liga q estão e estender por pelo menos 1 dia o carro. Não gasto mais 1 centavo com esse jogo. Problemas acontecem mas vocês deveriam valorizar os jogadores e parar de querer só lucrar.",1,2,2020.6,2020-05-30 22:34:15
5,JackyS2 _C2104,https://lh3.googleusercontent.com/a-/AOh14GhKBAWt6SO7G2gueS-hk7SrFM4ooKb42d0uUN-xyg,"Depois da penúltima atualização, o jogo já era lento, agora com a última então... ficou mais lento ainda! Fora que possue alguns erros de português graves. Trava constantemente, e se reinicia sozinho. Não possua nenhum anúncio, agora tem mais anúncios do que missões... qual o fundamento da atualização, dificultar jogar?! Só pode...",3,8,2020.6,2020-05-29 13:41:06
6,Vivi Comim,https://lh3.googleusercontent.com/a-/AOh14GiAFr08OwRhjd8-alxF7aCWHy97otttSuTmEREa4g,"O que tá acontecendo com o servidor? O jogo está travando, não dá pra ir pra cidade, as coisas do festival somem e aparecem. Gastei 28 especiarias e não sei se vai contabilizar ou se perdi. Aparece uma mensagem do servidor mas é muito rápida e não dá pra ler, logo em seguida aparece que está sem internet. Mas estou com Wi-Fi e 4G ligados.",1,3,2020.6,2020-05-29 13:22:15
7,Vanessa Oliveira,https://lh3.googleusercontent.com/a-/AOh14GiraLv3onjKJ-hHERf4rt86tanz5o9OHJjiovy1rJY,"O jogo é muito bom , mas precisa ser atualizado esse valor dos móveis e das máquinas, mal ganhamos pra mudar o estilo do café, e tudo muito caro , e não da pra ganhar muita moeda e muito difícil de juntar moedas suficiente. Mudem isso , ou agente ganha mais ou as coisas custarem menos. Fora isso é muito bom.",2,2,2020.6,2020-05-29 16:14:24
8,Noemi Andrade,https://lh3.googleusercontent.com/-4I9K0e9-UTQ/AAAAAAAAAAI/AAAAAAAAAAA/AMZuucnuGKNhzOjFL03AXSvZ2tzBmP8DZQ/photo.jpg,"Já está cansativo toda atualização o servidor ficar fora do ar .Minha cidade era liga diamante e por causa do servidor caímos já 3 ligas.Sempre com a mesma mensagem de erro com todas para as 12 residentes. Quando melhora a estabilidade de fluxo de acesso troco a avaliação. O ideal é ter 3 servidores uma para as Américas,outro para Europa e outro para a Ásia.",2,1,2020.6,2020-05-29 14:48:30
9,Vanessa Mafra,https://lh3.googleusercontent.com/a-/AOh14Gh8JCP3ztNlaX7-PAfJMDnNzOxVhPr1fnTfbVqq,"O jogo é ótimo! Porém a última atualização está dando algum tipo de bug, não entra no jogo, informa que os servidores estão passando por atualização, depois diz que caiu a conexão, por falta de internet, outrora informa que meu jogo foi iniciado em outro dispositivo. Por favor, concertar o erro",5,3,2020.6,2020-05-29 13:11:08
10,Anna Bea,https://lh3.googleusercontent.com/a-/AOh14Gjwe6i55xFjwsLmKp5Sqmb8ZA9A88Wgx4lllmpSeg,"Gente o jogo é bom, mas algo que quebra demais e que depende inteiramente dos desenvolvedores é: parem de fazer manutenção em dias de festival!!!! Poxa tem a semana toda pra fazer, colocam a manutenção do servidor justamente em dia de festival! Prejudica demais a fazer as missões cara, jogo há 3 anos mas isso sinceramente está me desmotivando a continuar",5,2,2020.6,2020-05-29 10:44:15
11,Kelly Cris,https://lh3.googleusercontent.com/a-/AOh14GiE52WTp00TJLRyeGyXAyVr4bR05ec3_vWkdholoA,"Olá por favor onde ja se viu fazer reparos ou problemas com servidor em dia de festival, poxa gastamos dinheiro no jogo, e o que esperamos é que possamos concorrer de forma leal. Agora dar bug em dia de festival onde uns conseguem entrar e outros não é falta de respeito e bom senso com usuarios. E nossos gastos com especiarias, iremos descer de liga a qual estamos devido a este problema. O minimo que deveriam fazer é então cancelar então até que seja tudo resolvido..",4,0,2020.6,2020-05-29 13:28:43
12,emily,https://lh3.googleusercontent.com/a-/AOh14GjAlVLQWRBWQ233bgx_eJ9GOlsDm-w2GD7WFSojjw,"Adoro o jogo, mas desde que fiz a última atualização, não consigo jogar quatro minutos inteiros sem dar erro e eu ter que carregar tudo de novo. Tô perdendo ingredientes que demoram a carregar (como o capuccino) e tendo que esperar tudo de novo, aí dá erro outra vez. Por favor, consertem isso, o jogo é incrível, jogo todos os dias!!",4,47,2020.6,2020-05-29 12:13:05
13,Juliana Cavalcante,https://lh3.googleusercontent.com/a-/AOh14GjzsWK0hLPMLnI-frQ5Rt4DCEKJTZ84Rn3O49E9IA,"Viciante... Desde que instalei dei apenas 3 estrelas, pois tudo é muito caro e não ganhamos o dinheiro tão fácil, entre outras coisas. Porém vou ter que dar menos estrelas, pois depois da última atualização não consigo mais jogar e achava que o problema fosse do meu aparelho, mas é um problema geral e bem no meio de um festival. Espero que resolvam, façam o festival novamente e deixem o carro mais tempo. Sejamos compensados por um problema que não foi nosso. Aguardando um feedback.",3,51,2020.6,2020-05-29 10:04:46
14,Franciele Demarchi,https://lh3.googleusercontent.com/a-/AOh14GgJ_JJYKzMez5GA75F7lYjWeF7Ugr8mix27ASGbYg,"Um ótimo jogo! Particularmente não consigo ficar um dia sem acessar o app, porém os gastos são muitos com; (produtos, mobília, entre outros) MUITO CARO. No meu ponto de vista os valores do cardápio deveria aumentar, ja que o preço dos produtos pedido pela missão não para de subir.",3,0,2020.6,2020-05-29 12:04:34
15,Marta Cristina Simões,https://lh3.googleusercontent.com/a-/AOh14Gj1ozD72zLwhtC2YAzSAxw6u8caKDA6C5I8ubotbjU,"Editando: (Hoje iniciou o festival, mas o jogo não fica aberto, essa última atualização esta ótima, porém precisa ser corrigido o bug e prorrogar o festival, já era pra eu ter terminado as missões, mas devido ao bug não consegui completar nenhuma até agora.) Já mandei e-mail para o suporte com os prints do que esta acontecendo.",5,38,2020.6,2020-05-29 12:39:14
16,Katarina Ferreira,https://lh3.googleusercontent.com/a-/AOh14GgaoqgLrfvsYIU7Pg-LBxrbCuFy9c2FzMAkk9D4MLQ,"O jogo é bom, mas ultimamente tá caindo demais por causa de atualização do servidor ou de falta de internet, mesmo não tendo problema com a internet. O preço das coisas se torna um problema depois também, fica tudo muito caro de repente e tem que demorar pra comprar as coisas e subir de nível.",4,0,2020.6,2020-05-29 10:00:37
17,Thalyta Rodrigues,https://lh3.googleusercontent.com/-i4ZtLm3GEO4/AAAAAAAAAAI/AAAAAAAAAAA/AMZuucmoMD4sy0ig5RFzwIVbzpuRehMr7Q/photo.jpg,"Com essa nova atualização está horrível entrar no jogo e jogar e outra cada novo produto está cada vez mais caro e as coisas que vendemos não cobre nem metade dos produtos que compramos que são um absurdo de caro, então vocês deviam atualizar isso sério porque isso acaba fazendo as pessoas não quererem jogar.",3,0,2020.6,2020-05-29 13:56:28
18,Leticia Damas,https://lh3.googleusercontent.com/a-/AOh14Gi7dSh9FrB8dTJ_wvIQsdlkC9MM7K3Bti4jKN8r,"O jogo em si é muito legal e convidativo a jogar porém tem muitossss bugs principalmente em festival e isso é horrível pois prejudica nós jogadores. E um presente azul não vai adiantar ou compensar o tempo perdido no jogo, por favor concertem isso. A Supercell é ótima que tal vcs inspirarem neles?! 😉 Fica a dica.",1,1,2020.6,2020-05-29 12:06:04
19,Lorena Menezes,https://lh3.googleusercontent.com/a-/AOh14GiU3iIHPGCp-lsNEFRZn3XADmbcZW8YneiRyb2t,"Gosto muito desse jogo, mas depois de tantas atualizações (praticamente toda semana), quando vou abrir o jogo aparece conexão perdida. Mesmo tendo Wi-Fi disponível. Isso é muito chato. As vezes fico dias sem jogar porque é irritante essa mensagem. Se puderem ajeitem isso o mais rápido possível.",1,1,2020.6,2020-05-30 17:23:25
20,Elidyane Marinho,https://lh3.googleusercontent.com/a-/AOh14GhNAVzFQsQpL3hIlPhgXxZNuFUe6JCxhNHa_C-Xxw,"Gosto do jogo, jogo sempre! Mas estou achando as máquinas muito caras, levo dias para conseguir comprar alguma máquina. E em relação aos prêmios ganhos no festival, deveriam mudar a maneira de distribuição, as vezes os líderes não dividem e acabamos perdendo. Mudem isso por favor!",3,1,2020.6,2020-05-29 12:40:40
21,Denise Pessoa,https://lh3.googleusercontent.com/a-/AOh14GgBajnad37IFPAcXozJDDNkbIGp0b73stCiI9B5rw,"Jogo era muito bom.. deixou de ser de tanta gente usando hacker no jogo, a gente si mata pra fazer uma pontuação boa no festival e as outras cidades com 14 moradores ganham de lavada de uma cidade com 20 que fazem muitos pontos, pra no final perder pra cidades q roubam até no jogo.. desistalando pra não passar mais raiva.. quando melhorarem isso eu baixo de novo.",3,0,2020.6,2020-05-29 11:45:56
22,Kassyane Ferreira,https://lh3.googleusercontent.com/a-/AOh14GiZlidIhpWNCjOJaAKddiA2B5kQPcCRTVgo1HaibBI,"Depois desta atualização, está impossível jogar. Dizendo que está perdendo conexão, enquanto todos os outros aplicativos estão funcionando normalmente com a internet. Tento retomar, fica 1 mnt normal e depois trava e volta tudo de novo como se eu não estivesse jogado ainda.",1,3,2020.6,2020-05-29 12:39:43
23,Levy Alves,https://lh3.googleusercontent.com/-i-czjUZECFo/AAAAAAAAAAI/AAAAAAAAAAA/AMZuucml7-7DfnCuxdYQF7u0VXjEbvpc-A/photo.jpg,"Novamente 29-05 Servidores instáveis, jogo desconectando e reconectando tempo todo fica caindo e travando toda hora... O jogo vc sempre gasta mais do que recebe de recompensa quando finaliza uma tarefa... Os Desenvolvedores pensam mais em arrecadação do que usuários contentes, se continuar assim e a mesma rotina tem dia contado para evacuação em massa do jogo... Essa é a minha opinião... 60reais 6 de presentes para fazer 4 5 tarefas e a recompensa não retorna nem o que foi usado..",1,9,2020.6,2020-05-29 08:49:53
24,ARMY Forever,https://lh3.googleusercontent.com/a-/AOh14GgwWABzi_iDXvcZm3uDQCGagLBHniZt_cFMq2vZ,"Dou 4 estrelas porquê quando chega em uma determinada parte do jogo, fica muito difícil você conseguir avançar nele, as máquinas ficam muito caras e demora muito pra passar de nível pra desbloquear mais histórias e acaba que fica entediante. Tirando isso o jogo é bom!",4,0,2020.6,2020-05-28 13:04:38
25,Yasmin Macena,https://lh3.googleusercontent.com/a-/AOh14GiYTPukj3oJTpfcHXSl0qJr1TdEWmPF0fAGFlunDA,"O jogo em si é muito bom, os gráficos são ótimos, mas eu entro no jogo, e derrepente aparece que o jogo está em manutenção, ou, que eu perdi minha conexão, mesmo eu estando com Internet, então, eu realmente queria que issp melhorasse, para eu poder jogar!",4,0,2020.6,2020-05-29 14:20:03
26,Alice Brito,https://lh3.googleusercontent.com/a-/AOh14GjaBBLdP6WzLROBJEcx8w_A7vN1rb6NObTdxWgacwU,"Consertem esse jogo!!! A conexão fica caindo direto. Diz que o jogo está conectado em outro dispositivo e quando vou aceitar uma tarefa do festival, diz que entrei na cidade dentro do festival e não posso realizar nenhuma tarefa. Consertem isso logo, muitas cidades serão prejudicadas no festival!!!!!!",2,0,2020.6,2020-05-29 09:50:27
27,Camila Rodrigues,https://lh3.googleusercontent.com/a-/AOh14GjOvH8B2irqMgalCTbxUzuwhTHrMc9CbC-MMoES,"Magnífico!! Jogo ótimo, gráfico perfeito não trava... Trabalha muito com a paciência da pessoa pois para passar exige muito vc vender pratos e comprar máquinas e acompanhar as histórias dos clientes para ganhar diamantes e pontos para ir passando de nível. No mais baixe o jogo vale muito a pena!",5,36,2020.6,2020-05-27 18:09:58
28,Andresa Karla,https://lh3.googleusercontent.com/a-/AOh14GjQsogyvNFt9VqQb_i6xWY4irG8YrSiMbLuxIBf,"O jogo é muito bom e viciante, porém ele força muito você a gastar dinheiro de verdade nele, do contrário você fica estagnado, exemplo: por nao conseguir o vip 2 nao consigo comprar algumas especiarias, mesmo tendo diamante suficiente, entao tenho que esperar a sorte de aparecer a especiaria que eu quero em algum presente ou aparecer nos pedidos de telefone, bem complicado isso 2_ acredito que melhoraram isso, pois está bem melhor agora e entrar em alguma cidade ajuda muito a ganhar diamante.",3,5,2020.6,2020-05-28 18:24:47
29,Natalia Di Renzo Paulo,https://lh3.googleusercontent.com/-nLun3FXhLdE/AAAAAAAAAAI/AAAAAAAAAAA/AMZuucnTP_HwZm6rkg1JJYFNNnydUBsN_A/photo.jpg,"O jogo até é legal, mas o descaso dos desenvolvedores com os jogadores é absurdo, principalmente pra um jogo que vive de compras in-app, deveriam dar mais valor aos jogadores. Estou extremamente decepcionada com os desenvolvedores e com a equipe de suporte.",1,2,2020.6,2020-05-30 14:42:40
30,Cleane Soares,https://lh3.googleusercontent.com/a-/AOh14Gj25EPQCJ81z7-dzXl-BVxYtG4E2HeYKRx7slsT1g,"Vou dar 1 estrela pq o jogo está muuuito lagado, todo dia quando vou entrar cedo o jogo está com problemas de conexão, não é minha internet pq uso fibra, o jogo alega que tem outra pessoa logada na minha conta, só q isso tbm é impossível ser, o jogo alega tbm está em manutenção, e tem algumas especiarias q só da pra obter elas sendo vip e nem todo mundo tem as condições financeiras pra obter o status vip. Se melhorar tudo isso eu dou mais estrelas. E da primeira vez que instalei era bem melhor.",1,0,2020.6,2020-05-29 08:44:35
31,Danielly Miranda,https://lh3.googleusercontent.com/-Jtd95oWVbcw/AAAAAAAAAAI/AAAAAAAAAAA/AMZuucm11InJS10UvCR2ndVfv-dpls3FMg/photo.jpg,"O jogo é ótimo! Mais o ruim é vc estar em uma cidade e se esforça para realizar as tarefas do festival, e no final vc não receber a sua premiação. Deveria ser mudado isso, pq o líder para de jogar e os demais são prejudicados pq não há outra forma de distribuição dos prêmios. O jogo poderia ajudar nisso!",4,251,2020.6,2020-05-26 16:25:56
32,Juliana MS,https://lh3.googleusercontent.com/-SfYS9f4pOi4/AAAAAAAAAAI/AAAAAAAAAAA/AMZuucnKX_N47BQSdJHPGeRskTVP-2p1ag/photo.jpg,"Gosto bastante da proposta do jogo, você consegue ganhar diamantes razoavelmente, o que garante que todo o conteúdo possa ser desfrutado sem necessidade de pagar por ele. A única parte ruim são os itens q ficam muito caros conforme você avança em nível. Ainda assim, recomendo!",5,0,2020.6,2020-05-28 21:24:38
33,Loo Dee,https://lh3.googleusercontent.com/a-/AOh14Gh02vzM0AqKTUJ35JxCFRWtPzUFbMWJEfoJGjqvo4g,Desde que atualizei eu nem consigo jogar porque o servidor fica caindo toda hora e meu sinal de Internet está normal e funcionando com outros apps. Além que no festival os prêmios deveriam ir direto aos ganhadores e não ao dono da cidade para distribuir porque senão se ele desiste ninguém ganha nada.,2,0,2020.6,2020-05-29 11:06:38
34,Karynne Silva Marques,https://lh3.googleusercontent.com/a-/AOh14GiblYTB4F-3kJxD1UZL1lYB_zR5QrR6roLRozQnUw,"Gostei do jogo, bem viciante do jeito que eu gosto. Porém depois desta última atualização eu não consigo ficar mais de 5 minutos no jogo sem aparecer uma mensagem falando que o jogo está com problemas de conceção!!! Tem como vocês resolver isso?!",3,1,2020.6,2020-05-29 13:09:53
35,Gabrielly Santtana,https://lh3.googleusercontent.com/a-/AOh14GhCCO5nkbQDh5nOt5ccazhH8gBqf7_5xFafCw5qgw,"O que está acontecendo com o jogo? Atualizei ontem para o novo evento agr estou acessando o jogo abri e fecha dizendo q está em manutenção. Realmente vcs estão fazendo manutenção ou é bug do jogo, preciso jogar pq o evento de sexta já iniciou. Me respondam por favor , espero q isso se resolva logo.",3,0,2020.6,2020-05-29 13:25:47
36,Jessica Cristina Bellini,https://lh3.googleusercontent.com/-eaE81y9yYZc/AAAAAAAAAAI/AAAAAAAAAAA/AMZuuckuiPRQQMM8EmHNlv-PHOdH-5JoiA/photo.jpg,"Depois dessa última atualização o jogo fica dando erro, perdi vários diamantes e presentes e não consigo mais entrar para jogar praticamente, já que fica fechando, não sei se é de momento, mas acabei perdendo itens importantes que me prejudicaram mto!",3,1,2020.6,2020-05-29 13:44:55
37,Annah Silvaah,https://lh3.googleusercontent.com/a-/AOh14Gi6yKfhOLl_190vT1jasWNTErUEig0anNxUBtIaJQ,"Jogo otimo, mais começou a dar erro no meu celular dizendo que estava em manutenção toda hora , desinstalei e instalei e não consegui recuperar a conta que estava. (Obs: Conta pelo google e play game pois não conectei pelo facebook) Não queria ter perdido comprei muitas coisas e roupa com diamantes...",2,0,2020.6,2020-05-29 22:51:06
38,Christy Merkens,https://lh3.googleusercontent.com/a-/AOh14GjsYb0NzFbVPLZvr-srk0nFoKE1cOCPzL8WORkGKQ,"Uma grande treta, muitas vezes não carrega à primeira tenho de tentar abrir o jogo 3 a 4 vezes para ele abrir. Fiquei me pelo nível 10 pq agora aparece me sempre uma notificação que me obriga a entrar num grupo do facebook ou no Twitter e Twitter não tenho e no Facebook mesmo que faça o pedido para entrar não aceitam e assim não para de me aparecer a notificação ou seja nem consigo jogar.....",1,0,2020.6,2020-05-29 08:51:17
39,Luiza Eduarda,https://lh3.googleusercontent.com/-H9jcObZ8f7I/AAAAAAAAAAI/AAAAAAAAAAA/AMZuucmpOCS0sgPB5sy68udOiEM-3S9sWg/photo.jpg,O jogo é bom mas fica falando que a conexão esta perdida se a internet está pegando perfeitamente e tbm tem os preços mt caro e qnd mais vc passa de nível mais vc tem a gastar dinheiro e vc junta pra comprar uma coisa útil mais chega um cliente e pede pra vc comprar um mísero sofá q eu n estou precisando e tem coisa q sai um absurdo naquele jogo vc podem arrumar isso pelo amor...,2,1,2020.6,2020-05-29 13:19:34
40,Isabelle Brito,https://lh3.googleusercontent.com/-xPmu4ggD9yc/AAAAAAAAAAI/AAAAAAAAAAA/AMZuucnw8cE9bbuS7tFGN5Rw6XEgP3atrw/photo.jpg,"Acho que o jogo está tendo algum bug porque toda vez que entro no jogo, fala que não está carregando e que a Internet está ruim. Sendo que a Internet tá ótima e fica voltando para o início do jogo. Consertem, assim fica difícil de jogar",4,7,2020.6,2020-05-29 13:13:31
41,Miriam Moreira,https://lh3.googleusercontent.com/-1DT5qxSDhKs/AAAAAAAAAAI/AAAAAAAAAAA/AMZuuckI5GvzGAxS8peiLnINK1EG-INBTw/photo.jpg,Eu estou no nível 14 havia comprado as nozes mais barata ela não aparecia pra instalar na prateleira procurei e vi que tinha que atualizar na. Ann... Demorei mtu mais atualizei 3 vezes e a atualização sumiu e as nozes tbm.. algum pode me ajudar a encontrar porque se eu não encontrar não passarei para a próxima fase...,3,56,2020.6,2020-05-27 01:27:45
42,Luana Basaglia,https://lh3.googleusercontent.com/a-/AOh14GjNydSXMgFIxK94OG7Nwo-S9lzFbJcVu3Wp-FPYPQ,"O jogo é mto bom , porém eu acho que nos festivais os jogadores deveriam ganhar prêmios por igual , e não o líder dividir prêmios , uns vão ganhar diamantes outros apenas uma especiaria , e não é legal correr , se matar e gastar diamantes pra fazer tarefas pra ganha uma especiaria , e após a atualização de ontem o jogo está caindo toda hora , arrumem isso.",3,0,2020.6,2020-05-29 09:54:09
43,Elaine Barros,https://lh3.googleusercontent.com/a-/AOh14GihHkFshjWPOxze_vkjvKJ_pOlMoHTauyjq-RJ3,"Eu gosto muito do jogo, porém as coisas deveriam ser mais baratas, pois tudo é muito caro, móveis, máquinas, etc. Fora que depois da última atualização ficou péssimo, trava o tempo inteiro.",3,0,2020.6,2020-05-29 08:36:59
44,Évelyn Leal,https://lh3.googleusercontent.com/a-/AOh14GiiLYLbrYDQa_1ZmcQglfpyb3KNSXtEtSWyJEoT,"O jogo é muito bom. Só que as especiarias pelo menos as que não são vip deveriam ser mais baratas, e as coisas de diamante pelo menos algumas deveriam ser um pouco mais baratas. Se verem essas sugestões e fizerem uma atualização sobre isso dou mais estrelas.",5,1,2020.6,2020-05-29 13:39:41
45,Daiane Souza,https://lh3.googleusercontent.com/-VZpryG_vHQc/AAAAAAAAAAI/AAAAAAAAAAA/AMZuucmv-U5VnvBpZq_VwoAZCCh2rkbBNg/photo.jpg,"O jogo é bom, porem se não tivermos mais diamantes, fica difícil evoluir, e alguns produtos ficam muito caros. Outra coisa é quando o servidor fica instável, se perde compras, dinheiro parece que perde dados de um tempo.",4,0,2020.6,2020-05-28 18:36:32
46,carla tressoldi,https://lh3.googleusercontent.com/-KfFMPq0CoRM/AAAAAAAAAAI/AAAAAAAAAAA/AMZuuckZKU3eLYk0oixalshPK9QO34BaSw/photo.jpg,"É um jogo maravilhoso, eu amo jogar, mas estou decepcionada, tem muitas coisas pagas, e eu não gasto mais um real até arrumarem essas atualizações que prejudicam os participantes, Não dá pra jogar e eu perco tempo, diamantes e especiarias..",1,0,2020.6,2020-05-29 13:19:04
47,Roberta Silvestre,https://lh3.googleusercontent.com/-wIv7VBnMceI/AAAAAAAAAAI/AAAAAAAAAAA/AMZuuck0KOCAYJNFZ5O4t8dAh6pZwERbYA/photo.jpg,"O jogo é realmente muito bom, mas desde a ultima atualização, não consigo mais jogar pois a cada minuto aparece que o servidor esta em manutenção e isso é muito chato. Consertem isso por favor pois adoro o jogar esse jogo.",4,0,2020.6,2020-05-29 12:00:33
48,Maira Benício,https://lh3.googleusercontent.com/a-/AOh14GhbGwX7PGv9LvawLML1WJwo1jeRcudDwM9KHns2cw,"O jogo é muito legal, porém depois da última atualização ficou muito ruim, aparece que estou sem internet, mas tenho internet, no entanto em outros aplicativos minha internet pega bem, só nesse jogo fala que caiu a conexão da internet!",2,1,2020.6,2020-05-29 13:21:15
49,Joana Duarte,https://lh3.googleusercontent.com/-_gQse_amDkY/AAAAAAAAAAI/AAAAAAAAAAA/AMZuuckGYQR6GvoybQqmDD07UD-fFHzWdQ/photo.jpg,"Jogo muito bom. Sempre a ser melhorado e se um jogador se esforçar recebe diamantes suficientes para ser um jogador de bom nivel, o que em muitos outros jogos não é possivel. Muito bem pensado e sempre melhor! 5*",5,0,2020.6,2020-05-29 19:02:24
50,Patricia maria pereira silva,https://lh3.googleusercontent.com/a-/AOh14GgoXBB2zqIeW9YLLDVefeOa-i11h4-8ujJHRo755jw,"Amo o jogo , mas as máquinas são muitos caras agente perde muitos eventos , pós o dinheiro é muito pouco que se recebe, acho que vou desinstalar, jogo a quase 2 anos , e hoje a conexão estar péssima sai a todo momento, e não é a minha internet viu☹️☹️.",3,0,2020.6,2020-05-29 10:49:52
51,Malú Almeida,https://lh3.googleusercontent.com/a-/AOh14GgOpyhwZ21eOrJpZfETowb5rJolzj5JKmMls4UuBg,"O jogo trava muito,eu jogo pra me divertir e acabo tendo esse transtorno e sendo prejudicada nos festivais....As promoções para gastar dinheiro real no jogo de 100% e 200% nunca aparecem pra mim! Por esses tais transtornos não vou mais investir no jogo!",1,0,2020.6,2020-05-31 00:24:07
52,Barbara Filipa,https://lh3.googleusercontent.com/a-/AOh14Gi-DDtSLsDkpFOqYpcjOn4hR_A9rL0_kmqHX7jp9A,"Tem algumas falhas, já perdi missões, e quando actualiza fica se sem ir ao jogo o dia todo quase.. deviam actualizar para melhor mas por vezes mexem demais, Atenção q gosto do jogo até porq sou VIP. Mas o certo é q tbm dizem q há recompensa e nada.",1,0,2020.6,2020-05-31 04:17:09
53,Luiza Regina,https://lh3.googleusercontent.com/a-/AOh14GhLDHZv8RZE5WfJzWZ6KuxSfqIiRtleYcJ3plEyfg,"O jogo é bom, porém a nova atualização está péssima, trava muito e as vezes não salva o progresso do jogo. E o preço das coisas é exorbitante e nem se tem facilidade para ganhar dinheiro.",3,0,2020.6,2020-05-31 21:56:10
54,Karla,https://lh3.googleusercontent.com/a-/AOh14Gjmm7o9oDKz4Qr0f5Cdc-Qw1j8NvRM_XSyniullTA,"Desde hoje no início da manhã eu não consigo entrar no jogo, nem eu e nem ninguém da minha cidade consegue. Hora diz que o wifi caiu, hora diz que estamos tentando jogar a partir de outro aparelho, hora diz que está em manutenção. Logo hoje que começou o festival. Como vai ficar isso? Estamos sendo prejudicadas!",1,67,2020.6,2020-05-29 13:19:13
55,Thais Almeida,https://lh3.googleusercontent.com/a-/AOh14GiEMv7JtOpNBNMSJoaga1RkAt4R7xOnoQu32GkEfQ,"Bom , mas poderia ser melhor facilitando a vida dos jogadores. Pq força muito ter q gasta dinheiro pra ser vip Limita várias coisas no jogo . O jogo agora está dando bug toda hora não dá pra jogar",5,2,2020.6,2020-05-29 13:21:59
56,Michelle Araujo,https://lh3.googleusercontent.com/a-/AOh14GiBnccgVCnd7D9jlNLoIfUjhtOPN3-A98hyJdjjdD4,"Eu adoro o jogo, mais desde a última atualização o jogo fica travando e caindo o tempo todo ficando impossível de realizar as tarefas, vcs precisam resolver isso, quando resolverem dou mais estrelas...",3,0,2020.6,2020-05-29 09:02:18
57,Danielly Custódio,https://lh3.googleusercontent.com/a-/AOh14Gg9e2GuG30Rwr4eZr-G-FaJNHqlaIPF9WdNdNXhO-c,"Jogo a algum tempo e o jogo sempre foi ótimo, hoje não consegui participar de um festival pois disse que eu entrei na cidade no meio do festival sendo que já participei de varios festivais nessa mesma cidade e outra coisa que eu praticamente não consigo jogar pois o tempo todo é como não estivesse conectado na internet e está.",3,0,2020.6,2020-05-29 11:03:47
58,Maiara Fon,https://lh3.googleusercontent.com/a-/AOh14GjE5wYakMoS9ChzBsOA8OLWAfgxuYoQrYsy1CIakg,"O jogo é ótimo, mas com essa nova atualização fica toda hora dizendo q está em manutenção toda hora, queria q arrumassem só este pequeno problema. Pq o jogo em si é ótimo, desde já agradeço!",4,0,2020.6,2020-05-29 10:21:13
59,Sarah Evelyn,https://lh3.googleusercontent.com/a-/AOh14Gi6ZiiMi5xhbOovlywpmg3lXY-v6Ip2ee6m8H4t6Q,"Depois da atualização o jogo não abre mais, ou abre e fecha depois de dois minutos. Aparece a mensagem de erro de conexão, porém minha conexão está perfeitamente estável. Deem uma olhada.",1,0,2020.6,2020-05-29 11:08:07
60,Nanny Del Moro,https://lh3.googleusercontent.com/a-/AOh14GjozYNciJipg952q1XR1hPBOd7AQFcF9z9HURnOCg,Todo festival atrasa a liberação do jogo para nos fazer as missões e isso prejudica fora que o jogo e rouba muito se na minha cidade tem 12 pessoas correndo e na do meu adversário tem 20 como vou alcançar o primeiro lugar por favor sejam realista e coloquem igualdade nas corridas doa festivais,1,0,2020.6,2020-05-29 10:10:17
61,Alice Nega,https://lh3.googleusercontent.com/a-/AOh14GjQ8LcYxNHC2pBVGmYIkErDc4rhmymIMIqKgf-I,"Muito criativo, colorido, facil de jogar e bonito. Mas os itens sao muito caros, nao co.oensa pelo tanto q lucra assim da muito trabalho pra conseguir um pouquinho a mais para trocar os moveis e decoraçao.",4,0,2020.6,2020-05-29 14:14:10
62,Amy Katherine,https://lh3.googleusercontent.com/-kO26vDvt5NY/AAAAAAAAAAI/AAAAAAAAAAA/AMZuuclgG64iFQWLQwHxfsSeQIZ3ppktCQ/photo.jpg,"O jogo é bom, no começo estava tudo indo bem mas quando tentei entrar ontem e hoje começou a demorar pra abrir e quando carrega chega na metade e aparece que está sem conexão e que estão em ajuste. Quando consigo entrar no jogo logo aparece novamente a mesma mensagem. E os valor das coisas está muito alto. Fora isso o jogo é excelente.",4,0,2020.6,2020-05-29 11:26:34
63,marilia santos ribeiro,https://lh3.googleusercontent.com/-tQ8GHp3Zwas/AAAAAAAAAAI/AAAAAAAAAAA/AMZuucmD3f5KOZC-GqZOLIkkM2hx2njG6A/photo.jpg,"Muito bom o jogo depois que aprendi a jogar, más seria bem mais fácil se nós pudesse ajudar nossos amigos na cidade, tipo se uma pessoa da minha cidade precisa de anis poderia ter uma opção de nos moradores poder doar pra essa pessoa sem precisar ficar pegando da cidade pra não acabar tão rápido .. Seria tão bom, pensem nisso.",5,2,2020.6,2020-05-28 00:18:22
64,Aliane Demezuk,https://lh3.googleusercontent.com/a-/AOh14GhWnK47UDajglrMh8ZjYZ0lJBE-PlpfkI1A1KsC,"O jogo é bom, mas depois da última atualização fica fechando sozinho, travando, e não atualiza direito. Tô quase pensando em desinstalar. Vou esperar mais uma semana.",2,0,2020.6,2020-05-29 14:03:27
65,Elisangela Carapina,https://lh3.googleusercontent.com/a-/AOh14Gj4f6W3K3gEHDUXv9qazVzJRPUxfX5hPyH9A_I,"O jogo é muito bom, mas ontem 28/05/20 quando atualizou ele fica pedindo pra verificar a internet toda hora e minha internet é banda larga e não está caindo. Se puderem verificar eu agradeço.",4,0,2020.6,2020-05-29 11:55:27
66,Gleice Guedes,https://lh3.googleusercontent.com/a-/AOh14GiSciBd_EKUpFy27dlJ7zHmhU_ZnxyUMJd4NaTKtA,"O servidor entrou em manuntenção ontem as 17h, e até agora não estou conseguindo entrar, está dando erro, por favor resolvam esse problema o festival começou não tem como jogar, cumprir as tarefas 🤦🏽‍♀️",3,1,2020.6,2020-05-29 13:30:01
67,Julyane Tagliatti,https://lh3.googleusercontent.com/a-/AOh14GhYZUkYaINaj91SQPbvlRc1NRhUzByCCE3WW_NAdg,"jogo bom, porém tudo caro e você demora anos pra conseguir dinheiro, outra coisa o jogo começou a buga, toda hora está dizendo problema com o servidor e tenho que sair do jogo.",2,0,2020.6,2020-05-29 09:50:27
68,Luana Santos,https://lh3.googleusercontent.com/a-/AOh14GhsjeDURpafYdiqoJOqXOW5oH4PXwoJyhhQfmUz9g,"O que tá acontecendo? Já faz um dia que não sai de: Procurando recursos para fazer o download Minha internet tá boa, eu gosto muito do jogo mas tô quase desistindo dele.",1,0,2020.6,2020-05-29 14:31:32
69,Iara,https://lh3.googleusercontent.com/a-/AOh14GgTm-Iewij1dw-Nb0eqp3-VO7RLW8yowdLKTau8,"É um jogo maravilhoso e divertido, mas hoje ele esta com problema. O jogo diz que não está conectado, já chequei minha internet mas ela está funcionando. Por favor resolvam esse problema.",4,0,2020.6,2020-05-29 10:52:32
70,Nay Kat,https://lh3.googleusercontent.com/-yXqboubm_sc/AAAAAAAAAAI/AAAAAAAAAAA/AMZuucm81EdqQ-3unrFrb1TUBI8xJ3rNYQ/photo.jpg,"Eu gosto deste jogo, mas nao sei é só comigo que, depois desta ultima atualizacao, está horrivel.. Eu nao consigo fazer quase nada por que diz a ""minha conexao com internet cai"" a cada 2 ou 3 minutos... por favor, arrumem isso!",1,14,2020.6,2020-05-29 13:22:40
71,Daiana Kawczynski,https://lh3.googleusercontent.com/a-/AOh14GgQy3cmdpFNERkDmDRdq5LKIiBWKGaEwmabDWfwBQ,Decepcionada com o jogo fazendo atualização em dia de festival aí não abria o jogo de jeito nenhum um monte de gente prejudicada caindo de liga porque o jogo na estava funcionando e vão dar um mísero presente azul para compensar sacanagem isso no mínimo tinha que ser um vermelho,1,0,2020.6,2020-05-31 14:18:59
72,Silvia Helena,https://lh3.googleusercontent.com/a-/AOh14GjUjs4OuVwDHMAqHvyaYi9EEz9kMVX_tz8ckEpOmuA,O jogo é muito bom! Mas tive que recomeçar minha cafetaria pra fazer tudo certo! Não é algo que se possa jogar de qualquer forma! parece simples mas não é! Vicia!,5,0,2020.6,2020-05-30 12:20:08
73,jaqueline Damasceno,https://lh3.googleusercontent.com/a-/AOh14GiakcKIZXCAtsCYqfrgPjjApCwZlB1vqHvfHc4yDw,"Jogo fica o tempo todo em manutenção, e olha que tenho muita memória no celular e internet é muito boa também. Ainda assim o jogo fica parando, dizendo estar em manutenção. Encheu meu saco já.",2,0,2020.6,2020-05-29 12:05:56
74,rafa ayumi,https://lh3.googleusercontent.com/-jTlRfRGl1YA/AAAAAAAAAAI/AAAAAAAAAAA/AMZuucmYyNJ0T0GGkTA3yIo1cBDMOIktgA/photo.jpg,"amo esse jogo , parabéns ao criador !! Mas o que deixa a desejar é os valores caros das maquinas e objetos , é mais do que nós ganhamos e leva um bom tempo pra conseguir o dinheiro",4,0,2020.6,2020-05-30 11:28:44
75,PROCURA FAMÍLIA BIOLÓGICA Raphael,https://lh3.googleusercontent.com/a-/AOh14GjFUgQAPHHMFuLOJ0BubNtFp5Z5aOx5hRlynm09,"O jogo é ótimo, mas desde hoje cedo não estamos conseguindo entrar no jogo, ou quando entra, não conseguimos ficar 10 segundos...o que está havendo? Quando teremos a solução?",5,0,2020.6,2020-05-29 10:31:45
76,Geisiane Lustosa,https://lh3.googleusercontent.com/a-/AOh14GhQ6xIFu7QoKNmm-xjmQsjmDe3ePUocxVtkBdi7Sw,"Gostaria de dizer que após atualizar o App ele não está ficando nem 5 minutos aberto, queria que vocês dessem um jeito, pq assim não dá pra jogar.",3,0,2020.6,2020-05-29 14:23:39
77,linny Oliveira,https://lh3.googleusercontent.com/-eDNgCrmE0p4/AAAAAAAAAAI/AAAAAAAAAAA/AMZuucmP91P8iKy1pEShFyrcqAhXKSaEmw/photo.jpg,"Gosto muito do jogo, mas dps q atualizei eu não consigo jogar, mal entro no jogo e mostra que está com problemas e culpa a conexão, mas já testei e a conexão de internet está boa 🤦",3,0,2020.6,2020-05-29 10:48:50
78,Lineia Ramos,https://lh3.googleusercontent.com/a-/AOh14Gh-FmDcNT5_5vXGXdWJPHu849DcSmrY0v2ZdidVEA,"Estou com dificuldade para fazer as tarefas, depois da última atualização, está travando, e falando que o servidor está em manutenção......",4,0,2020.6,2020-05-29 08:26:39
79,Sandra Oliveira,https://lh3.googleusercontent.com/a-/AOh14GiK94tRNRB9YcOwAaMJKYNI6Htw3FExU0TZfmdEDQ,"Queria dizer que estou muito triste, porque faz duas horas que estou tentando entrar no jogo e só aparece a mensagem que está em manutenção! Por favor arrumem isso logo porque eu gosto de jogar My Café, obrigada desde já!",3,0,2020.6,2020-05-29 10:27:52
80,Maeshy Moon,https://lh3.googleusercontent.com/a-/AOh14GhSNHOXXXMy8jBPqaKP11Tq5iCihdVFcPKShQNX9g,"Ótimo jogo, mas a cada nível as coisas ficam mais e mais caras, fazendo com que demoremos muito tempo para conseguir comprar itens para realizar missões.",3,0,2020.6,2020-05-28 20:49:00
81,Fabily Santos,https://lh3.googleusercontent.com/a-/AOh14GjbldQu2KQ6yTOTa6B2yF0POyA-rkmOivWPLEMF,"Toda vez q tem atualização sempre n dia do festival esse jogo para de funcionar. Estão nem aí pra gente, só querem ganhar. TENHAM RESPEITO CON OS JOGADORES.",1,1,2020.6,2020-05-29 13:32:45
82,Dani Siva,https://lh3.googleusercontent.com/-3-zdxMDRTiI/AAAAAAAAAAI/AAAAAAAAAAA/AMZuucnx8uatKbTEs3GfiB0ehUx-fpJcVA/photo.jpg,"Jogo muito bom. Mais depois q cheguei no nivel 27 q atualizou começou a travar e não consigo mais entrar no jogo, vou esperar mais um poco mais se não conseguir vou te q excluir o jogo infelismente",1,0,2020.6,2020-05-29 09:53:17
83,Ray Souza,https://lh3.googleusercontent.com/a-/AOh14Gj5jHgN3pgN5oS9Oj-AVTghwPk-yZPv9-uHSJuXbfI,"Infelizmente, ficou horrível, sempre dando bug e travando muito, principalmente nos torneios. Fico um amanhã inteira tentando pra conseguir entra no torneio.",1,0,2020.6,2020-05-29 10:57:16
84,Rafael Krause,https://lh3.googleusercontent.com/a-/AOh14Gj3FXfD4O5mZZoHk2yGFQEyfB18tAx0FGFXliNjGg,O jogo apresentou muitos bugs e falhas nos últimos meses e teem deixado os jogadores na mão principalmente em festivais! Muito insatisfeito com o suporte do jogo. 😠👎,1,1,2020.6,2020-05-30 16:47:17
85,Maria Andreza,https://lh3.googleusercontent.com/a-/AOh14Gi6uH0hh0loEy0xlY865RYbKIM1S6yVZ-OybV-yiw,"O jogo está ficando cada vez pior. Manutenção em pleno festival do final de semana, em que sobe e desce de liga. Palhaçada. Somos prejudicados o tempo inteiro.",1,0,2020.6,2020-05-29 13:11:43
86,Lidiane Valentim Costa,https://lh3.googleusercontent.com/-K76oaPjghIg/AAAAAAAAAAI/AAAAAAAAAAA/AMZuucnGfEo6blmxcqoAgwo23_B03tyqHQ/photo.jpg,"Depois da última atualização, o JG fica toda hora caindo, tudo funciona bem no meu celular, só o JG tá caindo. Ficou horrível!!!!!!!!!!!!",1,0,2020.6,2020-05-29 14:03:26
87,Vanessa Souza,https://lh3.googleusercontent.com/a-/AOh14Gggd4Rm_2na3dnIp7hOwtZmFVjADsHvHImUTeqUMOQ,"Amo muito esse jogo, parece Cafemania do Orkut, sem contar das atualizações que o jogo tem que traz mais missões pra você ganhar diamante e dinheiro! Tem missões agora que ajudam muito mais a gente conseguir passar de níveis! Adoro esse jogo! Só acho que poderia facilitar pros presidente da cidade um jeito pra eles mandar nossos prêmios logo, não demorarem tanto.",5,0,2020.6,2020-05-28 05:55:27
88,Wesley Castro,https://lh3.googleusercontent.com/a-/AOh14GhuYLqtFmoGvBW18yE-9t_iZSw1vyM8ArKJhTZC,"Depois da atualização fica aparecendo uma mensagem falando que o servidor está em manutenção e depois muda e aparece verifique a conexão, sendo que minha internet está boua, arrumem isso por favor",4,2,2020.6,2020-05-29 13:37:17
89,Elis Bessa,https://lh3.googleusercontent.com/a-/AOh14Gh_qSoT_cldXbuWk98l0fHu49ano5aDILRlT8T3JiQ,"O Jogo em si é muito bom, mas depois da última atualização o servidor está péssimo, não consigo entrar no jogo e quando entro não consigo jogar, peço que ajeitem!!",3,0,2020.6,2020-05-29 10:09:58
90,Sophia Domingos,https://lh3.googleusercontent.com/a-/AOh14GissTIQXjihOL9RCb2Fu7QHCYq6Kgbo5J4-6fZt,"O jogo é bom, mas está dando muito erro e fica desconectando toda hora, assim fica impossível de jogar. Por favor resolvam o problema!",1,0,2020.6,2020-05-29 09:15:40
91,Emilly Rosa De Sousa,https://lh3.googleusercontent.com/-afuecqMfH48/AAAAAAAAAAI/AAAAAAAAAAA/AMZuuck9FmSpY9-dmrjqHQeP57Zcn635Iw/photo.jpg,"Gente, eu não tô conseguindo entrar no my café depois dessa última atualização. O jogo fala q é a internet, mas a internet tá funcionando em todos os outros apps menos no my café. Por favor concertem. Se continuar assim eu vou desinstalar.🙁",5,0,2020.6,2020-05-29 08:51:38
92,Nil massena Massena,https://lh3.googleusercontent.com/-QZE_nhfjmAY/AAAAAAAAAAI/AAAAAAAAAAA/AMZuuckdOOTje__2izqXdJK20rKRdBBKug/photo.jpg,"Depois dessa ultima atualizacao, nao estou conseguindo jogar. O jogo desconecta o tempo inteiro. Ja desinstalei e reinstalei, e nada funciona.",1,0,2020.6,2020-05-29 14:19:08
93,Gabriela Lucena,https://lh3.googleusercontent.com/a-/AOh14GirLtQRtVuCt9Cn11EzPlL0Z-ywnIlCvSLt3rqZ,"O jogo é sensacional, extremamente complexo! O certo é você juntar o dinheiro antes de passar de nível ao invés de ficar reclamando que as máquinas são caras. E não ficar conversando com os clientes pq isso faz você passar rápido sem ter juntado mais que o suficiente para comprar o que o nível seguinte exige, tanto as máquinas quanto as decorações pq sem gorjeta alta vc demora mt pra juntar dinheiro.",5,74,2020.5.1,2020-05-25 12:26:56
94,Rafaella Noia,https://lh3.googleusercontent.com/a-/AOh14GjD6smL-CEV8m3bPkaCsvvdN-8YFc81JawaC2tN,"Eu amo o jogo mas desanima bastante ficar juntando dinheiro pra comprar intens com valor absurdo. Sou vip e os presentes rosas estão dando mais diamentes e especiarias do que o presente dourado que é mais caro. A atualização do coelho travou bastante, estou atualizando e espero que os erros tenham sido consertados.",5,0,2020.4.6,2020-05-03 17:31:18
95,Marcella Maia,https://lh3.googleusercontent.com/-7Z3F9MaTxDs/AAAAAAAAAAI/AAAAAAAAAAA/AMZuucmGSwp2LzA9IL_SJouvHQUnJc1k1w/photo.jpg,"Eu gosto do jogo, jogo a bastante tempo. Mas só acho que certas coisas poderiam ser mais fáceis, tipo, vc só pode adquirir determinadas especiarias se pagar, não acho isso justo. Algumas coisas são caras demais. Para passar de fase preciso de um sofá de mais de 10 milhões para continuar a história, ou seja, só daqui um mês ou mais conseguirei passar de fase. Essas coisas desanimam.",3,4,2020.3.2,2020-04-02 20:56:24
96,Eliana Marques,https://lh3.googleusercontent.com/a-/AOh14Gj4fF8n_L6RNp_iYLBR2KkDtGCD-7bbWN4vYiewUQ,"Está horrível. Fica reiniciando toda hora. Vc gasta com esse jogo, que tudo é caro, pra ficar assim? Tem que dar um jeito logo. Não consigo mais jogar.",1,0,2020.6,2020-05-29 10:31:41
97,Um usuário do Google,https://lh3.googleusercontent.com/EGemoI2NTXmTsBVtJqk8jxF9rh8ApRWfsIMQSt2uE4OcpQqbFu7f7NbTK05lx80nuSijCz7sc3a277R67g,"Deci pra uma estrela pois dps da última atualização fica falando que estou sem internet é toda hora cai o jogo por causa disso,só não desinstalei poq já gastei um dinheirão com esse jogo arrumem poq favor",1,0,2020.6,2020-05-29 08:32:26
98,Daniele Ferreira,https://lh3.googleusercontent.com/-9sXNxpZ9llE/AAAAAAAAAAI/AAAAAAAAAAA/AMZuucmyYeGItmSz8D5LkrK4orfS9uD2Qg/photo.jpg,É muito bom o jogo mas as máquinas deveria se mais baratas é muito difícil juntar tantas moedas e deveria ter opção de compra presente com moedas,1,1,2020.6,2020-05-29 16:13:18
99,Suellen Miranda,https://lh3.googleusercontent.com/a-/AOh14GhMJY27hcgU1JAOmEECkvPAkO86cmKQqvYsiG4iHw,"O jogo é bem interessante, mas sempre para passar de fase um cliente pedi uma bebida impossível de dar, pq é uma especiaria que só pode ser comprado com vip, e quem não tem como comprar o vip, não vai pra frente no jogo, tem que desistalar e esquecer o jogo? Poderiam pelo menos reversar colocar o que ta no vip no normal para poder comprar com os diamantes. Acaba ficando cansativo de jogar. Se melhorar dou mais estrelas pq é uma ideia legal a do jogo",2,0,2020.5.1,2020-05-28 21:00:28
