,userName,userImage,content,score,thumbsUpCount,reviewCreatedVersion,at
0,F.A Barbearia,https://lh3.googleusercontent.com/a-/AOh14GjW2Y8yJdu8Lz_VwSOGcn8Nr70jR3Q3dG7umlz-,"Então, o jogo é muito bem feito, jogabilidade ótima e super legal para passar o tempo. Mas uma coisa que me deixou chateado foi, quando chega em alguma fase avançada algumas jogadas contra a máquina são travadas, me fazendo jogar com outra peça e consequentemente perder o jogo por não poder jogar como eu gostaria. Parece um ""bug"", mas não é.",3,182,4.3.9,2020-05-26 00:07:16
1,davi tintel,https://lh3.googleusercontent.com/a-/AOh14Gj5KCcSzLv_v8CG2AhWsJeE_7QAin6PBCic-fymHA,"Excelente aplicativo. Só encontrei uma deficiência: o aplicativo tendo uma dama e três peças, não consegue capiturar uma dama de um jogador experiente no final do jogo, daí então, decreta o empate em todos os níveis.",4,216,4.3.9,2020-05-19 01:09:17
2,Fernanda Valencise Composições,https://lh3.googleusercontent.com/a-/AOh14Gjk6JHj-Iso7x-a1gWW3yHb1Movmxjso70LBvDA,Muito bom. Apenas gostaria de salientar que no jogo de damas o movimento de comer para trás existe e que não são apenas algumas vezes que pode-se comer duas peças O mesmo tempo. Mas de resto é um bom jogo.,4,167,4.3.9,2020-05-19 17:43:07
3,Rodrigo Mourão,https://lh3.googleusercontent.com/-cJhEKE0Sps0/AAAAAAAAAAI/AAAAAAAAAAA/AMZuuckuTdLuxfqERECAJWftxn8UEKtEFw/photo.jpg,Gostei muito.gosto muito de jogar às damas mas não tenho o jogo de tabuleiro mas a agora instalei esta aplicação e assim não tenho de ir ao telemóvel do meu pai.O problema é que não consigo queque jogar os duas pessoas ao mesmo tempo...,5,2,4.3.9,2020-05-30 11:08:56
4,Cleber Bariotto,https://lh3.googleusercontent.com/a-/AOh14Gg7-oU0m6n1yhRkEn6bUnF5-rlMWisUuczz3qq-5w,"Jogo simples, básico. Rápido e funcional. Propagandas se o necessárias para o desenvolvedor, porém são rápidas, o que não torna cansativo.",5,151,4.3.9,2020-05-15 08:59:36
5,Igor Fernandes Neves,https://lh3.googleusercontent.com/-EDBWLcQWcG4/AAAAAAAAAAI/AAAAAAAAAAA/AMZuucn2wv4YMQUoEc-dL3vitpj3LvV0Bg/photo.jpg,"O jogo é bom, só que perde uma estrela porque toda vez que você quer mudar o tema precisa de internet ou seja não tem como fazer isso offline a não ser que seja para o primeiro tema essa é a única razão que eu dei 4 estrelas",4,37,4.3.9,2020-05-22 08:06:58
6,Paulo Aviz Borges,https://lh3.googleusercontent.com/a-/AOh14GgjOfG0SmxehnXpJVf4K8o4LDNYSqfpeCMoTamE,"Excelente! aplicativo, muito bom, mas séria perfeito mesmo, se tivesse a opção online para ter mais interação com outros jogadores.",5,67,4.3.9,2020-05-28 17:43:43
7,Lindalva Carvalho,https://lh3.googleusercontent.com/-zkZnsRolMho/AAAAAAAAAAI/AAAAAAAAAAA/AMZuuclxkOw8r-n5TNPT2EAOa0vHUZyuaw/photo.jpg,o jogo não presta antes eu avaliei como bom e otimo e dei cinco estrelas mais mim arrependi apaguei pq vc não consegue jogar tem uma captura obrigatoria que vc so pode tocar onde ela diz e quando vc toca pega uma dama oposta e perdi cinco suas alem que o adversario pode voltar as damas dele vc nao pode e por isso sempre perde tem que ter muita paciencia praa jogar isso😡😡😡😡,2,52,4.3.9,2020-05-24 11:09:30
8,"khimeu,o1 nmfgcanal",https://lh3.googleusercontent.com/a-/AOh14GicJ56sCRxPCjVrOfUJIJgkwOnyz6MMCfa7Siej1w,"Maquina roba pra kralho, desativem a captura obrigatória que possivelmente, vc chegara a mestre, eu cheguei a (grande mestre) com captura desligada pq se vc for pelas regras se ta lascado, a n ser q vc seja um extraterrestre vc zera o jogo, se for mente humana da não.",2,45,4.3.9,2020-05-22 21:29:44
9,Steven Gerrard,https://lh3.googleusercontent.com/-SrWWBuHH13E/AAAAAAAAAAI/AAAAAAAAAAA/AMZuuclSEIHd9-jGqqmoA0sJK1ESEKcDBA/photo.jpg,"Jogo é até bom, só que o computador lê sua mente, porque tem uma solução rápida pra cada jogada sua. Pra ganhar tem de ser um gênio e fazer o jogo perfeito.",1,46,4.3.9,2020-05-20 20:51:16
10,JOSE ROBERTO DA SILVA,https://lh3.googleusercontent.com/a-/AOh14GhG7iJrW7v1kZ5GivhiTWd_wEurcdbLIK3B7h04_w,Adorei o jogo super top e diferenciado em cada país.ja cheguei no nível de campeão en 6 países sem fazer trapassa e ficar voltando o jogo por isto quando passa de nível sou marcado com estrelas eu ganho na raça e não na trapassa.exelente jogo pra quem sabe jogar.Parabéns pr o desenvolvedor.E eu sou o cara kkk,5,91,4.3.9,2020-05-16 07:57:18
11,Anderson Candido,https://lh3.googleusercontent.com/-q3DHgwcNLAU/AAAAAAAAAAI/AAAAAAAAAAA/AMZuuclwqmQ3_9qWs3xDvjXVFR0W3AvFTA/photo.jpg,Está sendo interessante..tem me agradado e tenho me divertindo.. minha mente está funcionando e melhorando nas estratégias de jogo..a todos A PAZ SEMPRE,5,0,4.3.9,2020-05-31 08:29:57
12,pandy games br,https://lh3.googleusercontent.com/-WJSgAeRxaAE/AAAAAAAAAAI/AAAAAAAAAAA/AMZuuclE3JxpPY9-QAbC2SEqW81pLfVgZg/photo.jpg,"É muito bom recomendo poderia ter tabuleiros deferentes e a pesinha de damas poderia ser perconalizada de acordo com o tabuleiro mas só assim já está bom mas fica ae a dica 😉😉😉 Thau ,bjs😘",5,10,4.3.9,2020-05-18 21:15:10
13,Washington Dochim,https://lh3.googleusercontent.com/-zPSElGNdl7Y/AAAAAAAAAAI/AAAAAAAAAAA/AMZuucnKA5SzyLKUfyELM3TIA3lwjYnoBQ/photo.jpg,"Desculpa pessoal rua avaliei uma dama anterior a essa é achei ela Boa, essa sem dúvidas é a melhor podem baixar sem medo , e ela é mais rápida os movimentos e ainda é tela cheia",5,0,4.3.9,2020-05-31 21:37:12
14,weverson moreira lima,https://lh3.googleusercontent.com/-B6DzqaO8Wyk/AAAAAAAAAAI/AAAAAAAAAAA/AMZuucm2Kzq8dKXwVaEMqmiFiA4EhIC9xA/photo.jpg,"O tabuleiro é feito para beneficiar a máquina pois a cor marrom engana a pessoa que está jogando, vocês poderiam colocar o tabuleiro branco e vermelho claro, aí sim ficaria igual para os dois jogadores",3,30,4.3.9,2020-05-16 10:25:48
15,Jacilene Soares,https://lh3.googleusercontent.com/-MCdYuqLPm_M/AAAAAAAAAAI/AAAAAAAAAAA/AMZuucm2VS-mh_m4iAyLAKFowOlAGOnXSA/photo.jpg,"Um jogo muito bom, sabemos que os anúncios são necessários, mas que tal ter menos, o demais, é pura diversão.",4,6,4.3.9,2020-05-23 22:56:04
16,Marcos Bruno,https://lh3.googleusercontent.com/a-/AOh14GiAA9SQVrdnyqdnnUcWuo2M8vfip2VyPDlUoFsAsw,"Ótimo design, ótima jogabilidae, muito bom pra passar o tempo e treinar o cérebro.",5,3,4.3.9,2020-05-27 18:57:58
17,mauricio batista souza,https://lh3.googleusercontent.com/a-/AOh14GjBuSP7SuRD-S2sruQm0YYgVwM6N2btX4sxM31LEA,"Ótimo App de jogos, simples facil de entender e um grande estimulador de raciocínio lógico, deixando a mente mais ativo.",5,34,4.3.9,2020-05-15 14:16:05
18,Nathalya Oliveira,https://lh3.googleusercontent.com/-7LoisxpYFqc/AAAAAAAAAAI/AAAAAAAAAAA/AMZuuck5Ec9qBnuibY6y1F874mfEM2iu_w/photo.jpg,"Horrível, não da para jogar de duas pessoas e o que tem de pouco MB tem de ruim entendeu, não instale,",1,0,4.3.9,2020-05-30 18:52:41
19,Pedro Brandão,https://lh3.googleusercontent.com/-CwvkO1Gv85E/AAAAAAAAAAI/AAAAAAAAAAA/AMZuucmWhnshpOlupEGCSytDQko0QH7ogg/photo.jpg,otimo. Como passatempo resolve bem...tudo de bom! Ajuda o raciocínio.gostei da luzinha. A luzinha da dica é uma ótima. Cada dia tá ficando melhor!,5,42,4.3.9,2020-05-15 12:07:34
20,Higildo Filipe,https://lh3.googleusercontent.com/-MjUx0PBMGTw/AAAAAAAAAAI/AAAAAAAAAAA/AMZuucmZCgfBzf8_07ewLU4eGuJMIH4dTQ/photo.jpg,Dou duas estrelas porque não posso partilhar para jogar com outra pessoa. É chato termos que fazer isso no mesmo dispositivo.,2,3,4.3.9,2020-05-27 17:06:53
21,Julyana Rayane,https://lh3.googleusercontent.com/-H1DuNOh_3W8/AAAAAAAAAAI/AAAAAAAAAAA/AMZuuckL6rfb0ZcoeFXw2UHNhrFHcPAcEA/photo.jpg,"É um jogo bom, mas no nível avançado não consegui ganhar que nem o outro jogo de xadrez do mesmo criador Essa é a pura verdade . Mas pra quem gosta desse jogo dis que ele é bom mas a minha opinião é essa.",3,41,4.3.9,2020-05-17 09:21:01
22,Fausto Barbosa,https://lh3.googleusercontent.com/a-/AOh14GghxoHeWb7YXZMdhimjEMiwyNwLtqICjKMjCndU5g,"Excelente, super recomendo. Muito prático e vai te tornando cada vez melhor. No momento da avaliação me tornei um mestre e estou indo para o último nível ""CAMPEÃO"".",5,6,4.3.9,2020-05-22 22:40:09
23,Mauro Gomes,https://lh3.googleusercontent.com/a-/AOh14GhwAz84-9RuCbaS6M_-2aRhKalqf-LUh7daQQjhvg,O jogo é bom só não sei se estou jogando com um computador ou usuário real . Podia ter a opção de interagir com o oponente com pequenas mensagens . Aí ficaria bom,4,22,4.3.9,2020-05-15 18:29:23
24,Livia Fernanda,https://lh3.googleusercontent.com/a-/AOh14GjGd1OXEXZ6esLkUXCEQtPstSkWvN0g5ySRYgvfGx8,"Um app extremamente ruim, não determina as jogadas com precisão, sendo necessário sempre retornar a jogada. Um verdadeiro lixo!",1,40,4.3.9,2020-05-14 01:34:17
25,Juberley Mutz de oliveira,https://lh3.googleusercontent.com/-RG-mjM-hLTE/AAAAAAAAAAI/AAAAAAAAAAA/AMZuucnBik4ENV_gZz9XyRYNN9OeDMNIJw/photo.jpg,"Desafiador! Muito bom o jogo, Não é fácil não mas ser for, um bom jogador não é difícil!!😄✌️",5,3,4.3.9,2020-05-27 20:49:06
26,Lahana Fabiane Marcelo Zollin,https://lh3.googleusercontent.com/-fjf7CXH8bwo/AAAAAAAAAAI/AAAAAAAAAAA/AMZuuckUoayNW-K2gxSvMSegNpIQnQzI1Q/photo.jpg,O jogo e super legal so q ela chega na fase deficil e a maquina ja sabe oq a gente vai potar a peça por isso chega a um ponto de ser chato,2,0,4.3.9,2020-05-31 20:07:58
27,Robson Santos,https://lh3.googleusercontent.com/-loxl3MgBxGU/AAAAAAAAAAI/AAAAAAAAAAA/AMZuucnct94YBw6tGvW5WO_OtmFlByPAmw/photo.jpg,"Top demais, simples, propaganda rápida e só nos intervalos de uma partida pra outra👏👏",5,7,4.3.9,2020-05-17 15:16:28
28,Tamilis Santos,https://lh3.googleusercontent.com/-HcDEZsFxFuQ/AAAAAAAAAAI/AAAAAAAAAAA/AMZuuclCUfHOCp2f5bFQeL5eW3d0t0j8lw/photo.jpg,Até que é bonzinho só o ruim é que continuar passando de nível tem que se inscrever na faculdade Isso não é legal ninguém é obrigado entrar na faculdade através de um jogo mas até que é bom só que ele podia melhorar até porque nem todo mundo que baixa o jogo já terminou os estudos ou tem dinheiro até par pagar uma faculdade por mais que a mensalidade seja determinado valor baixo Mas nem todo mundo tem dinheiro e nem todo mundo tem trabalho então não era para eles colocar essas exigência belez,2,4,4.3.9,2020-05-22 16:00:48
29,Larissa Broinizi,https://lh3.googleusercontent.com/-Eh6c3Uy5rt0/AAAAAAAAAAI/AAAAAAAAAAA/AMZuucm0oRXzY5CuXdXN4pHB_e7H8SOI_g/photo.jpg,Um jogo muito legal mas com muito anúncio e quando mandam agente mexer uma peça é obrigatório mexer aí eu vou la e mexo ai o time oposto come 5 peças de uma vez Só eu quero que arrumem isso agora,1,4,4.3.9,2020-05-19 12:18:43
30,PJ Soares,https://lh3.googleusercontent.com/a-/AOh14GjVCL7y3-LHF6wG62j6362jJndwhfinJ7juW-geGA,"Atualização ficou boa, se pudesse configurar os tabuleiros das cores fundos de mossa preferência ficaria muito melhor.",4,39,4.3.9,2020-05-11 21:27:28
31,AnaCris Da Mata,https://lh3.googleusercontent.com/-wZT-VclDfWI/AAAAAAAAAAI/AAAAAAAAAAA/AMZuucmvPgzX9dkVXF_CHU8uiTymqc99PQ/photo.jpg,Eu dou quatro para esse aplicativo porque ele trava às vezes mas ele é muito legal ele é muito mais muito mais muito legal mas ele trava quando eu aperto quando a minha já vira dama eu aperto o botão da Dama vou para o lado tendo comer bastante casas mas eu não consigo porque ele dá uma travada então do quarto por causa disso mas o resto é muito legal,4,3,4.3.8,2020-05-19 15:57:52
32,Gal Oliveira,https://lh3.googleusercontent.com/-KH_qIcWFqJA/AAAAAAAAAAI/AAAAAAAAAAA/AMZuuckTHG2eM6Cr7Z7rNfxHZsYoMityMQ/photo.jpg,É muito bom mais o ruim é quando vc perde dá nervoso pq esse jogo ejise estratégia e agilidade no jogo . mais o ruim é que tem vários anúncios ❤❤❤ 💋💋💋💋,5,2,4.3.9,2020-05-26 00:02:13
33,Fabio Sousa santos,https://lh3.googleusercontent.com/-kvR6h72OFUQ/AAAAAAAAAAI/AAAAAAAAAAA/AMZuucmdM3bG4wV3oR5O_b35HBTw9SIPZQ/photo.jpg,"Excelente app, muita diversão e deixar a mente totalmente ativa, eu gosto demais.",5,6,4.3.9,2020-05-18 20:53:32
34,Evane Rodrigues,https://lh3.googleusercontent.com/a-/AOh14GjYo_ttqfbNb7UNrBn8bO0s_KTUJQysYyD9gFXGQQ,Esse jogo é ótimo para exercitar a mente e o melhor dele é q n precisa de internet nenhuma para ele pega e n trava n é pesado e é bom para passar o tempo eu gostei muito desse jogo eu recomendo ele é ótimo de 🥰,5,31,4.3.8,2020-05-07 05:21:29
35,Fernando Batista Aquino,https://lh3.googleusercontent.com/-NnhJg9H75gI/AAAAAAAAAAI/AAAAAAAAAAA/AMZuuclWZHR29fXBi7oIMHLQ73_a-1zc9Q/photo.jpg,O jogo tem suas regras próprias e não permite vc fazer jogadas que o próprio jogo faz vou desinstalar por esse motivo,1,1,4.3.9,2020-05-28 23:07:59
36,Manuela Camargo Machado da Nóbrega,https://lh3.googleusercontent.com/-pOd9_v7E5i8/AAAAAAAAAAI/AAAAAAAAAAA/AMZuuckn8xX6B2wGLi5CGezuBNbIVB0XUQ/photo.jpg,"Adorei !!! É muito bom pq tem o nível para iniciantes, dps o fácil, dps o médio e por último o difícil ! E com isso é até melhor para aprender !!!! Eu simplesmente ameeeei ❤️❤️",5,351,4.3.8,2020-04-09 21:32:18
37,Sérgio Augusto,https://lh3.googleusercontent.com/-jNrvr6mBGq0/AAAAAAAAAAI/AAAAAAAAAAA/AMZuucmUBtZBzCnOfqAW5LhbRUVFrHJdsg/photo.jpg,Ola sou uma avaliadora de jogos e dou 2 estrelas pelo simples fato de q n é corretamente entreterimental e complementar,2,1,4.3.9,2020-05-26 15:19:35
38,Anderson Ivan,https://lh3.googleusercontent.com/a-/AOh14GhRP1-U7N6ecAjhH6TEAo-3crH_MBh_3OxNa8mVmA,"Ótimo jogo com vários níveis de dificuldade e diversos tipos diferentes de damas, todos com explicações claras das regras.",5,9,4.3.8,2020-05-09 10:52:00
39,JONES PEREIRA,https://lh3.googleusercontent.com/-AKBh-uMA2Xo/AAAAAAAAAAI/AAAAAAAAAAA/AMZuuckNJfAfmuLDYKMiDsxmPKGsbU3nRQ/photo.jpg,Otimo aplicaticativo que cumpre com excelência a finalidade proposta.,5,3,4.3.9,2020-05-20 09:20:30
40,Adriana Oliveira,https://lh3.googleusercontent.com/-UIUNmmri6sU/AAAAAAAAAAI/AAAAAAAAAAA/AMZuuckTtnYIi55A6wgNT4v2pvV1MUsxJA/photo.jpg,Adorei Porque tem vários níveis desde os muito fáceis até os mais desafiadores recomendo para quem quer ficar invencível na dama. Também tem poucos anúncios e não trava.🤘👍.Sou menino está é a conta da minha mãe.,5,205,4.3.8,2020-04-14 07:04:56
41,Almir Zornetta,https://lh3.googleusercontent.com/-KTiY4Stwtks/AAAAAAAAAAI/AAAAAAAAAAA/AMZuucnBqzYT9r27qK0HCXeVAkoPa9536A/photo.jpg,"Os níveis, iniciante, médio, difícil são bem definidos.",5,4,4.3.9,2020-05-11 14:30:30
42,Adriano Dantas,https://lh3.googleusercontent.com/-A5FEQpb-L8Y/AAAAAAAAAAI/AAAAAAAAAAA/AMZuucn0QMvdicSNOgYOF_MiJ8fiJNt2hw/photo.jpg,Prezados criadores estou escrevendo esse comentario para dizer que eu numca vou desistalar este jogo no meu celular piqueno e com polca memoria esse jogo deu para eu estalar muito obrigado por que ninguei da minha casa tem tempo para jogar comigo então eu pesquisei na play story por (jogos de damas) teve um bocado de jogos de dama eu escolhi logo este que me encantou muito obrigado. So pesso por favor fasam uma atualização com dicas para eu i outro ficarem mestre muito obrigado VALEUU🙌🙌🙌🙌,5,12,4.3.8,2020-05-06 18:17:10
43,Gabryelle nascimento,https://lh3.googleusercontent.com/a-/AOh14Gg2rb-LiGlpE01wy8gC5TzPe3PAHJjf3154vGsqRw,"Esse jogo é super bom, a gente pode escolher o país q quiser. É maravilhoso esse jogo podem abaixar confia em mim. Ñ É difícil controlar, É nem muito difícil jogar Andam abaixem",5,11,4.3.8,2020-05-06 12:25:21
44,Gleizaiane Santos Taciano,https://lh3.googleusercontent.com/a-/AOh14Gixz3lxG3TrhsntzlqNbd5TIvlQ1rpzG4VjCFT1Rg,Não recomendo. Pois no jogo somos obrigada a fazer a jogada e quando é a vez do jogo fazer para que o participante possa dar o chek mat na pedra do jogo ele não come a pedra. Isso é um roubo. Se é pra jogar que se jogue direito e não roubando.,1,257,4.3.8,2020-04-15 16:03:17
45,italo shang,https://lh3.googleusercontent.com/a-/AOh14Gh189UjMFsNfCBYld-dYHL1idfj341yWPrNrV1wVg,"O jogo é bom mais quando e pra atacar não pode ""recuar"" e a gente sabe oque vai acontecer se atacar a outra peça tbm vai comer e então não vale a pena mais não tá pra mudar a posição de outra peça ! E o rei tbm é assim não pode mudar mesmo você sabendo !",1,203,4.3.8,2020-04-15 12:04:17
46,Paulo Ribeiro,https://lh3.googleusercontent.com/-YnejcnXO2SY/AAAAAAAAAAI/AAAAAAAAAAA/AMZuucmjznC7BxADT4_dXWCThvX5u6gUQg/photo.jpg,Fácil de jogar e vai complicando a cada etapa! Clássico,5,5,4.3.9,2020-05-11 12:46:52
47,Hideraldo Filho,https://lh3.googleusercontent.com/-PC4lnwGDGT8/AAAAAAAAAAI/AAAAAAAAAAA/AMZuucm-ygq36gnRjhkpovBSSwTgam1ECQ/photo.jpg,"Muito bom jogar um joguinho popular ,poderia ser melhor se o nível de dificuldade aumentasse e tivesse algumas etapas e enfim você pudesse sair como o rei da dama .",4,4,4.3.9,2020-05-14 02:28:14
48,Manuel Ncuanda,https://lh3.googleusercontent.com/-mQOZgQNi3sU/AAAAAAAAAAI/AAAAAAAAAAA/AMZuucktNroZyaPLgRe-517sN-Elmo93Og/photo.jpg,"Gostei dos jogos feitos, Sao relajantes. Sao bons professores, porque eu estou num ciclo de aprendizagem. Muito obrigado.",4,2,4.3.9,2020-05-23 05:09:48
49,Aline Gaiozo,https://lh3.googleusercontent.com/-4JAYBIP56bc/AAAAAAAAAAI/AAAAAAAAAAA/AMZuucmzbAWFazLHPV3-2IZwH-PAy22TJA/photo.jpg,"Ótimo jogo! O único problema é que você é obrigada a fazer a jogada e quando ""arma"" a sua jogada o adversário não é obrigado a fazer a mesma.",4,105,4.3.8,2020-04-15 21:36:41
50,israel rocha,https://lh3.googleusercontent.com/a-/AOh14GglCMJVMilRrPJQj0FAYZQggoyrIh65kwU3e3-a,Gosto de desafios e dama mexe bastante com a inteligência. Recomendo esse app.,5,3,4.3.9,2020-05-18 20:35:10
51,Marcello Sillveira,https://lh3.googleusercontent.com/a-/AOh14GgraJ_BpprKDZmrazYxfuxsAfGDh_CrpKYGK3V-,"Muito bom o jogo, movimentos rápidos e preciso. O que estraga um pouco são os anúncios. Mas o resto nota 10.",4,70,4.3.8,2020-04-27 21:07:15
52,Arnaldo Silva Lopes da Silva,https://lh3.googleusercontent.com/-O-zqjvpAyAQ/AAAAAAAAAAI/AAAAAAAAAAA/AMZuucnaMl27nPGUdeVpgSx4yrV91KITcg/photo.jpg,Estes jogos preenchem os nossos tempos de confinamento e sempre foram úteis pois nos obrigam a puchar pela cabeça sendo por conseguinte bons jogos recreativos,5,0,4.3.9,2020-05-30 04:28:58
53,GABRIEL BOTTEON,https://lh3.googleusercontent.com/-RePu7P0Q5TE/AAAAAAAAAAI/AAAAAAAAAAA/AMZuuckjga1dMXFwZr73pAQstGllLwNhvQ/photo.jpg,"Jogo clássico , tem boas opções de personalização do plano de fundo , funcionabilidade. Perfeita de todas as funções da dama",5,22,4.3.8,2020-04-28 02:39:06
54,Ivair De Jesus Pereira,https://lh3.googleusercontent.com/-vfLgz9TMZUM/AAAAAAAAAAI/AAAAAAAAAAA/AMZuuckMEKplx-hoo4fPNH5KDiBagPa4zQ/photo.jpg,Costumo jogar muito pouco mas está se mostrando um jogo interessante te aponta jogadas mas te obriga raciocinar,4,1,4.3.9,2020-05-20 20:24:10
55,millyn vitória,https://lh3.googleusercontent.com/-TTssUkq9Rmk/AAAAAAAAAAI/AAAAAAAAAAA/AMZuucnBXtByHEzyQBNbEbhhVOM8lwa0Bw/photo.jpg,Ñ gostei muito ñ consigo jogar com outra pessoa só tem como jogar uma pessoa por vez eu tento jogar com minha irmã só que não consigo eu não gostei por isso dou ☆☆☆,3,3,4.3.9,2020-05-22 13:51:30
56,Damião Ribeiro,https://lh3.googleusercontent.com/a-/AOh14Ggnhubol6yoPb0fYOwUwubTLb9Vvljh_qbKJDo,"Passei 3 dias para vencer o nível Grande Mestre, agora estou no Nível Campeão. É muito difícil kkkk No jogo de damas do outro app HAGO tenho quase 600 mil moedas. Lá é fácil. Parabéns aos desenvolvedores desse app nota 1000",5,340,4.3.8,2020-04-01 18:45:19
57,sebastião Luiz,https://lh3.googleusercontent.com/a-/AOh14GixMEMziMYlJ2o4Wj5cDmgi6mRBWSDEVXXE7AieZQ,"Muito bom, que troca de nível na medida que vence ...e vc só consegue jogar as fases difícil quando se passa das fases fácil.. porque as difícil fica trancada só libera pra vc jogar quando vc ganha...",5,37,4.3.8,2020-04-10 08:00:16
58,José Mártires Diógenes da Silva Caps,https://lh3.googleusercontent.com/a-/AOh14Ggf_w3SnZrPwNEEiXtEAcabJ0THMr1e_gtGzaeMeQ,"E um bom passa tempo, mas se possível trocar as cores das pedras. No celular o preto confunde muito as jogadas. Obrigado.",5,12,4.3.8,2020-04-15 18:23:10
59,Marcelo Silva,https://lh3.googleusercontent.com/a-/AOh14GhjdBWqNcQ5TPRvfX_zaAWkA7eN6mluKb-tKqO5,"Ótimo app, um dos motivos são os níveis que dificultam mais a cada partida, um ótimo desafio para os bons de dama!",5,20,4.3.8,2020-04-16 19:29:59
60,Juliano Corrêa,https://lh3.googleusercontent.com/a-/AOh14GjtigqtBM-SN3lEHLBy62WupRgUlQxxlhu11tRr,Várias vezes fiquei com maior número de peças e o sistema dá como empate sendo que eu tinha 2 damas e mais 2 peças e o jogo só tinha uma dama e ele não me dá vitória. Fraude...,4,23,4.3.8,2020-04-20 12:06:55
61,Jose Carlos,https://lh3.googleusercontent.com/-CqDhg_grX-U/AAAAAAAAAAI/AAAAAAAAAAA/AMZuuckPUd4EtAtl7LNiM8Y_UE9DdsqOAQ/photo.jpg,"Gostei porém não joguei difícil,vou em frente!Gostaria de uma indicação de um livro que me ensine a nomeclatura do tabuleiro? Grato Vou adquirir o livro .",5,5,4.3.9,2020-05-26 16:23:39
62,Adriana Freire,https://lh3.googleusercontent.com/-aydQqiFFbsg/AAAAAAAAAAI/AAAAAAAAAAA/AMZuucnxEFxlpgZh16bb6zmtIrpIh8YFEQ/photo.jpg,"esse jogo não tem nada pra reclamar otimo, 100% espetacular recomendo para instalar o jogo,além disso ainda nos dá pratica para brincar com os amigos.👌👌👌👌👌",5,10,4.3.8,2020-04-26 14:08:15
63,Fernando Rios,https://lh3.googleusercontent.com/-7_g2U9obC0E/AAAAAAAAAAI/AAAAAAAAAAA/AMZuuckyUHRlYZA4iCfJyE47Ycz4u_Q6rg/photo.jpg,O melhor app de jogos de Damas que eu conheço. Podem baixar vc vai se divertir e um excelente passatempo. Funciona até offline.,4,16,4.3.8,2020-04-25 11:15:32
64,mobile favoritos,https://lh3.googleusercontent.com/a-/AOh14Gh58Drx4THWwgjGrW0fmHmwq55DwsD_uG7Ex0zY,Eu não só tenho Madame no celular como fiz uma dama caseira me baseando no jogo e já estou treinando no próprio jogo para ganhar do meu pai na caseira,5,8,4.3.9,2020-05-09 20:47:36
65,Valdiele Silva,https://lh3.googleusercontent.com/a-/AOh14GgDrzYE2Dwz6EawAp3k8lM0KNRa1S5JjPvzAm7x,"Um belo jogo, começando do nível fácil e tem que se supera acada jogo e fazi.",5,3,4.3.9,2020-05-13 18:48:27
66,Erisneide Souza,https://lh3.googleusercontent.com/-mDt5jT6YqGc/AAAAAAAAAAI/AAAAAAAAAAA/AMZuucmHMi0e0sokL9aYR7rIxRDebJcutA/photo.jpg,Eu já joguei vários jogos de damas mais essa aqui tá tá top quem estalar ela não vai se arrepender ela é nota 10,4,2,4.3.9,2020-05-17 17:03:54
67,Eliulson Reis,https://lh3.googleusercontent.com/-0VZc6hnAfco/AAAAAAAAAAI/AAAAAAAAAAA/AMZuuckrUdrKVL57Cd5-SxR94U1han5-Mg/photo.jpg,Eu amei esse jogo ele so tem um problema que tem muito anuncio mais tirando isso e legal,4,3,4.3.9,2020-05-24 15:31:22
68,Agnaldo Pando,https://lh3.googleusercontent.com/-rfHBEi7aH4w/AAAAAAAAAAI/AAAAAAAAAAA/AMZuucmJaZeQPsEAnW_dgwSx6FFOWexEdA/photo.jpg,"Acho esse aplicativo muito legal, passo muito tempo entretido, sem contar que é muito bom pra memória.Gosto muito de jogar dama.",5,15,4.3.8,2020-04-26 23:17:19
69,Fernanda Ellen,https://lh3.googleusercontent.com/-ahRsPzqVqJU/AAAAAAAAAAI/AAAAAAAAAAA/AMZuucnMk7QFt2qwPRMUCA4VGFLFH2_H1A/photo.jpg,Desculpa mas essa é uma crítica construtiva esse jogo é muito tendencioso eu estava com 5 pessas e o outro c 1 e falou q deu empate realmente é obriga a fazer jogadas pro adversário ganhar não gostei,1,13,4.3.8,2020-04-25 16:18:59
70,Matheus Cadore,https://lh3.googleusercontent.com/-feFCU0SwrHI/AAAAAAAAAAI/AAAAAAAAAAA/AMZuuckcymy4Q7izy6ZTddd87kP62Mz7Lw/photo.jpg,"Muito top, seria melhor ainda se tivesse o modo multiplayer aí sim seria um jogo maravilhoso.",5,7,4.3.8,2020-04-25 18:46:27
71,Jacob Ntela,https://lh3.googleusercontent.com/-jrH1E1PA9VY/AAAAAAAAAAI/AAAAAAAAAAA/AMZuucml4_h4loaK69HSryvF9DyYG6a0sg/photo.jpg,É divertido e isso ajuda me a relaxar a minha memoria depois de um dia de trabalho. A minha questao é qual é a cpndiçao para passar do nível intermediario para outros niveis? Ou somente so tem este nivel intermediario se nao tem sugeria que colocassem as opçoes dos outros niveis,5,9,4.3.8,2020-04-28 12:04:35
72,Áurea De Fátima,https://lh3.googleusercontent.com/-Y0-rJ0WWHLo/AAAAAAAAAAI/AAAAAAAAAAA/AMZuuckrqTkVnd6rylI2U8m_Rd5xMD4fIg/photo.jpg,"A captura das pedras devia ser opcional, vc pode capturar ou seguir em frente para uma estrategia",2,4,4.3.8,2020-05-07 00:56:08
73,Andrade Negócios,https://lh3.googleusercontent.com/a-/AOh14Gj2I4uA8DYcAZb17RJIiPR96qGG2fEHBhjMO7hv,Este aplicativo é óptimo. Para quem gosta de jogo de damas é uma boa opção.,4,13,4.3.8,2020-04-10 15:47:47
74,Jefferson cerqueira,https://lh3.googleusercontent.com/a-/AOh14GjyY38xxL4hCXpLytPNtTXp_rZN_7dC8wYjxZWgG-s,"Muito bom relembrar as brincadeiras e jogos saudáveis da minha infância e juventude, me divertir bastante quando jogava, e eu era bom hein.",5,2,4.3.8,2020-05-06 23:14:14
75,Zuleide Pereira,https://lh3.googleusercontent.com/-POKtIYbtF_c/AAAAAAAAAAI/AAAAAAAAAAA/AMZuucnB-5f2dO1ArcK8lXN3TVqyEpkhYg/photo.jpg,Ele é muito prático legal de jogar só tenho um probleminha é um pouco as propagandas que atrapalha,3,2,4.3.9,2020-05-13 15:59:34
76,Reginaldo Jose Correa,https://lh3.googleusercontent.com/-yYF4siqff6Q/AAAAAAAAAAI/AAAAAAAAAAA/AMZuucm1H3cMk7BgztufNJ49eUGAz6032A/photo.jpg,Muito legal faz uso de pensamentos rapidos.,5,1,4.3.9,2020-05-14 15:54:02
77,J3 LEÃO,https://lh3.googleusercontent.com/-8ubInAPcveM/AAAAAAAAAAI/AAAAAAAAAAA/AMZuucke0-ayUUu8uOlwddITY3UIgY8s-g/photo.jpg,"Não gostei do jogo, porque a gente e obrigado a fazer a jogada e comer a pedra, e quando a gente arma a jogada pra máquina comer a pedra, a mesma ignora a regra. Conclusão a jogada da gente não funciona.",1,52,4.3.8,2020-04-12 21:21:55
78,Florisvaldo Barbosa,https://lh3.googleusercontent.com/-mD2tI7Q4CPM/AAAAAAAAAAI/AAAAAAAAAAA/AMZuucntWNDw8h18i4p8SunflUMIAywdnA/photo.jpg,O problema que quando temos duas oportunidades o jogo sempre nos dá o favorável para eles...,1,3,4.3.8,2020-05-09 18:46:04
79,Jaques Vieira,https://lh3.googleusercontent.com/-_6JfkBXEWgQ/AAAAAAAAAAI/AAAAAAAAAAA/AMZuucnCYMDNNGflT7Le2S7CzrAR6sTzfA/photo.jpg,Aplicativo muito bom para quem gosta de jogar damas. Possui formas de praticar o jogo de várias partes do mundo.,5,2,4.3.8,2020-05-10 19:10:57
80,Gabriel Alencar,https://lh3.googleusercontent.com/a-/AOh14Gh6OxtwJZAsZCHSOL1edUrSi0006baRErC-N_o0zw,"Um Belo sistema de jogo,gostei e é um dos melhores passa tempo para mim que gosta do jogo de damas 😉",5,23,4.3.8,2020-04-09 20:25:48
81,Jose Alfredo,https://lh3.googleusercontent.com/a-/AOh14GhxUE51Jl1LFwWZKPWxeZ1w8YkExM5s-r04aOlzjA,"Muito interessante faz tempo que não jogava,alto nível, parabéns aos, desenvolvedores deste, jogo 👍🇧🇷😄",4,11,4.3.8,2020-04-25 22:03:53
82,Jorgivaldo Torres Sales,https://lh3.googleusercontent.com/-5Ltkr6crAuM/AAAAAAAAAAI/AAAAAAAAAAA/AMZuucnOb807AVcB4LA3jIx8vpRBZ6e-xg/photo.jpg,Boa jogabilidade otimo para desenvolver abilidades de raciocinio,5,1,4.3.9,2020-05-23 16:14:59
83,Thiago Lins,https://lh3.googleusercontent.com/-1yiCBXVwc4M/AAAAAAAAAAI/AAAAAAAAAAA/AMZuuckXXmkXG4D4wIo98tE2rttIXlvfqw/photo.jpg,"o jogo deveria seguir às regras oficiais. Mas, ainda sim, é um excelente jogo.",3,3,4.3.9,2020-05-19 13:41:56
84,Firmino João,https://lh3.googleusercontent.com/-5fQ_VhTBweQ/AAAAAAAAAAI/AAAAAAAAAAA/AMZuuck1Dit4BPKIFMgwNuJERGcBd5bslQ/photo.jpg,Revivi meus tempos de adolescência de uma forma estimulante e acolhedora... parabéns pela iniciativa de estimular aos adeptos de DAMAS!,5,12,4.3.8,2020-04-10 17:01:06
85,Henrique Araújo,https://lh3.googleusercontent.com/a-/AOh14Ghe3ifyfu_HVzXSITiHOTC7nUQPW_UqIB2TuqmWtQ,"O jogo obriga a gente a realizar determinados movimentos, tirando a nossa liberdade de jogadas e fazendo a máquina sempre ganhar",1,246,4.3.8,2020-03-27 23:12:48
86,Fabio Gaia,https://lh3.googleusercontent.com/--2MS4H5A-8s/AAAAAAAAAAI/AAAAAAAAAAA/AMZuucnXxqIFYa-rQPH0MDg-QB7Vpf4EKQ/photo.jpg,melhor jogo de dama da minha vida tem um monte de dama até da Tailândia!! isso em o um ótimo jogo quem gosta de dama vai amar esse jogo e esse jogo e muito divertido merecia ser o jogo mais jogado do mundo! poriço dou 5 estrelas,5,102,4.3.8,2020-04-01 22:28:44
87,rangely lisboa,https://lh3.googleusercontent.com/a-/AOh14GjFxGo3Km01Axa7R3BiHkhKlXm-YnsAx4HBp4QMCw,"No coputador trava tudo e nao da pra vc ganhar, sempre quando vc ta ganhando trava tudo e vc tem que sai do jogo e entrar de novo. obrigar a fazer jogadas que vc nao quer e vc acaba se ferranda. o grafico do jogo e bom mas eles nao essinam a mexe na sensibilidade etc...nao recomendo a baixa vc vai perde tempo",1,8,4.3.8,2020-04-26 14:38:03
88,Johnny Oliveira,https://lh3.googleusercontent.com/a-/AOh14GhAqCKU4fVA2eCm36qyuhAxAN1bjE4_YQV4cqVT,Eu gostei pena que a gente não pode jogar a pedra a onde quiser só tem que fazer os movimentos que o jogo manda,5,0,4.3.9,2020-05-28 16:37:12
89,Vitor Silva,https://lh3.googleusercontent.com/-P3bIClzyyJc/AAAAAAAAAAI/AAAAAAAAAAA/AMZuucnutD2Vtmklz909kAS7gvIv9Ex6jA/photo.jpg,"Muito bom. Se pudesse jogar online contra um amigo, então seria mesmo espetacular.",5,178,4.3.8,2020-03-30 22:33:00
90,Victor Fernandes,https://lh3.googleusercontent.com/a-/AOh14GhBidogHVnHfTfEHtUrtfRbOBxb0i9RtppOUWXKCQ,"Muito bom. Tem vários níveis de dificuldade, além da opção dois players. Entrega o que promete.",5,8,4.3.8,2020-04-27 17:02:29
91,Adalto Andrade,https://lh3.googleusercontent.com/a-/AOh14GisDypiTcCJkMrixo5G4j_mJE5GFw4_AjNmcQC9-Q,"Nota10, esse app é muito bom, são níveis fáceis, até os difíceis, adoro desafio.",5,58,4.3.8,2020-04-02 21:18:29
92,mario 036,https://lh3.googleusercontent.com/-Yv9cNfrQHR8/AAAAAAAAAAI/AAAAAAAAAAA/AMZuucl4GSA3PKNOTTo-K1ilu4Z9PXjHTQ/photo.jpg,"O jogo é muito interessante! Mais não tem um jogador para ajudar nas fases difícil, poderia melhorar.",3,9,4.3.8,2020-04-25 20:15:13
93,Kauan Pancieri,https://lh3.googleusercontent.com/-Nq8iNqItwjE/AAAAAAAAAAI/AAAAAAAAAAA/AMZuuckp5QZJ071qpvLERuvVQIz4FBEMgA/photo.jpg,"O jogo é muito divertido, tranquiliza quando estamos sem paciência e ajuda quando estamos sem nada para fazer.",5,1,4.3.9,2020-05-21 13:33:59
94,Jose Carlitos,https://lh3.googleusercontent.com/-R22HNImDA5o/AAAAAAAAAAI/AAAAAAAAAAA/AMZuucllFgc_Q4PsfGePk5Chirr2m5rOSQ/photo.jpg,"O jogo é bom, eu gostei. Está de parabéns! Mas isto de uma pedra ou peça não recuar pro ataque, faz-me não dar 5 estrelas. Mas o resto tá 👌",3,11,4.3.8,2020-04-20 19:44:28
95,Bruno Costa,https://lh3.googleusercontent.com/-x1o-sq3strM/AAAAAAAAAAI/AAAAAAAAAAA/AMZuucmYj51ryJDPAK3q8_xUPryhs_EBIg/photo.jpg,"Não é tão bom quando o computador está perdendo o jogo ele trava a partida, ele só quer sair como vencedor o tempo todo.",1,9,4.3.8,2020-04-19 16:40:35
96,Lobinho fofinho,https://lh3.googleusercontent.com/a-/AOh14GgnB6KwrpFMFSQPuBqEPag3HnCBj3lGM-jZje7Apg,Bem legal os gráficos são muito perfeitos você pode colocar captura é obrigatória desligar que aí o cara não te come aí tu faz dama,5,8,4.3.8,2020-04-28 13:27:03
97,Sofia Moura,https://lh3.googleusercontent.com/-aAsLknXu5M4/AAAAAAAAAAI/AAAAAAAAAAA/AMZuucklI8XN9iCKDJ7D19W7bYoC1zNqmw/photo.jpg,Eu gostei desse jogo mais tem um porem porque os outros pretos podem deser e os brancos não então deveriam deixar os outro brancos desser mais eu adorei esse jogo quem achar esse jogo inutil vai se arenpender parabems para quem fez o jogo👏💖💋,5,94,4.3.8,2020-03-28 10:21:17
98,Cilas Vieira,https://lh3.googleusercontent.com/-QYTp9h9QZxo/AAAAAAAAAAI/AAAAAAAAAAA/AMZuuckawOp0BIr2hCp3rlFLEKlPpkj9lg/photo.jpg,"Excepcional, jogo damas a mais de quarenta anos, ótimo desafio.",5,8,4.3.8,2020-04-11 23:29:31
99,Luciana Melo,https://lh3.googleusercontent.com/a-/AOh14GhLQD7Oobyw1z9PV2WWMa7LOnHBxtFM2ZFYQZOx,Muito bom mesmo super recomendo. Principalmente em tempos de quarentena,5,8,4.3.8,2020-05-02 18:10:12
