,userName,userImage,content,score,thumbsUpCount,reviewCreatedVersion,at
0,Maria eduarda Techio Araujo,https://lh3.googleusercontent.com/-yfGJ891uW1M/AAAAAAAAAAI/AAAAAAAAAAA/AMZuucmLKYLlV618IXJ_3YL3mRE4KgN0aw/photo.jpg,O jogo é muito bom a jogabilidade os gráficos são muito bons :-) :-),5,38,1.2.5,2020-04-30 08:09:37
1,Eugénio João,https://lh3.googleusercontent.com/a-/AOh14GgLjLOnasC1TSheW8-TAPodtOlFtwYKdDBpuZVv,Não tenho crítica a fazer. Sempre gostei deste jogo e espero que melhorem no que poderem...,5,65,1.2.5,2020-04-10 09:24:49
2,Araildes Oliveira,https://lh3.googleusercontent.com/-lF1GgGjXlaw/AAAAAAAAAAI/AAAAAAAAAAA/AMZuucnkRufT5fyidOQJEA9w91ERGZdqgg/photo.jpg,"Esse jogo é maravilhoso , muito bom mesmo nos ajuda a exercitar a mente e manter o cérebro em equilíbrio.",5,48,1.2.5,2020-04-30 22:28:13
3,Aparecida Simionato,https://lh3.googleusercontent.com/-G6LGcqLvFDM/AAAAAAAAAAI/AAAAAAAAAAA/AMZuucnrD93m5i__YfsLEw_yudVCIyLEmQ/photo.jpg,"Muito bom, instigante, você para, mas sem perceber volta a abrir o jogo e continua até acabar a bateria do celular, Gostaria que fosse mais desafiador tipo tempo para achar as palavras",5,93,1.1.5,2019-05-04 21:15:41
4,Geovana Sousa,https://lh3.googleusercontent.com/-3-cMXZKdBNg/AAAAAAAAAAI/AAAAAAAAAAA/AMZuucmgv8KaPmzUBL5MUUff0PL4rshBIw/photo.jpg,Gostei muito mas fica dificio depois de um tempo tirando isso ele e muito bom pode colocar varias lingagens diferentes amei E INCRIVEU !!!!!!!!!!!!!!!!!!!!!!!!!!!!!!!!!!!!!!!!!!!!,5,83,1.1.5,2019-07-29 06:31:01
5,Luana Santos,https://lh3.googleusercontent.com/a-/AOh14GgM6fEpIPLNOHq2XTXFjQrRf90SuE-ExwqMHvx4,por agora não é dificil mas o problema é que parece q estamos a repetir sempre o mesmo nivel..... e isso nao é bom porque o jogo assim fica aborrecido.,4,22,1.1.5,2019-04-16 07:23:55
6,Rick Valle,https://lh3.googleusercontent.com/-EQDFHE5SORA/AAAAAAAAAAI/AAAAAAAAAAA/AMZuucmrT78t3KhRsX1uMI_gpYP0Rrim6Q/photo.jpg,"Muito bom. A medida que você avança, o nível de dificuldade aumenta, isso faz com que cada vez mais você queira cumprir as etapas. É um jogo que prende realmente a sua atenção.",5,39,1.1.5,2019-08-20 17:10:54
7,Maria Aparecida Matos Pereira,https://lh3.googleusercontent.com/-QGyh8U1c69o/AAAAAAAAAAI/AAAAAAAAAAA/AMZuuckoOyOu5nTyjlvfN6EwcyLJ_CfG_A/photo.jpg,"É muito facíl achar as palavras, é quando agente demora achar as palavras as letras fica piscando facilitando para você achar, então se torna facíl... Por isso eu não vou dar cinco estrelas para o jogo",3,11,1.1.5,2019-08-11 17:33:48
8,cleonice de Morais,https://lh3.googleusercontent.com/-SCOxUQahV2s/AAAAAAAAAAI/AAAAAAAAAAA/AMZuucluTs9eLux6OksWsOtX4sU3Gu60qw/photo.jpg,e muito bom por que tambem não tem tempo eu odeio tempo. mas quem criou esse jogo ta de parabem otimo e ouro para ele caraca que otimo jogo que eu tambem gosto de jogar muito esse jogo ainda mas que e otimo esse jogo ameiiiiiiiiiiiiii. ta de parabens,5,5,1.1.5,2019-06-11 21:14:49
9,Eliane Ramos Juliano,https://lh3.googleusercontent.com/-m8Rk_cO91A8/AAAAAAAAAAI/AAAAAAAAAAA/AMZuuckGfXSCVJWgNpFsI277lQrbvTxkYQ/photo.jpg,Muito bom. É um excelente exercício pra mente é um passa tempo divertido.,4,0,1.2.5,2020-05-11 14:17:08
10,Leandro Vitoriano,https://lh3.googleusercontent.com/a-/AOh14Gg_EnYekDl99gtj58w18B5JQ9rvPteFmf90-1Ie,Ótimo jogo no propósito em que se anuncia. Excelente caça palavras!,5,0,1.2.5,2020-05-16 16:50:42
11,Andréa Mantovani,https://lh3.googleusercontent.com/-l2tJHQ_RLeY/AAAAAAAAAAI/AAAAAAAAAAA/AMZuuck1sqdllyMx-EGYWmo3FqAO2_3cMQ/photo.jpg,"Eu gostei mais deveria ter mais palavras complicadas ,pois aquelas até bebê sabe fazer ainda de olhos fechados . Por favor coloque palavras mais difícil. 👏👏👏👏 Parabéns pelo jogo",5,3,1.1.3,2018-09-30 18:50:27
12,IzabellaRosaneCintraPinto Rosane,https://lh3.googleusercontent.com/--HofdL71XjA/AAAAAAAAAAI/AAAAAAAAAAA/AMZuuclvNfzHTuLw9nuWAHRRi77nIsb_vQ/photo.jpg,"Gostei um pouco mais não gostei muito é muito barulhento,repetitivo, enjoativo e tinha que ser mais difícil até uma criança de (4) anos consegue fazer isso por isso mesmo eu vou desinstalar.E um recado não instalem isso. Obrigada",1,11,,2019-06-08 08:50:51
13,Liliane Mendes,https://lh3.googleusercontent.com/-bt-4sk-em-I/AAAAAAAAAAI/AAAAAAAAAAA/AMZuucnRvomUKC2uF9Eupewjfda_fskWvg/photo.jpg,E ótimo pra passar o tempo pra pessoa idosa pra não esquecer as coisas ..,5,35,1.2.5,2020-04-05 20:13:50
14,Um usuário do Google,https://lh3.googleusercontent.com/EGemoI2NTXmTsBVtJqk8jxF9rh8ApRWfsIMQSt2uE4OcpQqbFu7f7NbTK05lx80nuSijCz7sc3a277R67g,amei esse jogo e muito legal e fácil mas já da para aprender bastante coisa é quem ama casa palavras super recomendo e bem legal e vc passa o tempo muito rápido quando vê das umas 7 horas que está jogando super recomendo ammmmeeeeiiiiii!!!!!!!!!!!!!!!!!!!!!!!!!!!!!!!!!!!!!!!!🤗🤗🤗🤗🤗🤗🤗🤗🤗🤗🤗🤗🤗🤗🤗🤗🤗🤗🤗🤗🤗🤗🤗🤗🤗🤗🤗🤗🤗🤗🤗🤗🤗🤗🤗🤗🤗🤗🤗🤗🤗🤗🤗🤗🤗🤗🤗🤗🤗🤗🤗🤗🤗🤗🤗🤗🤗🤗🤗🤗🤗🤗🤗🤗🤗🤗🤗🤗🤗🤗🤗🤗🤗🤗🤗🤗🤗🤗🤗🤗🤗🤗🤗🤗🤗🤗🤗🤗🤗🤗🤗🤗🤗🤗🤗🤗🤗🤗🤗🤗🤗🤗🤗🤗🤗🤗,5,9,1.1.5,2019-02-05 13:00:15
15,maria costa,https://lh3.googleusercontent.com/a-/AOh14GjkYJQgcPkGHfnRGPqyMP5SfDNts_lJz40IFObx,"eu gostei deste jogo ele e muito legal , mal jogei i gostei bartande deste jogo ele é super mega legal em tão dei 5 estrelas . Porque amei o jogo o jogei 2 partidas não jogei quase . Em tão se vc ta lendo joge para vc ver como e legal este jogo .joge pra ficar sica naste jogo mal jogei e estou boa no jogo .",5,8,,2019-04-27 00:20:07
16,Diana Nunes,https://lh3.googleusercontent.com/a-/AOh14GheEDsUDHSB-aCzwvsJThkOJwEoXWXEPRhvzIGx1O8,"Eu gostei e é mto bom para exercitar o cérebro. Faz com que deixe o seu cérebro em ativa, faz vc pensar rápido e com clareza",5,1,,2020-04-03 10:27:16
17,Um usuário do Google,https://lh3.googleusercontent.com/EGemoI2NTXmTsBVtJqk8jxF9rh8ApRWfsIMQSt2uE4OcpQqbFu7f7NbTK05lx80nuSijCz7sc3a277R67g,"Este jogo é bom,por conter palavras tanto da atualidade usual, quanto as pouco utilizadas,mas que nos proporcionam a curiosidade em saber o significado de deterninadas palavras.",5,0,1.1.3,2018-11-11 10:42:33
18,Um usuário do Google,https://lh3.googleusercontent.com/EGemoI2NTXmTsBVtJqk8jxF9rh8ApRWfsIMQSt2uE4OcpQqbFu7f7NbTK05lx80nuSijCz7sc3a277R67g,"instalei o jogo e comei logo a experimentar para ver se realmente o jogo era bom e sinceramente estou a gostar muito. bom jogo,boas paralvras, recomendo a quem gosta destw gênero de jogos instale e desfrute de um bom jogo",5,295,1.1.5,2019-02-06 14:23:23
19,Um usuário do Google,https://lh3.googleusercontent.com/EGemoI2NTXmTsBVtJqk8jxF9rh8ApRWfsIMQSt2uE4OcpQqbFu7f7NbTK05lx80nuSijCz7sc3a277R67g,"gosto muito, porque fico tentando achar as palavras sempre mais rápido e seguir jogando em sequência , acho um desafio.",5,14,1.1.5,2019-03-22 11:53:26
20,Um usuário do Google,https://lh3.googleusercontent.com/EGemoI2NTXmTsBVtJqk8jxF9rh8ApRWfsIMQSt2uE4OcpQqbFu7f7NbTK05lx80nuSijCz7sc3a277R67g,este jogo é mágnifico porque ajuda muito a procurar as palavras e é sem dúvida alguma um jogo que devia ser muito aperecido por todos nós que agradecemos de o jogo ser assim façam mais quem acha que eu tenho razão comenta sem dúvida alguma esse jogo devia ser mais amostrado parabéns pelo ou pela pessoa e pela paciência de o fazer os meus sinceros parabéns ❤️💙❤️💙❤️💙❤️💙❤️💙,5,26,1.1.3,2018-12-28 12:51:52
21,Laura De Pieri,https://lh3.googleusercontent.com/-_l072l-d-9A/AAAAAAAAAAI/AAAAAAAAAAA/AMZuucnWmvt2P15AzJrrG0agOjPZmp4p2A/photo.jpg,Muito bem organizado adoro jogar eu tenho 80 amos des de crianco eu sempre apreciei muito Para bem coisa boa tem que ser eterna,5,5,1.2.5,2020-03-25 13:47:53
22,mayara Prado,https://lh3.googleusercontent.com/-wJpnHY5SrMw/AAAAAAAAAAI/AAAAAAAAAAA/AMZuucm4SkoZe5sc8PPLHh-ANaI3wmvshw/photo.jpg,é bom o jogo é muito bom só que poderia melhorar as fases fica difícil do nada fica fácil eles dão dicas e os aprendiz tem que aprender sozinho eu acho isso essa minha opinião por uma estrela eles não ganham,4,1,1.1.5,2019-05-28 05:30:18
23,Marileia dos Santos Dias,https://lh3.googleusercontent.com/-JCDz-GsU3aI/AAAAAAAAAAI/AAAAAAAAAAA/AMZuucmozCJ1UEzPFJE9b5rt4JFtrkhnCA/photo.jpg,"Gosto desse tipo de joguinho só para distrair, se quiser dificultar eu deleto. Difícil já basta a vida",5,1,1.2.5,2020-03-10 17:09:34
24,Claudia Marques,https://lh3.googleusercontent.com/-xZ4INg9RPAM/AAAAAAAAAAI/AAAAAAAAAAA/AMZuuckqfIPnyfttCtGGPkBWKXO15SHymQ/photo.jpg,"é um jogo muito divertido,muito instrutivo...perfeito para as pessoas de mais idade... e um bom treino para memória Achei super legal",5,19,1.1.5,2019-05-20 02:20:15
25,Thalyta Simeão,https://lh3.googleusercontent.com/-vE_1pe_S07o/AAAAAAAAAAI/AAAAAAAAAAA/AMZuuckYcolzq_rKMvUYZBC5I-BfqCm_JA/photo.jpg,O jogo é bom .mais eu ñ sei se tem anúncio se tiver algum anúncio. eu vou desinstalar. pq eu odeio esperar anúncio.e se tiver 2 ou 3 tabom mais se passar toda hora eu vou desistalar,2,5,1.1.5,2019-05-01 20:56:37
26,Michel Santos,https://lh3.googleusercontent.com/a-/AOh14GghUQp1X8U3Kg44eF1p1M3J1fIkT7f2IvfcQ6trzV4,É um jogo que aumenta o conhecimento cognitivo. Pode melhorar se o jogador puder escolher o idioma.,5,0,1.1.5,2019-06-07 06:12:32
27,João Rodrigues,https://lh3.googleusercontent.com/-CBo1ECWQHbQ/AAAAAAAAAAI/AAAAAAAAAAA/AMZuucm5GCKek35cGg4cX-40auSnOEnRDg/photo.jpg,"É uma açã0 de interpretar as lêtras, onde o cérebro fica rápido e dando conhecimento, à às pessoas, é muito bem equilibrado. Gosto.",1,48,1.2.5,2019-09-08 13:00:41
28,marya de fatima souza,https://lh3.googleusercontent.com/-05mcrzTKobI/AAAAAAAAAAI/AAAAAAAAAAA/AMZuucnpyTBAi-17F2px7J5Iq4UjxN3I-g/photo.jpg,"gostei muito desse jogo, quando eu tou sem fazer nada vou jogar, i e muito divertido esse app, e bom agente si distrair di vez enquanto, porisso dou 5 estrelas",5,3,1.1.5,2019-05-22 19:10:39
29,Elisabete Sousa,https://lh3.googleusercontent.com/a-/AOh14GjhSsXsy7QSgRAjntgjjSGyoCyWS54xdaqHtsgfhA,"bom para passar o tempo e estimular a mente, mas poderia apresentar níveis mais complexos à medida que se avança no jogo",4,0,1.1.3,2019-01-12 18:21:24
30,Enanuelly Aparecida,https://lh3.googleusercontent.com/-BfxM3Y8j7iM/AAAAAAAAAAI/AAAAAAAAAAA/AMZuucnMA12h54AQm5w5YKcusQl96tyGeA/photo.jpg,o jogo para mim eu acho que até beber consegue jogar por que as letras são muito são muito grandes só que saber ler aí eu acho melhor pegar que aquele caça palavra que tem a letra bem pequenininha só que quem tá se adaptando Ale assim aí pode usar esse eu eu já me adaptei faz tempo estou jogando porque é muito legal gente muito legal tente jogar pelo menos uma vez meu celular tá cheio aí eu tentei instalar aí aí você está então aí vocês instalam e vocês avalia que nem eu estou avaliando então da,5,33,1.1.5,2019-04-12 19:05:33
31,Um usuário do Google,https://lh3.googleusercontent.com/EGemoI2NTXmTsBVtJqk8jxF9rh8ApRWfsIMQSt2uE4OcpQqbFu7f7NbTK05lx80nuSijCz7sc3a277R67g,"Bom jogo pra passar o tempo, ajuda inibir a ansiedade, e manter o auto controle daquilo que procuramos.",5,50,1.1.5,2019-02-06 15:52:56
32,Um usuário do Google,https://lh3.googleusercontent.com/EGemoI2NTXmTsBVtJqk8jxF9rh8ApRWfsIMQSt2uE4OcpQqbFu7f7NbTK05lx80nuSijCz7sc3a277R67g,"Muito bom para ativar a memória e excelente , de graça, e não precisa mais gastar dinheiro na banca de jornal ótimo!",5,64,1.1.5,2019-02-28 13:38:47
33,Maria Martins,https://lh3.googleusercontent.com/a-/AOh14Gi5M24iql0ucnVo2BMn1v-uKecOpZpAu-FQsZTOwg,"Muito bom para exercícios de memória e concentração, fácil e por isso, não cansativo.",5,31,1.1.5,2019-04-27 05:33:38
34,Ronilda David,https://lh3.googleusercontent.com/a-/AOh14GjjOin86KP7jQuER85x-s0KhWLrFL4fyzZBnwew4VI,"Minhas congratulações aos desenvolvedores desse aplicativo. Melhorei muito depois que comecei a jogar, melhor que terapia ou calmantes. Recomendo.",5,6,,2019-09-10 18:50:24
35,João batista,https://lh3.googleusercontent.com/-1OdfXsCZi3U/AAAAAAAAAAI/AAAAAAAAAAA/AMZuuclnVPBOWBE2t11gTE2YDIeUtmITxA/photo.jpg,tem que ser um pouco mais difícil eu só dei uma estrela porque é muito fácil e eu não gostei muito tem que ser mais um pouco difícil tem que ser muito difícil E aí a pessoa demora e por isso mesmo eu vou desinstalar esse jogo,1,577,1.1.5,2019-04-06 19:13:22
36,Isis Marcelle Barros Brito,https://lh3.googleusercontent.com/-gya6Bg2dQW0/AAAAAAAAAAI/AAAAAAAAAAA/AMZuucnRaYqXCWn1atfaWzdxFcXvKEOWOw/photo.jpg,"esta sendo boa a experiência, jogo esta bem explicado, até agora não travou ou de outro problema.",5,3,1.1.5,2019-04-04 13:52:32
37,Heleno Ribeiro,https://lh3.googleusercontent.com/a-/AOh14Gid6fBKYUUNItxCPc2N7_7TDElB2xfy_hA8BulQpCA,Passatempo excelente. Só não achei aonde desabilitar os sons,4,0,1.1.3,2018-09-12 16:57:20
38,larissa milena,https://lh3.googleusercontent.com/-lvntsYO_44c/AAAAAAAAAAI/AAAAAAAAAAA/AMZuuclm8rIr2VEg-tli0nAZH8HO4nuKEQ/photo.jpg,oi eu gostei muito desse jogo espero que vocês façam mais beijos da Laura e me ensinou bastante como aprender palavras eu estou muito feliz agora sendo que eu nem joguei Mas como eu gosto de caça-palavras eu amo eu amo eu amo eu amei obrigada por fazer esse jogo muito legal demais queime é game,5,46,,2019-10-09 09:12:12
39,Um usuário do Google,https://lh3.googleusercontent.com/EGemoI2NTXmTsBVtJqk8jxF9rh8ApRWfsIMQSt2uE4OcpQqbFu7f7NbTK05lx80nuSijCz7sc3a277R67g,Este jogo é muito legal é divertido .Apesar que devíamos poder escolher o tamanho do diagrama e sobre qual assunto seria,5,0,1.1.3,2018-12-01 03:43:38
40,nosso mundo da biaah,https://lh3.googleusercontent.com/a-/AOh14GgesHR49m9yTOFkC34C8bhiN1wZ5juv2mS3ddei,"eu gostei desse ele jogo porque eu acho facinho as palavras mas tambem tem poucas letras e da para achar sem pensar aonde esta as palavras. Eu não preciso procurar e o proprio nome diz caça palavras não da para procurar . Claro q vc pode achar ""ai q menina chata ela deveria aproveitar assim ela ganha cada vez mas pontos "" Não estou fazendo tiatrinho mas e verdade atè qm não sabe ler acha facio facio as palavras è isso q eu acho. OBS: Tem 10 letras 6 palavras para acha. Uma grudada na outra .",2,96,1.1.5,2019-06-07 07:59:20
41,mari cala sol,https://lh3.googleusercontent.com/-8jM9dD2Vl4s/AAAAAAAAAAI/AAAAAAAAAAA/AMZuucmLC2rYd76MqKUoeCSoVFLAXy2EUg/photo.jpg,O jogo e muito mais como meu cllr reiniciou queria voltar pro nivel que eu estava antes,5,0,1.2.5,2020-04-21 20:43:25
42,Eunice Silves,https://lh3.googleusercontent.com/a-/AOh14Gj0-mFb1q4yMSVDFNiuOIVrRNbxLzP5Xvq3Av7Jtg,E simples e rápido.,1,0,1.2.5,2020-04-30 20:27:30
43,Rosimara Mussato,https://lh3.googleusercontent.com/-G4Jhlnpkav4/AAAAAAAAAAI/AAAAAAAAAAA/AMZuucnDdAMZZVrptHQ_jEw3ydqIDwHmAg/photo.jpg,"Muito bom, fácil e simples de jogar.",5,0,1.2.5,2020-05-25 21:14:58
44,Maria De Fatima Oliveira Silva,https://lh3.googleusercontent.com/-vtQamcim3ko/AAAAAAAAAAI/AAAAAAAAAAA/AMZuucmycal1Xgsj3wHGViPSALqBn8AC9w/photo.jpg,É uma distração e apredizado no trenamento com as palavras.,3,0,1.2.5,2020-05-09 22:51:08
45,Um usuário do Google,https://lh3.googleusercontent.com/EGemoI2NTXmTsBVtJqk8jxF9rh8ApRWfsIMQSt2uE4OcpQqbFu7f7NbTK05lx80nuSijCz7sc3a277R67g,Acho este jogo muito bom com inigmas e mais coisas boas e dá para qualquer elemento da família para qualquer idade,5,0,1.1.3,2018-12-15 22:10:03
46,Tatiana Maria de Jesus,https://lh3.googleusercontent.com/a-/AOh14GifRc2sCiSMOc69Xu_HhspOpqw22wZqe8eHdC8YZw,A jogabilidade é ótima. Irritante são os sons a cada palavra encontrada.,5,1,1.1.3,2018-09-13 01:51:11
47,Marcia Helena,https://lh3.googleusercontent.com/-ytm9L88ojbg/AAAAAAAAAAI/AAAAAAAAAAA/AMZuucnN1GqxLSbpA_nVxqEbHLqK6L-9qw/photo.jpg,"Estou adorando esse jogo, ele é ótimo para descontrair e exercitar a mente depois de um dia estressante de trabalho!👏",5,3,1.1.5,2019-05-07 22:57:47
48,Cacilda Jovo,https://lh3.googleusercontent.com/-uZtv9M3Kyzk/AAAAAAAAAAI/AAAAAAAAAAA/AMZuucmzJi_FGJQPYSQkHvPwMyH98zaV6g/photo.jpg,o jogo e muito interessante mas é um pouco dificultoso na hora de marcar e demorado e as vezes não aceita facilmente,4,1,1.1.5,2019-05-15 16:34:03
49,Ildefonso Segundo,https://lh3.googleusercontent.com/a-/AOh14GgZu7m27F5CrIYf2fW44yWe1Qzyxg5TBcxkd_abaA,"Bom e relaxante, sem falar que estimular o cérebro a processar rápido.",3,3,1.1.5,2019-04-15 07:30:28
50,Daisy Varela,https://lh3.googleusercontent.com/-dPEsrPzPgVw/AAAAAAAAAAI/AAAAAAAAAAA/AMZuucl4_ELi5R_5hw-gnnaHTHC5a1wIOQ/photo.jpg,Olha parece bom so que nao da pra instalar no meu telemovel mais deve ser um problema do meu dispositivo por isso intalem 😦😀 so quero que me possan ajudar obrigada,5,2,,2019-10-04 18:34:06
51,Jesus meu guia perseverança,https://lh3.googleusercontent.com/a-/AOh14GhbMdBvLsWRMoXO2kuZzGu0LxMLXCsevjtWn5cp,é bom e fácil também tinha que ter dificil né seria bom legal todos jogando um contra o outro ai quem ganhassem ai sim que venceria ganhava estrelas e compra ria estrelas kkkkkkkkkkkkkkkkkkkkkkkkkkkkkkkkkkkkkkkkkkkkkkkkkkkkkkkkkkkkkkkkkkkkkkkkkkkkkke que tivessem mas jogos dentro de uma tipo uma play list de jogos entende kk ai dava pra jogar melhor que dava também pra jogar farios não um só escolheu um não gostou escolhe outro e assim susesivamente. entendeu como uma play list de jogos juntos.,5,7,1.1.5,2019-05-15 16:24:54
52,bambas raizes,https://lh3.googleusercontent.com/-G15kg205nLM/AAAAAAAAAAI/AAAAAAAAAAA/AMZuucmUoPAxH5Us1Fn33790Fy8CZKhiXg/photo.jpg,"tenho 68 anos e, gosto de jogar todos os dias. é muito bom,reativa a memoria.",4,0,1.1.5,2019-07-24 19:27:05
53,Tinateixeira@gmail.com Teixeira,https://lh3.googleusercontent.com/-t3sLGrG0J-Q/AAAAAAAAAAI/AAAAAAAAAAA/AMZuuckQIrRepjglQtdxI0BuNFw6116k7Q/photo.jpg,é a primeira vez que eu baixei esse jogo ele é ótimo não fica travando gostei ele simples e rápido,5,3,1.1.5,2019-05-02 07:54:25
54,MILLY OLIVEIRA SANTOS,https://lh3.googleusercontent.com/-pUCxKkNhxDc/AAAAAAAAAAI/AAAAAAAAAAA/AMZuucl8OXlrLwMjj6IMd_4CnoNmkdequg/photo.jpg,Eu estou no nível 3 + to amandoo! Não tem muito anúncio e quando tem e só a imagem no app e o X pra você sair,5,0,1.2.5,2020-03-18 08:25:49
55,Dione Aguiar jigsaw rock,https://lh3.googleusercontent.com/a-/AOh14Ggf4GRSuvgyaaQips1PB0ZJldZSzsQE5Nx8i02k44w,"Eu amei eu ficor muito concentrada no jogo , bom eu não gostei goste muito muito é por por que estala muito de vaga mas eu gostei , eu ia dar 4 estrela mas eu vou dar 5 mesmo Amei",5,3,1.1.3,2018-11-17 11:42:54
56,Rafaela Sousa Rocha da Cruz da Luz,https://lh3.googleusercontent.com/-Zl-vPlaWsU8/AAAAAAAAAAI/AAAAAAAAAAA/AMZuucnsxf8-drhlQ3RPVi1MIFIGLu5OmQ/photo.jpg,"Este jogo ajuda- nos a treinar a nossa mente. Eu dei 5 estrelas porque, eu gosto muito deste jogo!👍",5,0,1.1.5,2020-05-26 17:11:13
57,Um usuário do Google,https://lh3.googleusercontent.com/EGemoI2NTXmTsBVtJqk8jxF9rh8ApRWfsIMQSt2uE4OcpQqbFu7f7NbTK05lx80nuSijCz7sc3a277R67g,Gostei do jogo usa bastante o raciocínio da gente é bastante legal e ajuda a distrair a mente❤,5,1,1.1.3,2018-11-16 07:04:55
58,Ana Belmonte,https://lh3.googleusercontent.com/a-/AOh14GjqiOLmXYsTrJtlXAg-ZJRuam0FBuwEBoJOUi-t4Q,excelente passa tempo recomendo jogar em outros idiomas exercita a mente em níveis inconscientes dando agilidade cognitiva relevante.,5,0,1.1.3,2019-01-01 22:01:12
59,Karolayne Silva Barbosa,https://lh3.googleusercontent.com/a-/AOh14GjoskFdDSMlQa0BAWtriMcZbMxsGjP6rNSpUK3pww,E muito bom quando eu vi as fotos eu falei se não for esse que eu quero não vou estalar mais nem um jogo mais até no ano que vem parabéns a os criadores 👏👏👏,5,0,1.1.3,2018-11-03 21:00:33
60,Iracema Gonçalves Almeida Borges,https://lh3.googleusercontent.com/a-/AOh14GjckC88NM5MtoR58gy5m-33HHK29hmZfxA6tcMeiIw,"Adorei, é um jogo muito bom e instrutivo, parabéns, obrigada.",5,10,1.1.5,2019-03-24 07:03:44
61,MARIA DA GLÓRIA MENDES,https://lh3.googleusercontent.com/a-/AOh14Ghum5OZu9JZ3iWctvW9VTvsa0kKUEOlw8_HUxvcqw,"muito bom este jogo,estimula o cerebro e a atenção. recomendo a todos que queiram estimular sua atividade mental",5,2,1.1.5,2019-05-13 22:32:26
62,Mih Silva,https://lh3.googleusercontent.com/a-/AOh14Gg945w74EX09WbhsNiJARgcfzwK7lsqp-06tAgT3w,"Muito bom para passar o tempo, com certeza é muito melhor do que no papel ( ꈍᴗꈍ).",4,97,1.2.5,2019-10-12 13:52:37
63,Moranguinho happy,https://lh3.googleusercontent.com/a-/AOh14GhnUAYyByPAZ5UuRdKLS5nWFkDnDANFE1zPpA7K,um optimo jogo sem muita propaganda é muito bom mesmo specialmente para passar o tempo recomendo para todos vocês baixem já👌👌👍👍✌,5,4,1.1.5,2019-04-08 04:40:51
64,•Manu Cookies•,https://lh3.googleusercontent.com/a-/AOh14Gi_bmkwB2xeplxrW5FgNJhA6UtFcT9aDrEK_40KTQ,Esse jogo é muito bom. As palavras são muito fáceis mais as vezes me perco 😅😅 Esse Caça Palavras é muito bom parabéns aos criadores. 👍,5,170,1.2.5,2019-09-09 06:53:34
65,Um usuário do Google,https://lh3.googleusercontent.com/EGemoI2NTXmTsBVtJqk8jxF9rh8ApRWfsIMQSt2uE4OcpQqbFu7f7NbTK05lx80nuSijCz7sc3a277R67g,"Acabei de instalar, até agora gostei por isso dei quatro estrelas. Depois dou mais!",4,9,1.1.5,2019-02-18 20:54:55
66,Renata Souza,https://lh3.googleusercontent.com/a-/AOh14GhrlRo5rJJBIaR6s7i6ZpYnJyz_MumffZ0ox-Vh,"muito bom pra iniciantes e pra quem tem alguma dificuldade,desenvolve bastante.",5,1,1.1.5,2019-04-30 06:21:01
67,Ada Gomes,https://lh3.googleusercontent.com/-zG8HD9oKCOM/AAAAAAAAAAI/AAAAAAAAAAA/AMZuuckeZYQCxlfGBgOoQ2vcW0tAxRHD_A/photo.jpg,É muito divertido haj shsmjddjjdyfgjjjjjdhdyd rugf é em relação udjudyd dyydyfud em que a gente não se diz feliz aniversário parabéns pelo seu e-mail clique na imagem para ampliar a Deus que nos envie uma cópia impressa é assinada pelo responsável do grupo vagas em eu fazer o pagamento do meu iPad e muitas felicidades e muitos outros que não é o que é o que é o que é um dos maiores eventos que a sua presença e participação em nosso trabalho de vocês e não tem problema nenhum e muitas vezes e id,5,209,1.1.5,2019-05-12 18:21:54
68,Carlos Vale,https://lh3.googleusercontent.com/a-/AOh14GjU1UEG9nulEpue1Iuj3F6Xl9Dk3eOEfG8FI4Tt,"Para já estou a testar o jogo e parece fixe, será para a minha filha se entreter e praticar",5,2,1.1.5,2019-04-27 19:50:55
69,love geo,https://lh3.googleusercontent.com/-ZL63ru-D_PY/AAAAAAAAAAI/AAAAAAAAAAA/AMZuucntzo3sTRxb1OYs7G_yRhWKhnlL5A/photo.jpg,amei quando vc não acha depois de um tempo ele te ajuda e é muito bom e legal esss jogo até a minha mãe tem ele no cell,5,1,1.1.5,2019-04-26 10:45:42
70,Maria Beatriz Soares,https://lh3.googleusercontent.com/a-/AOh14GiEEplKRCJX3GvVaYIFANwVTUI269fkOpGQruXt,"jogo divertido e fácil, muito bom para passar o tempo.",5,1,1.1.5,2019-07-12 17:35:53
71,ELIANA MARTINS DA SILVA,https://lh3.googleusercontent.com/a-/AOh14GgvYe4AKQJY0nnNszMjouOToEpTIZ454gnDp0KBEw,Bem simples e fácil.,5,0,1.2.5,2020-03-19 15:50:32
72,Um usuário do Google,https://lh3.googleusercontent.com/EGemoI2NTXmTsBVtJqk8jxF9rh8ApRWfsIMQSt2uE4OcpQqbFu7f7NbTK05lx80nuSijCz7sc3a277R67g,"otimo, ja tinha estalado e desistalado varios, mais nao tinha gostado mais esse agora e otimo estou gostando",5,0,1.1.3,2019-01-09 23:26:06
73,Um usuário do Google,https://lh3.googleusercontent.com/EGemoI2NTXmTsBVtJqk8jxF9rh8ApRWfsIMQSt2uE4OcpQqbFu7f7NbTK05lx80nuSijCz7sc3a277R67g,Muito bom para passar i tempo. Só que em 1 caça palavras podia ter pelo menos 10 palavras. Mas tirando isso eu Ameei de mais😍 Um jogo muito TOP😄,5,14,1.1.5,2019-02-15 23:26:43
74,Clarisse Costa,https://lh3.googleusercontent.com/-2ltNfP103OQ/AAAAAAAAAAI/AAAAAAAAAAA/AMZuuclevpd3J3Z9UMGPcgz_Slv5TKPRJw/photo.jpg,"Não deveria ser revelada a palavra a procurar, só após identificação pelo jogador.",4,1,1.1.5,2019-05-29 11:56:21
75,Vivian Izabel,https://lh3.googleusercontent.com/-RVHTjHSvylY/AAAAAAAAAAI/AAAAAAAAAAA/AMZuuckYKl5yczVi1kt-4Nawiatc8tlOfw/photo.jpg,Muito leal só que as palavras são muito fácil de mais as palavras poderiam ser mais difícil de mais que ninguém consegue encontrar neuma e podia ser para encontrar 10 palavras,5,2,1.1.5,2019-05-26 16:27:11
76,Anabella Lourenço Namutumba,https://lh3.googleusercontent.com/-qRo-2OGN2To/AAAAAAAAAAI/AAAAAAAAAAA/AMZuuclh0GfncCy4wGPSVCsoMYDcVI-htA/photo.jpg,"Foi difícil no começo, mas depois que percebi o jogo descombri que é muito bom e divertido.",5,6,1.1.5,2019-04-12 06:02:19
77,primas gêmeas,https://lh3.googleusercontent.com/a-/AOh14GilrxNioNilijgdUbIC0Yn2vfTyFAh1GYQMDmk,foi bem legal jogar ele tem cores profissões e muitas outras variedade amei baixem pq e legal d+...não liguem para esses que falam que não presta pq presta sim -😍😃😅,5,4,1.1.5,2019-05-19 17:01:28
78,Leonor Rebolo,https://lh3.googleusercontent.com/-z0UErZLHY10/AAAAAAAAAAI/AAAAAAAAAAA/AMZuucnn8JTpR5bG5mW73Vvs_gVc5qOKbw/photo.jpg,ok foi bom de jogar e adequado só que e muito facil para uma criança de 10 anos eu acho muito facil mas afinal quantas crianças ja sabem ler e escrever aos quatro anos,4,2,1.1.3,2018-12-20 05:54:39
79,Carlos Knop,https://lh3.googleusercontent.com/-JfCaoefF29E/AAAAAAAAAAI/AAAAAAAAAAA/AMZuuclcb86W-oFbT4UWZbPP6AWZlZqZOQ/photo.jpg,Otimo jogo para o célebro funcionar bastante e evoluir na escola. A Agata ama . Minha filha se chama Agata,5,1,1.1.5,2019-05-07 13:02:06
80,Veronica Dias,https://lh3.googleusercontent.com/a-/AOh14GgwZd5F8e0MeDVMChHl4tINO4T5HbZTIW29SX5z,O jogo inicialmente é bem simples e muito bom para usar pedagogicamente.,5,1,1.1.5,2019-06-23 10:34:12
81,Um usuário do Google,https://lh3.googleusercontent.com/EGemoI2NTXmTsBVtJqk8jxF9rh8ApRWfsIMQSt2uE4OcpQqbFu7f7NbTK05lx80nuSijCz7sc3a277R67g,Esse jogo caça palavras e bom demais minha filha de 5 anos ama brincar e com isso devagarinho esta aprendendo ler.,5,6,1.1.3,2018-10-14 23:49:08
82,Luciana Araújo,https://lh3.googleusercontent.com/-y0gHXKSWcJ8/AAAAAAAAAAI/AAAAAAAAAAA/AMZuuclbDAkj8R3C7KMIMmi8PrJK6yzZgQ/photo.jpg,esse jogo é muito bom para desenvolvimento da memoria alem de ser muito divertido.,5,0,1.1.5,2019-05-08 11:03:34
83,Lidiane Souza,https://lh3.googleusercontent.com/-1CSa1LXbrBI/AAAAAAAAAAI/AAAAAAAAAAA/AMZuucm_UPucTe2MvO1zqirCCbObhuf7rg/photo.jpg,o jogo e muito legau mais no meu celula fica travando mais da pra joga ele e muito ligau varle apenas a baissa vôm a paissa logo noa pra cisa der pressa da pra dotois a baissa,5,1,1.1.3,2019-01-16 16:29:04
84,Maria bernadete Costa,https://lh3.googleusercontent.com/-yhwGJ-A4z3k/AAAAAAAAAAI/AAAAAAAAAAA/AMZuuckGYU-yZfjD3pkrUQ4XmmDc2qN6fw/photo.jpg,amei esse jogo mas ele deveria ser um pouco difícil pra gente se distrair tirando isso ele é ótimo porisso dou as três estrelas,3,0,1.1.5,2019-05-13 09:58:57
85,graziely eiras,https://lh3.googleusercontent.com/a-/AOh14GhwKU63ikYfwPZhUsJgVP8r4ZJ6EzGXC6U7Y36hIQ,o jogo e muito bom porque ajudar qualquer um a pensar e tentar achar as palavras e tem alguns desafios e eu gostei do jogo para bem pela impresa que fez este jogo...,5,1,1.1.5,2019-06-12 23:53:51
86,Edmilson Sodré Ferreira,https://lh3.googleusercontent.com/-ZbjXVx6L-UA/AAAAAAAAAAI/AAAAAAAAAAA/AMZuuckLIZbEpg9ciJfjP15h7w3lS0jsuA/photo.jpg,muito bom este joga no espar de legos e monstros a primeira coisa que o edimilson e monstros a 2fazer e 2o a 2sua 2e drinks de comida de legos e o que é o 4amos Messenger a de sexo vídeo 2de e monstros a primeira 2coisa que 3um 4fazendo are 4e 4e 4drinks drinks e o monstros a primeira edimilson e monstros a primeira edimilson e monstros a primeira edimilson e monstros a sua casa do 4tempo a sua casa do tempo para,5,1,1.1.5,2019-06-27 23:42:18
87,Mariana Santos,https://lh3.googleusercontent.com/-5tmh887hiNk/AAAAAAAAAAI/AAAAAAAAAAA/AMZuuclOTgbvXF-u9Z7pqS-8fLOgOhSc6Q/photo.jpg,"esse jogo é horrível ,não instalem , eu queria dar zero mas como não tem jeito, vai só uma estrela mesmo",1,5,,2019-07-14 01:50:00
88,Roseane cristina Medeiros de Lima silva,https://lh3.googleusercontent.com/a-/AOh14GjUwfCM274fbfY6Jczfnf4bT2p1uVKmqN3cHpQs8w,acho que deve ter opções mais difícil com temporizador,4,0,1.1.5,2019-05-14 13:54:23
89,Neuza M R,https://lh3.googleusercontent.com/-2lkHWJM-GvQ/AAAAAAAAAAI/AAAAAAAAAAA/AMZuuckpcwfr986hwLGmOl91Uq2fQucivA/photo.jpg,Eu estou escrevendo isso para as pessoas que não sabem jogar esse e um jogo muito legal mais bem fácil de ganhar,3,0,1.2.5,2020-03-26 15:27:04
90,Marcos Paulo Costa,https://lh3.googleusercontent.com/a-/AOh14GhR6IUM6aTJBQc8AmfOFnsJBANgHLJRCD2TDWQ86A,Bom. Poderia ser mais difícil e com maior repertório de palavras.,5,2,1.1.3,2018-10-12 13:28:18
91,Mariana Fernandes,https://lh3.googleusercontent.com/-yJFAN3nxOgw/AAAAAAAAAAI/AAAAAAAAAAA/AMZuucn6Qx1b368_cFQ5nR2kOITkjheDkw/photo.jpg,é bom é muito fácil que mostra rápido eu gosto de mais difícil e não tem português,4,0,1.1.5,2019-06-06 18:12:10
92,Jucilene Alves,https://lh3.googleusercontent.com/-3fbrMv19qeE/AAAAAAAAAAI/AAAAAAAAAAA/AMZuucl19S5STb_ILDwpDfq_CbLs3Y0SBA/photo.jpg,"a facilidade das letras se grande visível,isso é bom qualquer Pessoa pode joga",4,1,1.1.3,2019-01-18 14:33:13
93,Um usuário do Google,https://lh3.googleusercontent.com/EGemoI2NTXmTsBVtJqk8jxF9rh8ApRWfsIMQSt2uE4OcpQqbFu7f7NbTK05lx80nuSijCz7sc3a277R67g,É um jogo super fácil e lucrativo so que o barulho é muito irritante,4,5,1.1.5,2019-03-26 18:19:46
94,Samiry Dosantosbasilio,https://lh3.googleusercontent.com/-h-dO5A3zvkE/AAAAAAAAAAI/AAAAAAAAAAA/AMZuuckc0k92vvSSa302GIYUuntlnsx8TA/photo.jpg,tem muito anúncio nas primeiras partidas não tem anúncios mais depois tem um monte,4,0,1.1.5,2019-08-20 19:48:02
95,Marlene Silva,https://lh3.googleusercontent.com/a-/AOh14GgillvLMueOzDkjLCnbVBSz-8qRpVWCfzj1v-ss,"Vou dar quarto estrelas, porque comecei agora. Espero dar mais estrelas.O jogo é bastante interessante. Adorei as Letras . Agora dou 5 estrelas. Melhor jogo até agora, para mim. Ótimo desafios.",4,6,1.2.5,2019-11-02 13:57:33
96,Jovane da Silva Ribeiro,https://lh3.googleusercontent.com/-T7XXi7iCXwY/AAAAAAAAAAI/AAAAAAAAAAA/AMZuucle5IFvCx1muf3GYwzI3wAq4DqnQQ/photo.jpg,adorei muito legal Recomendo muito muito fácil também divertido Amém gostei demais paixão Eu gostei tanto que eu baixei meu tablet meu celular no meu notebook recomendo para todos,5,2,1.1.5,2019-05-12 16:35:55
97,gameplay de jogos de carros adm jefersom,https://lh3.googleusercontent.com/-bO1KBw9bHJo/AAAAAAAAAAI/AAAAAAAAAAA/AMZuucnD8GbPsooFTAqxJTrEKVxcyr1uiQ/photo.jpg,O jogo é bom. Mais as vezes tem palavras que nunca ouvimos nem vimos falar. Seria interessante mais palavras do nosso vocábulo.,3,0,1.1.5,2019-08-21 22:25:30
98,Willyan Corrêa,https://lh3.googleusercontent.com/a-/AOh14GhxGpnwpKBzHbsbxO-9CE53A6lMonyZaZx8D_57,"Bom aplicativo para passar o tempo,trabalhar a mente e desestressar!",4,3,1.1.5,2019-05-13 21:59:40
99,DANIELLY FRASSON,https://lh3.googleusercontent.com/a-/AOh14GjGWr0-jWPUWIzqjagf5NBDKeDC0kiCW-g31qhI,Gostei porque tem em outros idiomas e isso é ótimo para aprender.,5,0,1.1.3,2018-10-19 03:46:02
