,userName,userImage,content,score,thumbsUpCount,reviewCreatedVersion,at
0,Angelica da Silveira,https://lh3.googleusercontent.com/a-/AOh14GhSQfxb4Pz3o5WEx_4CRbV_Z9opjNwyBlQ1H3ap,"É divertido mas os Silos e Celeiros esgotam muito facilmente a capacidade, e vc paga muito caro pra aumentar a capacidade deles, e qdo vc consegue aumentar a ampliação é mínima...e logo voltam a ficar cheios. Cheguei a ficar com meu Silo cheio, 5 minutos depois de ter pago 60 diamantes pra fazer a ampliação. Isso tudo, mesmo produzindo, vendendo, doando, alimentando os animais....quer dizer, evitando ao máximo que produtos ficassem acumulados. No geral é bom, mas só isso que encomoda.",3,5,1_46_150,2020-05-31 07:29:32
1,et bolado,https://lh3.googleusercontent.com/a-/AOh14Giq4qTSuvWK8AOR2vZPapMy86-SrzWU7fTTgXONdsc,"Ele é realmente muito bom, imagem perfeita, não trava, não tem anúncio.. só o que estraga um pouco é a demora para acontecer as coisas, ficar pronta, tem coisa que demora 2 dias para poder abrir.. assim a gente até perde a graça de ficar jogando, acho que no máximo tempo deveria ser uns 15 minutos so.",5,3,1_46_150,2020-06-01 01:58:44
2,Edson C. Reis,https://lh3.googleusercontent.com/a-/AOh14Giv2tGYSHA6LqepGOMXwRry4o89q3AON4r-5AS0nw,"O jogo como qualquer outro, tem facilidades para conquistar algumas coisas, na raça ou pagando. Discordo completamente com alguns comentários que você tem que pagar para subir de nível. Estou no nível 50 e não desembolsei um centavo. Foi na raça, vendo vídeos de dicas, dia após dia estou nesse nível. Demora mas dá sim. UMA DICA ! SE TIVER 15 DIAMANTES , PAGUE O TOM E UM POUCO DE DINHEIRO COMPRE O ANEL DE DIAMANTE, COMPRE SEMPRE OS 9 . VENDA NO VALOR MÁXIMO OS 10, SÃO 8224 MOEDAS.😜",5,334,1_46_150,2020-05-20 07:34:57
3,Arthur Medeiros,https://lh3.googleusercontent.com/-OW9LA1t-vZ4/AAAAAAAAAAI/AAAAAAAAAAA/AMZuucmHwBhbWYDn8qTmbPysGB7K2yhPoQ/photo.jpg,"Eu jogo esse jogo a anos e é muito bom. Ao longo do tempo a equipe da Super Sell desenvolveu várias atualização boas, apesar do jogo perder a popularidade ao longo do tempo. Muita gente fala mal do jogo só porque não conseguem jogar muito bem, o que me deixa muito bravo, porque no Hay Day, para jogar bem é preciso se esforçar e pensar bem.",5,96,1_46_150,2020-05-29 16:09:19
4,Márcia Melo,https://lh3.googleusercontent.com/a-/AOh14GjiYXyT6Gc6Y5wfSrDhiVsmMeCQckFfLaAImumZzJo,"Gostaria de deixar a minha indignação sobre este limite de compra do material de expansão no jogo. Pois estou em um nível alto e este limite de 80 itens diário impede de expandir qlqer área na fazenda, silo, celeiro e na cidade. Até porque qto maior o nível de expansão , maior é a quantidade de material necessitado. Acho desnecessario esse limite pois se eu preciso de 90 materiais, em um dia eu n consigo comprar os 90 itens necessários. Para um jogo como este, n deveria haver este limite.",1,209,1_46_149,2020-04-03 16:26:24
5,Sandra Alves Xavier,https://lh3.googleusercontent.com/a-/AOh14Gi0I6G4oVsO6Iun0G_XGpTg2Xv5hoA0nvqPi5AYUWo,"Adoro esse jogo, mas tem algumas coisas q poderiam ser melhoradas, tipo poder vender iscas, coisas demoradas para fazer e q pedem em qntias grandes no barco, difíceis de conseguir de conseguir. Algumas plantações muito demoradas para aprontar, os ítens de expansão difíceis de se conseguir. Os visitantes da fazenda poderiam vender ou trocar ítens também.",4,63,1_46_150,2020-05-18 15:51:34
6,Rosangela Menini,https://lh3.googleusercontent.com/a-/AOh14Gh4m_Lqm-uvfy8O_d6LwUNukKnXyHCWxa0nhvAX,"Gosto muito, apenas acho muito difícil de conquistar novos terrenos por nós limitar a um total de 80 elementos de construção, como também as autorizações de expanção são muito raras. Tenho sentido vontade de abandonar por ser restritivas essas opções. Tenho 61 anos e minha mãe 80 e jogamos nas horas vagas dos afazeres domésticos q já são estressantes e cansativos. Então queremos ter prazer e não chateação.Também acho q só 1 máquina de queijo, manteiga etc e mel, muito pouco teríamos q ter mais.",5,153,1_46_149,2020-03-30 11:55:51
7,Segredos da Juh Costa,https://lh3.googleusercontent.com/a-/AOh14Gj4Y25aA6L72qAS1rDiWOKvnxgnR8BccUlpzmoO0w,"O melhor jogo que existe! A única sugestão é a retirada do limite de compras de material de expansão... poxa vida, é difícil encontrar à venda e apenas 80 por dia é muito pouco! Sugestões: colocar mais variedade de bichos de estimação, expandir para a parte de ""cima"" da cachoeira como se fosse uma área de piquinique. Colocar mais ""comércios"" na cidade. Aumentar a variedade de peixes.",5,653,1_46_149,2020-03-30 14:52:05
8,Esdras Nascimento,https://lh3.googleusercontent.com/a-/AOh14Gju6RvYLzqjW223HmElSL4hkQjzIJ8Y4yL1Db6o8g,"O jogo até que é bom de jogar, mas estou parando de jogar, porque os recursos como: madeira e parafusos etc..são muito difíceis de conseguir anão ser por troca, e também o tempo para evolução dos objetivos e muito grande e cansativo esperar. Os outros jogos da Supercell tais como Clash of clãs já tinha facilidades de acesso aos recursos e evoluções mais rápidas. Fica a dica aos desenvolvedores. E obrigado pelo espaço cedido para uma crítica construtiva. Vlw...",1,555,1_46_149,2020-03-31 18:19:35
9,Rosangela Batista,https://lh3.googleusercontent.com/a-/AOh14GhmaeC0jtwVEj53VAgAyO2hlKIxpPnVm-DJPoX_pg,"O jogo é bom divertido, mas o tempo de espera para colheita, animais, arvores é muito grande, acho que não deveria ter limite de compras de materiais. Segunda coisa a ajuda do Tom ja gastamos muitos diamantes para contratar o serviço do Tom e o descanso dele é muito, mas muito demorado não tem vantagem nenhuma em contratar os serviços dele sendo que mais da metade do tempo do serviço ele fica no descanso, este jogo precisa melhorar e muito senão vai perder muitos usuarios por bobeira. Acho válido os desenvolvedores repensarem sobre o tempo em tudo no jogo, facilitar a diversão da gente, tudo é muito atrasado no meu ver, tem varios jogos por ai muito mais interessantes que o Hay Day. Fica a dica melhorar o jogo cada vez mais, encurtar o tempo pra tudo principalmente para as máquinas, o Tom eu acho que nem deveria ter tempo para descanso pois na verdade estamos pagando por um serviço que fica mais tempo parado do que indo buscar o que precisamos comprar., e aumentar tbm a quantidade que se pode comprar com o Tom, colocar preços mais acessiveis e vcs vão bombar tenho certeza. Obrigada pelo espaço e oportunidade de colocar nossas reclamações, sugestões e elogios.",2,355,1_46_149,2020-04-15 09:06:02
10,André Allef jr.,https://lh3.googleusercontent.com/a-/AOh14GhByTWmI0yGTRyqGsFQSHyKPY56lnBamu-Ag5j4L4U,"Muito bom , jogo incrível, tou gostando demais de está jogando , so uma obs , que deveriam reduzir mais o tempo das plantações e de alguns itens das fábricas , acho um pouco exagerado o tempo pra ficar pronto, e outra coisa pra ficar mais top o jogo , deveria ter o horário na tela do jogo e ter dia e noite , e ter chuva , neve , ficaria top .",5,130,1_46_149,2020-04-18 22:04:33
11,fernanda caldas,https://lh3.googleusercontent.com/-inmAx94it40/AAAAAAAAAAI/AAAAAAAAAAA/AMZuucnvcPQDPWGictDvk9UOwPP06wrr8A/photo.jpg,"Quero fazer um reparo! É difícil por vezes jogar , à itens difíceis de aparecer na colheita ... deveria haver um alerta no próprio jogo,caso faltasse 3 itens para a expansão do celeiro e cilo ou outros deveria sair de imediato...por esse motivo páro de jogar é desmotivante ...mesmo que se queira continuar não à como fica tudo bloqueado ... como eu existem uma multidão que não pode comprar itens.obrigada pela vossa atenção. Por este motivo não vos posso dar mais pontuação.",3,125,1_46_150,2020-05-22 06:00:11
12,Juliana Oliveira,https://lh3.googleusercontent.com/a-/AOh14GjwaAn0mM7XxPl-5U3ZyZwZGHAHm-zmTmi5_Fht,"Tenho o jogo há 4 anos e é um jogo que ne distrai facilmente, ótimos gráficos e os controles são ótimos, além dos desafios que existem pra conseguirmos desbloquear tais coisas. Amooo e recomendo muito pra quem gosta de desafios e ama animais.",5,13,1_46_150,2020-05-13 10:24:03
13,Lizane Bernardo,https://lh3.googleusercontent.com/a-/AOh14GhvgVhZ_5aOgHqvTqCJ2KSY9k_kqdn-I_nWe7M3,"O jogo é muito bom,porém acho que deveria ser mudado isso de só poder comprar 80 materiais de expansão ou construção,já é dificil de achar e quando acha não pode mais comprar por ja ter atingido o limite. Outra coisa a reclamar as altorizações de expansão também muito dificil de se obter.ja jogo a mais de 5 anos e essas mudanças foram as piores.",3,289,1_46_149,2020-04-21 13:10:48
14,Savani Lucas,https://lh3.googleusercontent.com/-3Yd08c-TxbY/AAAAAAAAAAI/AAAAAAAAAAA/AMZuucns_XdTPSMmUCct36TQYmGqWBztvA/photo.jpg,"Não faz sentido algum, colocar limite para quantidade de compra dos materiais de melhoria! Muito difícil tem materiais a venda, ou até mesmo a quantidade que ganhamos ao longo do jogo! Quando tempo a oportunidade de comprar para melhorar, deve ser ilimitado ... no nível que estou, para uma melhora preciso de 50 itens ... sendo normalmente 3 itens diferentes para o mesmo... 150 itens para melhorar 1 edifício... limite de 80? Fica impossível progredir no jogo!",3,121,1_46_149,2020-04-12 18:05:17
15,Letícia Teles,https://lh3.googleusercontent.com/a-/AOh14GjipWnGi43jG2esE1JWVO0HoRV4N4zIt-HsNhlThQ,"Tentei entrar 2 vezes e nas duas tentativas travou meu celular geral e tive que forçar pra desligar. Tenho um Samsung Galaxy J4 , eu amava esse jogo e não sei porque não está rodando direito. E pelo que vi, não é só no meu celular, vários outros samsung estão assim. Será que é culpa do jogo, ou desse modelo de aparelho que é uma desgraça? 😠😤😔",1,9,1_46_150,2020-05-18 17:56:16
16,Dayane Monique,https://lh3.googleusercontent.com/a-/AOh14Gh09bVMX4A3OQZAOcblRSztkwtjvOW0b47yi9r2,"Adoro 💕 Só acho que devia ter um indicador para saber quem tem produtos na barraquinha para ir direto lá e não ter que visitar um por um dos vizinhos e um indicador para saber quem está inativo e assim a gente ter uma ideia de quem ainda joga. E acho que vizinhos podiam ajudar com os animais e plantações também, e ser mais rápido o tempo das máquinas e do crescimento das plantas. No geral é um ótimo jogo, um dos melhores que conheço e um dos meus preferidos💕",4,27,1_46_150,2020-05-13 21:44:01
17,Yomana NoKATa,https://lh3.googleusercontent.com/a-/AOh14GgcGSoklPx1-YiP6K1OE_l5Z3oZbT7IPL_vYiTI_Q,"Não consigo entrar no jogo, quando fica carregando... depois quando aparece a abertura das nuvens indo embora e o pássaro voando o jogo fica com a tela travada por causa do login do play games que sempre aparece e fica atrapalhando :( O problema é que eu jogo na conta do Facebook, mas não sei porque sempre aparece o play games para fazer login, desde 2019 isso aparece! Mandem uma resposta aqui por favor!",4,109,1_46_150,2020-05-30 14:29:27
18,Adriel Rodrigues de Oliveira,https://lh3.googleusercontent.com/a-/AOh14GgvRdTX-b7z4-557oUIlGb-R1RnYx4qB9aZ3at-aQ,"O jogo é bom, infelizmente é difícil de crescer nele, obter dinheiro, produzir produtos e agora está acontecendo algo chato. Meus itens estão sumindo! Já perdi produtos, materiais de construção do nada. Simplesmente sumiu e fiquei no prejuízo.",1,13,1_46_150,2020-05-06 20:51:28
19,Amanda Segundo,https://lh3.googleusercontent.com/a-/AOh14Gh5rsopchgTF_gb7OvEFfgIi05jLvZ-068NhAJd8Q,"Gosto do jogo comprei pacotes de iniciantes de pesca não entrou e comprei errado pois foram 2 vezes, solicitei REEMBOLSO e so tá sendo negado. E tenho meu direito ""Art. 49 - O consumidor pode desistir do contrato, no prazo de 07 (sete) dias a contar de sua assinatura ou do ato de recebimento do produto ou serviço, sempre que a contratação de fornecimento de produtos e serviços ocorrer fora do estabelecimento comercial, especialmente por telefone ou a domicílio.""",1,148,1_46_150,2020-05-19 10:27:58
20,Kai Uhane,https://lh3.googleusercontent.com/-0QDv_PmBbbQ/AAAAAAAAAAI/AAAAAAAAAyE/AMZuucmfJqwpQpN682Gzes8GN3YvEC6XrQ/photo.jpg,"SE VC NAO GASTA DINHEIRO C/ MICROTRANSAÇÕES, NÃO INSTALE ESSE JOGO. O jogo é bom. Porém n passa de uma demo mascarada. Você chega no lvl.22 e p/ progredir daí e expandir seu terreno, n tem jeito, você vai ter que usar dinheiro real. O progresso não-pago do jogo é tão desbalanceado (propositalmente) que faz o jogo perder o brilho. Isso é tudo calculado pra fazer o jogador pensar ""poxa, cheguei tão longe... tá vou pagar, vai"". Se o jogo fosse normal de pagar 1x só, garanto que compraria.",1,63,1_46_150,2020-05-18 16:41:31
21,Larissa Gonçalves,https://lh3.googleusercontent.com/-_7xy8z7qqBE/AAAAAAAAAAI/AAAAAAAAAAA/AMZuucmhl0Zkd11XqvFMYyHcbcwMBKPbVg/photo.jpg,"O jogo atualizou hoje os servidores pela manhã pra não consigo mais entrar. Informa que minha internet não está conectada e não entra. Só que todo o resto no celular que precisa de internet está abrindo menos o Hay Day. Já fiz de tudo, limpei cachê, dados reiniciei o celular e nada faz com que o jogo abra desde as 07:00 da manhã.",1,54,1_46_150,2020-05-07 19:57:07
22,Um usuário do Google,https://lh3.googleusercontent.com/EGemoI2NTXmTsBVtJqk8jxF9rh8ApRWfsIMQSt2uE4OcpQqbFu7f7NbTK05lx80nuSijCz7sc3a277R67g,"O jogo sempre foi muito bom e viciante, mas depois dessa última atualização toda vez q vejo quanto tempo falta pra um serviço completar alguma estrela o aplicativo trava e sair sozinho do jogo, não sei oq fazer, tá dando raiva já. Em relação a corrida, o número de tarefas disponíveis por pessoa e muito pequena.",4,13,1_46_149,2020-03-31 19:20:57
23,Claudia Silva,https://lh3.googleusercontent.com/-4xG1LC-tqMw/AAAAAAAAAAI/AAAAAAAAAAA/AMZuucnqudNOmUC6mdBwPHesTu2s9yLRmA/photo.jpg,"Muito bom jogo, mas poderia ter mais facilidades em ganhar os vales, já e uma dificuldade passar de fase juntar dinheiro pra compra máquinas, e poderia tamb sede mais campos de plantão quanto mas passamos nível menos campo tempos, um campo só fica difícil manter a plantação ... Fora isso ótimo jogo",5,34,1_46_150,2020-05-29 15:24:34
24,Mateus Lima,https://lh3.googleusercontent.com/-_RnAkymofrM/AAAAAAAAAAI/AAAAAAAAgC8/AMZuucn4tDUV1rkeqaQdqY24y2Zjbxf8iQ/photo.jpg,"O tempo que eu permaneço no jogo é extremamente limitado por conta do armazenamento dos itens, grãos e outros. Se houvesse fartura nesse quesito, o jogo seria incrível, eu passaria horas sem sobra de dúvidas. Outra coisa são os custos, é muita injustiça com os iniciantes todos aqueles preços absurdos na lojinha, já que não é fácil conseguir 1000 moedas logo de cara, dificilmente alguém no início gastaria com um arbusto que custa 999 moedas.",1,31,1_46_149,2020-04-01 11:26:39
25,Henrique Motta,https://lh3.googleusercontent.com/-ZtGNb3qVEPA/AAAAAAAAAAI/AAAAAAAAAAA/AMZuucnMchXkJqylpPRFTLS7hG9p5Umoeg/photo.jpg,"antes era mais fácil jogar, agora está estressante. para qualquer ajuda que você precisar é necessário enviar print, coisa que não consigo fazer no meu cel. está travando muito e para tentar resolver desinstalei, nas não tô conseguindo instalar de novo... estou no nível 81, quando eu achava que ia parar de sofrer e começar a desfrutar melhor do jogo, né enganei, tá terrível e a gente não consegue ajuda! vou parar",2,29,1_46_149,2020-04-10 14:59:10
26,Daniela Ramos,https://lh3.googleusercontent.com/a-/AOh14GjILkIzrfpntkV81GTSKwlhPoZgJW5Ky2df8VMG,"Bom o jogo,desistalei pois é muito caro os maquinarios,leva dias pra consertar um negocio que vc paga caro,leva quase o dia pra fazer as coisas. Deveria de melhorar enquanto a isso. Graficos,controles,jogabiliadades otimos. Só esse problema de ser um absurdo o valor das coisas e a demora por conquistar",3,38,1_46_150,2020-05-07 00:12:54
27,Jan Suz,https://lh3.googleusercontent.com/-D2xhhtYfI10/AAAAAAAAAAI/AAAAAAAAABY/AMZuuckycYkT85U-yI3FxBQK20X0uJP_cA/photo.jpg,"Eu adorava jogar esse jogo. Infelizmente estou perdendo o desejo de jogar. Tudo está ficando mais difícil, principalmente para se conseguir a autorização de expansão. É muito, muito difícil de se conseguir essa autorização. E eles não facilitam em nada, absolutamente em nada! E outra, tudo que eles fazem para ""melhorar o jogo"" só piora mais para nós. Chega até ser uma falta de respeito com os jogadores. Hay Day deveria rever esse jogo e melhorar de verdade. Era tão legal no começo.",1,83,1_46_149,2020-04-18 10:54:24
28,Fátima Fátima,https://lh3.googleusercontent.com/-_RYA14s6iBk/AAAAAAAAAAI/AAAAAAAAAAA/AMZuuclwshaQHsWP5eViUsxx4-2EoaHpdQ/photo.jpg,"O jogo tem muito o que melhorar, vai desde o gráfico até uma produção. Tudo é muito demorado e exagerado. Excesso de tempo para melhorar equipamentos. Peca nos valores exorbitante de locais e máquinas. Por fim, para adquirir terreno precisa de muita parafernalha.Os valores dos produtos no mural é mais baixo que no mercado da estrada, fazendo o jogar perder dinheiro. O jogo não é justo, não proporciona diversão e sim, estresse e tédio. Além disso, é difícil conseguir diamantes.",1,510,1_46_149,2020-03-31 00:15:24
29,beth Betinha,https://lh3.googleusercontent.com/a-/AOh14Gg1x5QJbtpIrTV509MbsXnUL-uOerPRCnXbmxcZk6s,"Muito bom o jogo mas nessa semana estou tendo problemas com a corrida já fiz 18 tarefas e só está contabilizando 6 não,só eu mas todos os competidores da cooperativa estão reclamando de problemas alguns não estão conseguindo fazer outros fazem a tarefa e ele fica travando e acaba entrando um aviso de que tem tarefa em andamento e não libera pra fazer outra. Por favor verifiquem o que está ac9ntecendo.",5,286,1_46_149,2020-04-02 19:50:46
30,Dani elle,https://lh3.googleusercontent.com/a-/AOh14GgdAXAMxDjDRDAORMM2bIDNCMbsAXePco0btIKq,"O jogo é bom mas as coisas são muito demoradas para serem produzidas, para conseguir itens de expansão é muito difícil tem que ter sorte para encontrar no jornal e alguém não comprar primeiro, as árvores depois de poucas colheitas têm que serem arrancadas com o serrote que é difícil ter, deveria melhorar isso está ficando cansativo e tedioso!!!! Se eu não desinstalar até lá talvez daqui uns 5 anos eu consiga os itens 🙄",3,310,1_46_149,2020-04-14 14:20:52
31,carla pedro,https://lh3.googleusercontent.com/a-/AOh14GhhqMdclShJqOaPC5vnTUHUdA2cvfTwNY5paGJRzw,"Boa tarde, gosto muito deste jogo ,já jogo à 10 anos, mas hoje ia para jogar faz a actualização e a conetectar e quando é para abrir as nuvens para se ver a quinta pára , diz a hay day parou, porquê, gostava de saber, porque eu gosto muito de jogar este jogo e já estou no nivel 101. Será porque eu tenho o celeiro muito cheio e agora não abre .... Fico a aguardar uma resposta obrigado.",5,53,1_46_149,2020-04-13 12:11:11
32,Lya Suassuna,https://lh3.googleusercontent.com/-p5yvAasHnzc/AAAAAAAAAAI/AAAAAAAAAAA/AMZuuclH8pTVneDGVl9s6sK86kt_Yqd5TQ/photo.jpg,"Olha, o jogo é muito bom, mas depois que atualizou eu NÃO consigo entrar mais. Já limpei cache, limpei tudo e ainda diz que a internet não está conectada, sendo que a internet está funcionando perfeitamente. É uma pena o jogo não entrar, eu gostava muito dele! Espero que RESOLVAM esse problema.",4,78,1_46_150,2020-05-16 17:32:48
33,Manuele Almeida,https://lh3.googleusercontent.com/a-/AOh14GioRejBDGxHokKuiyuMhx2ScHWlXPbQFhQFFsmmuQ,"O jogo é bom, porém a demora de conseguir recursos para melhorar os locais de armazenamento é horrível, demora demais pra concluir algumas receitas tem e isso se torna chato, e esses dias estou com um problema, minha conta do Facebook era conectado ao jogo e desconectou do nada, e agora quando vou tentar conectar buga e não conecta, por favor resolvam isso, desde já agradeço!",3,78,1_46_149,2020-04-13 15:31:12
34,Alisson Rocha,https://lh3.googleusercontent.com/a-/AOh14GjGvRKNsisezasoEHC8jTrrPFcZ5Xlo7VT_xxK8-ls,"O jogo não está mais funcionando corretamente no meu celular. Quando tento entrar na minha conta, ele não aceita. Quando tento criar uma nova conta , o jogo desliga sozinho antes do tutorial inicial terminar. Já tentei de tudo para consertar e n tive sucesso. Espero que tenha uma solução, pois adoro esse jogo Estou louco pra voltar a jogar 😭💔😫",3,102,1_46_149,2020-03-30 15:19:07
35,Cháune Fernandes,https://lh3.googleusercontent.com/a-/AOh14Gjp_OZG3sgLvQLjd7QZ-F76em0c6qybE7Y2w1Kj8Q,"Jogo já faz alguns anos, porém depois dessa atualização ta tudo errado, tarefas nao pontuam, e sim continuo querendo que o tempo do Tom seja no máximo 15 minutos de descanso, e todos os produtos sejam fabricados no máximo 20 minutos, tem coisas que demoram demais e o jogo se torna chato e sem graça. Outra coisa, peço que dê pra visualizar quem está online na vizinhança isso é muito útil.",2,64,1_46_149,2020-03-31 22:45:08
36,jonathan jaime,https://lh3.googleusercontent.com/a-/AOh14GhXyiPBXAR4AEwhfpze0OK7FjdD22qlQFFZoJN1hw,"Estão de parabéns, amo esse jogo, eu jogo todos os dias, já faz parte da minha rotina, aprendi a lidar com planejamento e controle de gastos entre outros através desse jogo. Gostaria que reveja o tempo do tom, pois ele ajuda muito pouco e dorme muito, tá lá que ele ajuda 24 horas, mas se contar ele ajuda umas 5 vezes e olhe lá. Gosto muito dos acelerados de produção, ajudam muito.",5,74,1_46_149,2020-03-31 11:47:15
37,Lilian Andrade,https://lh3.googleusercontent.com/-h-wIOaf8810/AAAAAAAAAAI/AAAAAAAAAAA/AMZuucmnihJLe7sCEN6kABPD3IJ3dSiv7g/photo.jpg,Eu amo o jogo porém tenho críticas construtiva Penso que o tempo de produção dos alimentos deveria ser menor e penso tbm que o valor das máquinas de produção deveria ser menor tbm td leva moeda e as moedas tem que ficar juntando demais pra comprar mais uma coisa que eu acho q deveria mudar e as plantas eu acho que elas deveria ficar vivas em todas as colheitas pois depois de três colheitas elas morrem e se alguém ajudar só dá mais 1 colheita e morren definitivamente deveria continuar vivas🙏🏾😘,5,20,1_46_150,2020-05-11 23:33:41
38,Penha Marques,https://lh3.googleusercontent.com/-MSoOsdcSRVM/AAAAAAAAAAI/AAAAAAAAAAA/AMZuuckkf00SVi9gnWdCMTeXcPiBNlXBKw/photo.jpg,"Jogo o Hay Day há muito tempo mas infelizmente nas ultimas semanas não tenho conseguido entrar no jogo. Tento carregar, aparece a nuvem e logo em seguida aparece que parou de funcionar. Se puderem solucionar o mais rápido possível, pois já estou no nivel 68 e sinto muita falta. É o meu lazer e a minha distração. Gostaria de saber o que aconteceu. Será que é o coronavírus que está impedindo? Aguardo o retorno!",1,17,1_46_149,2020-04-19 20:34:36
39,Conceição M Guerra,https://lh3.googleusercontent.com/a-/AOh14Gjj7NvCohAXTQRFUMiTJomS-2qusz95AQ7vS7Ke-A,"Minha diversão, mas de vez em quando tem alguns probleminhas na fazenda, pra mim é o melhor, deveriam facilitar mas a expansão das terras, antes era bem mais fácil, deveriam tirar o limite da compra de material 💞",5,1,1_46_150,2020-05-15 20:35:58
40,Nikiii 2004,https://lh3.googleusercontent.com/-HdYmZTohNMI/AAAAAAAAAAI/AAAAAAAAAAA/AMZuucn7G4DMyide1lgcKW7uCMY8VEvDuA/photo.jpg,"Bom... queria que as arvores virassem lenha para vender ou construir novas casas, para formar vilas, etc. Tambem seria legal ver a fazenda de outros ângulos, 360 e tal.... Tambem devido a nossa situação atual os personagens do jogo poderiam usar mascaras de forma lúdica para expressar o quanto é importante o cuidado tanto pessoal, como com os outros.....",4,92,1_46_150,2020-05-10 16:18:15
41,Karla Coli Gouveia,https://lh3.googleusercontent.com/a-/AOh14GjEqT3UOau_XfG0WGQeau97n0uD7GXu-RG84UIg,"Estou tentando entrar no jogo e não entra. Ontem apareceu que o jogo ia entrar em manutenção e depois disso não consigo mais entrar no jogo, só fica carregando e já atualizei, fiz de tdo e nada. NÃO CONSIGO JOGAR. Arrumen isso, pq o jogo é mto bom e eu quero jogar.",4,41,1_46_150,2020-05-14 22:48:08
42,Queilane Silva dos Santos,https://lh3.googleusercontent.com/-tMN0rYuapNs/AAAAAAAAAAI/AAAAAAAAAAA/AMZuucmzcJG43hwZEkg9hGmvQf5z4jmXFw/photo.jpg,"Eu gosto muito desse jogo, mas estou indignada pq quero comprar diamantes é outras coisas, não consigo por que diz que minha fazenda está vinculada à uma conta do Google. Por isso manda eu fazer outra e não consigo fazer, então não consigo fico muito chateada com isso, alguém pode me ajudar ??",1,23,1_46_150,2020-05-30 01:30:49
43,Um usuário do Google,https://lh3.googleusercontent.com/EGemoI2NTXmTsBVtJqk8jxF9rh8ApRWfsIMQSt2uE4OcpQqbFu7f7NbTK05lx80nuSijCz7sc3a277R67g,"Retirando as estrelas. Amo o jogo mais a última atualização está péssima, o plicativo fechava o tempo doto. E pra piorar faz quase uma semana que tento entrar no jogo e não consigo, fica só carregando e não entra. Se até semana que vem eu não conseguir entrar no jogo irei desinstalar o aplicativo. Não tem pq ficar com o jogo ocupando espaço sem conseguir pelomenos entrar. Completamente decepcionada. 😐😥",1,53,1_46_149,2020-04-19 05:15:11
44,Aramis,https://lh3.googleusercontent.com/-kOx6RPVKUvQ/AAAAAAAAAAI/AAAAAAAAAAA/AMZuucmpZvhgRmxT5pn_Q63IZYCpSo0LHQ/photo.jpg,Olhem com muita pena minha tive de tirar todas as estrelas porque não consigo sequer abrir o jogo 😕 simplesmente faz o loading e quando a nuvem aparece fecha a aplicação. Fechei a aplicação . Limpei ficheiros temporários reiniciei o tlf nada resolveu. E pelos comentários o problema não é só meu. Pelo que deviam ver qual é o problema e resolve-lo 🤔,1,309,1_46_149,2020-04-13 09:31:59
45,Rodrigo Baltajor,https://lh3.googleusercontent.com/-PfW1im6lEmA/AAAAAAAAAAI/AAAAAAAAAAA/AMZuucnrHfeiSB1STpt708KhhbDHeHDenw/photo.jpg,"Depois dessa última atualização começou um travamento no jogo sendo que isso não acontecia antes, do nada sai do jogo e quando você deixa de fazer uma tarefa não permite aí vc faça mais nenhuma outra. Antes não tivessem atualizado o jogo, já estava muito bom sem travar, e por aumentem o número de compras de material 80 por dia é muito pouco, muitas vezes deixo de comprar coisas pr conta diss. Tirando essa última atualização o jogo é excelente.",4,176,1_46_149,2020-04-05 04:55:20
46,De tudo Um pouco,https://lh3.googleusercontent.com/a-/AOh14Gjeo_l-Ov7__qNzSNWr1a78m8-5jTp1C7PSq6ZxjA,"A pessoa falar que as coisas são demoradas para fazer, haaa fala sério tem que demorar mesmo, quer jogar jogo de crianças de 3 anos se não demorasse e fosse fácil de conseguir as coisas ia ser jogo pra bebê! Uma coisa que vcs deveriam fazer é por mudanças climáticas no jogo, pra ficar perfeito tipo sol, chuva, neve, nublado, dia e noite!",5,46,1_46_149,2020-04-19 09:43:57
47,Viviane pereira Pereira,https://lh3.googleusercontent.com/-3_Db4wLcaA0/AAAAAAAAAAI/AAAAAAAAAAA/AMZuucnOl5Yeo3tIxrmMll6yLjXIq5IqyA/photo.jpg,"Gostei muito desse jogo hay day ele é tão bom que eu brincava daí desinstalei e qnd troquei de celular instalei de novo. Só acho ruim o carinha quando ajudar vc tem que pagar 15 diamantes já é ruim pra vc conseguir o diamante , fora que as horas de trabalho é pouco tinha que aumentar as horas tipo uns 3 a 5 dias pelo menos pra valer a pena pelos 15 diamantes.fora que as máquinas são cara acho que vcs poderiam avaliar melhor isso aí ...",3,1,1_46_150,2020-05-14 03:25:39
48,Gisele Castilho,https://lh3.googleusercontent.com/a-/AOh14GhtebYBJ6lqid7PwCb3tPGUKWQt47IvdgYvD4QXqH8,"Excelente, o melhor do gênero! Recomendo, mas vai ficar viciado. Já tem uns anos que jogo. Impressionante os detalhes e a criatividade da equipe de criação! A ovelha tremer de frio é o máximo! As galinhas escandalosas, os porquinhos na sauna, ficando magrinhos para dar o bacon é demais...Não gosto apenas das decorações de festividades, podiam investir mais em coisas de Fazenda mesmo.",5,63,1_46_149,2020-03-30 21:50:08
49,LAURA ARAÚJO DA SILVA,https://lh3.googleusercontent.com/a-/AOh14GjWB2JFAmOQysdlu7p9Mtm7m6obqG4_sEer160Vpw,"Sobre a nova atualização: A corrida descontraída deixou o jogo sem graça. O que move o jogo são as corridas, como coloca uma corrida com 5 tarefas, com uma pontuação de 50? Tudo bem não ter competição, mas pelo menos que fossem com mais tarefas. Essa corrida terá duração de 5 dias, só com as 5 tarefas ou as tarefas serão renovadas diariamente?",2,92,1_46_149,2020-03-31 13:28:02
50,Bruno Borges,https://lh3.googleusercontent.com/a-/AOh14GjeByiUUHJ9t5V41g1iYTZQCcYrKxsSmVxRle9W,"Olha o jogo é incrível de vdd, é um grande projeto mas estou decepcionado com um problema, eu peço por gentileza que os produtores do jogo possam resolver o problema da conexão, porque eu não sei como resolver isso, já tentei vnp, já tentei o Google Play e minha internet é 50 MB e não tem problemas quanto a questão de rede, ent eu peço pf que resolvam isso! Quero aproveitar o jogo!",1,9,1_46_149,2020-04-11 22:11:46
51,Jonh Santos,https://lh3.googleusercontent.com/-hsWgf758Wsc/AAAAAAAAAAI/AAAAAAAAAAA/AMZuuckppj6xwoOUeDJpsjTyaIla8ZmfAA/photo.jpg,"Jogo muito bacana e que devido a várias atividades simultâneas prende a atenção, mais seria top pra caramba se acompanhasse o horário tendo a possibilidade de vermos a fazenda com uma iluminação noturna...já foi pensado nisso desenvolvedores do app? Deixo 5 estrelas pela qualidade do jogo",5,61,1_46_150,2020-05-26 07:38:08
52,Loreena Ferreira,https://lh3.googleusercontent.com/-fdc_zZmthAk/AAAAAAAAAAI/AAAAAAAAAAA/AMZuucn-LWjTa6LxmEaOcveRvVU0MMRM0g/photo.jpg,O jogo é muito bom jogabilidade fácil mas tipo o problema é que depois que você gasta diamante você não ganha mais e só fica com um e o problema também quando ficar sem ração e ninguém tem para vender você vai lá fazer a ração na fábrica de ração daí não vai ter plantação suficiente daí é difícil de arrumar as plantações mas sim o jogo é legal só desinstalo por esse motivo,4,23,1_46_150,2020-05-07 07:43:47
53,Nathalia Souza,https://lh3.googleusercontent.com/a-/AOh14Gg4C1cIfrGT5QsN1i0Ktg7X9P-qCUTwe6ZflC7ANmk,"Em questao de grafico é otimos, ja tem anos que sempre fico jogando, mas sempre odiei a questão das exigências pra expandir a fazendo, muito difícil de conseguir o que pedem sem falar na demora de certos alimentos, o barco muitas vezes pede coisas que mesmo com 19 hrs de espera a quantidade pedida nao ficará pronta, aí começa a caça. nos ajude por favor.",4,6,1_46_149,2020-04-04 15:55:30
54,Alice Soares,https://lh3.googleusercontent.com/a-/AOh14Gjna51oUq10F7EKVPLPRlvu_41NNq1GR6oejZIRFA,"Eu amo esse jogo! Mas não vou dar 5 estrelas porque fui prejudicada na última corrida. Eu dei duro pra cumprir a tarefa de ajudar 15 fazendas e quando eu finalmente consegui, os números simplesmente diminuiram ao invés de aumentar. Fiquei extremamente chateada com isso. Espero que vocês consertem esse bug e possam me ressarcir pelos pontos que perdi e os produtos que eu usei pra ajudar o barco dos fazendeiros e que simplesmente não foram contabilizados.",2,25,1_46_149,2020-04-20 15:31:17
55,lilian Martins,https://lh3.googleusercontent.com/-t5lgmPsmIJ0/AAAAAAAAAAI/AAAAAAAAAAA/AMZuucnDHpO4X7gs-Hpimhqr4E6NMWfJxQ/photo.jpg,"Gosto do jogo, mas a demora para produção de alguns alimentos é muito ruim, a demora para fazer barras de ouro etc, também não ajuda muito. Tudo que está para ser produzido, deveria ser produzido, não um por vez, isso demora demais, deveriam ser preparado ao mesmo tempo, já que está para ser produzido.",3,6,1_46_149,2020-03-30 13:07:44
56,Adriana Ferreira,https://lh3.googleusercontent.com/a-/AOh14GiklJ2wRtmFQ4GESZbfvckGcp_cEiXkaOMmQrJ_EQ,"Eu jogo Hay Day tem uns 6 anos já. Eu nunca precisei vir aqui reclamar do jogo, mais com tanta atualizações. O jogo ficar travando e bugando muito. Hoje já deixei de fazer várias compras no jornal pra expandir minha a fazendo por conta disso. Estou muito indignada com isso. Espero que hoje resolvam logo isso.",3,7,1_46_149,2020-04-06 17:05:07
57,Roberta Ricardo,https://lh3.googleusercontent.com/-gCi6Nknp-Pw/AAAAAAAAAAI/AAAAAAAAAAA/AMZuucnBFGsUaGS8fx5Cu69naJ7gY86ctw/photo.jpg,O jogo é muito bom mas tem uma caso tinha que ser um pouco mais realista e é muito difícil passar de fase precisa de um pouco de ajuste mas o jogo é muito bom muito obrigado pelo esse jogo maravilhoso obrigado E tomara que vocês consegue fazer esse jogo ser mais realista Muito obrigado,5,0,1_46_150,2020-05-25 17:02:34
58,Dani Malingre,https://lh3.googleusercontent.com/a-/AOh14GhyA0GMA9-D_x49zWsa8Ahk0PXWS2hqzjG0Zm6jbSs,"Comentei sobre o jogo em 2017, sim, eu era pequena, ent agora resolvi apagar. Amo esse jogo, e estou instalando dnv, depois de 2 anos, kkkkk, sou de nível alto, jogando todos os dias! Sempre me esforçando, é pura mentira q você tem q pagar pra passar de nível!",5,1,1_46_150,2020-05-23 11:15:42
59,Anie Caroline Finger,https://lh3.googleusercontent.com/a-/AOh14GgwvbgBmqeXtoGOVs4SmTPPA1SzVHdqP3qFvFls,"Vocês estão de brincadeira né . Vocês deixaram o jogo fora do ar para arrumar um probleminha na corrida e não adiantou nada , está uma droga ou vocês arrumem isso ou eu vou desinstalar o jogo , não jogo mais . Não consigo ver a minha tarefa da corrida , ela zerou duas vezes e toda vez que tento resolver o jogo sai fora do ar , diz que perdi a conexão . Arrumem isso . E outra vê se me respondem . E ainda sou obrigada a dar uma estrela vê se pode se pudesse não dava nenhuma .",1,20,1_46_149,2020-04-01 02:24:46
60,Um usuário do Google,https://lh3.googleusercontent.com/EGemoI2NTXmTsBVtJqk8jxF9rh8ApRWfsIMQSt2uE4OcpQqbFu7f7NbTK05lx80nuSijCz7sc3a277R67g,"QUE JOGO INCRIVELLL!!!! Foi um dos melhores jogos de fazenda que eu ja joguei , pois tem diversão, tem amigos para jogar junto , tem a corrida q é incrivel , e o nelhor de tudo desse jogo é o simples fato da distribuição de diamantes ser gigante , assim igualando os jogadores que gastão dinheiro e os free to play.",5,0,1_46_150,2020-05-23 12:50:57
61,Camila Vitoriano,https://lh3.googleusercontent.com/-ipta_C1Pcu0/AAAAAAAAAAI/AAAAAAAAAAA/AMZuucmVh_W4qo1reapkGleQM5hyrLyxPw/photo.jpg,"O jogo é muito bom, mas tem muitas plantações que levam muito tempo para poderem ser colhidas, o Tom tem um tempo de descanso muito grande e depois da última atualização estou com problemas na corrida. Completei uma missão e não foi contabilizada, fui selecionar outra e consta que já tenho uma missão em andamento.",4,8,1_46_149,2020-04-01 23:23:26
62,Ber Lim,https://lh3.googleusercontent.com/-lRkDbZnk148/AAAAAAAAAAI/AAAAAAAAAAA/AMZuucmjyYZCzo1l5e69Ol4D3KKI7kOe_Q/photo.jpg,"O jogo já foi bom,hoje tá terrível, limite de 80 para expansão de celeiro, silo,terras,reviver plantas só 8 ajuda e o restante está indo para onde.Vcs em fez de fazer os fazendeiros querer jogar está nós tirando do jogo,está corrida doida, terrível, fação algo bom,estas árvores que só faz vc,gastar moedas , vales ,ainda pede projeto.kd as autorizações e quebra cabeça dos animais Vcs tão malucos só dei uma estrela ,mais por mim não vale nem,uma se quer. Para de pensar em vcs,e pensem nós",1,8,1_46_149,2020-04-04 23:07:09
63,tata,https://lh3.googleusercontent.com/a-/AOh14GjKNgi4WxRiIFzMtn9gicRkHBmRkc4e9cZH-IqSBw,"O jogo é legal, oque eu não gostei foi a demora para fazer as coisas. É tão sem graça jogar apenas 20 minutos, fazer tudo que tinha que fazer depois ficar sem opção e ter que sair, para quando eu voltar depois de umas ex: 3 horas para fazer o mesmo processo. E poderiam colocar mais diamantes para iniciantes também! Melhorem isso.",4,325,1_46_150,2020-04-25 18:55:15
64,Arlete Souza,https://lh3.googleusercontent.com/a-/AOh14GikIjl1owJUiFGS-VbjAvMkBZkSSUvrAGPNbPef,"Gosto de mais desse jogo so acho que nao deveria ter limite de compras p expansao E outro ponto que os itens da expansao da fazenda deveriam ser diferentes da cidade e dificil conseguir os itens , quando consegue o jogo limita a compra. E assim o adm do jodo pensa que fazendo isso amarra o jogador na verdade ele desiste de joga pq ve dificuldades. Se tem muitos jogadadores do hay day agora se n tivessse tnt dificuldades q foram criadas teriam cemtenas de milhares. Se melhora fica perfcto",3,4,1_46_149,2020-03-30 11:21:21
65,LILIA CRUZ,https://lh3.googleusercontent.com/-eSD2mDcnFZ0/AAAAAAAAAAI/AAAAAAAAAAA/AMZuuclJ7TGsEhOU33eIPm64KPksuAev4Q/photo.jpg,"Era muito gostoso de jogar , mais de um tempo pra ca esta insuportável , depois das últimas atualizações . Nao consigo se quer entrar no jogo , Material de expansão cada dia pior , ja se tornou um jogo chato , irritante . Sou nível 64 e não consigo sair disso . Desisto 😪😡",2,2,1_46_149,2020-04-11 17:24:28
66,Anderson Monteiro,https://lh3.googleusercontent.com/a-/AOh14Gi46E-3SEJCj_RK7p7pxF_yfYSpZF34KCPuEFFKjfA,Os assistentes desse jogo não dão suporte nenhum já mandei diversas mensagens e ninguém soluciona o meu poblema . Ontem fiz a compra de 80 intens de construção e melhoria limite esse diário hoje fui tenta comprar materias fica aparecendo que excedeu o limite de 80 itens pra mim compra só amanhã no caso 2 dias pra poder compra algo palhaçada!!!!!!!!!!,1,96,1_46_149,2020-04-13 10:58:15
67,Analuiza Artimus,https://lh3.googleusercontent.com/a-/AOh14GimfdDQKG0mevu9awcoktfKM5fe4J0HJwI9h_Hi,"Adoro jogar, mas com essa última atualização não estou conseguindo participar da corrida, primeiro apareceu que eu não ganhei nenhuma ferradura até aí beleza, fui e escolhi a missão para entrar em outra, cumpri ela já que era só de 2 tortas e quando entro fica piscando tudo remanejando ferraduras, moral da história estou perdendo tempo da corrida pós não consigo escolher a outra missão fica tudo bugado...",4,3,1_46_149,2020-03-31 23:12:52
68,Ariane Silva,https://lh3.googleusercontent.com/a-/AOh14Gi4rJwPb3a3Iqel8F7S5EpYF523Rt_At4zDAkTaBw,"É ótimo o jogo. Mas deveria ter uma máquina de fazer estaca,marreta,etc.. Ajudaria muito as pessoas há desbloquear terrenos mas rápidos. E poderia poder vender objetos que não usamos na fazenda .",4,1,1_46_150,2020-05-10 20:38:31
69,Isabella Siqueira Salgueiro Mota,https://lh3.googleusercontent.com/-nr_qJfDmZEo/AAAAAAAAAAI/AAAAAAAAAAA/AMZuuckVofUX_imq7gymQvq3NC3BSgMtug/photo.jpg,Gostaria de agradecer à equipe de atendimento do Hay Day. Há um tempo minha mãe desinstalou o jogo e queria recuperá-lo. Fiz de tudo e não conseguia encontrar a fazenda dela. Daí mandei mensagem e a equipe me ajudou e consegui resgatar a fazenda da minha mãe!! Obrigada equipe do hay day! Vcs são demais!,5,5,1_46_149,2020-04-17 16:29:48
70,Débora Ramalho,https://lh3.googleusercontent.com/a-/AOh14Gg37uxcp4tCh7bOVX-UMaHQXf1JWa2tp0RDH_0alw,"Acho que o jogo pode ser melhor desenvolvido. Por exemplo, o leite, deveria ser produzido mais rápido e os materiais para construção do local onde ficam os mantimentos poderiam ser vendidos na lojinha onde pudéssemos comprar com o dinheiro do jogo mesmo.",3,4,1_46_150,2020-05-15 21:26:54
71,Laryssa Orbelli,https://lh3.googleusercontent.com/a-/AOh14Gg0vbr8KgDubDDg9axqYK2IoKLzhfvNkrmGi-KDXBk,Faz muitos anos que comecei a jogar. Parei e voltei este ano. Gosto muito. Passo horas jogando. Mas acho o tempo das máquinas MT demorado. E os itens de expansão eu raramente encontro. E o preço dos maquinários são MT altos. Já tem 3 máquinas desbloqueadas que não consigo comprar. Mas no geral é um bom jogo.,5,4,1_46_149,2020-03-31 20:38:26
72,Amanda Gaby,https://lh3.googleusercontent.com/a-/AOh14GjAnPEru8o0AP4D6MljNW9aGKzAdJd0fMaTSxhkVQ,"Quero vim pedi uma ajuda.. meu jogo esta reiniciando saindo do jogo, constantemente tenho que tentar volta pro jogar pra da continuidade. Esse problema ele veio apresenta após eu te reiniciado o App que o próprio jogo pediu. Queria que pude se ajeita isso já que jogo todos os dias. Vou aguarda o retorno do ctt. Realizando o reparo eu dou 5 pois o jogo e muito bom o que está estragando ele e esse problema.",2,5,1_46_149,2020-04-06 10:44:08
73,Kyra- Kun,https://lh3.googleusercontent.com/a-/AOh14GjcNrFd-uOMh9fn9-0qS1AP9mzKMJn-QKVMhH8v,"Boa noite (bom dia ou boa tarde rsrs),eu tenho 13 anos e jogo a muito tempo o hay day...ultimamente ele tem apresentado um problema quando eu quero ver quantas estrelas as minhas máquinas tem;sempre que eu clico no i (que mostra as horas),logo depois que vejo o que queria, e clico no x de sair mas o jogo buga e some...por favor supercel conserte este bug... Agradeço se corrigi-lo! Ps:meu português formal é horrível rsrsrs",5,21,1_46_149,2020-04-05 20:31:44
74,Tipos De Jogos,https://lh3.googleusercontent.com/a-/AOh14GgmBL4hYSf7l5zK3v50EKlJ6_WJWWH8Z38O8Cbt,"O melhor jogo que existe no mundo!! Se pudesse daria mais de 1000 estrelas. Muito legal esse jogo, inclusive quando vc entra para uma vizinhança, vende e compra as coisas! Não tenho nenhuma crítica ruim, apenas boas! Minha dica é vcs instalarem esse jogo!! Amo o espantalho no começo do jogo!!",5,8,1_46_149,2020-04-14 17:22:51
75,marilia castro,https://lh3.googleusercontent.com/a-/AOh14Gjq7Nu0-quS-FFe9pVMSlHJFMQTM8X4DL_usRuF,"Amo demais esse jogo, jogo há anos! Mas, durante a corrida descontraída aconteceu um bug com a minha tarefa... repetiu a mesma tarefa diversas vezes e não avalia como concluída!! Não consigo mais fazer tarefa nenhuma da corrida por conta disso. Por favor, consertem isso! 🙏❤",4,1,1_46_149,2020-04-04 15:42:33
76,VESTIBULARIZANDO,https://lh3.googleusercontent.com/a-/AOh14GhDpk3VeWEbegQTmfOh6nW5_-RyCYb4jbVAqC2Qvg,"Por favor, libera a venda de iscas e redes de pesca. Para mim não tem necessidade aumentar a capacidade. Eu preferiria vender pra quem precisa. O tempo de espera para produção de itens é muito. Os barcos pedem coisas em grande quantidade e que demoram na produção e não temos como deixar guardados porque os o silo e o celeiro está sempre com capacidade baixa. Tudo que é para expansão demora para ser achado. O tom só dorme, acho meio inútil. O ajudante deveria ter a opção de expandir a mochila.",5,79,1_46_149,2020-04-19 07:56:26
77,Valeriana Moreira,https://lh3.googleusercontent.com/-4Oy44ZVE09A/AAAAAAAAAAI/AAAAAAAAAAA/AMZuuck7qqaMSP78Ax7aSOmj8lJhlZ8M-g/photo.jpg,"Tenho o jogo á muito tenpo e gosto, mas comprei diamantes e quando apareceu o espantalho para falar e carreguei para continuar apareceu por trás uma cena d 24 diamantes no qual carreguei n espantalho mas passou e carregou no outro tirando 24 diamantes sem eu querer sendo assim não vale a pena gastar dinheiro visto q depois isto acontece. Devia de haver algo para corrigir isto pq assim não dá.",1,4,1_46_150,2020-05-05 21:13:14
78,Elaine Graciele Baptista Gomes,https://lh3.googleusercontent.com/a-/AOh14GjIXXs3_fCiOMKSsHwcOQJdZdM4YwjXd0SXmI3hEls,"O app é muito legal, porém sempre que atualiza ele perder algumas funcionalidades. Eu atualizei semana passada e agora a corrida está com problema, não consigo selecionar os itens para ganhar pontos. Quando aciono o suporte, dizem que pode ser falta de espaço no meu smartphone, porém o restante do jogo funciona normalmente.",3,15,1_46_149,2020-04-01 02:57:35
79,Kate Campos,https://lh3.googleusercontent.com/-Ip7BGYbeEFo/AAAAAAAAAAI/AAAAAAAAAAA/AMZuuckvaPY8UWc27uFAk2kV0Za4iJXOGg/photo.jpg,"Desde a ultima atualizacao o jogo so trava, e nao funciona direito. Colocaram um corrida do coelhinho que nao funciona, voce faz a tarefa do coelho, o que voce ja precisa esperar mais de 1h para o coelho aparecer, e mesmo assim a tarefa nao e contabilizada. Sem falar a corrida da semana passada que nao tinha instrucoes dos horarios de troca das tarefas no quadro, nem da hora que liberava mais 05 tarefas. Por favor corrijam os erros!",1,25,1_46_149,2020-04-10 18:41:44
80,edna gomes,https://lh3.googleusercontent.com/a-/AOh14GiqUKEnVyZ1CEIfGbBf5XKXJVcaeZhUG1CeEU_bHds,"Gosto muito desse jogo, mantém agente interagindo com outras pessoas e com muitas tarefas. O que não achei legal é quando passamos de fase às coisas são caras e se não tiver máquina não temos muito o que fazer. Diamante tem que comprar só assim pois no jogo é impossível comprar com diamante ganho.",4,74,1_46_150,2020-04-27 18:20:53
81,Maria Aparecida Dantas,https://lh3.googleusercontent.com/-_sJ4FRYo4oc/AAAAAAAAAAI/AAAAAAAAAAA/AMZuuclNZ32RiFE4wBaBv3kcr6zEwNp6kw/photo.jpg,"SUPERCELL eu adorei o jogo! agora eu já joguei todos os seus jogos! enfim eu vi nos comentários uma pessoa que tava pedindo pra quando agente cortar uma árvore agente conseguisse lenha para construir uma casa pra começar uma vila,então eu apoio essa ideia mas também poderia usar essa lenha para melhorar as construções da nossa fazenda",5,2,1_46_150,2020-05-28 12:40:39
82,Luis Santana,https://lh3.googleusercontent.com/-uwgJGznlHOQ/AAAAAAAAAAI/AAAAAAAAAAA/AMZuuck_8L27xGY17gloR6ppPiebZg7zfw/photo.jpg,"Gosto muito desse jogo , sempre joguei sempre gostei mas agora depois da nova atualização fiquei muito chateado por não entra mais já desinstaleive já emjnstalei novamente e o jogo não funciona simplesmente ele tenta abrir e fecha não da opção nem de instalar uma nova fazenda muito triste pois mas estava na fazer 90. Gostaria que pelo menos me desse uma posição. Nunca te pedi na Hay day.",2,0,1_46_149,2020-04-14 19:45:27
83,Dollyn ?,https://lh3.googleusercontent.com/a-/AOh14Gi1fFV3hi9X30cB4j_c6Dgbvq94yZpIC5Wv84IZ,"O jogo é muito bom, porém estava jogando agr e é a segunda vez q vejo um problema, eu estava jogando o jogo tranquilamente quando fui comprar um prego q estava precisando porém quando fui olhar meu celeiro não estava lá, essa foi a primeira vez que aconteceu isso, a segunda aconteceu agora e foi o mesmo caso a diferença é que eu fui comprar uma pá e quando fui olhar no meu celeiro não estava lá,espero que resolvam esse problema pois irrita muito!!!",1,3,1_46_149,2020-04-16 19:15:17
84,Alder Sa,https://lh3.googleusercontent.com/-hiwkzuIB5zE/AAAAAAAAAAI/AAAAAAAAAAA/AMZuucnvz9SgJjSbsEKjRfW7hYPsSUy3jg/photo.jpg,"O hay day e um jogo muito bom, so que ele ta travando muito no meu celular, eu tentei ir na minha fazenda antiga , so que eu não consigo editar o nome da minha fazenda atual , o nome da minha antiga era Alder7689 Mais eu não consigo votar ''''nesse jogo""' se ele e bom , ele era mais.....🙄antes da atualização eu não consigo digitar nada no hay day quando consertarem eu dô cinco estrelas tbm?😆",4,6,1_46_150,2020-05-03 16:40:55
85,Vinicius Vieira,https://lh3.googleusercontent.com/-0gAY5LPb0xI/AAAAAAAAAAI/AAAAAAAAAAA/AMZuuclknkhjLlix9ywONItbn5sK6XXFSQ/photo.jpg,"Jogo ótimo passo quase o dia todo jogando, mais tenho uma coisinha que estraga que é o limite de materiais de expansão, vocês podia aumentar o limite por que é muito ruim agente olhar o jornal e ver o que agente tá precisando que são os materiais de expansão e não poder comprar mais fora isso o jogo está de parabéns recomendo a todos que joguem.",5,1,1_46_150,2020-05-29 16:13:54
86,"Silvania f,c,m",https://lh3.googleusercontent.com/a-/AOh14Gih_1n0UzWwUlTTvg1hNNV_WdpLhrSs16VObvTjUUI,"Muito triste. Devido a essa última atualização, não estava conseguindo acessar, daí tbm não estava conseguindo atualizar por falta de espaço no meu celular. Resolvi desinstalar e reinstalar em outro aparelho com mais espaço. Conclusão, não consigo recuperar minha fazendinha q já estava passando do nível 40. Se não me engano, nível 43 ou 44, e agora tenho q começar tudo novamente 🤦🏽‍♀️🤦🏽‍♀️🤦🏽‍♀️. Vou ter q desinstalar, mesmo gostando do jogo. Não vou recomeçar tudo novamente.",3,16,1_46_149,2020-03-30 19:32:57
87,Ezequiel Santos,https://lh3.googleusercontent.com/--RfwBlzSbF0/AAAAAAAAAAI/AAAAAAAAAAA/AMZuucnIkIx_vznXaeECxk3ggD8MAMKPoQ/photo.jpg,Eu gosto muito desse jogo mas esse negocio de não poder comprar mais de 80 materiais de expanção por dia é mancada se eu tenho dinheiro por que não posso compra mas ate que eu entendo fazendo isso da mais chance pra outras pessoas comprarem mas é frustante ter o dinheiro e ver algo que precisa muito e não poder compra em fim aumenten pelo menos a quantidade,4,5,1_46_150,2020-05-19 10:06:09
88,Paula Oliveira,https://lh3.googleusercontent.com/a-/AOh14GiZj72WtbVgxYEeuuOkmtIk-nFpPv66ffEUC3h9Ww,"Esse jogo era muito bom. Mas de uns tempos pra cá, ele esta fechando sozinho o tempo todo ,alem disso ,as coisas estão cada vez mais difíceis, leva muito tempo para subir de nível. SÓ ESTOU DANDO UMA ESTRELA PARA PODER COMENTAR POIS NAO MERECE NEM ""MEIA"" ESTRELA ! O JOGO TA UM LIXO !!!!",1,6,1_46_149,2020-04-15 11:17:26
89,tania martins,https://lh3.googleusercontent.com/-3PILiDtuy0w/AAAAAAAAAAI/AAAAAAAAAAA/AMZuucmDVJAm1QvwxzhAFOJirDh5lEHEpA/photo.jpg,"Gostava muito do jogo faz anos que jogo, porém agora que começou esse negócio de temporada de corrida das galinhas quando começa, não consigo ficar mais que 3 minutos no jogo pq da conexão perdida, e é sempre quando começa essa temporada da corrida de galinhas tira isso por favor, tá um saco, eu jogo e o progresso não fica salvo começa tudo de novo. Que chato.",2,78,1_46_150,2020-04-23 11:29:31
90,Diana BARBOSA,https://lh3.googleusercontent.com/-waK35Bgr_cs/AAAAAAAAAAI/AAAAAAAAAAA/AMZuucmAPd6ZH4eeGH1DOjIDPpCEhV8KXQ/photo.jpg,O jogo e maravilhoso e tão bom que e indescritível que bom que nessa atualização o jogo parou de travar e agora tá otimizado mas eu queria fazer uma perguntinha eu gostaria de saber como funciona essa coisa da pessoa fica ganhando estrela nas máquinas não sei como funciona mas de qualquer forma o jogo e incrível e fantástico recomendo,5,2,1_46_150,2020-05-12 08:09:35
91,Quézia,https://lh3.googleusercontent.com/-qxs7Ck4g5ic/AAAAAAAAAAI/AAAAAAAAHiU/AMZuuclFiQXsAzVkyRjGNOMhPuFiHrv3iw/photo.jpg,"Adoro jogar. Só acho que o tom poderia trabalhar doze horas ao invés de 24. Pois quando contratamos,perdemos a noite de trabalho. Poderia ser mais barato TB. Tipo de oito a dez diamantes. Atualmente custa 15. As vezes o jogo dá aceleradores q ganha o serviço dele gratuito. Isso é excelente.",4,1,1_46_149,2020-04-17 14:01:37
92,Lariih Marinho,https://lh3.googleusercontent.com/a-/AOh14GgGFWxhZ78_chRsgSleaj1oezFn0x-B7M-WjIbzwQ,"Viciante. Passo o dia inteiro jogando e não canso. Fazem 6 anos kkk Não precisa de energia e o andamento do jogo depende única e exclusivamente de quem joga. Tenho 5 fazendas, níveis 171, 112, 89, 34 e 34. Recomendo muito.",5,5,1_46_149,2020-04-19 10:49:37
93,Aracelia Indalecio Fernandes Infante,https://lh3.googleusercontent.com/a-/AOh14GggNxDK811J-ij9QPo_TI-0RWQ1wWvJ1XKjgNlr,Jogo muito legal. Deixa a gente viciada. Porém essa de limitar a comprar de materiais de expansão em 80 está muito ruim. A gente fica muito feliz quando encontra para comprar. Ai limita em 80. Por favor não limite isso. Para a gente conseguir expandir o nosso depósito pede muitos de cada . E o tom tbem poderia trazer para nós ajudaria muito.,5,13,1_46_149,2020-03-30 21:37:08
94,Marta Weasley,https://lh3.googleusercontent.com/-bxYiLZmnqp4/AAAAAAAAAAI/AAAAAAAAAAA/AMZuuckjzlUSTNzaLZBns_uTraQphWrDKg/photo.jpg,"A vossa manutenção é horrivel. o jogo é bom, nao tenho queixa nenhuma. mas a vossa manutenção é chata para quem passa parte do tempo a jogar. primeiro diz que demora 1h passou-se pouco mais de 1h30 e volta a dizer que está em manutenção para voltar a tentar dentro de 45 min? tentem resolver isso. já ontem foi a mesma coisa. fazem manutenções todos os dias?! resolvam esse problema a sério.",3,3,1_46_149,2020-03-31 06:21:39
95,livia Marques,https://lh3.googleusercontent.com/-XDNmznjqfms/AAAAAAAAAAI/AAAAAAAAAAA/AMZuuclvn1Q2icAgPkolJi_HdXV4eORO8A/photo.jpg,"O jogo e MT bom ,porém com está nova atualização ,que colocaram limite de materiais de expansão , da MUITO NERVOSO , pois e bem difícil de achar , e qnd acha uma promoção boa no jornal , aparece q você já atingiu o limite, não sou a primeira a reclamar , peço melhorem nesse quesito , Obrigada , fora isso um jogo excelente",2,15,1_46_149,2020-03-30 14:18:30
96,BRUNO HENRIQUE,https://lh3.googleusercontent.com/a-/AOh14GjPIiovnFBfiP4NW-fmIv1DrWH5HUNDQs4PHexfFA,"O jogo é ótimo para se passar o tempo... Minha indignação fica por conta do limite diário para compra de material de expansão, em determinados níveis fica horrível para se guardar produções... Já que não vai ser mais ilimitado, pelo menos bolem algum jeito de aumentar esse limite jogando!",1,10,1_46_149,2020-04-04 23:27:49
97,zelia de araujo,https://lh3.googleusercontent.com/a-/AOh14GhUgqqp628cRdSxT2FrOrQHsYXh--rTcAZeVKEG,"Nessa atualização vocês poderiam deixar a gente comprar as autorizações,é difícil vir uma autorização,mesmo que vc tenho os outros materiais não tem como aumentar se não tem autorização e deixar como estava os materiais de expansão, (não colocar limites de compras) ai Fica muito difícil decorar pois nem espaço tem, fora que tem jogador que fica guardando esses materiais e seu celeiro lotado pois é muito pequeno. Affs.",4,0,1_46_149,2020-04-06 11:27:32
98,Arthur Birck,https://lh3.googleusercontent.com/-OlMLWldi2ug/AAAAAAAAAAI/AAAAAAAALqA/AMZuucmksEObqE4X4_fSFY382W4S7aM2Aw/photo.jpg,"Deixo com 1estrelas ate arrumarem o nitido erro de quando compramos um item na banca so uma parte desses itens vc realmenre adquire, como se sumisse uma parte da compra, principalmente quando sao itens raros, e nao adianta reclamar para o suporte pq segundo eles esse erro existe mas nao podem fazer nada! Absurdo isso impede vc fazer varias coisas alem de dar mta raiva! Melhorem isso por favor, n to aguentando mais reclamar e ninguem poder fazer nada a respeito",1,5,1_46_150,2020-05-24 10:13:57
99,Jennyfer Cristina,https://lh3.googleusercontent.com/a-/AOh14Gi71hkU60p5tf5cpBI1cslFhrwTbqcKzCovRo2K5tg,"Eu acho o jogo ótimo, porém de uns dias pra cá ele vem bugando, eu não consigo acessar mas o jogo, já desinstalei e limpei os dados porém nada resolver, equipe HAY DAY o que eu faço ? Não quero ter que desinstalar o jogo, agora que cheguei ao nível 35. Por favor me ajude",3,2,1_46_149,2020-04-17 10:17:43
