,userName,userImage,content,score,thumbsUpCount,reviewCreatedVersion,at
0,Maria Filipe,https://lh3.googleusercontent.com/-3GhA4NvAJiI/AAAAAAAAAAI/AAAAAAAAAAA/AMZuucnZ8jQYlOIqI0JTr_rTDn1tbvh3FQ/photo.jpg,"Muito bom jogo , já tenho jogado outros jogos dentro do gênero e gosto muito",5,1,1.5.2,2020-04-03 10:17:20
1,João Martins,https://lh3.googleusercontent.com/-eUkTP9THviQ/AAAAAAAAAAI/AAAAAAAAAAA/AMZuucnzdj8e0E8gaQ7VIzCL3dsuHquJGw/photo.jpg,o jogo em si é interessante para desenvolver o raciocínio mas falha muito no sentido de escrever palavras valida para o jogo e não serem validades mas passado algum tempo serem aceites,1,20,1.4.4,2019-01-29 14:41:44
2,Um usuário do Google,https://lh3.googleusercontent.com/EGemoI2NTXmTsBVtJqk8jxF9rh8ApRWfsIMQSt2uE4OcpQqbFu7f7NbTK05lx80nuSijCz7sc3a277R67g,eu sei que é emocionante e faz a gente raciocinar bastante e eu adoro desafios e este jogo completou todas as minhas expectativas muito obrigado senhores,5,16,1.4.4,2018-12-21 22:55:24
3,clara Fernandes,https://lh3.googleusercontent.com/-McUy2G4jmm0/AAAAAAAAAAI/AAAAAAAAAAA/AMZuucmqtbIjqnQNFvP_d8tDxzSxdnbcxA/photo.jpg,"O word snack é uma aplicação muito boa,por isso,aconselho-vos a instalarem",5,8,1.4.4,2019-07-23 14:20:10
4,Fatima Santos,https://lh3.googleusercontent.com/a-/AOh14GiIupM4d6PCGnzZNhVYMrth02kT5iO4O_vZNKTh,Muito fixe faz a gente pensar e.ajuda a puxar pela cabeça,5,0,1.5.2,2020-04-27 16:28:58
5,Felipe Gomes,https://lh3.googleusercontent.com/-vzEXg5cYsbg/AAAAAAAAAAI/AAAAAAAAAAA/AMZuuclqw-ObtcJCOyXVVipjk-Rd7_LnNQ/photo.jpg,Jogo muito legal para passar o tempo.,5,0,1.4.4,2020-01-06 10:10:07
6,edjan oliveira,https://lh3.googleusercontent.com/-PlJf9uMZRHY/AAAAAAAAAAI/AAAAAAAAAAA/AMZuucnmB-pWQPrePACMldahKCaI9qIuWA/photo.jpg,Prático e facil,4,1,1.4.4,2018-10-17 18:32:42
7,Marta Costa,https://lh3.googleusercontent.com/-KaLv0FclUUY/AAAAAAAAAAI/AAAAAAAAAAA/AMZuucnR3ucVgDpx_hWJqfsSPgMtwJMRqA/photo.jpg,deveria ter dica pra facilitar quando estiver muito difícil vou excluir,4,2,1.4.4,2019-04-24 15:35:00
8,Cccaldeira Caldeira,https://lh3.googleusercontent.com/-1Kna6pxK0rg/AAAAAAAAAAI/AAAAAAAAAAA/AMZuucmnYJljljbFuT9yLYdcGa9SkAvEQQ/photo.jpg,Jogo muito interessante e desafiante.,4,1,1.4.4,2019-04-01 14:20:25
9,alve almeida,https://lh3.googleusercontent.com/-N1AuWduxpdY/AAAAAAAAAAI/AAAAAAAAAAA/AMZuuclmy1_ACLYGwLtjRYkxb-OSJLfOEg/photo.jpg,É um jogo excelente recomendo parabéns aos criadores,5,1,1.4.4,2018-10-24 08:41:12
10,Cristina Melo,https://lh3.googleusercontent.com/-pOxqMSJ4szU/AAAAAAAAAAI/AAAAAAAAAAA/AMZuucmdlL5fsIxr_P1X-EGdw_Vyw1auQw/photo.jpg,"Como sempre , excelente 🌟",5,0,1.5.2,2020-03-21 02:17:50
11,Pedro Santos,https://lh3.googleusercontent.com/-9c607fIK2kA/AAAAAAAAAAI/AAAAAAAAAAA/AMZuucnmnlhOki1mGM49jntQPR8CDZmv7g/photo.jpg,Pena os anúncios,4,1,1.4.4,2019-07-06 17:23:00
12,Clara Maria,https://lh3.googleusercontent.com/-F1U7cytHsR8/AAAAAAAAAAI/AAAAAAAAAAA/AMZuucntyupnzg9uZE4oIkEwSPJGbFWR2Q/photo.jpg,Eu gostei muito do jogo,2,0,1.5.2,2020-04-07 12:37:29
13,Marilia Santos,https://lh3.googleusercontent.com/a-/AOh14GiTM66WbTlb20f42vwSsn-hvKMZ2-wMADVbBnb0frM,Estou no início,5,0,1.5.2,2020-04-24 22:33:56
14,Maria Helena De Macedo Vieira,https://lh3.googleusercontent.com/-uxw4T6c8nK8/AAAAAAAAAAI/AAAAAAAAAAA/AMZuucnRbyzJhidXglmJfRY51mnxs5FGdQ/photo.jpg,achei bem legal e é um jogo muito bom pois da para passar bem o tempo e ocupa pouco espaço,4,4,1.4.4,2019-06-02 00:38:48
15,Cleusa Oliveira,https://lh3.googleusercontent.com/-bUT_Zg3i5No/AAAAAAAAAAI/AAAAAAAAAAA/AMZuuck_0bHcPzwUNLYlXkch4tFh96hE9Q/photo.jpg,Este jogo é ótimo muito bom para exercícios da mente,4,1,1.4.4,2019-05-23 04:37:25
16,Lurdes Sampaio,https://lh3.googleusercontent.com/a-/AOh14GiEz7JRMprBL6_q25563BIFjo1PkO7JfdNHh2jocA0,"Ainda estou a começar , mas vai ser bom para não deixar morrer o cérebro",5,5,1.4.4,2019-02-15 18:30:06
17,Edson Morais,https://lh3.googleusercontent.com/-VXID5GPsCNE/AAAAAAAAAAI/AAAAAAAAAAA/AMZuucnEf3lrukZPy5Op_IvSzoDXy5UD0Q/photo.jpg,muito divertido gosto muito de aprender novas palavras,5,1,1.4.4,2019-07-17 11:31:50
18,Maria Conceição Bacha,https://lh3.googleusercontent.com/-HODw6oyB4Uo/AAAAAAAAAAI/AAAAAAAAAAA/AMZuuck824esKLZysp81ghK1XjCD7FyxUw/photo.jpg,bom jogo .não dá vontade de parar,5,0,,2019-06-24 20:03:33
19,Um usuário do Google,https://lh3.googleusercontent.com/EGemoI2NTXmTsBVtJqk8jxF9rh8ApRWfsIMQSt2uE4OcpQqbFu7f7NbTK05lx80nuSijCz7sc3a277R67g,Muito bom...divertido pra passar o tempo,5,0,1.4.4,2018-11-16 10:42:04
20,Tania Franca,https://lh3.googleusercontent.com/a-/AOh14GhuwmDgMactwXhqU5PRQnZUplhHf2RPXcEPjuLseA,Recomendo. Jogo inteligente.,4,0,1.4.4,2018-12-14 15:43:52
21,Estefania Diogo,https://lh3.googleusercontent.com/-90HaieWzeyw/AAAAAAAAAAI/AAAAAAAAAAA/AMZuucmsNamyksUNYYeE0x5lcH1nAHu21g/photo.jpg,"até agora é bom pouco tempo,vamos ver!",5,0,1.4.4,2019-07-10 04:28:35
22,Artur Monteiro,https://lh3.googleusercontent.com/-qIANPDWV_Zk/AAAAAAAAAAI/AAAAAAAAAAA/AMZuucljcT3JnE9S7sGqG0G2gpv8Zyw1-Q/photo.jpg,para já dou 4 estrelas ainda estou a iniciar.,4,0,1.4.4,2019-07-10 06:33:24
23,Suely Batista,https://lh3.googleusercontent.com/a-/AOh14GjjbRrz8OTSmIqbX9tQrHpSDj1zQHYacoy-RhDG5g,gostei. as palavras sao boas. otimo p memoria.,5,0,1.4.4,2019-01-29 23:39:36
24,Um usuário do Google,https://lh3.googleusercontent.com/EGemoI2NTXmTsBVtJqk8jxF9rh8ApRWfsIMQSt2uE4OcpQqbFu7f7NbTK05lx80nuSijCz7sc3a277R67g,eu acho que podiam aceitar as outras palavras porque á palavras que dao e vcs nao deixam meter,4,3,1.4.4,2018-12-19 12:28:19
25,Ana Cristina Mota,https://lh3.googleusercontent.com/-cvcLtwdR8mY/AAAAAAAAAAI/AAAAAAAAAAA/AMZuucm3vYbu-OJ3O_syhkzAvlVHPLv-OQ/photo.jpg,Ainda estou a começar mas estou a gostar.,4,0,1.4.4,2018-11-22 21:32:19
26,Hugo Pereira,https://lh3.googleusercontent.com/a-/AOh14Ggh01nWU03ipQct4wnz5QcpT1uWk6lJpNiaAaEldg,Este jogo é muito bom gostei!!♥♡♥♡☆♣♧★★♣,5,0,1.4.4,2019-09-11 13:46:22
27,Joao Nascimento,https://lh3.googleusercontent.com/a-/AOh14GjAM0XjpnRNLoDmfXLIXBQoTbpWeXoRT0Vu8cCZ30k,jogo de raciocínio lógico muito bom.,5,0,1.4.4,2019-02-11 21:20:28
28,2345678902losantos lobatoqwazsxcverdf,https://lh3.googleusercontent.com/a-/AOh14GjZTnV5jSDEJyO-rqdRJnI7AwFF3tyN7mwxHD44,Muito bom ajuda a exercitar a mente.,4,0,1.4.4,2018-10-28 14:49:20
29,Vitoria Alves,https://lh3.googleusercontent.com/a-/AOh14GgUpiTKDi0e2gcmNOSGiMg80_CTcPGXi6w3aHYY9A,super otimo para melhoar a memória,5,0,1.4.4,2019-05-29 00:02:28
30,Um usuário do Google,https://lh3.googleusercontent.com/EGemoI2NTXmTsBVtJqk8jxF9rh8ApRWfsIMQSt2uE4OcpQqbFu7f7NbTK05lx80nuSijCz7sc3a277R67g,gosto muito ajuda a desenvolver a memoria,5,0,1.4.4,2019-02-22 21:13:30
31,Anabela Camoes,https://lh3.googleusercontent.com/-x3-khea0Eg8/AAAAAAAAAAI/AAAAAAAAAAA/AMZuucnm217OGfMj_vxqxrrimPiQ2EtdbA/photo.jpg,comecei agora o jogo ms estou a gostar bastante,5,0,1.4.4,2019-07-04 19:10:27
32,Alda Almeida Milheiro,https://lh3.googleusercontent.com/a-/AOh14GgqYQ3vbBCAuHny-ZXHlnh8auNo2bewFtlhG2n4,comecei . port agora estou a gostar,3,0,1.4.4,2019-05-10 14:39:49
33,Um usuário do Google,https://lh3.googleusercontent.com/EGemoI2NTXmTsBVtJqk8jxF9rh8ApRWfsIMQSt2uE4OcpQqbFu7f7NbTK05lx80nuSijCz7sc3a277R67g,"eu amei o jogo, é bom demais",5,0,1.4.4,2019-02-20 21:04:20
34,Um usuário do Google,https://lh3.googleusercontent.com/EGemoI2NTXmTsBVtJqk8jxF9rh8ApRWfsIMQSt2uE4OcpQqbFu7f7NbTK05lx80nuSijCz7sc3a277R67g,Maravilhoso bom demais eu recomendo a todos,5,1,1.4.4,2018-11-06 13:00:32
35,cleyde M.Maciel,https://lh3.googleusercontent.com/--IL5i_KuOlI/AAAAAAAAAAI/AAAAAAAAAAA/AMZuucn7kg3qnyd1LuhDT7RG01sfh0qhBg/photo.jpg,MT bom p minha cabeça q não anda MT boa!,5,0,1.4.4,2018-11-28 09:38:25
36,Yolanda Noivo,https://lh3.googleusercontent.com/a-/AOh14GisxnJVhFnlFHtWg8K8lEnKlW2UkKedpenD--x8Yg,Bom para concentração.,5,2,1.4.4,2018-10-01 16:44:08
37,Gaby Ornelas,https://lh3.googleusercontent.com/-Db5GA1hS-1o/AAAAAAAAAAI/AAAAAAAAAAA/AMZuucm13D2FF3zPYUNwtW_R2DNryb8aVQ/photo.jpg,Boa nos primeiros níveis.,3,0,1.4.4,2019-09-23 03:25:43
38,Nubia Oliveira Dos Santos,https://lh3.googleusercontent.com/a-/AOh14Ghzqx7jqn86JtvZoMMXe2TJKKqjOEcq-eTFXLQAXQ,Eu gostei muito. Recomendo!!,5,0,1.4.4,2018-10-02 21:35:15
39,Angela Maria de Miras,https://lh3.googleusercontent.com/-r8ZsvLfh-JM/AAAAAAAAAAI/AAAAAAAAAAA/AMZuucnPHhApjuNjiU2PCh_NisAZy-QyOw/photo.jpg,Super legal...amei,5,0,1.4.4,2019-12-12 22:59:58
40,Ana Arruda,https://lh3.googleusercontent.com/-mfDo4yXWKws/AAAAAAAAAAI/AAAAAAAAAAA/AMZuucn9BGv5RRhxcr-wIWVw-R0cH3BmcA/photo.jpg,Adora o jogo,5,0,1.4.4,2020-01-02 19:31:00
41,Rosania Andrade,https://lh3.googleusercontent.com/-XH8EFqd6FAg/AAAAAAAAAAI/AAAAAAAAAAA/AMZuuclk-_tqcQARfdtGW92qZstSWGE1xw/photo.jpg,"Adorei, instigante! Parabéns",5,3,1.4.4,2018-10-03 21:08:24
42,Um usuário do Google,https://lh3.googleusercontent.com/EGemoI2NTXmTsBVtJqk8jxF9rh8ApRWfsIMQSt2uE4OcpQqbFu7f7NbTK05lx80nuSijCz7sc3a277R67g,Estimula o raciocínio,5,0,1.4.4,2018-11-08 17:26:21
43,Dália Fialho,https://lh3.googleusercontent.com/a-/AOh14GgvqDRVtu4Ps4wfc4wsFdo8AYeJdNnecIiMejhV,Até agora estou a gostar,3,1,1.4.4,2018-12-03 22:50:39
44,Marlene Lima,https://lh3.googleusercontent.com/-CF9cUNvssmY/AAAAAAAAAAI/AAAAAAAAAAA/AMZuuckQLChs2aMhkJzHzgrNtznVrkyRDA/photo.jpg,Muito bom para passar o tempo,4,0,1.4.4,2019-05-16 17:45:34
45,itajauna rodrigues,https://lh3.googleusercontent.com/a-/AOh14Gg8mBZbgza_Fli3VKaMb7Q-mKCpwVDRcdGBvWiz,o jogo é muito bom 👍,5,0,1.4.4,2018-10-24 11:38:55
46,Um usuário do Google,https://lh3.googleusercontent.com/EGemoI2NTXmTsBVtJqk8jxF9rh8ApRWfsIMQSt2uE4OcpQqbFu7f7NbTK05lx80nuSijCz7sc3a277R67g,Recomendo a todos,5,0,1.4.4,2018-11-17 04:36:16
47,Um usuário do Google,https://lh3.googleusercontent.com/EGemoI2NTXmTsBVtJqk8jxF9rh8ApRWfsIMQSt2uE4OcpQqbFu7f7NbTK05lx80nuSijCz7sc3a277R67g,Adorei muito esse jogo,5,0,1.4.4,2018-12-18 03:55:31
48,Palmira Teixeira,https://lh3.googleusercontent.com/a-/AOh14Gg6wp1vHAxudViimfjazPjVF0SiqFwlhI7nlDRSNA,Estou a adorar,5,0,1.4.4,2018-11-07 05:43:33
49,Um usuário do Google,https://lh3.googleusercontent.com/EGemoI2NTXmTsBVtJqk8jxF9rh8ApRWfsIMQSt2uE4OcpQqbFu7f7NbTK05lx80nuSijCz7sc3a277R67g,Muito bom jogo,5,0,1.4.4,2018-10-29 21:10:53
50,Maria Joao,https://lh3.googleusercontent.com/-wvRSHW40YEc/AAAAAAAAAAI/AAAAAAAAAAA/AMZuucnYcil4Bm5YgoDswLlhO-bw-hMxrA/photo.jpg,ate agora estou a amar,5,0,1.4.4,2019-07-15 13:04:37
51,Um usuário do Google,https://lh3.googleusercontent.com/EGemoI2NTXmTsBVtJqk8jxF9rh8ApRWfsIMQSt2uE4OcpQqbFu7f7NbTK05lx80nuSijCz7sc3a277R67g,Ótimo jogo gostei muito,5,0,1.4.4,2018-10-16 01:03:39
52,Kimpires Pires,https://lh3.googleusercontent.com/a-/AOh14GgCrC_6lEKhsqsn5zqMQLi6NtsICglQwz_CRQJzNw,Muito bom o jogo,5,0,1.4.4,2019-11-01 18:21:36
53,Maria De Fátima Felipe,https://lh3.googleusercontent.com/-s3HDDNM99U8/AAAAAAAAAAI/AAAAAAAAAAA/AMZuucl12mY4sODfviYOOlD1dRVShnxmyg/photo.jpg,até q é legal,3,0,1.4.4,2019-04-13 13:21:58
54,Sérgio Faria,https://lh3.googleusercontent.com/-odFAszecDxc/AAAAAAAAAAI/AAAAAAAAAAA/AMZuucl_j1p8JzMUuanMA4X7f0gGGc3VNQ/photo.jpg,estou adorar o jogo,5,0,1.4.4,2019-02-20 19:36:44
55,Suely Gioia,https://lh3.googleusercontent.com/a-/AOh14Gh7MY8DJJwOx1mN4UVKNtAxzFA_1Slln8AE39Sk,ótimo para distrair recomendo,5,0,1.4.4,2019-08-13 20:49:23
56,Teresa Ferreira,https://lh3.googleusercontent.com/-J9V7ujwnLEo/AAAAAAAAAAI/AAAAAAAAAAA/AMZuucm8lXCBAZ4G75mZ8g_3IpabnL_hDw/photo.jpg,Podia ser melhor,2,0,1.4.4,2019-10-12 01:55:13
57,Angela Maria Paleari,https://lh3.googleusercontent.com/-QUstD_BbvFg/AAAAAAAAAAI/AAAAAAAAAAA/AMZuucncoZGTs8NGRB_94awYFIk8f7BFIQ/photo.jpg,super legal. ...amei,5,0,1.4.4,2019-08-01 16:01:07
58,Mariana Silva,https://lh3.googleusercontent.com/a-/AOh14GhLtf1Y5xjvJlyLvUWl3GWjsrdN-3R-969I794b,e bom o jogo,5,0,1.4.4,2019-05-07 18:55:22
59,Rose Gomes,https://lh3.googleusercontent.com/-cSAV29pN6r4/AAAAAAAAAAI/AAAAAAAAAAA/AMZuucmi90LReddzhik8wIROQ2oEocamCQ/photo.jpg,Muito bom super adorei,5,0,1.4.4,2019-01-31 21:20:36
60,Maria Isabel Djalo,https://lh3.googleusercontent.com/a-/AOh14GiaP0WMnP4-dvluSC4aEEtEQW9STuY3IcgRmOso,óptimo jogo bom passatempo,5,0,1.4.4,2019-08-20 19:04:46
61,Selma Monteiro,https://lh3.googleusercontent.com/-SE277xpp0dA/AAAAAAAAAAI/AAAAAAAAAAA/AMZuuclmCPmQU2c80Uq-KYeEz0ioPglBvQ/photo.jpg,Mto bom esse jogo,4,0,1.4.4,2019-10-27 10:16:48
62,Um usuário do Google,https://lh3.googleusercontent.com/EGemoI2NTXmTsBVtJqk8jxF9rh8ApRWfsIMQSt2uE4OcpQqbFu7f7NbTK05lx80nuSijCz7sc3a277R67g,Gostei bem legal,4,0,1.4.4,2018-11-05 14:44:17
63,Leidy Menezes,https://lh3.googleusercontent.com/a-/AOh14GiqFZ0HveHPuu7xme-o3kJ7XhAleU8Kfs9dbIugFA,Pode ter mas pista,5,1,1.4.4,2018-12-11 06:41:00
64,Dim Wester,https://lh3.googleusercontent.com/-AdX4ssysCbs/AAAAAAAAAAI/AAAAAAAAAAA/AMZuucluCr5__d8V-_N8acqeZQbn4XIRgw/photo.jpg,otima ate agora,5,0,1.4.4,2019-04-13 00:08:20
65,Sheila Gonçalves,https://lh3.googleusercontent.com/-fMoA9ZvNePM/AAAAAAAAAAI/AAAAAAAAAAA/AMZuuckZs9xNzqjviqQFdAVHKsm9_ZLKWg/photo.jpg,Desafiante,4,0,1.5.2,2020-03-18 20:16:59
66,carlos andre gomes da silva andre,https://lh3.googleusercontent.com/a-/AOh14GhJmtuaR9gU_99UvzkYH1_GwQHOS04pyMjJy767fg,Bom,5,0,1.5.2,2020-04-05 20:52:40
67,Dayse Santos,https://lh3.googleusercontent.com/-C5rOeTPyvGE/AAAAAAAAAAI/AAAAAAAAAAA/AMZuucn1L1oua2zPWTC4jd2hl4hcRQPXqg/photo.jpg,Maravilhoso,1,0,1.5.2,2020-04-18 21:59:32
68,Madalena Sampaio,https://lh3.googleusercontent.com/-JRjYcaWKjS4/AAAAAAAAAAI/AAAAAAAAAAA/AMZuucnCc63CYyt8a4A2digjG-9wkiF8_w/photo.jpg,Estou a gostar só acho que os anúncios de 30 segundos muito tempo poderia ser para para metade assim não se perdia o interesse prlo jogo,4,0,1.4.4,2019-03-29 23:37:25
69,Gabriela Gonçalves,https://lh3.googleusercontent.com/a-/AOh14Gipp8b9lIvvpzhZRziL4yCxJSBSDRDTrt-eChs1Gw,"Não posso dizer nada do jogo, pois que acabei de instalar.",5,0,1.4.4,2019-06-17 11:18:33
70,Um usuário do Google,https://lh3.googleusercontent.com/EGemoI2NTXmTsBVtJqk8jxF9rh8ApRWfsIMQSt2uE4OcpQqbFu7f7NbTK05lx80nuSijCz7sc3a277R67g,"Excelente, parabéns!!",5,1,1.4.4,2018-10-30 13:15:31
71,Um usuário do Google,https://lh3.googleusercontent.com/EGemoI2NTXmTsBVtJqk8jxF9rh8ApRWfsIMQSt2uE4OcpQqbFu7f7NbTK05lx80nuSijCz7sc3a277R67g,muito bom!,5,0,1.4.4,2019-02-09 17:07:05
72,Tiago Barros Martins,https://lh3.googleusercontent.com/-edcb7BV0_iU/AAAAAAAAAAI/AAAAAAAAAAA/AMZuucmwy-yvwHTrf47qAlE7Nlzj63d2Xw/photo.jpg,Muito bom!,4,0,1.4.4,2020-01-12 08:18:31
73,Miguel Cunha,https://lh3.googleusercontent.com/a-/AOh14GjK0y5PiIVHrgXToiXL73puKP37lDFeDXjDWQz-,muito fixe,5,0,1.4.4,2019-04-24 10:21:14
74,Oliveira Melo,https://lh3.googleusercontent.com/-jL5jn1BsY6Y/AAAAAAAAAAI/AAAAAAAAAAA/AMZuuclkVdQRxUP0S4_n3xnakIbxhZ90Yg/photo.jpg,MUITO BOM!!!,5,0,1.4.4,2019-11-18 20:32:28
75,Filomena Melo,https://lh3.googleusercontent.com/a-/AOh14GjXnu83bTw8cRHN_jRJTQN9qQknkjjpDrW8RZD4,Muito bom!!!!!,5,0,1.4.4,2019-11-25 15:20:31
76,Um usuário do Google,https://lh3.googleusercontent.com/EGemoI2NTXmTsBVtJqk8jxF9rh8ApRWfsIMQSt2uE4OcpQqbFu7f7NbTK05lx80nuSijCz7sc3a277R67g,"ótima, parabéns.",5,1,1.4.4,2019-02-16 16:08:59
77,Alexandra Rodrigues,https://lh3.googleusercontent.com/a-/AOh14GiwDNoiP819Tm2DqPiuDeyAvqNwNjl61mD3UVbGHQ,Jogo entretido.,4,0,1.4.4,2019-08-19 18:07:15
78,Elsa Fernanda,https://lh3.googleusercontent.com/a-/AOh14Gi4nUF-f6u_7FjF1uFM7WrzrlFoNGQxoWQjidAs,Adoro!,5,0,1.4.4,2020-01-19 14:45:22
79,Um usuário do Google,https://lh3.googleusercontent.com/EGemoI2NTXmTsBVtJqk8jxF9rh8ApRWfsIMQSt2uE4OcpQqbFu7f7NbTK05lx80nuSijCz7sc3a277R67g,Boa. Jogo,5,0,1.4.4,2018-10-10 14:44:17
80,bebel maria,https://lh3.googleusercontent.com/-LydCOKsaZaw/AAAAAAAAAAI/AAAAAAAAAAA/AMZuucloUuQOZivyufDtuyCkv0czt4n7LA/photo.jpg,jogo excelente! 👏👏👏,4,0,1.4.4,2019-07-26 22:57:29
81,Um usuário do Google,https://lh3.googleusercontent.com/EGemoI2NTXmTsBVtJqk8jxF9rh8ApRWfsIMQSt2uE4OcpQqbFu7f7NbTK05lx80nuSijCz7sc3a277R67g,Adorei 10,5,1,1.4.4,2018-11-24 10:42:47
82,Marcia Cristina Rosa Torres,https://lh3.googleusercontent.com/-tLqcu6Z4KmQ/AAAAAAAAAAI/AAAAAAAAAAA/AMZuuckcLAA_tTmm350u3bJzIsLSqBuNUg/photo.jpg,jogo legal,4,1,1.4.4,2019-01-02 13:48:27
83,lurdes ramos,https://lh3.googleusercontent.com/a-/AOh14GhQW1d9LD5qLlYZJk5V8-bdI0qmJnyir1pmmWRQ,Gosto muito,5,0,1.4.4,2019-02-16 18:13:59
84,Um usuário do Google,https://lh3.googleusercontent.com/EGemoI2NTXmTsBVtJqk8jxF9rh8ApRWfsIMQSt2uE4OcpQqbFu7f7NbTK05lx80nuSijCz7sc3a277R67g,160 euros,5,0,1.4.4,2019-01-24 19:00:57
85,Um usuário do Google,https://lh3.googleusercontent.com/EGemoI2NTXmTsBVtJqk8jxF9rh8ApRWfsIMQSt2uE4OcpQqbFu7f7NbTK05lx80nuSijCz7sc3a277R67g,Jogo excelente,4,0,1.4.4,2018-10-29 20:55:21
86,Maria Rosa Medeiros,https://lh3.googleusercontent.com/-4lZo-4RKLP8/AAAAAAAAAAI/AAAAAAAAAAA/AMZuuclX7a_5dWcB85B1yqk6lFtSBsmWgg/photo.jpg,É divertido,4,0,1.4.4,2018-11-30 06:09:03
87,Cristiane Cirula Rodrigues,https://lh3.googleusercontent.com/-r1xj5IOpKk8/AAAAAAAAAAI/AAAAAAAAAAA/AMZuucmhFDcDJk5fZPZy-ZCxfFJBbmISNg/photo.jpg,Muito bom,5,0,1.4.4,2018-12-08 01:18:28
88,Lucir Freitas,https://lh3.googleusercontent.com/a-/AOh14Gjna9F3Pt7qLiHCR3ZFa0Sgx_OcM5F9-nTbzMIRWQ,ótimo jogo,5,0,1.4.4,2019-04-10 23:20:17
89,Um usuário do Google,https://lh3.googleusercontent.com/EGemoI2NTXmTsBVtJqk8jxF9rh8ApRWfsIMQSt2uE4OcpQqbFu7f7NbTK05lx80nuSijCz7sc3a277R67g,Ótimo jogo,5,0,1.4.4,2019-12-28 17:14:53
90,Um usuário do Google,https://lh3.googleusercontent.com/EGemoI2NTXmTsBVtJqk8jxF9rh8ApRWfsIMQSt2uE4OcpQqbFu7f7NbTK05lx80nuSijCz7sc3a277R67g,Bom aconselho,4,0,1.4.4,2018-12-04 17:41:00
91,Um usuário do Google,https://lh3.googleusercontent.com/EGemoI2NTXmTsBVtJqk8jxF9rh8ApRWfsIMQSt2uE4OcpQqbFu7f7NbTK05lx80nuSijCz7sc3a277R67g,Muito bom,5,0,1.4.4,2018-11-25 16:37:17
92,Áyla Maria,https://lh3.googleusercontent.com/-71WQPx6n6LE/AAAAAAAAAAI/AAAAAAAAAR0/AMZuucmF6rgUD7bYDjPvvflp0hFfWNqAEA/photo.jpg,muito bom,5,0,1.4.4,2019-02-24 15:46:41
93,Indra Escobar,https://lh3.googleusercontent.com/a-/AOh14Ghp6aKGdb5NrvQrRndxW91CEWPSPZLuNqb3T9hPtA,muito bom,5,0,1.4.4,2019-12-01 17:21:42
94,Isabelly Manonba,https://lh3.googleusercontent.com/-nDqVrr6sPuo/AAAAAAAAAAI/AAAAAAAABrI/AMZuucnv17kU9bmNnXDggO0020eFFg-W8g/photo.jpg,muito bom,5,0,1.4.4,2019-07-16 17:33:19
95,Um usuário do Google,https://lh3.googleusercontent.com/EGemoI2NTXmTsBVtJqk8jxF9rh8ApRWfsIMQSt2uE4OcpQqbFu7f7NbTK05lx80nuSijCz7sc3a277R67g,estrangeirismos aplicados,4,0,1.4.4,2019-07-09 20:22:09
96,Marlon Pereira,https://lh3.googleusercontent.com/a-/AOh14Gi5Yh5ClpMOB08dOjtYPzCxr69HuImju_5qJq8GBA,muitoo bommm,5,0,1.4.4,2019-08-09 08:02:27
97,Ana Coelho,https://lh3.googleusercontent.com/a-/AOh14Gju_tL1J9okF6hdeZ2xheAMWJXFftDZ7aeBpHnA,Gosto imenso,5,0,1.4.4,2019-08-10 18:27:48
98,Júlio Dinis Ferraz,https://lh3.googleusercontent.com/-wNonfhHY318/AAAAAAAAAAI/AAAAAAAAAAA/AMZuucmCVWKpy4uYS1ADJX0-ze28Et-I7Q/photo.jpg,Gosto muito,5,0,1.4.4,2019-09-01 12:40:09
99,miguel silva,https://lh3.googleusercontent.com/a-/AOh14Gi38LNYp4556zvMiKc-vwNIhgX7DYF4v7BancZB1w,Muito bom,5,0,1.4.4,2019-09-05 20:45:50
