,userName,userImage,content,score,thumbsUpCount,reviewCreatedVersion,at
0,Raphael Batista de Campos,https://lh3.googleusercontent.com/a-/AOh14Gj4daYC1YFCL_4SbWpkbt57XjwRB2ExFQCjj-4Cyg,"90% das vezes você perde na última carta, e quem ganha é quem mais tem dinheiro na mesa, fora as vezes que o jogo trava e vc nao vê suas cartas, ou várias vezes que vc sai com as mesmas cartas da rodada anterior. Ja é feito para vc comprar fichas",1,3,7.33,2020-04-18 17:51:56
1,Joao Dorpmuller,https://lh3.googleusercontent.com/-7ppwhxUww1A/AAAAAAAAAAI/AAAAAAAAAAA/AMZuuckx1oH77S5NgjY0MPdgHHxth0FbuA/photo.jpg,"o jogo em questão não paga nem o valor inicial das fichas quando se compra, muito menos o bônus. fi uma compra no valor de 22,5 milhões em fichas com bônus de 100% o que dobraria o valor... valor final recebido foi de apenas 1 milhão. não aconselho investir",1,8,7.33,2019-12-23 13:42:57
2,Alan Gilvan da Silva Oliveira,https://lh3.googleusercontent.com/a-/AOh14GgGRGnalEzxuG_Mw2iZBGTWA03ycm87-1gHfLlUMwA,"Além das travas sucessivas, agora começou a roubar dinheiro $$$. Você compra 18K fichas e recebe 330 fichas. Fiz o teste 2 vezes em menos de 1 hora só para confirmar. Printei as telas... isso é roubo. ACONSELHO À TODOS QUE NÃO INSTALEM!!! FURADA...",1,14,7.33,2019-10-29 21:40:00
3,João Almeida,https://lh3.googleusercontent.com/-FkAYYP9iY_8/AAAAAAAAAAI/AAAAAAAAAAA/AMZuuckjqtYxBInA6snVd294RzU0b-ZEgg/photo.jpg,"O jogo em si é dos melhores jogos de poker online, com alguns GRANDES defeitos, que tardam a ser corrigidos, pois em muitas ocasiões não se consegue aceder, faz crash, reinicia a meio das bets, etc.... e isto faz toda a diferença para outros jogos do género",5,16,7.33,2018-10-07 09:29:15
4,Sandro Campos,https://lh3.googleusercontent.com/-NN9_4hbkbPc/AAAAAAAAAAI/AAAAAAAAAAA/AMZuucnzfcoiHT7jwgSxc_8KFec7n1pnFA/photo.jpg,"Conectividade péssima, cai toda hora. Jogo viciado, sai sempre as mesmas cartas. Muito mal programado.",2,4,7.33,2019-07-15 00:08:50
5,Dani Dantas,https://lh3.googleusercontent.com/a-/AOh14GjPzcODMWZkrR0v36Jfo1eESLw-ghgH0lKmvywADH8,Não consigo logar com o Facebook. Abre o login e senha mas não loga. Volta pra login e senha. Tbm não consigo acessar o botão de ver amigos. Qdo clico o link de facebook abre e fecha automaticamente sem acessar o botão,1,29,7.33,2018-09-14 12:54:20
6,Marco Furtado,https://lh3.googleusercontent.com/a-/AOh14GgWbICiCZ1m_DKA6p79WE5YHT7JiyEBvxvofKjHuw,está sempre a parar o jogo e reiniciando.,2,5,,2019-07-08 17:33:39
7,Andre Mcsega,https://lh3.googleusercontent.com/-R4EOkjexdxE/AAAAAAAAAAI/AAAAAAAAAAA/AMZuucl-39pyMKO2U2Vt2Ymeuvy3f6hz5A/photo.jpg,Gráficos e interface péssimos!!!!,1,0,7.33,2018-10-31 22:28:10
8,Um usuário do Google,https://lh3.googleusercontent.com/EGemoI2NTXmTsBVtJqk8jxF9rh8ApRWfsIMQSt2uE4OcpQqbFu7f7NbTK05lx80nuSijCz7sc3a277R67g,porque o dinheiro some quando faço o login no facebook??,1,1,7.33,2019-03-15 14:18:28
9,Elaine Martins,https://lh3.googleusercontent.com/a-/AOh14Gg_IWK9GIDAHHJobgpFecSeCTi8XCXM1oUtd0rw,"jogo de poker mais podre muito ruim um roubo só, jogo mal desenvolvido. péssimo!",1,1,,2019-08-17 21:37:56
10,Carlos Silva,https://lh3.googleusercontent.com/a-/AOh14GjY12CZwr4KZ_12TcQS0Mtcq8bTKvYvb2Gr7b8eDQ,muito roubado. por diversas vezes fui prejudicado. mãos ganhas e eu perdia. revejam o código Fonte,1,0,7.33,2019-05-01 19:17:03
11,Ronaldo Oliveira,https://lh3.googleusercontent.com/-2v4HUiu8Juc/AAAAAAAAAAI/AAAAAAAAAAA/AMZuuclKLcYOpwY6q_qpIp8VIg05QqhSJQ/photo.jpg,volta com a premiação de moedas por partidas jogadas igual ano passado foi top,5,2,,2019-04-16 14:11:00
12,jorge nora,https://lh3.googleusercontent.com/-2KixfKQAUrY/AAAAAAAAAAI/AAAAAAAAAAA/AMZuuckiTuozLDcZtbE8Y00yjQqUzPJI1g/photo.jpg,"jogo de treta, so se ganha no inicio depois é so perder para se comprar fichas",1,1,,2019-04-17 12:11:03
13,saulo oliveira,https://lh3.googleusercontent.com/a-/AOh14GjDiKRHL8M1zDHpFQRCErEYEezL-UtlE8e9N2-369A,adoro ele meu melhor mas porem agora adquirir o S10 e ele nao atualiza... ta uma versão bem antiga o que fazer,5,11,7.33,2019-07-23 21:11:09
14,Um usuário do Google,https://lh3.googleusercontent.com/EGemoI2NTXmTsBVtJqk8jxF9rh8ApRWfsIMQSt2uE4OcpQqbFu7f7NbTK05lx80nuSijCz7sc3a277R67g,Jogo e bom mas kai toda hora o servidor tabem da polcas fichas,2,0,6.30,2018-12-03 14:30:19
15,Deborah Marselle,https://lh3.googleusercontent.com/a-/AOh14GjqICwM-KZ7-6oV9J_S3uuOgAW0tIgEzvWDjol4MQ,Conseguiram estragar um jogo que era ótimo e divertido. o que vcs fizeram? mds,1,4,,2018-12-27 02:55:24
16,Guilherme Lavieri,https://lh3.googleusercontent.com/-Hh-FBPL0TNc/AAAAAAAAAAI/AAAAAAAAAAA/AMZuuckfTOvRTvyuNS402njbE-F9kdbgbA/photo.jpg,jogo fecha toda hora e é todo bugado,2,0,7.33,2019-02-22 18:59:13
17,wallace de souza santos,https://lh3.googleusercontent.com/a-/AOh14GgrREio1DmKXX5Wb1OI_M3HweqA6jV2jPdxm3peaw,"Não estou conseguindo logar com minha conta do google, alguém pode me ajudar?",5,2,7.33,2019-04-20 19:05:14
18,Leandro Ribeiro,https://lh3.googleusercontent.com/a-/AOh14GgGsQBVXSj6oYkvC90mn4lfXXo7r-iNyoxJssZ2,(help) por favor corrija a opção de escolha do idioma!,5,2,7.33,2018-12-20 00:41:02
19,diogo eric,https://lh3.googleusercontent.com/a-/AOh14GgsYAINHS_ShP37GWR0Gd5kYqNe13_nJlgUORyu,o melhor que já joguei parabéns,5,0,,2019-12-11 01:06:38
20,Luis barros Andrade,https://lh3.googleusercontent.com/-fDWF7BA25w4/AAAAAAAAAAI/AAAAAAAAAAA/AMZuuckCl33-HVMo-hLgL5pFPCVABlK62g/photo.jpg,Não consigo atualizar,1,0,,2019-12-12 21:25:39
21,Eduardo Mesquita,https://lh3.googleusercontent.com/a-/AOh14Gjotsulz3YCWhDVJEFXwLS0LpP525XafYR6BUzuLA,não consigo alterar o idioma sempre da erro,1,2,7.33,2019-01-07 22:07:12
22,Rossana Pereira,https://lh3.googleusercontent.com/-_faL-RCliT0/AAAAAAAAAAI/AAAAAAAAAAA/AMZuucnPdTsvwE07-TmMYRvtaLpqdVS5Pw/photo.jpg,Amo esse jogo,5,0,7.33,2020-02-02 08:42:18
23,Luís Pereira,https://lh3.googleusercontent.com/-f45Oy3cHdGA/AAAAAAAAAAI/AAAAAAAAAAA/AMZuuckuWJbfOaF0IXvwPrnlGFiQkeN6hQ/photo.jpg,Esse jogo tá um lixo.,1,17,7.33,2019-07-03 20:10:32
24,Osmarino Lucena,https://lh3.googleusercontent.com/a-/AOh14Gi2imUhuGJKLFfoV5dSt6ssm9W5auckQb4fURWNCQ,Nao tem idioma Português,3,0,7.33,2019-07-30 14:42:06
25,Um usuário do Google,https://lh3.googleusercontent.com/EGemoI2NTXmTsBVtJqk8jxF9rh8ApRWfsIMQSt2uE4OcpQqbFu7f7NbTK05lx80nuSijCz7sc3a277R67g,muito bom o melhor,5,1,,2019-03-23 22:46:23
26,Um usuário do Google,https://lh3.googleusercontent.com/EGemoI2NTXmTsBVtJqk8jxF9rh8ApRWfsIMQSt2uE4OcpQqbFu7f7NbTK05lx80nuSijCz7sc3a277R67g,lixo nem carrega lixo,1,0,7.33,2019-01-13 02:22:46
27,Um usuário do Google,https://lh3.googleusercontent.com/EGemoI2NTXmTsBVtJqk8jxF9rh8ApRWfsIMQSt2uE4OcpQqbFu7f7NbTK05lx80nuSijCz7sc3a277R67g,bom d mais,5,2,7.33,2019-03-23 15:36:26
28,Um usuário do Google,https://lh3.googleusercontent.com/EGemoI2NTXmTsBVtJqk8jxF9rh8ApRWfsIMQSt2uE4OcpQqbFu7f7NbTK05lx80nuSijCz7sc3a277R67g,jogo top d mais,5,3,7.33,2019-02-12 23:49:24
29,Sonar Killa,https://lh3.googleusercontent.com/-LngiP8VnSTI/AAAAAAAAAAI/AAAAAAAAAAA/AMZuucmw1w_iIwphOkJm1v8iz1OuvpBgMg/photo.jpg,Cannot login anymore. I do like the game but please fix it or i will uninstall it for good. Thanks,3,9,7.33,2018-09-20 12:28:50
30,Frederico Carvalho,https://lh3.googleusercontent.com/a-/AOh14GjPhCnwpU_mZCaY-F8SbWGeLoiu6zxnRUMMohIkUg,Não conecta mais a minha conta gmail. Espero que arrumem esse problema.,1,4,7.33,2018-09-22 15:41:48
31,silas lima de melo,https://lh3.googleusercontent.com/-ihcx3qTspS4/AAAAAAAAAAI/AAAAAAAAAAA/AMZuuckeW4SUn9dtQtoSeM_SrhqKybS7vA/photo.jpg,Não entra mais no festa poker tá com bug,1,1,7.33,2019-01-03 10:00:02
32,Celso Harumi Yamaguchi,https://lh3.googleusercontent.com/a-/AOh14GhgPzUcVO3TzxObOYvjj9NqeTYTsUV2QYMJN1yetA,Precisando de mais atrativos para jogar...,4,2,7.33,2018-08-14 16:17:53
33,Um usuário do Google,https://lh3.googleusercontent.com/EGemoI2NTXmTsBVtJqk8jxF9rh8ApRWfsIMQSt2uE4OcpQqbFu7f7NbTK05lx80nuSijCz7sc3a277R67g,"não conecta, já faz vários dias.",1,0,7.33,2019-05-24 10:42:57
34,Lucas Bores,https://lh3.googleusercontent.com/a-/AOh14Gh3UgaGjrwGUyudfQB-4BpNxm5kq0e_MyPkukCQ1w,Jogo não abre afs _.,4,0,7.33,2020-03-08 19:43:36
35,Um usuário do Google,https://lh3.googleusercontent.com/EGemoI2NTXmTsBVtJqk8jxF9rh8ApRWfsIMQSt2uE4OcpQqbFu7f7NbTK05lx80nuSijCz7sc3a277R67g,PORQUE DEMORA A INSTALAR,1,0,7.33,2020-05-18 22:48:24
36,Naldo Miranda,https://lh3.googleusercontent.com/-I0edFq3Vucc/AAAAAAAAAAI/AAAAAAAAAAA/AMZuucksveDGrcQIO0q0VGQUJtMtTyhBnA/photo.jpg,excelente jogo.,4,2,7.33,2019-06-11 07:11:59
37,Um usuário do Google,https://lh3.googleusercontent.com/EGemoI2NTXmTsBVtJqk8jxF9rh8ApRWfsIMQSt2uE4OcpQqbFu7f7NbTK05lx80nuSijCz7sc3a277R67g,Parou de funcionar derrepente,5,1,7.33,2018-08-14 22:56:12
38,Robinson Pompeo,https://lh3.googleusercontent.com/a-/AOh14GgMN_jz_-gkYvT_p4QGmtvmCXDVDQqKXf6zTU3gDg,Não acesso mais os torneios.... Porque???,1,1,7.33,2019-05-24 01:11:24
39,1m2oisNemMeViu,https://lh3.googleusercontent.com/a-/AOh14GjLoWaPtD4hKgiWxLfc5zwsuXesJ3vZ_tS_FkWNLg,excelente,5,10,7.33,2019-05-20 22:50:37
40,Cleverson Martins,https://lh3.googleusercontent.com/-KVnbojYLXAY/AAAAAAAAAAI/AAAAAAAAAAA/AMZuuckyizBxf5WRWBSFRBAd3OIOKEXlWw/photo.jpg,Top,5,1,7.33,2018-08-14 22:14:12
41,Admilson Eca Dois Santos,https://lh3.googleusercontent.com/a-/AOh14GiH9UwYPkxEcynr9EG2XftoAjGl48rMhEAhU7Ks_Q,ladrão,1,1,7.33,2019-02-11 17:01:28
42,EdgxD GG,https://lh3.googleusercontent.com/a-/AOh14GiLj4d9w6rTXnrA04_vlpLEVyLAELN9UKoHlJm_Fg,Horrível,1,1,7.33,2018-09-04 18:17:25
43,Carlos Eduardo,https://lh3.googleusercontent.com/-N7W4UwIL0ns/AAAAAAAAAAI/AAAAAAAAAAA/AMZuucn1rhFz-1wubFT4ym-4d9woozwmBw/photo.jpg,Lixo,1,1,7.33,2018-12-03 10:41:40
44,ERILMAR Braga,https://lh3.googleusercontent.com/a-/AOh14Gid5Z3t5CBTR_uH3TMZdeDJaaOO5CyjC_cFq3-Hsrw,Ótimo,5,0,7.33,2018-09-21 14:06:40
45,Guiomar Martins,https://lh3.googleusercontent.com/a-/AOh14GiwD1FRsUMkg8tsVDB_z9gEstRcl8-MEBqwuvGgWA,uma roubalheira,1,0,7.33,2019-07-02 01:00:57
46,Aline Mont,https://lh3.googleusercontent.com/-aFfSyUxjZb4/AAAAAAAAAAI/AAAAAAAAAAA/AMZuucksT_GtVTiUaNqJGRNvjnf17PTNwA/photo.jpg,O QUE VOCÊS FIZERAM?? NÃO CONSIGO ENTRAR! ! TENHO ESSE JOGO DESDE 2013 E AGORA NÃO CONSIGO FICAR ONLINE! ENTROU UMA VEZ E AGORA NÃO CONSIGO MAIS ENTRAR!! AS MESAS ESTÃO CONFUSAS TAMBÉM COM ESSA ÚLTIMA ATUALIZAÇÃO. CHATEADA! ARRUMEM ISSO!! :/,5,29,7.32,2018-12-21 01:27:13
47,Kelven Scavelo,https://lh3.googleusercontent.com/a-/AOh14Gg0tExvU2JX3Iwm3AAikX6djRl5sKJY6nPrbgoNfUQ,"O que aconteceu com o jogo ? Ta apresentando erro ao iniciar partida, aparecesse a mensagem ""There was a problem proccessing your request. Tente novamente"".  Resolvam por favor",5,27,7.32,2018-01-20 04:49:24
48,Erike Santos,https://lh3.googleusercontent.com/a-/AOh14Gj-9ge1T93uYnixtpc5SQ8DfKQzXuYRtxWW1HSDlQ,"O que acontece com os torneios? Tem alguns presentes de 12 dias que fala ""you've Just received aticket for rouivd 2 mega shootout!"" E nao consigo jogo o torneio,já está no 7.",4,8,7.32,2017-12-20 12:47:37
49,Zero Santos,https://lh3.googleusercontent.com/-ml3ycBXdl0Q/AAAAAAAAAAI/AAAAAAAAAAA/AMZuuckqOqfNIGMhaS3MRMdOlKBIlvnGjg/photo.jpg,"Jogo muito ruim não tem turial para iniciante eu mal estelei game foi testa 
foram 10 derrota seguida só carta baixa o sistema não Judá os pleye novato 
acrescer no jogo não tem motivação para os player",1,7,7.32,2018-05-20 20:56:53
50,Feliphe Fernando Eufrásio,https://lh3.googleusercontent.com/-zglaDWom3KM/AAAAAAAAAAI/AAAAAAAAAAA/AMZuucndaHmTGmr9lOSEiTyIv6Uh6MWPNw/photo.jpg,Tirando a travaceira é interessante..poderia ter valores de apostas pelo pouco tempo que tem pra apostar .. principalmente pra quem está iniciando!,2,9,7.32,2017-12-08 06:32:10
51,Ricardo Rodrigues,https://lh3.googleusercontent.com/-iYSAXWp_Nwk/AAAAAAAAAAI/AAAAAAAAADs/AMZuucnGf0dXkyjxIFFmodvskAZmPSo9nQ/photo.jpg,Roubam dinheiro eu ganho o jogo mas perco o. Dinheiro que usei para entrar.,1,3,7.32,2018-01-04 22:21:12
52,Valquiria Gonçalves de Holanda,https://lh3.googleusercontent.com/a-/AOh14GiE_3hTdXJInZ-xyzFbV5NiMrJquHU6Prpow0PVlg,"O poker é um jogo de apostas cartas do mesmo naipe é um jogo pra todo mundo 
se divertir gastando o seu dinheiro",5,0,7.32,2018-07-14 03:28:33
53,Cia El Funoun,https://lh3.googleusercontent.com/a-/AOh14Gha57ur7NbWjDRdrlVPan2xMzH-w3JhrFo4cQ7euw,"Torneio só para riquinho, agora kkkkkkk",5,14,7.32,2017-10-31 21:29:08
54,Wender Lopes,https://lh3.googleusercontent.com/a-/AOh14Gj9X2CrZkHdGEglLZNrMQFbPSQO-ZResdogXqcC5gM,"Lixo de mais jogabilidaLixo de mais muito fraco jogabilidade zero.. Lixo 
lixo",1,1,7.32,2018-06-09 22:01:55
55,Danilo dandan,https://lh3.googleusercontent.com/a-/AOh14GjoGKG5oPbGyTypgvko5187QMkSVKEOu7XRX6noVA,Não consigo entrar mais 😡,2,2,7.32,2017-12-08 07:37:15
56,rodrigo ferreira,https://lh3.googleusercontent.com/-yCdrytI_9h0/AAAAAAAAAAI/AAAAAAAAAAA/AMZuuckxJMP75hVtXfkb6cglGwWUyl8aYQ/photo.jpg,Como mudar a bandeira do país?,5,0,7.32,2018-02-01 14:05:46
57,Kleber Souza,https://lh3.googleusercontent.com/-AHMLPNFp4NA/AAAAAAAAAAI/AAAAAAAAAAA/AMZuuclmTWaKX6-wkRCy8sK12259EjQZbA/photo.jpg,the algorithm is unreal. no fun,2,0,7.32,2019-05-01 10:32:06
58,Felipe Lucco,https://lh3.googleusercontent.com/a-/AOh14GiIOJ11ANkgn_RwTEfOPV5ntNKnOmvyUG5ZdMIM,Mto bom !!!,5,1,7.32,2018-07-16 19:28:16
59,Fágner Leandro,https://lh3.googleusercontent.com/a-/AOh14GgPw0SvF9UIroEGZ00GzF5HQoSEF_G2KcGGwwUteA,Mt top,5,0,7.32,2018-08-15 15:09:45
60,Leandro Bonfim,https://lh3.googleusercontent.com/a-/AOh14GiycxRU2KoM0ddhw5ueYN1BKtoaJSPivrP-Ww87,Top demais,5,0,7.32,2018-02-18 23:45:46
61,Edilson Oliveira,https://lh3.googleusercontent.com/-IlgdI37dGg8/AAAAAAAAAAI/AAAAAAAAAAA/AMZuuck2jYcWONvEDv1P8nU16TuZCUfTZA/photo.jpg,Top,5,0,7.32,2017-12-12 09:09:01
62,Daniel Benatti,https://lh3.googleusercontent.com/a-/AOh14Gg6ikLAJeceKxpPLo71_9TgAo7_Cauu3NGR5FnJ4A,Bad,1,0,7.32,2018-06-18 22:23:53
63,Um usuário do Google,https://lh3.googleusercontent.com/EGemoI2NTXmTsBVtJqk8jxF9rh8ApRWfsIMQSt2uE4OcpQqbFu7f7NbTK05lx80nuSijCz7sc3a277R67g,Quando e que vcs vao parar de impedir quem sabe jogar de ganhar uma rodada?  So quem compra seus pacotes e que ganham?  Palhacada.  Se o jogo e gratuito as chances deveriam ser iguais pra todos Me expliquem em qual regra de texas poker um par de valetes ganha de dois pares de 4 e 10? Jogo manipulado So quem compra pacotes ganha E um absurdo,1,21,7.31,2017-09-27 23:47:18
64,Douglas Lemes,https://lh3.googleusercontent.com/-GUTP4Ako_Bs/AAAAAAAAAAI/AAAAAAAAAAA/AMZuucnqZOh9JAFTYuJ3D5XMLW-OXFBM3g/photo.jpg,Desde quando uma sequência perde para par,1,40,7.31,2017-09-30 20:57:54
65,Um usuário do Google,https://lh3.googleusercontent.com/EGemoI2NTXmTsBVtJqk8jxF9rh8ApRWfsIMQSt2uE4OcpQqbFu7f7NbTK05lx80nuSijCz7sc3a277R67g,Óptimo passo horas jogar,5,0,7.31,2017-10-11 12:13:29
66,Diego Ribeiro,https://lh3.googleusercontent.com/-QfVYALu4gpw/AAAAAAAAAAI/AAAAAAAAAAA/AMZuucntR07rT_raqoGs4PWxHRMpa6LvVQ/photo.jpg,Bom ....bem disputado,5,17,7.31,2017-09-07 15:55:58
67,Um usuário do Google,https://lh3.googleusercontent.com/EGemoI2NTXmTsBVtJqk8jxF9rh8ApRWfsIMQSt2uE4OcpQqbFu7f7NbTK05lx80nuSijCz7sc3a277R67g,Muito chato 😠😠,1,2,7.31,2017-10-11 19:45:20
68,luis jagella,https://lh3.googleusercontent.com/a-/AOh14GhEK1Jn24nGZb06VbkW4HiOkdoagAcJHkIH-71cSg,"Minha mão é melhor e ainda assim eu perco, parem de roubar ou concerta isso.",1,29,7.30,2017-08-02 14:02:27
69,Paulo Maciel,https://lh3.googleusercontent.com/a-/AOh14GgnIQxH0A0kXz2okw9EOAj54pJcrLp9q0_V3-ydqw,Com as últimas actualizações não se fazem muitos jogos sem comprar fichas.,4,86,7.30,2017-08-08 08:32:25
70,Alexsandro Watanabe,https://lh3.googleusercontent.com/-jW7nhoK27nI/AAAAAAAAAAI/AAAAAAAAAAA/AMZuuckeeAScZkX5w7t3Nd6oUkuK9A5dMg/photo.jpg,1 par ganha de 2 pares..,1,10,7.30,2017-08-20 00:39:06
71,Geovany Laureano,https://lh3.googleusercontent.com/a-/AOh14GiYTMGLehECREYJh5VEsmzwJWUoURHZeDeOPbOt1w,Jogo ladrão do caramba não instalem,1,6,7.30,2017-09-05 01:25:09
72,Antônio Marastro,https://lh3.googleusercontent.com/a-/AOh14Gjxl0453y5Vpv-uDlBkhPf2eFRx8E-eWafjS7hG5g,Muito bom.,4,3,7.30,2017-08-10 18:38:32
73,Vitor Marcel Ferro,https://lh3.googleusercontent.com/a-/AOh14GgZw2hdReRTAFuToYcT5_P77LggZhjVga6rmwu2og,Ótimo jogo,5,16,7.30,2017-07-28 15:54:55
74,Um usuário do Google,https://lh3.googleusercontent.com/EGemoI2NTXmTsBVtJqk8jxF9rh8ApRWfsIMQSt2uE4OcpQqbFu7f7NbTK05lx80nuSijCz7sc3a277R67g,Muito roubo...,1,11,7.30,2017-07-27 07:53:16
75,Rafael Silva Purguinha,https://lh3.googleusercontent.com/a-/AOh14GiNRZgWwDx-a1pjGB4lsK0PpFWoAjS6JojV5wjoMQ,É da hora,4,1,7.30,2017-09-22 20:18:11
76,Elton De Sousa Teixeira,https://lh3.googleusercontent.com/a-/AOh14Gg8yWOGNvehR1w7_2aJw51lpgwSos2jY_PjlrA,Top,5,5,7.30,2017-08-22 18:35:41
77,wantm wantm,https://lh3.googleusercontent.com/-dX1REGlV6AQ/AAAAAAAAAAI/AAAAAAAAAAA/AMZuuck7E92nL21XX8HYgGjb1cnyV4arDQ/photo.jpg,"O jogo visualmente não é lá essas coisas,  mas o mais importante ele tem, que é não roubar para alguns A distribuição das cartas é realmente satisfstoria. Jogo wsop, poker Brasil, poker stars e poker stars lite.  Esse último também é bom.",5,10,7.29,2017-07-20 02:24:52
78,Um usuário do Google,https://lh3.googleusercontent.com/EGemoI2NTXmTsBVtJqk8jxF9rh8ApRWfsIMQSt2uE4OcpQqbFu7f7NbTK05lx80nuSijCz7sc3a277R67g,Muito bom,5,2,7.29,2017-07-25 21:11:43
79,Ru Mar,https://lh3.googleusercontent.com/-BdmKSAoPZQM/AAAAAAAAAAI/AAAAAAAAAAA/AMZuucmW428QxruKnrGerwnFQ3NqzmJEQQ/photo.jpg,Iraliouz,1,12,7.29,2017-07-08 08:54:00
80,Marcus Pinheiro,https://lh3.googleusercontent.com/a-/AOh14Ghu4BcCz1VbsPgZGdlnwZJU_PbmzscwVhSs4nyPmg,"O jogo é satisfatório e serve para iniciantes, mas se você começar a ganhar demais e acumular fichas ele te desconecta e quando você retorna descobre que perdeu suas fichas. Simples assim! SAFADEZA",3,34,7.28,2017-05-22 12:31:59
81,Um usuário do Google,https://lh3.googleusercontent.com/EGemoI2NTXmTsBVtJqk8jxF9rh8ApRWfsIMQSt2uE4OcpQqbFu7f7NbTK05lx80nuSijCz7sc3a277R67g,Preço absurdo para comprar fichas. E ja nao existe mais mesas com valores baixos.,4,4,7.28,2017-06-04 02:39:51
82,Danieloliveira Henrique,https://lh3.googleusercontent.com/-V-OhERloliQ/AAAAAAAAAAI/AAAAAAAAAAA/AMZuuclLj5ZWAOOWK2L01N3RLvv7NbINNg/photo.jpg,Sem frescura facil de jogar muito bom,5,7,7.28,2017-05-24 12:59:18
83,André Santos,https://lh3.googleusercontent.com/a-/AOh14GicOTiWBENggaJmtImkdnf4f1odz-AfL0e69FlI,How neat is that?,5,3,7.28,2017-05-25 16:50:09
84,Yohan Coutinho,https://lh3.googleusercontent.com/-RYKZt2rgvgQ/AAAAAAAAAAI/AAAAAAAAAAA/AMZuucnqx2WDsIKXwS1DbPCezAw4fmy_bw/photo.jpg,Ótimo jogo,5,2,7.28,2017-07-16 00:57:06
85,Leozin LT,https://lh3.googleusercontent.com/a-/AOh14GhUyMP4Lzd_QTDp4iTeJTieyTUCq7V2CQbdBjiE3Q,Muito bom,5,2,7.28,2017-06-03 11:05:17
86,Um usuário do Google,https://lh3.googleusercontent.com/EGemoI2NTXmTsBVtJqk8jxF9rh8ApRWfsIMQSt2uE4OcpQqbFu7f7NbTK05lx80nuSijCz7sc3a277R67g,Bom,4,2,7.28,2017-07-03 23:47:52
87,Marcio Aguiar,https://lh3.googleusercontent.com/a-/AOh14GgmLx8mDAN_p4HAN4zZoh80xBDCYr12IXwCEveJUQ,"O jogo rouba demais, acabei de ver um ""full house"" (par de Q e trinca de A) perder pra ""trinca"" de 2, e um all -in de 1.200.000 ir pro saco... Frustrante.",1,14,7.27,2017-04-20 01:12:52
88,Eduardo Ribeiro,https://lh3.googleusercontent.com/-5E9e4OWYJ68/AAAAAAAAAAI/AAAAAAAAAAA/AMZuucm6etYvC2sTyZrIAED0Ch9BKozo_g/photo.jpg,O jogo esta com bug .. Me tirou da mesa varias vezes do kada .. E perdi 20b por causa disso .. Eu apostei e ele me tirou da mesa .. E o que vcs irao fazer em suporte ? Vao me devolver ?,2,5,7.27,2017-05-13 14:41:53
89,GRINGO MOTOKA,https://lh3.googleusercontent.com/a-/AOh14GhX5rMKnaJnXFQh0i93praLT4O-SNtUzH-KbZHUFQ,"Esse jogo não é justo, ele é muito desleal. Eu afirmo isso, pois analisei todos os jogos que fiz e comprovei que o jogo sempre favorece quem tem mais dinheiro. Exemplo: você tem um par de ais(AA), e você aposta tudo o que tem sem ter visto as cartas que irão virar na mesa, porém a cada 10 vez que você faz isso, 8 vezes o adversário que tem mais dinheiro vence você, pois não importa as cartas que você tiver, o adversário que tiver mais dinheiro será favorecido. Anotei todas as partidas que fiz e constatei que quem tem mais dinheiro é favorecido pelas cartas na horas que vira na mesa, deixando o jogo injusto. Existe coincidências que possa favorecer o adversário, mas da forma que acontece não é mais coincidência e sim injustiça. Exemplo: se você tem um parte de ais(AA) e aposta tudo, o adversário tem um 2 e um 7, na mesa vira mais dois 7, ou mais dois 2. Desse jeito o adversário que tem mais dinheiro é favorecido 80% das vezes. Fiz minha pesquisa e anotações sobre o jogo durante vários dias seguidos e cheguei nessa conclusão. O jogo é manipulando para favorecer os que tem mais dinheiro e que faz as grandes apostas​ primeiro. Não é justo.",1,4,7.27,2017-05-06 22:15:35
90,Ruy Carneiro Giraldes Neto,https://lh3.googleusercontent.com/a-/AOh14Gi0c_qVuDuUe1Oj1haF9tgDQeXCaLyqLVQZqf0XZw,Jogo está bugado. Trava no meio das partidas ou os jogadores são simplesmente derrubados. Está um lixo.,1,5,7.27,2017-05-13 15:08:00
91,Luiz Carlos Silva,https://lh3.googleusercontent.com/-pPmBViEIpnA/AAAAAAAAAAI/AAAAAAAAAAA/AMZuucn34EYr7uB4eAwuxNt71ijbWHTjuQ/photo.jpg,Roubo ganhei 600.000 fichas o jogo travou quando voltou tava zerado,1,5,7.27,2017-05-10 18:27:48
92,Daniela De Lai,https://lh3.googleusercontent.com/a-/AOh14GiFLtqFcEYBZ7e-HNeViT2QpbU40S6UGEHGKtPq,E bom seria melhor se nao robase tanto,3,29,7.27,2017-03-22 07:40:00
93,Diego Barreto,https://lh3.googleusercontent.com/-WQu7l4C0lBQ/AAAAAAAAAAI/AAAAAAAAAAA/AMZuucn9lUpLtNjzVjj3F2ARfqCRvT4c2g/photo.jpg,Mt bom!!,5,17,7.27,2017-03-13 19:06:39
94,guilherme maciel,https://lh3.googleusercontent.com/a-/AOh14GiEDuGi9iEKtF47JFMTZ3uqzweHZUAxDV3FdjeRwQ,The best!,5,5,7.27,2017-03-09 23:58:16
95,Kassandra Monti,https://lh3.googleusercontent.com/-qcp-KuE-TKk/AAAAAAAAAAI/AAAAAAAAAAA/AMZuuckdab9OcK6w_7PTTyAvEPTspI_TxA/photo.jpg,Melhor vesao antiga,2,3,7.27,2017-05-28 12:46:54
96,opp MUTANO,https://lh3.googleusercontent.com/a-/AOh14GiD7k65RyUX4R3EK-Bd_l6-thHY1mxNrKw-io7vM_U,Muito bom.,5,2,7.27,2017-04-30 23:12:41
97,Nuno Alexandre,https://lh3.googleusercontent.com/a-/AOh14GjzPPdsuWxZyfmYpPDjtpbENSQclyHTpJWeWvshxQ,Muito bom,5,4,7.27,2017-04-15 17:18:20
98,jerdson jorge,https://lh3.googleusercontent.com/a-/AOh14GjrdGD5mhP-joxQSYY0lKhqZMOgEVm0M1yu9sk,Muito bom...,5,2,7.27,2017-04-14 13:32:21
99,Herve Morandini Silva,https://lh3.googleusercontent.com/a-/AOh14Gg3T_3woThbIRkty0lkDxUE5xXCVckV0WsuhYcm4jg,Muito bom,5,2,7.27,2017-03-06 19:34:55
