,userName,userImage,content,score,thumbsUpCount,reviewCreatedVersion,at
0,"Your dear artist, Spring",https://lh3.googleusercontent.com/a-/AOh14Ghzdt5JddLPyJSmNO8VSPJ89YlNuccHsbltzi6nLg,"O jogo é incrível. Tem uma jogabilidade fácil e é um ótimo passatempo. Mas, o que está me incomodando é que, quando eu assisto anúncios para conseguir recompensas, o jogo sai sozinho e eu perco a recompensa. Não sei se tem haver com o meu dispositivo ou se também acontece com outras pessoas, mas adoraria se vocês pudessem arrumar isso. Obrigado.",5,212,2.40,2020-04-13 12:47:02
1,Netto Idalino,https://lh3.googleusercontent.com/-04TOqz5CAps/AAAAAAAAAAI/AAAAAAAAAAA/AMZuucnIwZWAwSUjVzhegA-Vh_4aq9q8oA/photo.jpg,"Jogo muito bom mesmo, super recomendo, não tiraria nada, porém na minha opinião seria interessante ter mais interação entre os membros da guilda, e acrescentar tipo um chat para comunicação. Mas o jogo é muito bom mesmo, meus parabéns aos desenvolvedores.",5,51,2.40.1,2020-05-10 05:24:03
2,Eliton Rodrigues,https://lh3.googleusercontent.com/-E_rkN3ccWek/AAAAAAAAAAI/AAAAAAAAAAA/AMZuucm7B8GBfaZ8uOelSxIsaFhQyC0mYg/photo.jpg,"O jogo está cheio de hackers e pessoas que usam bug, para deixa impossível a entrada nos calabouços .. e ninguém faz nada sobre isso .. esse último evento que teve e terminou hoje dia 16/04 precisava entrar no mínimo em 20 calabouços para conseguir as tickets .. e eu estava qualificado e não ganhei o prêmio... Perdi uma gema de 80k .. melhorem tudo isso por gentileza.",1,115,2.40.1,2020-04-16 10:29:01
3,Ariele Maiara,https://lh3.googleusercontent.com/a-/AOh14GhfgTIN_1RTXS6G4An1NDuRsg0brDc_LKcHQXE14A,Para obter alguns prêmios é preciso ver vídeos de anúncios certo ? Então porque diabos que nunca está disponíveis os vídeos? E principalmente quando tem eventos.. aí sim que NUNCA tem vídeo disponível... por favor arrumem disso ou desintalarei o jogo.. pois já não tem mais oque fazer no jogo. Pois não consigo salvar minhas gemas nem participar do evento,1,28,2.40.1,2020-05-25 11:24:59
4,Fabilljy,https://lh3.googleusercontent.com/a-/AOh14GhFXeYEUrMIloPQNvAyok1Wmr5ZrFg5QNRUe4m0,O jogo em si é bastante legal mas a unica coisa que não gostei foi o sistema de salvar o calabouço pois eu sei que esse sistema de chegar 2 vezes ao baú é para vermos se tem uma falha mas quando nos tentamos passa r é quase impossivel se pelo menos fosse 1 vez para chegar ao bau seria bom,4,1,2.40.1,2020-05-25 11:34:39
5,Lhc Lucas,https://lh3.googleusercontent.com/a-/AOh14Gg0TUa-w4io6zPn47nCs2EX5XIzUHaIuRqpnYoJ3A,"Toda vez que coloquei pedras de 20.000 ou mais sempre fui roubado, tres benefícios para invadir, recuperar está impossível, passa de primeira e nunca recupera, calabouços que são impossíveis de passar com lâminas em cima da porta, está ridículo",2,4,2.40,2020-05-06 15:51:11
6,Erica Anjos,https://lh3.googleusercontent.com/a-/AOh14Gg-25T4yzwr0Xw0Npqj5fzT2fhWX1sArosOUvXbeg,Sem comentários...... Melhor jogo q eu já joguei!!! No jogo vc precisa roubar gemas pra poder ter uma classificação alta no jogo! E se uma das suas gemas for roubada vc tem seus parceiros da guilda q podem recuperar pra vc!!! Muito bom o jogo n tem comparação!!!!! Se alguém estiver em dúvida se instala ou n eu digo: pode instalar vc n vai se arrepender 👍🏼,5,51,2.40.1,2020-04-15 13:36:45
7,Daniel Calmon,https://lh3.googleusercontent.com/-sah2HGBks78/AAAAAAAAAAI/AAAAAAAAAAA/AMZuucl2jWfUFo6iUu4b25T6TCokWtRG2Q/photo.jpg,"Jogo divertido e viciante. Recomendo para todos! Precisa de estratégia. Se você tem um tempo não tão longo e não tão curto, o jogo é perfeito para você!",4,0,2.40.1,2020-05-24 21:04:27
8,Fernanda Silva,https://lh3.googleusercontent.com/-MsFp3l8NlzM/AAAAAAAAAAI/AAAAAAAAAAA/AMZuuclgVDX9PqEdFp-N_YL93UmflAtaAg/photo.jpg,"O jogo é incrível e os gráficos são d+, eu já tinha jogado esse jogo. Faz muito tempo que não via ele, agora que apareceu pra mim na Play Store vou instalar ele novamente ( û3û)👌",4,0,2.40.1,2020-05-30 22:40:50
9,Pietro TY,https://lh3.googleusercontent.com/-8mI40f7FIgE/AAAAAAAAAAI/AAAAAAAAAAA/AMZuucmxAgSZaHOrrsH6p9ZHPtehK9FibQ/photo.jpg,"Vi comentários reclamando do mesmo problema que o meu (o jogo fica infinitamente na tela de carregamento), e nenhum deles foram respondidos, resolvam esse problema se não todos vão desinstalar, eu não desinstalei porquê estou esperando uma atualização que resolva isso. Escutem o público desenvolvedores se n esse jogo vai por água abaixo! 😡😠",1,92,2.40.1,2020-05-01 12:52:14
10,agpaes paes,https://lh3.googleusercontent.com/a-/AOh14GjIPUBFiQ7B2po280l02q6-wIOsZVcsdwAY67dsJA,"Muito bom o jogo, jogabilidade perfeita para players, calculando pulos sem bug, o KoT é o meu jogo favorito, mas estou com uma dúvida, como eu coloco minha foto no jogo?.",5,2,2.40.1,2020-05-07 21:21:59
11,Gabriel Lima Costa,https://lh3.googleusercontent.com/a-/AOh14GgV98U2mbWTo0cGs-lmIcO_b5NacjEY4cLZ-nTUTw,"O jogo e bom MASSSSS esse jogo nao e para passar o tempo, voce joga sai, volta, sai, volta E É UM CICLO INFINITO! E é que nem o clash of clans que vc faz o upgrade e tem que esperar isso e horrivel e estraga o jogo alem disso os jogadores podem passar através das suas armadilhas mais fáceis por causa disso, porque denovo e que nem clash of clans..",3,17,2.40.1,2020-04-27 02:30:20
12,Miguel Veri,https://lh3.googleusercontent.com/-_EYkUYLMdOg/AAAAAAAAAAI/AAAAAAAAAAA/AMZuuckgKT-Zu1vSkSu38Df4wCoFndOQ-g/photo.jpg,"Achei muito legal, parece um jogo simples mais eu não consigo enjoar, KKK eu amo as skins e os gráficos, o tanto de opções q tem lugares para roubar, coisas para evoluir, enfim ele merece cinco estrelas na minha opinião kakakakaka.",5,0,2.40.1,2020-05-31 10:10:55
13,Luis Felipe Borges Lourenco,https://lh3.googleusercontent.com/-JwyjkniV8jo/AAAAAAAAAAI/AAAAAAAAAAA/AMZuuclhOxcOwLNFiae2IAIISzKphuVAtA/photo.jpg,"Esse jogo era muito bom gostava de tudo, porém um dia quando fui jogar não queria entrar e falou q eu fui banido. Pra mim isso foi bastate injusto pois tinha varias coisas e nunca fiz nada de errado na conta fazendo assim q eu perdesse a conta.",3,2,2.40.1,2020-05-12 09:40:08
14,Batman Souza,https://lh3.googleusercontent.com/a-/AOh14Gh7qAw4nPmJwW7q8vyF5ROXfcMgJxA6XlSqYqyWN2o,"Um ótimo jogo,para passar o tempo,eu simplesmente amo,demaisss,dez do momento em que eu entrei eu simplesmente amei,muito boa jogabilidade,gráficos ótimo,garanto que vc vai amar tbm, recomendo muito,pode baixar a vontade,❤️",5,33,2.40,2020-04-09 13:24:00
15,Vinicius Santos,https://lh3.googleusercontent.com/a-/AOh14GirC6L28lxXTctuf7vjK5VAAljJfQnsxHaBGUzTMic,"O jogo é bom, mas desconecta toda hora! Ultimamente comprei 500 orbes com o cartão de crédito e na hora que finalizei a compra desconectou, mas a compra foi passada no meu cartão. Já se passou 1 dia e ainda não recebi meus orbes que paguei!",1,38,2.40,2020-04-12 08:12:55
16,Julia Cristiane Aguiar Da Silva,https://lh3.googleusercontent.com/-fVWNpvBNIfM/AAAAAAAAAAI/AAAAAAAAAAA/AMZuuckeaOyGfEO-NGHlpT9m4eQucGNpIQ/photo.jpg,"Este jogo é muito legal, tirando a parte de ter que jogar com internet, mas fora isso é muito, muito bom, por isso eu dou ⭐⭐⭐⭐⭐,super aconselho!! Podem instalar!! 👍🏻😻",5,0,2.40.1,2020-05-27 10:24:47
17,Lu Gamarano,https://lh3.googleusercontent.com/a-/AOh14GiNzqUOF3jDTkNtFMr8A_vV11VM4Cr4gw1nVMxqaw,"Já fazem anos que tento entrar no jogo. Salvei meu progresso no cloud e quando tento recuperar fica carregando uma eternidade e da erro de ""conexão""",1,258,2.40.1,2020-05-30 09:53:28
18,Savio Rodrigues,https://lh3.googleusercontent.com/a-/AOh14GhIJydGYDnn-C56qh4U1MUsrOor1LhsRIysFXkjHQ,"O jogo é muito bom mais o tempo de espera das gemas é muito grande, 5hs para fundir um gema, não tem necessidade para isso tudo. Se vcs olhassem isso ia melhor mais. 3 estrela por isso.",3,2,2.40.1,2020-04-22 08:27:38
19,Jurassic Eraッ,https://lh3.googleusercontent.com/a-/AOh14GjSotCrny2Lzml6Thfp0wmkaVXvzqE8vJV3yL7-Ng,"Muito bom o jogo! Adoro ele! Uns anos atrás eu jogava em outro celular, desde então, ñ joguei, mais hj instalei, poderia ter uma aba para vc criar o seu *PERSONAGEM* Exemplo: altura, chapéu, máscara, olhos, cabelos, peles e etc",5,0,2.40.1,2020-05-16 19:15:01
20,Maria Lucia Alves,https://lh3.googleusercontent.com/-ZLkUqgeXFB0/AAAAAAAAAAI/AAAAAAAAAAA/AMZuucnvpFjrJE6rCCoWsIkmkdcTA--6DA/photo.jpg,"O jogo não abre. Fica apenas carregando infinitamente, eu joguei a muito tempo atrás mas agora não consigo jogar entrar. Decepcionada",1,1,2.40.1,2020-05-21 10:51:25
21,Adriel Tanillo,https://lh3.googleusercontent.com/-no0dLQWxbiI/AAAAAAAAAAI/AAAAAAAAAAA/AMZuuclfcDxRPmRqUjzIToh4Dr9KX0xhmQ/photo.jpg,"Um lixo, joguei por um tempo, estava avançado no jogo, tinha conectado o googleplay e o Facebook, porém o jogo n recarregou minha conta, n vou jogar do início, decepcionado.",1,0,2.40.1,2020-05-18 00:46:36
22,Gustavo Trento Silva,https://lh3.googleusercontent.com/a-/AOh14GilGJRYTa0qRrFjNzyNJ9h82lVaYmqnVhx7vlnjAQ,Divertido! Necessário ter habilidades em clicar na hora certa além de paciência quando errar!,4,1,2.40.1,2020-05-17 20:34:45
23,Luiz Felipe,https://lh3.googleusercontent.com/a-/AOh14GgfvpEDVrSmvhST9EzhgDXfErz2HRUq0VHBD8h8sg,"Jogo excepcional, divertido, e nos prende por horas a fio nele, juro que nao tenho críticas sobre ele.",5,1,2.40.1,2020-05-10 02:57:01
24,isaac e eduardo mine,https://lh3.googleusercontent.com/a-/AOh14GjC2z-Zt7OqfwYWguL_ELrrXu03lZkmj9rIGZwI,Jogo muito legal adorei o jogo muito legal minha experiência foi muito boa recomendo todo mundo está instalando esse jogo esse jogo precisa bastante estratégia e inteligência,5,0,2.40.1,2020-05-21 19:45:17
25,Anthony Cavalcante 9091,https://lh3.googleusercontent.com/a-/AOh14GjIVWX-elkiVVN1ILzRslk_b4xbu0j1KPSO_p2_lQ,Estou dando 3 estrelas pq achei que isso não devia estar no jogo quando vc cria as suas próprias armadilhas é legal mas tem um problema para salvar vc tem que passar 2 vezes pela sua próprias armadilhas então se vc criar umas armadilhas mega difícil vc tem que passar por ela,3,3,2.40.1,2020-04-29 15:20:39
26,hrnq games,https://lh3.googleusercontent.com/-bRtPFT1IXBg/AAAAAAAAAAI/AAAAAAAAAAA/AMZuucmMhqYKDbKzYKs0S0kYbtso5HFU-w/photo.jpg,"O jogo seria melhor se:para salvar as armadilhas, passar uma vez oa invés de duas. E ter um modo de adicionar amigos",5,3,2.40.1,2020-05-02 03:02:21
27,Esponj4,https://lh3.googleusercontent.com/a-/AOh14Gg5nTZmcUC-36sZHWY5cgzvevbkzZ0Q1S7F7MUm,O jogo é bom mas no modo de editar podia so salvar não tem que passar pela própria base 2 vezes so pra salvar Imagina vc faz sua base mo apelona aí vc tem que passar por ela mesmo 2 vezes pela mor consetem isso,3,1,2.40.1,2020-05-11 11:41:53
28,Jaiane Silva Rocha,https://lh3.googleusercontent.com/a-/AOh14GiQ7b2YO8ezUzTrggcNrf82Xs9aBpr4aYdIf_sj,"Nossa é muito divertido, principalmente porque a gente pode interagir com outros jogadores e é um ótimo passa tempo",5,2,2.40,2020-04-15 17:03:57
29,Daliane Silveira de Sousa,https://lh3.googleusercontent.com/-gpKY4akwmf8/AAAAAAAAAAI/AAAAAAAAAAA/AMZuucl0wxqRfjpwM2pe80P3G5wLq5Dbvw/photo.jpg,Muito divertido essa empresa sempre acerta nos jogos dela como cut the rope time of travel e excelente jogava muito e baixei de novo,5,0,2.40.1,2020-05-17 12:43:19
30,ιѕ_α_вєllα,https://lh3.googleusercontent.com/a-/AOh14GhPhngegb-MVy5HHtd0-gm16xrGhAv4H2-8i2R4Qg,"eu amo muito o jogo. mas hoje,quando fui entrar para jogar,ele não entrava de jeito nenhum. ele só fica na página inicial carregando... o que posso fazer?",4,1,2.40.1,2020-05-18 21:56:28
31,Jeff The Gamer17,https://lh3.googleusercontent.com/a-/AOh14GjaEwsJIqDWdAc8UQ_ZdL1BVLoB4_IUPxy9jszlMQ,Simplesmente perfeito o jogo tem gráficos lindos e jogabilidade ótima a mêcanica é perfeita lindo e perfeito,5,0,2.40.1,2020-05-18 16:55:51
32,Luis Felipe,https://lh3.googleusercontent.com/a-/AOh14GjZ1oHUoJdSx45CeCXILXbZ_SglMPPgZqpfVeWF,"Só falta um modo offline,porque minha internet é muito lenta e fica travando tudo e tals",4,0,2.40.1,2020-05-23 16:04:26
33,Savio Felipe,https://lh3.googleusercontent.com/-MEaNdj7cEjc/AAAAAAAAAAI/AAAAAAAAAAA/AMZuucn6dRwPI2IS8_8YDkP2zIbxme1A6g/photo.jpg,Gostei do jogo só que quando a pessoa quiser como eu posso falar salvar calabouço pessoa perdeu uma vez deixava a pelo menos a a primeira vez que a pessoa ganhou e se a pessoa perder deixar o negócio eu vou depois que eu ganho uma vez fica impossível jogar a segunda IMPOSSÍVEL,4,1,2.40.1,2020-04-24 15:20:51
34,Fábio Moraes,https://lh3.googleusercontent.com/a-/AOh14GhwWiiitOyROTIrcJy4ZVPfu5kgtF7Wueam79aQ,Jogo ótimo. Mas seria bom aumentar o tempo do escudo ou dar a opção de comprar escudo com ouro ou orbs. Mal consigo terminar um ritual 😐,5,3,2.40.1,2020-05-02 13:46:52
35,AMÉRICO ANDRADE,https://lh3.googleusercontent.com/a-/AOh14GhR-ZKaqbmrx_2DkYcbNV58n11A2C8FLtWqt5v_FA,"Uma coisa que está me tirando do sério é que não adianta vc fazer uma boa defesa, todo dia tenho minhas gemas roubadas por jogadores que morreram inúmeras vezes na minha base. Isso não faz nenhum sentido só me atrapalha, e atrasa os meu rituais.",2,4,2.40.1,2020-05-01 12:41:54
36,Marivaldo Rodrigues de Oliveira,https://lh3.googleusercontent.com/a-/AOh14Gjo_afFrw05-nG5mT0KVSlrdUJGuT6BGuUBpMs8WQ,Esse jogo é muito bom tem muitas variedades para colocar seu calabouço apesar de erros são nada comparado aos bons do jogo,5,0,2.40.1,2020-05-31 14:30:13
37,Moisés Silva,https://lh3.googleusercontent.com/a-/AOh14GgHoQjPJnKuYbX3F7aKugGJm4m4u6klWQCtlnJ8,"Muito bom, acabei de instalar de novo, não sei como pude ficar sem jogar ele por tanto tempo, muito bom rsrs",5,1,2.40.1,2020-04-28 14:08:35
38,alex cordeiro,https://lh3.googleusercontent.com/a-/AOh14GgRJqyju3VoqWvvOrBYsS_B3p8FhDGw2dyFyZWg,"Muito bom,eu adorei a jogabilidade e os gráficos são bons",5,0,2.40.1,2020-05-27 14:05:03
39,Kyoumi Doragon,https://lh3.googleusercontent.com/a-/AOh14GhXA6CM_9qAbZ_gXrHlnQtjjodXPVirp9HgzXqJ0g,"Jogabilidade ótima, gráficos super fofos e o jogo em si é muito viciante kkkkkkkk amei",5,2,2.40.1,2020-04-24 20:30:12
40,Jonh max Diniz,https://lh3.googleusercontent.com/-Bse17Z1BGDE/AAAAAAAAAAI/AAAAAAAAAAA/AMZuucmYWSGh6-dRspIpbrXZ_uxuXRLvkg/photo.jpg,Nossa este jogo é 1 dos melhores jogos que eu ja baixei recomendo para vocês não é mentira . O jogo reuniu o mundo . Muito bom mais uma vez recomendo . A si você procura na lista eu sou o kaneki louco tá vem batalha contra min,5,0,2.40.1,2020-05-07 07:53:28
41,Jacicleide Januário de Melo,https://lh3.googleusercontent.com/-LXe9iMGEtxU/AAAAAAAAAAI/AAAAAAAAAAA/AMZuuck_d7WKheeW5gKzV7nsMIozupk4pA/photo.jpg,Massa muito bom senario detalhado jóias da ora personagens armadilhas e um gueimer bom mas ia ser melhor se bichinho de estimasao armas para batalhas online só ok,4,0,2.40.1,2020-05-30 22:30:17
42,Margrave,https://lh3.googleusercontent.com/a-/AOh14Gh5lPTFezvvmcDluxeIjrLULaUUsOZdWUYcqF79,"O melhor jogo de sempre, eventos semanais bastante fáceis.",5,0,2.40.1,2020-05-22 18:25:34
43,CHOCOLATE Solar,https://lh3.googleusercontent.com/a-/AOh14Gh3tsBJxT101A1dZUXkoPqkKigXa7KJqbAXuUUF8g,Vocês podiam colocar mais ligas depois da liga de ouro tipo diamante esmeralda e platina mas o jogo e ótimo tentem colocar mais ligas por favor. Eu já passei todas as ligas em duas semanas,5,1,2.40.1,2020-04-19 20:00:06
44,Maria Aparecida Dantas,https://lh3.googleusercontent.com/-_sJ4FRYo4oc/AAAAAAAAAAI/AAAAAAAAAAA/AMZuuclNZ32RiFE4wBaBv3kcr6zEwNp6kw/photo.jpg,Eu adorei o jogo mais poderiam tirar esse negócio de ficar testando as armadilhas pois eu mal consigo chegar até meu baú pôr favor tira esse negócio de ficar testando as armadilhas!,4,1,2.40.1,2020-04-26 10:11:57
45,Um ser humano normal,https://lh3.googleusercontent.com/a-/AOh14GhXwpeNizcTlasvqn6g6jCKklmWAB-pj7PY8dUi5w,O jogo é ótimo eu não tive nem um bug ou erro demora muito muito muito para acabar o jogo E é desse tipo de jogo eu gosto,5,1,2.40.1,2020-05-11 21:35:42
46,Sevla Jão,https://lh3.googleusercontent.com/a-/AOh14Gj3Uyx84CnvgZcskSQCv7CWz-Ze5Knj3K2L61TWww,Muito bom mas como a maioria dos jogos os gamers que gastam dinheiro no jogo se dão melhor.,4,1,2.40.1,2020-04-26 18:42:42
47,jotaro kujo,https://lh3.googleusercontent.com/a-/AOh14Gj-9520FMOh0dpRuoB-ZkuWZ5jeTRmSDATFUcu8,Um lixo enfestado de hackers as traps são completamente desequilibradas e as chaves demoram muito pra renovar,1,1,2.40.1,2020-04-26 22:08:09
48,Nandox Mega,https://lh3.googleusercontent.com/a-/AOh14GiCafLUmD1affjagFEDGtFCVYdX9fXhqVMGFXfw,Esse jogo é bom pra perder tempo quando você tem mais nada pra fazer e precisa de internet pra jogar esse jogo jente se divirta se muito jente tchau 😉👍🏻😎,5,1,2.40.1,2020-04-24 13:35:50
49,TOMATAO x,https://lh3.googleusercontent.com/a-/AOh14GhAAQLFK93WigwMQUH_3lwWFm4Q9cxM8_dQOEpz,Orrivel eu aperto para ver um vídeo e não carrega um lixo pelo menos eu gostei dos gráficos,2,0,2.40.1,2020-05-01 17:21:41
50,Mateus Fernandes,https://lh3.googleusercontent.com/a-/AOh14GiTtu3hAsCAsL5Yspa8u2hLJVDZCW-7NfVd5ze3,O jogo e muito legal e muito bom gráficos bonitos e a jogabilidade boa,5,0,2.40,2020-04-10 17:13:54
51,Kaio Eduardo,https://lh3.googleusercontent.com/-sNjc7QJlWME/AAAAAAAAAAI/AAAAAAAAAAA/AMZuuckyrSwH_Gt7m6XFBmPHtn8Y_iqiVQ/photo.jpg,"O jogo em si e otimo , porem nesse novo evento (totem ancião) não consigo jogar , quando o portal se abre para começar o mini game o jogo simplesmente fecha , por mais que reinicie o jogo , o celular , ele sempre cai , outros companheiros do meu clã também estão com esse problema , e assim fico em desvantagem , por favor arrumem o totem ancião :(",5,74,2.39.2,2020-03-20 00:49:47
52,Miguel M.S. : D,https://lh3.googleusercontent.com/-XQJTjbDWPnQ/AAAAAAAAAAI/AAAAAAAAAAA/AMZuuclDc8ppnez9lB5hqzjeT1hre7ytXw/photo.jpg,"Muito legal, mas se vc tiver dúvida, vc poderia clicar em algum lugar para vc tirar a dúvida",4,0,2.40.1,2020-05-25 02:39:35
53,Kayky Kunde,https://lh3.googleusercontent.com/a-/AOh14GhWOtCj4YslbNBpB_7kqYJqZVw5pKokKI6uASjeTg,"O jogo funciona apenas on-line mas mesmo assim é legal demais, primeiro você cria seu próprio calabouço com suas próprias dificuldades para que os seus adversários não peguem seu ouro e suas gemas, e com gemas você faz rituais e aumenta sua classificação no jogo, depois invada outros jogadores para roubar as gemas e ouros deles ou até mesmo pegar muito ouro e até gemas de graça no modo história e depois de um tempo você entra em uma guilda e ganhe recompensas extraordinárias, o jogo é muito bom!",5,72,2.39,2020-03-19 18:30:52
54,Um usuário do Google,https://lh3.googleusercontent.com/EGemoI2NTXmTsBVtJqk8jxF9rh8ApRWfsIMQSt2uE4OcpQqbFu7f7NbTK05lx80nuSijCz7sc3a277R67g,Jogo bom mas tenque melhorar mais os graficos mobile que rodem em qualquer celular gostei bastante,5,0,2.40.1,2020-05-19 23:03:36
55,BLOOP *,https://lh3.googleusercontent.com/a-/AOh14GiTuk2wmtSvMiIIoSWseVO0hv_KQpD7s84oGOHu,"Jogo Mó daora estilo COC, Muito Divertido fazer rituais tudo o que tem, esses caras tem criatividade, recomendo muitissimo baixar",5,0,2.40.1,2020-05-28 12:19:34
56,nikcgames pro !,https://lh3.googleusercontent.com/a-/AOh14GhT-KMltXuHDHc6vpCiwNswG3WHlYV1lAExDLI07w,Eu amei o jogo ele é simples e muito divertido parabéns aos desenvolvedores,5,0,2.40.1,2020-05-30 12:37:08
57,Elias Leite,https://lh3.googleusercontent.com/a-/AOh14GhXQus6s8ToKu5T9W0WDV4MO225Vwvef3KZDG1y6w,Qundo eu jogava esse jogo a uns 3 anos atrás ele tinha chat onde as pessoas conversavas com os amigos agora não não comsigo mais me comunicar com os amigos de guilda.,1,0,2.40.1,2020-05-04 23:48:20
58,Kauan Batista,https://lh3.googleusercontent.com/-PKFebLYVAMM/AAAAAAAAAAI/AAAAAAAAAAA/AMZuucmeRBMZBZqsr8mPvTGl_Vteab_BBA/photo.jpg,"Amei esse jogo está muito bom mas um porém eu queria que as traps novas chejao da mesma quantia de ouro,mas de resto nada tranquilo",5,0,2.40.1,2020-05-08 21:42:10
59,Fatima Aguiar Mateus,https://lh3.googleusercontent.com/-TmpMyJhg9r8/AAAAAAAAAAI/AAAAAAAAAAA/AMZuucksXMqbePHjDUQCx0n5rvd1qhej2g/photo.jpg,Porque eu fui abandonar esse jogo!?!?!?! A NOTA DESSE GAME E MAIS DE 8000!!!! Nao tem comparaçao eo melhor,5,0,2.40.1,2020-04-22 09:07:53
60,Vinícius Borges Lima,https://lh3.googleusercontent.com/-yUspwhlLsbQ/AAAAAAAAAAI/AAAAAAAAAAA/AMZuucmXK4OHmmPBNBlAALVIjpCQ5VcG8w/photo.jpg,O jogo é muito legal só que tem um problema tem jogadores que já ultrapasaram a meta para a próxima liga mas ainda aparece os jogadores na mesma liga então eu estou em 5 lugar mas era para mim estar em 3 ou 4 na liga . Poderiam manter atualizado o ranking para ser mais justo com todos os jogadores,4,8,2.39.2,2020-03-23 20:43:32
61,lipe animado,https://lh3.googleusercontent.com/a-/AOh14GjvNPeic7SvDR1zOQFxQsd3S7hdxGYIA6L4fTTZ,Um jogo divertido para passar o tempo mais falta mais coisa sabe obvio não joguei muito o jogo mais gostei,4,0,2.40.1,2020-04-18 02:22:04
62,Alice Chocolate,https://lh3.googleusercontent.com/a-/AOh14GhTPE9l5aSZ3V1vR4CjzwkKSjTaq9kPF1kYWssz,"Muito bom! Otimo passatempo mas o problema é quando você gasta todas as fechaduras e orbes e tem q esperar ou subir de nivel para conseguir mais or assistir videos. Deveria ter alguma forma de conseguir mais rapido, fora isso o jogo é otimo",5,15,2.39.2,2020-03-31 13:36:33
63,Lena Ferreira,https://lh3.googleusercontent.com/-ZAF1Q9LLZw8/AAAAAAAAAAI/AAAAAAAAAAA/AMZuucmO4FD8b1iTPUAKKzzCi9YqrSeWTg/photo.jpg,É um ótimo jogo muito bom os gráficos são otimos tirando os anúncios e ele trava um pouco não sei se é no meu celular que trava mas tirando isso o jogo é otimo eu recomendo instalem este jogo não dem ouvidos aos que falam que o jogo é ruim mais não acreditem nisso o jogo é muito bom,4,31,2.39.2,2020-03-05 10:54:46
64,Papai_ Paulo,https://lh3.googleusercontent.com/a-/AOh14GgdxQUO9SnmUJ7ED8ttbpPpi21BTt5r1U74c-2fzA,O jogo é legal no começo como todos os outros jogos de celular mas é muito pay to win mdss,1,0,2.40.1,2020-05-18 15:57:32
65,New GabrielBr_ Anime,https://lh3.googleusercontent.com/a-/AOh14Gj5huba9ACQVe1b753y3Wl-ZV1kI4L18gEoOnzH,"o jogo é divertido, mas depois de um tempo não tem muita coisa para fazer, e eu vou dar uma ideia, porque vocês não fazem um mundo livre que alem de procurar os players, temos que procurar os calabousos e os cara que estão online dentro do calabouso, se entrar nele o cara que esta no calabouso tem que defender o calabouso, a historia e bem simples mas da para melhorar, vocês se fizerem essa idei que eu falei antes vocês poeem colocar missoes fora desse lugar """"""""""""""""2d"""""""""""""""". mas VALE APENA",4,10,2.38,2020-01-27 20:10:29
66,Emerson araujo,https://lh3.googleusercontent.com/-E5lYO9UAIpw/AAAAAAAAAAI/AAAAAAAAAAA/AMZuuclunUS4M5RqH0YGp2SlkYEGfI6s2A/photo.jpg,Se voce da a oportunidade de conseguir gemas gratis no jogo por que nao deixa pega -las muita mentira,1,1,2.40.1,2020-04-18 21:56:07
67,João Campos,https://lh3.googleusercontent.com/a-/AOh14Ggkag5c0bqq6jkJBoqzpT4M0I2xPeEivMoSNzDcpA,O jogo é ótimo. Só acho que deveria ter uma função para ver replays das partidas,5,0,2.40.1,2020-04-26 20:50:33
68,Capivara Comics,https://lh3.googleusercontent.com/a-/AOh14Gj2kf6V_T1tsPIoyu2B2xah1J26UHFpRGyKSRve,É uma ótima proposta de jogo e além disso os desenvolvedores se preocupam com seus jogadores pois até enviaram um correio para reivindicarmos prêmios para não sair de casa diferente de outra empresas.Enquanto o jogo e sensacional!,5,13,2.39.2,2020-03-29 09:43:53
69,Andrew Tavares,https://lh3.googleusercontent.com/a-/AOh14GgxOymQwxaAWEoL7ny2Dwwl-vzW6z38clhPyD29lQ,"É um jogo bem completo, dinâmico e pessoal, estimula a criatividade e estratégia ao poder desenvolver a defesa do seu calabouço. O único contra é os bugs na hora de assistir uma propaganda, na maioria das vezes trava e tem que entrar no jogo de novo. Mas a jogabilidade é muito boa, tem várias coisas para desenvolver.",4,10,2.38,2019-12-23 22:24:43
70,Hunter Gama,https://lh3.googleusercontent.com/-QIptJrBkZGg/AAAAAAAAAAI/AAAAAAAAAAA/AMZuuclNlXu6su1lIje7zKXhqk0PhN4DJw/photo.jpg,"Jogo muito bom, porem, precisa de atualizacoes pra melhorar algumas coisas, a recompensa quando voce junta 3 estrelas mesmo, eu assisto o video, na hora da recompensa, recarrega o jogo e nao ganho nada, pra notificar o pessoal da guilda é horrivel, vejam como fizeram no clash, da pra por informacoes na descricao, lancar notificacoes pros jogadores e tem o chat muito bom, nesse so tem o chat, e falta algumas coisas neles, mas tirando isso, o jogo é muito bom",4,1,2.38,2020-02-03 22:08:43
71,DEFALTZ,https://lh3.googleusercontent.com/a-/AOh14Gir9bKrPENqJL8CxdMW3I-EFlvn4ciVWG04BbyEUg,"Gostei bastante do jogo, o desnvolvimento de fases é muito bom, tem uma dificuldade desafiante, mas depois de aprender fica um pouco fácil de progredir",5,2,2.39.2,2020-03-21 09:13:04
72,pipoca 4k,https://lh3.googleusercontent.com/a-/AOh14Gjesef-KRO9-PRFV2M3bylfgfAq2Jl6pvofM8pu,Legal mais podia personalizar o personagem mais tirando isso o jogo é legal 👍👍👍,5,0,2.40,2020-04-10 18:03:42
73,Romario Maroto,https://lh3.googleusercontent.com/-98tRSBUQfCw/AAAAAAAAAAI/AAAAAAAAAAA/AMZuuckyLvF5k8cH17nPRfn-y4n49geQcg/photo.jpg,"Já tinha jogado antes, e achava muito bom. Mas não tá recuperando meu progresso. Sempre que escolho para recuperar, da erro, e o jogo não inicia. O jeito foi começar de novo.",5,1,2.39.2,2020-04-09 16:04:30
74,Bruno Vinharski,https://lh3.googleusercontent.com/a-/AOh14GiB1JE_ni1aFldF1L-50yYgHsi0P0-bdVhXGOA,O jogo é perfeito não têm bug é nada que atrapalha nota 10/100,5,0,2.40.1,2020-05-19 14:18:14
75,Abel Silva,https://lh3.googleusercontent.com/-AbVdvy9i5_E/AAAAAAAAAAI/AAAAAAAAAAA/AMZuuclUB85xXwPX5ByMLNnjIjVyX6YW_g/photo.jpg,"Olha o jogo é excelente, porem vocês tem q colocar mais gemas douradas no jogo , eu tô level 25 e raramente aparece 1 gema dourada pra roubar .... Desse jeito esta muito difícil.. , uma dica é que apartir denum certo nível começe a catar gente de level maior pra poder invadir e conseguir roubar uma pedra boa ... Pq desse jeito tá muito ruim e além do mais está tendo pouco evento .....",5,46,2.39,2020-02-07 01:38:26
76,Caçador de crânios,https://lh3.googleusercontent.com/a-/AOh14GjQFFgjRLzkHotW74tpYu7Ez6lXpsQzYQSmT5nR,"O jogo é muito bom mesmo!pra mim não tem nenhuma falha ou bug pra reclamar,mas,gostaria que aqueles níveis/fases pudeçem ser jogados sem internet/offline fora isso só coisas boas ^_^",5,31,2.39.2,2020-03-04 09:48:29
77,Junior Goes,https://lh3.googleusercontent.com/-UrF07RZo8UQ/AAAAAAAAAAI/AAAAAAAAAAA/AMZuucmLfEOUPce1uRITYg1bMCLn7ggYCw/photo.jpg,"O jogo é legal, porém tem uma coisa muito zoada...uma coisa é colocar comerciais no jogo, até aí ok, a galera tem q ganhar o trocado deles e tals mas outra coisa é colocar comerciais que abrem o playstore e teu browser sem tu clicar em nada e sem permissão, isso é muito ridículo! por isso a nota assim e inclusive tomem cuidado com os links que abrem sem permissão.",2,8,2.38,2020-01-03 14:53:04
78,Lucas Alves Bonfim,https://lh3.googleusercontent.com/a-/AOh14Gj3WaN1W2fYugB146fzU1YLKHvfUUa4HhrlxnVhkg,"Muito bom mas no meu celular (é velho: um Samsung S3 mini com Android 4.2) os vídeos de anúncio carregam mas não me dão as recompensas porque eu não consigo fechar o vídeo sem ser reiniciando o aplicativo, e quando reinicio não consta que eu acabei de assistir. Estou com esse problema desde que baixei o jogo.",4,1,2.38,2020-02-01 23:40:32
79,Julio Cesar Andre de Sousa Sousa,https://lh3.googleusercontent.com/-p3_s3FUPDz8/AAAAAAAAAAI/AAAAAAAAAAA/AMZuucnUZtYlMfbcxHxokBnj_B3k8GyAVQ/photo.jpg,"Eu gosto do jogo,mais só dou 3 estrelas por causa de não existir o modo offline,sendo que é muito fácil fazer um modo de treinamento ou até mesmo níveis onde não precisam de chaves",3,1,2.39.2,2020-04-09 15:05:01
80,Enzo clash,https://lh3.googleusercontent.com/a-/AOh14GjinXo-9YSGHsrN_d5a_Die709jndZmy54tSoQ,"Bom jogo, os gráficos são médios,a jogabilidade é boa e é muito viciante, o unico problema é que mesmo que você seja bom no jogo e passe do calabouço tem uma roleta para ver se você ganha ou n.Na maioria das vezes você n ganha, mas é muito bom ainda",5,80,2.39.1,2020-02-14 20:52:18
81,Coelho-kun,https://lh3.googleusercontent.com/a-/AOh14GhaCJLe7ZPBmqazisvqa1FgO3pkwXU_5fhln-FYsA,Bom mas... As recompensas de liga poderiam aumentar conforme se avança de liga. Também seria interessante escolher (no modo de editar) qual a armadilha que vai ficar invisível caso usem a poção de remover armadilha. Fora isso excelente jogo.,4,1,2.38,2020-02-04 22:50:44
82,Marcelo Santos,https://lh3.googleusercontent.com/a-/AOh14GjY0LDDR0Sd-qawQ1NxBiAk9KqfaeB5gK7iL0bo,"O jogo é bom, mas depende muito de anúncios e os anúncios travam o jogo, no sentido de que não da pra fechar depois que acaba e vc tem que reiniciar o app pra voltar (sem receber a recompensa do anúncio)",5,7,2.38,2020-02-06 16:31:05
83,Evandro Diniz,https://lh3.googleusercontent.com/a-/AOh14GhXX4dseBRIIiCUFT60-5FphmqHXEsZzIOTyHsfBg,"O jogo estava ótimo! Até hoje eu estava invadindo o calabouço gastei 29 chaves, 3 itens de ajuda e quando eu consegui chegar no totem o jogo simplesmente fechou , quando voltei não tinha ganhado a gema, perdi minhas chaves, meus itens e fiquei no prejuízo. Na mesma hora fui procurar outras gemas achei uma de 100 mil gastei 14 chaves , novamente 3 itens de ajuda , quando cheguei no totem o jogo fechou novamente. Fiquei muito chateado e espero que a equipe da zeptolab me ajude e me recuperem.",2,43,2.39.1,2020-02-21 01:55:48
84,Caua Soares,https://lh3.googleusercontent.com/-cpn9PSQS4KE/AAAAAAAAAAI/AAAAAAAAAAA/AMZuucnDjufkVm1qjwO31vtoEear2u3OWA/photo.jpg,É muito bom vc consegue gastar várias horas jogando no tablet fica ainda melhor esse jogo é perfeito o fato de pessoas poderem te roubar enquanto vc está roubando da mais adrenalina,5,1,2.39.2,2020-04-09 08:44:59
85,super life,https://lh3.googleusercontent.com/a-/AOh14Gix6O6eeYA0OxkLu5H_rnCcW7CSdHAkGZQSXGAg,Esse jogo eu ja joguei e agora ta bem mais legal que antes so que vcs poderiam add um modo onde vc e seus amigos ou vc e um amigo qualquer poderiam criar uma base juntos seria bem legal,5,0,2.40.1,2020-04-23 04:20:58
86,Gabriel Kennedy,https://lh3.googleusercontent.com/-bjL_-lWTTrI/AAAAAAAAAAI/AAAAAAAAAAA/AMZuucmHFVKURQBiF5T62iiYtVSF23eDUQ/photo.jpg,"Este Jogo é incrivel,eu tou até viciado,super recomendo,mas vcs deviam adicionar uma loja de armadilhas,para que podemos comprar as armadilhas que queremos,pq e melhor vc comprar as armadilhas que vc quer do que comprar um kit,mas obviamente com um limite de armadilhas por calabouço",5,96,2.38,2019-12-23 12:16:38
87,otaku master,https://lh3.googleusercontent.com/a-/AOh14GioLkWd831XGZpj-BrlLjHpX52dkpB5o7QHwtlw,"Jogo muito bom de coração, um dos melhores jogos de celular que já encontrei",5,0,2.40.1,2020-05-30 20:20:46
88,Marcio Camargos,https://lh3.googleusercontent.com/-lPAuIcgHWTY/AAAAAAAAAAI/AAAAAAAAAAA/AMZuucnrQI_-6CNVHludUyL9AB-d5a9J8A/photo.jpg,"Eu estava fazendo uma revanche, e quando consegui chegar no baú, que estava valendo 57000 porque eu estava usando uma poção de ouro em dobro, deu um aviso chamado Erro no Servidor e tive que reconectar. Quando voltei eu estava com a mesma quantidade de ouro que eu estava antes, e nem pudia fazer uma nova revanche. Zeptolab, gosto muito de seus jogos, mas eu quero meus ouros!!!!!!!!!!!!!!!!!!!!!!!!!!!!!!!",4,9,2.39.1,2020-02-21 18:23:54
89,Millena Fantachi,https://lh3.googleusercontent.com/a-/AOh14Gi7lx4R-cNfxLcQBCqwsP4EtJyo9IOyBzAPykFLaw,"Jogo era meu favorito, mas desde a última atualização está PÉSSIMO!!! Toda vez que consigo achar um calabouço bom com gemas ótimas, na hora em que eu consigo passar ele da erro no jogo e eu perco tudo que investi pra invadir o calabouço e não ganho recompensa nenhuma. Se persistir assim vou desinstalar, e é uma pena pq gosto muito desse jogo",1,9,2.39,2020-02-25 19:48:27
90,*SAA*,https://lh3.googleusercontent.com/a-/AOh14Gi1UxCr5hWeSzSi272YBN8wu21BZ8HwRCrwoEkz,Jogo muito bom para passar o tempo não e aquele online que vc tem de esperar outras pessoas fazerem outras coisas para jogar e um jogo semi-online onde você pode roubar dos outros ladrões acho que foi o primeiro de estilo claro que tinha de ser da supercell continuem assim!,5,27,2.38,2020-01-08 16:23:13
91,Igor C.Novais,https://lh3.googleusercontent.com/a-/AOh14GjdLae5hvR1a1ZJyxBruH3AArrkUFa9I9Ov0Qc-Ww,"O jogo é sensacional e divertido não tem como negar... Porém ao avançar das fases e calabouços necessitará de Orbis (pay to win) e ou muita sorte (pois com o decorrer dos calabouços, precisa de mais horas pra fundir as jóias) para que ninguém invada e pegue sua jóia.",4,0,2.38,2020-01-30 00:01:35
92,Stefany Fernandes,https://lh3.googleusercontent.com/a-/AOh14Ggk4VPh1kQ9oGeNXwWa3m0l1V2_yyRbbzWx4bXZug,"Muito bom o jogo!gostei bastante das imagens,personagens e seus mapas ....indicaria concertada para alguém",5,1,2.39.2,2020-03-25 13:10:13
93,Emily De Sousa Frota Veras,https://lh3.googleusercontent.com/-DHkJylIHDnI/AAAAAAAAAAI/AAAAAAAAAAA/AMZuucnTNiKFp6rm4-Dba7KFBdS73qvPIg/photo.jpg,Amei mas pfv paren de butar esse triangulo com 1 olho gente isso e paranormal mas a jogabilidade e boa e tudo mas entao so mudem isso pfv botem uma cadeira com caveira sei la so mudem aquilo,4,0,2.40.1,2020-05-26 18:05:45
94,Giuliano Andrade,https://lh3.googleusercontent.com/a-/AOh14GiK0ELwIsTBNlTP1x13AEuoqcsvLFVP_tGzVh33ww,"Até q é bom, mas poderia ter a possibilidade de jogar offline, isso iria fazer mais pessoas se interessarem em jogar",3,1,2.39.2,2020-04-09 16:20:14
95,Simikão Kalebão,https://lh3.googleusercontent.com/-4xODf5Dw83Q/AAAAAAAAAAI/AAAAAAAAAAA/AMZuuckibS7HnRr8dv9VXMV9jA7b58oTag/photo.jpg,Desenvolvedores o jogo e bom mas tirem esse negócio de que pra salvar tem que ser duas vezes pois os ladrões emvadem nosso calabouço e nisso eles podem chegar até o totem na primeira tentativa de emvadirem o calabouço e ainda tem as poções isso e injusto pois tem gente que nem salva o calabouço pois não consegue salvar na segunda vez,5,0,2.38,2020-02-01 10:00:17
96,Eze Berlin,https://lh3.googleusercontent.com/a-/AOh14GjxNu99E9h8h4AY_d66u4LB5LQE5dEFMMp4I27Iow,Adoro este jogo! Jogo todos dias há mais de dois anos porém depois da última att está bugando! Sempre que tento usar orbes para tentar rodar a roleta novamente da um erro e o jogo reinicia! Obrigado desde já e aguardando resposta.,2,8,2.39,2020-02-12 05:11:37
97,L Sega,https://lh3.googleusercontent.com/-q2XlboKDJm0/AAAAAAAAAAI/AAAAAAAAAAA/AMZuucmmXzfLm0NZxl_erHERRWcE1kg2EA/photo.jpg,"É um bom passatempo, porém está exigindo muito tempo no jogo pra encontrar as gemas grande pra serem roubadas, difícil alguém ficar duas horas pulando bases até achar uma gema dourada.",3,0,2.38,2020-01-27 17:52:49
98,Jaqueline Chaves,https://lh3.googleusercontent.com/a-/AOh14GidOX2St3kBOXuSFJtzrNup2jB5LOy8mx-4IWxA,"Gente oq esta acontecendo cm este jogo? MDs ultimamente ele esta uma verdadeira m.... Eu amo este jogo, mais ultimamente ele esta parando do nada, qnd a gente termina de ""roubar"" o jogo simplesmente trava e a gente perde tudo, as chaves e principalmente a recompensa. E sem dizer q eu acho q deveria ter a opção offline para podermos melhorar as armadilhas, ja tem a opção de desarmar uma armadilha então deveria ter a opção offline para melhorar as armadilhas. Arrumem isso fvr.",1,34,2.39.2,2020-02-21 19:43:21
99,Graça Lacerda,https://lh3.googleusercontent.com/-WLmrr7EmWbE/AAAAAAAAAAI/AAAAAAAAAAA/AMZuuck4m5Xss02vMGDH0cda-XCwTK6k9A/photo.jpg,Jogo ótimo jogo ele FREEFIRE e Clash of Clans e jogo muito ele quando não tem ninguém pra jogar free fire e quando termino de fazer as coisas no Clash tou top 25 só de tanto jogar baixei hoje a tarde ##### TOP 1 VOU TENTAR SUBIR MAIS❤❤❤ ESSE JOGO É BEM LEGAL OH,5,0,2.39.2,2020-03-26 02:32:34
