,userName,userImage,content,score,thumbsUpCount,reviewCreatedVersion,at
0,Fernanda Vieira,https://lh3.googleusercontent.com/a-/AOh14GhlhFJlVn5eFtuXC5fOJE9iJ9QTRvrkNLfpMm1_Ag,"Gostei bastante desse jogo! Muitas opções de histórias diferentes, que são divertidas e interessantes. Tem opção para vc ser homem ou mulher, lgbt ou hetero, ou seja, o que vc preferir. Histórias novas chegam constantemente. Eu só melhoraria a opção de conseguir diamantes para desbloquear opções melhores, pq acho um pouco caro. De resto é ótimo.",4,58,2.7.1,2020-05-20 16:06:55
1,Diana Silva,https://lh3.googleusercontent.com/a-/AOh14GhJpAZEIicl0lrK0LjYVuOAMLuweaPWij7lQzeEK70,Adoro o jogo as histórias são boas porém acho que deviam apostar em histórias com mais drama e romance. Os diamantes são difíceis de ganhar gratuitamente mas o maior problema é o tempo que demora para carregar chave para poder entrar num novo capítulo e o facto de só se carregarem 2 chaves também é muito pouco.,3,25,2.7.1,2020-05-20 19:13:23
2,Space Max,https://lh3.googleusercontent.com/a-/AOh14GgWowsH3Fh-XtTw4mRr914u_tUYe_KwIuKVdojW,"Choices é um jogo muito bom porém mal aproveitado, que vem perdendo sua qualidade com o tempo, poucas são as histórias que nos trazem emoção ou satisfação. As histórias são fracas, o drama é exagerado em cenas simples, e o pior erro é o foco em fazer a personagem principal e um L.I. se apaixonarem, mesmo possuindo opções diferentes, somos obrigados a aceitar uma relação quase amorosa. Tenho certeza que podem mudar a situação, acompanho o jogo por 2 anos e não vou parar de gostar, se mudarem.",3,49,2.7.0,2020-05-16 13:06:42
3,Nathalia Bettoni,https://lh3.googleusercontent.com/a-/AOh14GgJA027UKMLRcG5EwLa-p1RsqWYO6AhlBH8NfBc0A,"Eu amo muito o jogo, porém a necessidade extrema de diamantes acaba com o jogo. Você quer escolher a opção Diamond e não consegue de forma alguma. Só comprando.",4,0,2.7.1,2020-05-31 03:24:54
4,Bruna Pereira,https://lh3.googleusercontent.com/a-/AOh14Ghwn6KADRgr9LJy9ETPhBVSjqxJNv7AGU_sjlw3qg,"Na última semana por mais que eu avance nos capítulos, sempre quando reabro o jogo volta para um capítulo mais abaixo. Já tentei contato com suporte que me sugerir reinstalar o jogo, mas mesmo assim continua acontecendo.",3,31,2.7.0,2020-05-12 21:43:14
5,Miraa Porto,https://lh3.googleusercontent.com/-HmKOtxQod-8/AAAAAAAAAAI/AAAAAAAAAAA/AMZuucldeSNKTjokBRPkd7iPOU0MPQl4zQ/photo.jpg,"Esse é provavelmente o melhor jogo interativo para celular, tudo é tão envolvente e as histórias são muito bem escritas, e ainda temos a oportinidade de conseguir diamantes gratuitamente!",5,13,2.7.0,2020-05-01 11:31:28
6,Naiara Climas Pereira,https://lh3.googleusercontent.com/a-/AOh14Gi2DOgNYpHT0d9-8RNEzx7FaGVOAo_rTvgtiVbDXA,"É legal, mas impossível de jogar se vc não comprar diamantes e chaves. Eles fornecem pouquíssimos diamantes e chaves por dia, a única forma de conseguir mais é comprando. Então se vc não tem grana pra gastar em jogos nem baixe..",1,3,2.7.0,2020-05-10 04:00:50
7,Ana Beatriz Azevedo,https://lh3.googleusercontent.com/a-/AOh14Gia18w0Bl0kXGFfEJn30KfM_Q1NWBblJ5OJf7Gl,"As histórias são muito boas, mas não tem praticidade se não tiver diamante ou chaves, o jogo só é bom se ficar comprando chaves e diamantes. O jogo deveria ser mais acessível",2,3,2.7.0,2020-05-02 02:36:04
8,peixicornia,https://lh3.googleusercontent.com/a-/AOh14Gi0DQa3_PGu4b_K5QT65YfD5mK8L8vH7KqcO8SKCQ,"Por favor ativem o vip!!! Muita gente para de jogar por perder os recursos muito rápido, e eu que adoro esse jogo preferiria muito mais com o vip",5,2,2.7.0,2020-04-27 00:57:33
9,João Detonagames,https://lh3.googleusercontent.com/a-/AOh14GjNDMkwOOVA_CIPtkPNXzAl1oKGhp4hoNUOIK_3xw,Obrigado pela ajuda eu não sabia mais vocês poderiam botar em português por favor eu não entendo nada do que os personagens falam eu só fico clicando aleatoriamente,5,1,2.7.1,2020-05-27 13:53:41
10,Talita Nogueira,https://lh3.googleusercontent.com/a-/AOh14Giqv_Td5Ckonj53nM3W8io3wlw-QPBIId1Rrr7Cjw,"O jogo é muito interessante. Os diálogos são legais, as histórias são cativantes, os gráficos são bonitos. Porém, o sistema de diamantes é projetado para te fazer gastar dinheiro, já que as melhores decisões custam vários deles, e você só consegue coletar três por capítulo. A espera pela chaves também é longa demais, e você só pode acumular duas. É um excelente jogo, mas creio que não vou prosseguir com ele, pois não estou disposta a gastar dinheiro.",3,193,2.6.9,2020-04-05 15:39:59
11,Rebeca Carvalho,https://lh3.googleusercontent.com/a-/AOh14Ggqi5dg5WJIMAkmigWVGuLdsQOqwqIJNEgke1vTF_g,"As histórias são bem interessantes, os gráficos são bonitos. Mas infelizmente as melhores escolhas custam diamantes, e a forma de ganhar gratuitamente é muito limitada, e as chaves para jogar um novo capítulo demoram para carregar. Por esses motivos, estou dando 3 estrelas. Obs: adicionem novos livros de ""ride or die"", please!",3,90,2.6.9,2020-04-21 04:03:28
12,Débora Almeida,https://lh3.googleusercontent.com/-oNfVTD99cyA/AAAAAAAAAAI/AAAAAAAAAAA/AMZuucmXcRD7zKbdOMFDA0_Kn_S_sn4YXQ/photo.jpg,"Há demasiadas situações em que na realidade não dá para escolher o que queremos porque temos que gastar diamantes que quase não existem e a única maneira de os conseguir é gastando dinheiro real, o que significa que não há escolha possível em algumas situações, temos que nos sujeitar às operações básicas. Podiam pelo menos por opção de ganhar diamantes assistindo a anúncios mas nem isso...",2,91,2.6.9,2020-04-07 13:02:42
13,Letícia Reis,https://lh3.googleusercontent.com/a-/AOh14GilOjNNn9B5V0Bgc3dXFHSyg5lk_XpdpzgEhesz7w,"Paguei os diamantes e fiz um capítulo, deu erro no servidor de vocês e perdi os diamantes que tinha comprado e tive que reiniciar o capítulo. Absurdo! Por um erro de vocês tive que sair do capítulo que tinha acabado de completar e perdi tudo. Se vão me fazer jogar o mesmo capítulo de novo, sem eu ter solicitado, os diamantes deveriam voltar também!",1,54,2.6.9,2020-04-03 13:35:33
14,coringa stivens,https://lh3.googleusercontent.com/a-/AOh14GgIIZVah5-fKM7i8cKy5BOgAsGEADxhoEA8aUItZw,"Primeiramente olá, já fiz diversos pedidos e até reclamações pedindo para que vocês traduzissem para a língua português Brasil, pois não falo outras línguas, mas gostaria muito de jogar seus games, gostaria muito que vocês refletissem à respeito. dês de já agradeço e ficarei esperando ansiosamente por sua resposta.",1,119,2.6.9,2020-04-02 04:39:01
15,Deborah Albuquerque Baptista,https://lh3.googleusercontent.com/-VPuzllMowQE/AAAAAAAAAAI/AAAAAAAAAO0/AMZuuclX7k6lWeiDE7Rz3qK1Jz3N3VeKCg/photo.jpg,"O jogo em si e muito bom mais eu cliquei errado e gastei todos meus diamantes e o ""suporte"" entrou no meu email sem minha autorização",4,1,2.7.0,2020-05-04 14:32:43
16,Tsuna Rainha,https://lh3.googleusercontent.com/a-/AOh14GjVv-6873lgsCYgzvjKl8O4DnG1wgv4MnAUI47p,"Eu amo esse jogo, só falta mais chaves!!!! 3 horas é muito tempo pra esperar.",5,0,2.7.1,2020-05-28 17:43:42
17,Lidy Regina,https://lh3.googleusercontent.com/a-/AOh14GgUReXP8p3IbvzwsW13zQm4Jc1TEHXi-DFtPOTecw,"Efetuei a compra da assinatura VIP, já foi cobrado no cartão, reconhecido no play, no próprio App consta q adquiri. Mas, não tenho acesso a usar pq consta erro. Queria usar mas terei q cancelar a assinatura e solicitar o estorno do valor. Decepcionada demais.",1,22,2.6.9,2020-03-21 00:07:13
18,Um usuário do Google,https://lh3.googleusercontent.com/EGemoI2NTXmTsBVtJqk8jxF9rh8ApRWfsIMQSt2uE4OcpQqbFu7f7NbTK05lx80nuSijCz7sc3a277R67g,"Adorei, pena que é necessário gastar dinheiro com ele para poder fazer algumas escolhas, porém, ele é muito, muito, muito, muito bom, sou viciada nele, recomendo este jogo.",5,2,2.6.9,2020-04-02 02:17:22
19,Bruna Bastos,https://lh3.googleusercontent.com/-XJKhlT7S5Ew/AAAAAAAAAAI/AAAAAAAAAAA/AMZuucngKsWdVLOtKLIxB_E8YUXj2SzzKg/photo.jpg,Acho que vocês poderiam pensar em uma solução que ajudasse a solucionar o problema dos diamantes. Precisa de juntar vários pra desbloquear cenas extras e roupas legais e até conseguir esse montante passam dias o que faz com que a gente desanime e até esqueça um pouco da história. Também poderiam melhorar a colocação da pele de personagens não-brancos (percebi que alguns ficam com a rosto meio acinzentado) e adicionar mais opções de personagens masculinos.,4,137,2.6.6,2020-02-19 19:05:08
20,Mayara Stamford,https://lh3.googleusercontent.com/a-/AOh14GgtvePQ35K00VU_ALywyyCepzWbCFqdebfE7Wgw1g,"Eu realmente estou bem decepcionada com esse jogo. A gente tem que usar diamantes pra completar a história, mas só conseguimos diamantes depois de 1 dia, caso contrário, a gente tem que comprar. Devia ter dito que é um jogo pago ou então estimular outras formas de ganhar diamantes. Eu gostei do estilo do jogo, mas ter que esperar tanto tempo pra conquistar novos diamantes pra jogar, estraga a experiência.",1,102,2.6.7,2020-02-13 13:48:37
21,vitoria alves,https://lh3.googleusercontent.com/a-/AOh14GgjWAmwFKs5x8DDfX7mTeZrIBBjx26ZEjOaxgUQwg,"Dentre todos os jogos dessa categoria, esse é o melhor. As hostorias são realmente cativantes, especialmente aqueles onde há maior interação entre a escolha e o destino dos personagens, como por exemplo os pontos de amizade, antipatia e romance com cada personagem baseado na escolha do jogador. As cenas com o par romântico poderia ser um pouco mais acessível, fora isso é excelente.",4,90,2.6.6,2020-01-28 08:57:17
22,PaT Ty,https://lh3.googleusercontent.com/-2MibA--_6y4/AAAAAAAAAAI/AAAAAAAAAAA/AMZuuclJfFWCKv7dkn0zD0XMtLyxWHJJxA/photo.jpg,"O jogo em si é muito interessante, mas caro para jogar. Se as coisas para comprar fossem mais baratas talvez a experiência fosse melhor. Para um jogo desse sem gráficos complexos, os preços são exorbitantes. Uma pena! Diamantes demora muito pra conseguir. Vou ter q desinstalar",3,51,2.6.7,2020-02-20 07:32:30
23,Nat Natura,https://lh3.googleusercontent.com/a-/AOh14Gjt2pLLqrnJgznGiFcqoy14FNL1y9WR2oAS7n1MqQ,"Jogo ótimo, gráficos perfeitos e enredo top mas só vou dar 4 estrelas pq não tem português e o preço de algumas escolhas é caríssimo e deveria ter mais jeitos de ganhar diamantes e chaves. Edit: Já é a terceira vez q esse jogo vacila na questão de dar as recompensas depois dos anúncios e sempre dão a mesma desculpa esfarrapada q vão arrumar mas nunca arrumam, tirei 3 estrelas da minha antiga avaliação pq assisti um anúncio de 1 minuto do Tik Tok q eu odeio pra no final n ganhar nada.",1,53,2.6.7,2020-02-22 13:05:30
24,Lidiane dos Santos,https://lh3.googleusercontent.com/a-/AOh14Ghme8P-Vb4NJhlgCYsw8Up0C85SzRs7VVyG-ccbRg,"A história é muito legal, mas tem que ter aqueles diamantes, embora não peça tanto quanto em outros jogos que ja vi no estilo. O problema maior é nao ser traduzido.",3,5,2.6.9,2020-04-05 13:05:35
25,Abner Ferreira,https://lh3.googleusercontent.com/a-/AOh14Gg_uL8PjEj6i-cpxrFLra-kvwZkY3qPQ2qwxM9qfg,"Jogo excelente, se você procura algo para jogar de fora descompromissada (ainda mais pelo sistema de gemas para fazer a história andar - a não ser que esteja disposto a pagar). Vários tipos de histórias (inclusive terror) podendo entreter todos os estilos. Vale a pena.",5,21,2.6.6,2020-02-02 09:01:09
26,Gisliane Rodrigues,https://lh3.googleusercontent.com/a-/AOh14GiP2QLYvctSK_J2LnUy5U7uEEjUQnaK5tpI-YeA,"Excelentes histórias e imagens, mas as melhores escolherão pagas",3,1,2.7.0,2020-05-04 14:46:32
27,Tassia Silva,https://lh3.googleusercontent.com/a-/AOh14GhGl2pKHzpVkqClRBQmJKd2t3kDy4s2YaOK1dTe,É o melhor app do gênero no momento. Os gráficos são muito bons e as histórias são interessantes. Como leitora estou amando.,5,2,2.6.9,2020-04-09 17:18:03
28,Jessica Araujo,https://lh3.googleusercontent.com/a-/AOh14GgbbeZcCdocSbXuBQf6dVC-VraxpF6wJS7TQS1TaQ,"As histórias são bem interessantes, mas pesa um pouco por serem somente em inglês e a menos que você seja fluente, tem coisas que não dá pra entender muito bem. Deveria ter mais idiomas. O sistema de diamantes também dificulta um pouco fazer as melhores escolhas nas histórias, pois é difícil de conseguir",4,0,2.6.7,2020-04-12 11:43:44
29,Érica Silva Gonçalves,https://lh3.googleusercontent.com/a-/AOh14GhILjR1txBaS5DbpNkfWbj4026_YjW1qOx7kYpxWQI,"Gostei do jogo, mas não é nada fácil se vc não puder comprar diamantes, pois o jogo não te oferece formas de ganhá-los. O que é uma pena.",3,2,2.6.9,2020-04-04 19:39:14
30,Fernando Henrique Lima,https://lh3.googleusercontent.com/a-/AOh14Ghy_JbnLP-NoitoA0bzXGm9Gkf1nzfokNyptnaetA,"O jogo vem dando problemas pra salvar o progresso do jogo, já enviei até ticket pra tentar resolver o problema mas ainda estou sem resposta.",1,5,2.6.9,2020-04-04 21:25:24
31,Ana Barros,https://lh3.googleusercontent.com/a-/AOh14Ghr-32EbxgeAckYREK7mhQoLSc6gRqL6b0MUhgh,É sempre preciso muitos diamantes para escolher a melhor resposta ou as melhores roupas. E apenas tem 5 diamante por dia de recompensa. É preciso esperar uma semana para escolher a melhor resposta.,1,6,2.6.6,2020-02-10 17:59:13
32,brenda byba,https://lh3.googleusercontent.com/-O4hphFq0vto/AAAAAAAAAAI/AAAAAAAAAAA/AMZuuclg_YaTF5Sr3TK19uK-6HTVhLUuvw/photo.jpg,O que aconteceu com os episódios de open heart 2 ? Não vão terminar a temporada não e?,1,2,2.7.0,2020-05-17 14:33:41
33,Raquel Teixeira,https://lh3.googleusercontent.com/a-/AOh14GhpDZ_wIAQ_bPEc-PPp0vgXMmxsnMhsCd0aC2p3ZA,Nao se consegue fazer nada o jogo inteiro. Nunca temos diamantes. Muito mau,1,1,2.7.0,2020-05-04 11:50:41
34,ashjajdka ww,https://lh3.googleusercontent.com/a-/AOh14GjSStCd_G0820PkirrmiKyTQ3LEAUnZiWstnklfSg,Esse jogo é perfeito em questão de histórias e desenvolvimento de personagens. Meu livro favorito é o The Royal Romance. Só acho que 5 diamantes por dia é muito pouco. Podia ser pelo menos 10. Ah e por favor traduz pra português!!!,5,60,2.6.8,2020-03-01 11:43:37
35,Laka Vitória,https://lh3.googleusercontent.com/-zSO_x6_ni4k/AAAAAAAAAAI/AAAAAAAAAAA/AMZuucl4D5b4Dm17-86ftJot_S-w-kAG3Q/photo.jpg,"Gostando muito...pra ficar melhor podia ter mais opcoes de linguagem e aumentar a quantidade de diamantes diarios pelo menos para 10 , assim ficaria perfeito.",4,2,2.6.8,2020-03-08 18:22:43
36,Ana Miguens,https://lh3.googleusercontent.com/-yHB4EZwPCyQ/AAAAAAAAAAI/AAAAAAAAAAA/AMZuucmjDwkbcppMTVmJQcmBaBuoYL6Npg/photo.jpg,"Gosto muito do jogo, mas as melhores escolhas custam diamantes que quase não temos para ganhar por isso tecnicamente a aplicação não se devia chamar choices",4,1,2.6.9,2020-04-22 17:04:05
37,Livia Furtado,https://lh3.googleusercontent.com/a-/AOh14Ghf2uKeh-KZ-wYCRaIIwtj4_XFZ7WuFsHNBVT_6HQ,"Gosto bastante, mas depois da última atualização eu não consigo clicar nos botões, eu clico e ele continua como se eu não houvesse selecionado.",4,2,2.6.5,2020-01-24 13:46:52
38,Nena Mari,https://lh3.googleusercontent.com/-CBUCl0AJuYI/AAAAAAAAAAI/AAAAAAAAAAA/AMZuuckcRj_WFVcZugFEKMuctUplM7NQzQ/photo.jpg,"Eu darei 5 quando vcs traduzirem jogo, é muito dificil jogar tendo pouco conhecimento na lingua inglesa e pra mim, parece que vcs n traduzem por falta de vontade, eu duvido ate que vcs leiam os comentarios.",3,82,2.6.6,2020-02-25 03:22:32
39,Gacha Studios,https://lh3.googleusercontent.com/a-/AOh14GiRgt5zeaNGOr1_mXrqTHKTryYuo0qxHx0l7NtK,"Esse jogo é muito legal mas eu desinstalei ele sem querer aí quando eu instalei de novo, ele abriu com uma mensagem mas eu n consegui passar dessa mensagem. Poderiam consertar pois ficaria mais prático para todos que desinstalaram sem querer e ainda querem jogar sem ser interropidos.",4,2,2.6.5,2020-01-22 17:10:54
40,Isa B,https://lh3.googleusercontent.com/a-/AOh14Gi19s_MVVr5FJJF5QbpvtaYbYNrDgxMflC03aNPHw,"Não to conseguindo jogar :(( Sempre trava na hora de escolher o personagem de qualquer historia e mesmo q eu escolha a primeira opção, trava e não consigo nem chegar no começo da historia. Uma pena, pq amo demais... nunca acontecia isso, e agora ta acontencendo :(((",3,61,2.6.5,2020-01-23 23:13:43
41,Karla Beatriz Cabral,https://lh3.googleusercontent.com/-zIO8q09167s/AAAAAAAAAAI/AAAAAAAAAAA/AMZuucmTek5u2IONsFVgW7UgzAaOA5KiyA/photo.jpg,"Legal, mas as partes mais divertidas precisam sempre de moedas especiais que não são se consegue de uma melhor forma dentro do jogo além de completar capítulos.",4,31,2.6.8,2020-02-26 13:01:49
42,karolina lorrayne,https://lh3.googleusercontent.com/a-/AOh14GhmooZ-oQEVFR32tZJD4CJ3cQqLJ21IZRjnXP-rABY,"Algumas ações custam muito caro, mas a dinâmica é ótima. Nem sei quantos livros já li nesse App hahahaha.",5,1,2.6.9,2020-03-30 02:49:53
43,Nana Luu,https://lh3.googleusercontent.com/a-/AOh14Ggzl2EU1comQRyW4mkA7xiUbW7EgHo8uIJoOO3cGw,"Não dou 5 porque os preços de diamantes no Brasil são muito caros, muito mesmo. Mas de resto, as histórias são incríveis e muito bem escritas.",3,1,2.6.9,2020-03-18 16:47:08
44,Daniely Marinho,https://lh3.googleusercontent.com/a-/AOh14Gj8ds8uWz6nyiwJyVC50OtIkp1Kme49hrqmmIE6rIk,Desenvolvedores mercenários D+ ! As decisões deveriam custar no Max 10 diamantes!Não tem como jogar direito sem gastar dinheiro sempre!PENA!,1,3,2.6.9,2020-03-24 18:54:30
45,Ellie Vieira,https://lh3.googleusercontent.com/a-/AOh14GiQqmQCjO9wc6Wl95ER1xoFu-uBwaMcw0bVtCiTog,"O meu jogo tá dando problema. Quando tô escolhendo a roupa e coloco pra passar os looks, o jogo trava. Consertem isso, por favor...",3,2,2.6.5,2020-01-24 11:31:30
46,Letícia Pires,https://lh3.googleusercontent.com/a-/AOh14GgK9hUAjdZ9RLv-ZIXVl2Dbyh7MdCIPA2Bh-GP8_A,"O jogo é bem legal, o único problema é ter que comprar diamantes e não disponibilizá-los de graça, isso impede muitas conquistas!",5,3,2.6.6,2020-02-09 18:37:56
47,Márcia Martins,https://lh3.googleusercontent.com/a-/AOh14Gg1mRBjtDZSY3co6cuG-0FTfk7EGxsyAb3hm2sx,Eu daria zero estrelas se pudesse. Pq o jogo é muito confuso e o pior que só pode ser usada uma língua eu queria botar portugues mas não estava disponível. MUITO RUIIIIM😠😠😠😠,1,4,2.6.6,2020-01-30 10:04:47
48,ᴍᴀʀɪᴀ ᴀʟɪᴄᴇᴢɪɴʜᴀ,https://lh3.googleusercontent.com/a-/AOh14GhHDFnKmuIg6uq0VK4iFYRAxSGOvybaJlOUfz4gtg,"Amo, mas me decepcionei. O jogo não quer baixar, eu tenho ele nos meus dois celulares, e queria baixar no meu tablet tbm, mas ele n vai",2,1,2.6.9,2020-03-13 15:42:58
49,Carla Macedo,https://lh3.googleusercontent.com/a-/AOh14GhcD2hL8WoQ82boTbofqRikHTbiB9D-pA6Q3OWd,"Depois da atualização não para de travar, desinstalei e instalei de novo e agora nem entra mais.",3,5,2.6.5,2020-01-24 15:31:52
50,Ellen Carvalho,https://lh3.googleusercontent.com/a-/AOh14GiXJOlML6q48nFlbAt9Q5VtK1n3dt3WMKLHp-tl_w,Divertido. Mas chato ter que pagar pelas melhores opções.,4,1,2.6.9,2020-04-11 12:24:26
51,Felipe Lopes,https://lh3.googleusercontent.com/a-/AOh14Gh2UZzTkJWDmlzcfTf65pFy4vaOt2Qapn0c97y8Vg,Muito divertido e viciante! A gente realmente se apega às histórias,5,2,2.6.9,2020-03-27 13:28:51
52,aline oliveira silva,https://lh3.googleusercontent.com/a-/AOh14GhplHX6xFrTUbzCcSjdK8irJFWYiMlKjAtRfYA8oA,"Eu me divirto tanto com esse jogo, acho q podia ser um pouco mais fácil conseguir diamantes, fora isso é um jogo perfeito",5,2,2.6.8,2020-02-29 11:41:36
53,C M,https://lh3.googleusercontent.com/a-/AOh14Ggx_dAJeNApuxpJFNgCENnf24qyco4pfgsiiG_yuQ,"Excelentes gráficos, excelente banda sonora e execelentes histórias. Poderiam lançar mais livros de terror, suspense ou aventura.",5,1,2.6.6,2020-02-04 14:07:08
54,Eri Resende,https://lh3.googleusercontent.com/a-/AOh14GjPqQpnP0_Wp44gt2eEozpSHBopAmGFPE5SOct04A,"Adoro! Demora para carregar as chaves e as escolhas Premium são um pouquinho caras. Mas vendo propagandas se conseguem diamantes. Mesmo que você não faça escolhas Premium, não compromete a história, sendo que a experiência é ainda muito boa sendo grátis. Os MC são personalizáveis e as vezes até o seu interesse amoroso! Há diversos gêneros de histórias (as de fantasia são minhas favoritas 😍). A arte é muito bonita e o roteiro é bem feito. Vale a pena!",5,0,2.6.4,2020-05-25 12:26:56
55,Bárbara Falqueto,https://lh3.googleusercontent.com/a-/AOh14GgQ1p9Y4ZSCNsPLxZe3vsuEvDhVWY5MCk6JTNGH,"Muito dificil conseguir os diamantes, e as chaves demoram horas... paciencia, tô curtindo.",3,1,2.6.7,2020-02-19 18:46:04
56,Gilvan Matos,https://lh3.googleusercontent.com/a-/AOh14Gga40R_8VSMPzUvLaJfQjuGxNYvNeIlC3Kbdqw,É bom demais gente mais tem que ter muita paciência porque agente quase não faz nada😅😅😅❤❤❤❤❤❤❤❤❤ uma amiga muito especial me indicou este jogo e é realmente bom❤❤❤❤,5,0,2.6.9,2020-03-27 23:11:54
57,Wilma Moka Barreto,https://lh3.googleusercontent.com/a-/AOh14Ghg1O8DmNn8YvYMPHK1hlIc3TCslOgmuEsTFW2SyQ,"Zero já no começo só fica tela preta, não funciona.",1,1,2.6.5,2020-01-23 18:48:37
58,James Veloso,https://lh3.googleusercontent.com/-JbfP8uelMas/AAAAAAAAAAI/AAAAAAAAAAA/AMZuucmr6uPSrQHv9tB19AMN8SUiqWj7Mw/photo.jpg,O jogo é ótimo. Uma pena que eu esteja com problemas para gravá-lo...,4,0,2.6.8,2020-03-07 05:33:41
59,Rafael Dultra,https://lh3.googleusercontent.com/-O7X9g2WXJ0U/AAAAAAAAAAI/AAAAAAAAAAA/AMZuucnEgYFobqCNnpF2Aar1fUKQb9BAgw/photo.jpg,As compras de opções são muito caras para o tempo de ganho de diamantes,4,1,2.6.8,2020-02-29 10:53:44
60,Um usuário do Google,https://lh3.googleusercontent.com/EGemoI2NTXmTsBVtJqk8jxF9rh8ApRWfsIMQSt2uE4OcpQqbFu7f7NbTK05lx80nuSijCz7sc3a277R67g,Nao faz sentido vc precisar de diamantes para jogar se voce so ganha diamantes jogando. As histórias sao mt boas,3,0,2.6.6,2020-03-31 14:57:28
61,Ana Paula Nepumuceno Imparato,https://lh3.googleusercontent.com/a-/AOh14GjGAvyRUKG89Vk2E4rYRuQC3k65l-D_HKV5FHxDyQ,Gostaria que houvesse som das falas.... Mas achei um jogo bem bacana. Estou reforçando meu conhecimento em inglês,4,0,2.6.9,2020-04-25 22:40:14
62,Natalia Morbidelli,https://lh3.googleusercontent.com/a-/AOh14Ghr-JQcvJ9a2-iwRD9YAqrT2AhfuLv5LJdpwT4q5Q,"Gráficos muito bons, história divertida e envolvente.",5,0,2.6.6,2020-02-09 17:36:04
63,Fernando Ortiz,https://lh3.googleusercontent.com/-weOmJDuaYjM/AAAAAAAAAAI/AAAAAAAAAAA/AMZuucnmgSWXWsoVrFVOvQQ_bKGnAF0PqA/photo.jpg,"Jogo incrível mas a maioria da escolhas custa diamante e só se ganham 5 diamantes gratuitos por dia (o que é muito pouco comparado ao preço das escolhas) o que resulta em, não explorar a história ao máximo, esperar para ganhar diamantes o suficiente para escolher as melhores opções (é o que eu faço) ou pagar por mais diamantes (não recomendo esse pois é um custo absurdo e gasta tudo muito rápido). Fora isso eu super recomendo, é um jogo maravilhoso, um dos meus favoritos.",4,0,,2020-05-08 12:25:45
64,Adriana M. Lima,https://lh3.googleusercontent.com/a-/AOh14GgkCV-vbIXQzi_g1rY-sFxjC7VKGcUDzuq9BKKkGg,"Amei o jogo. Só não dou 5 estrelas, porque há poucas propagandas para coletarmos mais diamantes.",4,0,2.6.8,2020-03-02 21:48:43
65,Renata Félix,https://lh3.googleusercontent.com/a-/AOh14GgS1yFqwLcP0XWWXuXRRPEDVy2BTZpJe2JuMNNI4Q,"Como assim não tem em português ou em mais algumas línguas, assim o jogo fica muito chato, não dá pra entender nada. Arrumem isso.",1,12,2.6.9,2020-03-17 22:38:32
66,Poliana Hw2ng,https://lh3.googleusercontent.com/a-/AOh14GioHWelr_6Df4H7VZqxRijxABdBc6PhZivz-ZClZg,"As histórias são bem envolventes e eu amei a arte de muitos dos livros. Mas, as chaves demoram muito para carregar, sem contar que só podemos ter duas por vez. Enfim, só jogue se você estiver disposto a gastar dinheiro, caso o contrário, o jogo se torna frustrante.",3,0,,2020-05-11 11:41:46
67,Ana Julia,https://lh3.googleusercontent.com/-5L9Y6EI9O8U/AAAAAAAAAAI/AAAAAAAAAAA/AMZuucnl6gGOVbSAYz1aOYWfncH4zGxxlA/photo.jpg,"Choices é um jogo de histórias e escolhas. Cada história, cada escolha, cada personagem, só te fazem querer jogar ainda mais. Com os capítulos que são lançados semanalmente, vc vai sempre ficar na expectativa do o que aquele novo capítulo vai te proporcionar. MELHOR JOGO EVER.",5,0,,2020-03-19 20:05:46
68,Thaís Cordeiro,https://lh3.googleusercontent.com/a-/AOh14Ggd-erPI_99WYQPKL34Ux-cQzOJXS1qLgSUkZFslQ,"Eu amo demais Choices e estou completamente apaixonada por The Royal Romance (btw façam um filme desse livro! Eu pagaria para assistir!) As histórias são lindas, os gráficos são lindos mas é muito difícil conseguir diamantes, vocês poderiam criar outras formas para conseguir como compartilhando, interagindo e dando ""Free passes"" e ""Free keys"" de vez enquando para manter a pessoa no jogo. Algumas histórias poderiam ser um pouco mais quentes também. Amo o jogo, mas podia melhorar.",4,1,,2020-04-22 11:23:55
69,Diego Matos,https://lh3.googleusercontent.com/a-/AOh14Gh5xGEWj-VKDNDcVIBHFMnoGkdvua5LvuQDEsB1ew,"Muito chato ter que ficar comprando keys, coloquem um serviço de assinatura a um preço acessível ou mudem essa de esperar um século para conseguir uma key e coloquem para assistir um anúncio em troca da key, seria mais chamativo e gratificante, pois é horrível ficar esperando mais de 2h para conseguir uma key e jogar novamente. Éfrustrante e desmotivador.",1,0,,2020-05-27 11:38:56
70,Fake Goddess,https://lh3.googleusercontent.com/a-/AOh14GiX28ApAw3pLFV3SNBN260L-0xF5j_TbhJoaMcfHi4,"O jogo é esplêndido. Boa jogabilidade, interface bonita e simples, facilitando na navegação e histórias muito bem escritas e viciantes. A parte chata em si, são as longas esperas pelas atualizações das chaves e você ainda apenas poder acumular 2(duas). Os diamantes são o problema menor, pois são simples de ganhar e ter as recompensas após os capítulos completados. Jogo perfeito, ótimas histórias e uma variedade para todas as idades Recomendarei!",5,0,,2020-01-08 03:50:29
71,Sakura Senpai,https://lh3.googleusercontent.com/a-/AOh14GhZW4appaObKPipVyInqtT-6ef99JAD_Se_aV85WA,"Muito bom,histórias cativantes e que fazem o jogador grudar,muito díficil de desviciar,mas poderia ser em português e se você aumentando ao longo do tempo,a quantidade de passes pro próximo episódio.",5,0,2.6.2,2020-04-28 21:57:45
72,Larissa Medeiros,https://lh3.googleusercontent.com/a-/AOh14GiQl7Sjhi2cEDM8uYIZiAh1v3WEzwPOsI6TWUVMpw,"Excelente jogo e o melhor disponível na sua categoria. Apenas sugiro que diminuíssem o valor da escolhas que custam diamantes (para 10 cada, por exemplo).",4,0,1.6.0,2020-05-10 15:50:33
73,Thiago Kelvin,https://lh3.googleusercontent.com/a-/AOh14GjfvepEqpXn93B9PnasI_SfSV3fWngUzpVm7DG7hg,"Ótimas Histórias, mas literalmente tudo é pago, esperar mais de 4 horas pra receber só duas chaves? Sem contar que pra escolher as coisas boas, tem que gastar diamante, ou seja, um jogo free to download, mas pay to play e pay to win",2,0,2.5.2,2020-04-03 11:26:39
74,Valéria,https://lh3.googleusercontent.com/a-/AOh14GiTIqJLn2rfcQLJIVMvBhBh2k75EAw-4lFbBkrn2g,"Choices é o melhor dos jogos de simulação, na minha opinião. As histórias são muito bem escritas, muito cativantes de verdade. Acho os personagens bem desenvolvidos e os enredos seguem uns caminhos bem surpreendente às vezes. Os gráficos são bem bonitos também. Se pudesse só diminuir ao menos uma hora na recarga das chaves ou aumentar a quantidade para 3 que fosse, seria bem legal.",5,0,,2019-12-17 23:51:58
75,Cas mão Craftwork,https://lh3.googleusercontent.com/a-/AOh14Gi-zzTHItF3jEWM4A5o2Zm3A559fYcfHIlPLS44yQ,"Gosto muito do jogo as histórias são bem envolventes, instiga a gente a gastar , pq o lance da chave e dos diamantes são bem ruins , as opções são muito fechadas, ou vc tem dinheiro pra comprar a opção legal do jogo oi vc joga a opção chata",4,0,,2020-03-19 22:00:46
76,Lua Buzato,https://lh3.googleusercontent.com/a-/AOh14GgZZTLd0tJz-vTWueMrhtv00NeAr6oHRmM5OmL3ZWQ,"É preciso muitos diamantes para fazer certas escolhas. Mas existem formas de juntar sem precisar pagar em dinheiro para continuar jogando. E se vc refaz ou o livro, ou o capítulo o que já comprou continua liberado pra você escolher, isso definitivamente me ganhou. Os capítulos não são curtos, o que é bom, pois assim não é gasto de chave, e elas aparecem rápido e pode ter mais no mesmo dia. Pra mim é o melhor jogo de história de toda Play Store",4,19,2.6.4,2019-12-05 02:04:47
77,Marilisa Melo,https://lh3.googleusercontent.com/a-/AOh14GhbsDx-mlqJnviBTYmB1nJfviuehaYwYvnGIGB6NQ,"O jogo é muito bom, bem feito e bonito. O unico problema é a necessidade de gemas para desbloquear histórias mais legais, roupas mais bonitas e escolhas mais interessantes. Entendo que os desenvolvedores precisam lucrar, mas talvez pudessem deixar algumas escolhas, de história, pelo menos, mais baratas. Assim, os que so conseguem diamantes jogando ou vendo vídeos também tem a experiência completa.",4,52,2.6.4,2020-01-21 19:17:34
78,isis,https://lh3.googleusercontent.com/a-/AOh14Gi1hP3PWIU8c018c7bIbvOF-OUkxaDJYy2BKpdWkQ,"Eu amoo esse app demais, os gráficos são perfeitos e as histórias são realmente cativantes! Só acho que vocês deveriam tentar traduzir para outras línguas, pois tive muitas dificuldades quanto a isso.",5,0,,2020-04-03 20:55:25
79,Adelino Martinez,https://lh3.googleusercontent.com/a-/AOh14GjQKVcrMOCx07vRqm5---icXHKksYLvL4ZK0STpUg,"É satisfatório pq só libera chave dps de algumas horas, além disso, todas as melhores escolhas custam diamantes, isso ainda sem contar o fato de que a maioria das histórias em que a personagem principal é uma mulher sem opção de mudar",3,0,,2020-03-10 06:04:44
80,Melanie Oliveira,https://lh3.googleusercontent.com/a-/AOh14GgOF0KTEkuiRcwfzs4OQigpdGNxlJrgARZKnfmVgQ,"As histórias são muito boas e os gráficos são maravilhosos mas é muito desgastante ter que ficar esperando mais de duas horas para conseguir UMA chave, ter que ficar procurando formas de conseguir diamantes porque eles são muito caros e a forma de conseguir gratuitamente é muito escassa. Seria bom se colocassem mais formas de conseguir as chaves e os diamantes de forma gratuita.",3,28,2.6.4,2020-01-02 00:22:00
81,Renata Do Nascimento Lima,https://lh3.googleusercontent.com/a-/AOh14GjcKUzsmYdJ6wcCyFKH_jmeZggEW4tAG2rlVuiWWg,"Histórias incríveis e cativantes, mas ganhar só 5 diamantes por dia, sendo que uma roupa custa, no mínimo, 20 é desanimador. Minha sugestão é disponibilizar diamantes conforme a conexão do jogador, impossibilitando do mesmo perder o interesse no jogo, no primeiro dia: 5 diamantes, no segundo: 10, no terceiro: 15, no quarto: 20, no quinto: 30, no sexto: 40 e no sétimo: 60. Os vídeos de publicidade podem disponibilizar diamantes ( como já tem no jogo). Por favor, nos encorage a continuar jogando!",4,24,2.6.4,2020-01-16 23:07:30
82,Maria Carolina Medrado,https://lh3.googleusercontent.com/a-/AOh14GggQASecjKMTpzQ1fuLOjSYxoUaJLGj3dEvuAx0,"Eu ja tinha instalado esse jogo uma vez e amo demais!!!! Porém esse negócio de precisar de diamantes e o tempo de demora pra ter chaves é o que literalmente ESTRAGA o jogo. Poderia ter mais meio de conseguir ambos ou diminuir a quantidade exigida nas escolhas. É muito chato em determinadas situaçoes ter que escolher uma roupa nada a ver ou nao poder ""escrever"" a historia do seu gosto. Se vao cobrar diamantes, e deixar do jeito que ja é, pelo menos melhorem as respostas ou vestimentas ""de graça""",3,0,,2019-12-07 18:53:23
83,Raíssa Romero,https://lh3.googleusercontent.com/-dQJf0V7h6EQ/AAAAAAAAAAI/AAAAAAAAAAA/AMZuuclD_ATA-EbQMsks_Xac2a-MeOaSuA/photo.jpg,"Esse jogo é excelente, as histórias são bem escritas, bom para praticar o inglês. A única coisa ruim é ter que pagar diamantes por certas cenas. Não acho ruim que não seja em português, pois já vi jogos similares em português muito mal escritos. This game is excellent, the stories are well written. I just think there could be more ways to receive free diamonds, but other than that the game is amazing.",4,60,2.6.4,2019-12-14 10:36:44
84,Amanda Poli Antunes,https://lh3.googleusercontent.com/a-/AOh14GhpP3f21AaMtnzbAUs_brMEOgmnZwKY-TPQy4y3sw,"Apenas uma a mais. Antes estava indo muito melhor, tentei reinstalar e não mudou, se continuar virei desinstalar e baixar a classificação. Não é certo só poder jogar se comprar.",3,0,,2020-04-13 12:31:21
85,Sasha Loveeh,https://lh3.googleusercontent.com/a-/AOh14GilNna37lmmlSPE1xda3r9Gn-vBI0IIhFnlLslaqbA,"O jogo parecia ser ótimo mas quando eu cheguei no capítulo 14 do livro 3 de The Royal Romance, com 172 diamantes. E deu bug, pra melhorar a situação eu não consigo salvar o progresso.",1,1,,2020-04-26 08:52:05
86,Naureth dos Santos,https://lh3.googleusercontent.com/a-/AOh14GhZMWX44Ox-A9xoHJWOWiCXuT4-Up-J4YzHOWkxTQ,"As histórias são ótimas e agora há mais variedade de conteúdo, acumular diamantes agora também se tornou muito mais viável com a oferta diária que fazem através das adds, quanto as chaves para quem ñ tem possibilidade de comprar a paciência é a solução mas vale muito a pena! A única coisa que não gostei foi terem mudado o aspecto de um personagem numa história. Sugestão: seria fantástico se tivesse mais movimento, só da para ver meio corpo e expressões faciais. Mas a App assim também é boa 👍🏾",5,0,,2020-01-28 20:19:50
87,Karolline Assis,https://lh3.googleusercontent.com/a-/AOh14Gh6C6lXPutEdhE0KAuBuEePVho0agKU_xxTGI7Hzi0,"Eu amo o jogos, ótimas histórias, mas o tempo de espera para ganhar chaves é muito grande e vocês só liberam 2 chaves a cada 4 horas, é muito tempo, ou deveria disponibilizar mais chaves gratuitamente ou diminuí esse tempo bruscamente. Sei que devem monetizar em cima do jogo, entretanto essa forma só faz perderem os jogadores que tanto amam o jogo, mas não podem adquirir um pacote. Obs: O valor do vip é semanal, então deveria ter uma boa reduzida",3,1,,2020-04-11 23:36:34
88,Julia Albuquerque,https://lh3.googleusercontent.com/-rmoksBq6e4E/AAAAAAAAAAI/AAAAAAAAAAA/AMZuucnQigXApi_zsIpwr9krH6tWQsJryw/photo.jpg,"Amo o jogo e as historias sao muito cativantes, mas a questao das chaves limitadas e so obter diamantes com dinheiro estraga a experiencia do jogo, por isso 3 estrelas!",3,0,,2020-05-08 02:44:43
89,Rute Santos,https://lh3.googleusercontent.com/a-/AOh14Gg1GqEgWpTbnEqYleNnZl5FDZTjFyTsogcBTkQlrg,"Não é fácil de conseguir diamantes, torna as nossas opções difíceis",3,0,2.6.9,2020-04-14 21:38:44
90,Kelyanne Costa,https://lh3.googleusercontent.com/a-/AOh14Gi9cNKo65mqfQFXDRk2MPIAOWLKyNiI7yI_1ZFz5hk,"Tem algumas histórias boas, mas todas em inglês. Os vestidos Premium sempre são muito caros (25 diamantes). Sem comprar, só é possível carregar duas chaves. As histórias usam personagens repetidos. Às vezes, a história te induz a ter romance com uma personagem pela qual não tem interesse.",3,25,2.6.4,2019-12-08 10:59:37
91,Izabele Renata,https://lh3.googleusercontent.com/a-/AOh14Ggyjf7JvMB2wbHIyRiiWUFS2fYzEsNSxzBvcksrxg,"Historias boaa e a liberdade de escolher a historia e nao precisar de chaves pra poder ver o px ep, podendo ver anuncio. Mas a dificuldade de ter diamante (nem pega pra assistir anuncio) e só um por ep., poderia ser uns 5 ou 4 por ep e com pouco diamante a pessoa nem pode fazer certas escolhas. E eles colocam varios anuncioa no meio do jogo, joga um pouco e anuncio e deplis joga um pouco e mais anuncio, um só nao. Pelos defeitos que me irritam demais, estou dando essa nota.",2,12,2.6.4,2020-01-02 10:47:59
92,Adrian Ferraresi,https://lh3.googleusercontent.com/-j-B88GKMVrs/AAAAAAAAAAI/AAAAAAAAAAA/AMZuucnLyK0LD3DS5zdcJa_QxcagPcSCJg/photo.jpg,"Jogo há algum tempo e as histórias são boas, mas eram ser mais variadas, boa parte das mesmas é focada em romances e deixam de lado as poucas histórias de aventura e ação. Há também algumas cenas premium desnecessárias que poderiam estar no modo padrão dos livros já que não agregam muito. As histórias também são claramente construídas para meninas, mesmo jogando com personagens homens, os POUCOS que o jogo permite, o personagem principal acaba se tornando pelos diálogos e atitudes feminino.",4,4,2.6.4,2019-12-22 09:42:31
93,Kety Santana,https://lh3.googleusercontent.com/a-/AOh14Gg3GO5dvvvlqR8ntXVpQWcOEvqb8ZTBPav1HkgA,"O jogo parece ser muito bom... Pena q nao tem a tradução em português, coloca a tradução que eu dou 5 estrelas",1,3,2.6.6,2020-01-29 23:07:36
94,Adam Shepherd,https://lh3.googleusercontent.com/a-/AOh14GghP6ZSXwWTDMjyjMCkvojhljaHQAVLtYaX__Zn4S0,"As histórias são muito bem escritas e divertidas. O maior problema? Paywall. Para ler a história em sua totalidade, você vai ter que desembolsar uma grana.",4,0,,2020-05-14 00:16:10
95,Sthefani Cristina,https://lh3.googleusercontent.com/a-/AOh14GhRE_WCZDFnyZxZIRPwz8irUDX2WedensLonu3iJw,"O jogo é fantástico, mas acho que deveria diminuir o tempo de espera das chaves, é muito chato ter que esperar por 2h30 para conseguir jogar um episódio. Repensem nisso, por favor.+ Update: When do you guys will release Hero: Book 2? I mean, this will have a continuation?",4,0,,2020-02-05 12:40:05
96,Bih Alves,https://lh3.googleusercontent.com/a-/AOh14GjEj0PaZE04mqttWlvxNFBkCdfz6wpxTikT2yKJUQ,"um bom jogo com enredos e gráficos interessantes e que, diferente dos outros jogos do seu tipo, não te força a fazer algo sem sentido porque a opção correta custa alguma coisa. Não é perfeito, porém tem a vantagem de saber utilizar o sistema de gemas de maneira mais inteligente e proveitosa que os outros.",3,1,2.6.4,2020-01-05 20:53:30
97,Flávia Durigan,https://lh3.googleusercontent.com/a-/AOh14GjzlfuObI09CNFiyq7tHYiys6m9YTH2HYypsJJ9CkI,"Vc ganha 2 diamantes ao fim do capítulo e 5 por dia... porém as escolhas vão de 12 a 30 diamantes, sendo que tem 3 ou 4 escolhas por capítulo. Ou seja, o jogo diz que vc pode fazer suas próprias escolhas, mas a menos q vc fique dias coletando os diamantes é impossível fazer a escolha q deseja",1,0,,2020-01-24 22:22:27
98,Lina Isabel,https://lh3.googleusercontent.com/a-/AOh14GjkVnEgWUE53FMw9tVggmxpAGIo8HVgt0llQ4GK,"O jogo nem sequer abre. Não queria desinstalar para não perder os dados e os jogos já jogados. O que se passa? Abro diz que tem de actualizar, chego aqui está actualizado abro directamente e assim volta a aparecer o mesmo.",1,2,,2020-01-05 05:32:15
99,Suelen Silva,https://lh3.googleusercontent.com/a-/AOh14Gg0pbPzhgOj7Q68wmwJhjyRVVxGq8ViufSJx7XqIg,"Muito bem feito, personagens, enredo. Só gostaria que as roupas compradas com jóias pudessem ser usadas mais de uma vez. E assim como vc escolhe o seu LI, poderia ter tb uma variação nas escolhas de amizades, joguei Perfect Match e odiava a Nadia, muito chata.",4,7,2.6.2,2019-12-12 21:37:01
