,userName,userImage,content,score,thumbsUpCount,reviewCreatedVersion,at
0,Ivanalda Lucia,https://lh3.googleusercontent.com/-Fl7hc2nAW7U/AAAAAAAAAAI/AAAAAAAAAAA/AMZuucldxmbDPhZ337iuEP1qtdCNh4eWYg/photo.jpg,Nesses tempos de pandemia tem sido um passatempo instrutivo e maravilhoso. Obrigada.,5,1,2.3g,2020-05-28 17:24:12
1,Giovana Gih,https://lh3.googleusercontent.com/-mYgmwWEJPAc/AAAAAAAAAAI/AAAAAAAAAAA/AMZuuclbbQOOw0Um4aAXvCO8tvj5XKUSDA/photo.jpg,Gente nao abaixa esse jogo .... Pra quem tem problema de visão esse jogo não e pra vc . Quando agente põe no 6 vezes menos .. ele não vai aí quando vc termina tudo ele fala que o jogo parou só porque vc fez um tempo piqueno péssimo este jogo,1,15,2.3g,2020-03-27 18:35:55
2,Ana Carolina Cardoso Porto,https://lh3.googleusercontent.com/-08tL0R_kkMY/AAAAAAAAAAI/AAAAAAAAAAA/AMZuucnFNWo6O1to0NacBAayj_wHFl7_EQ/photo.jpg,Ñ consigo entrar no jogo mas consegui instalar mas deve ser legal igual uma pessoa falou deve ser ruim para quem tam problema de visão!!!,1,12,2.3g,2020-04-26 21:12:51
3,Dani Trindade,https://lh3.googleusercontent.com/a-/AOh14GgZjz3RTaEW2qQIf05JZp5fYPwNFbd5S09LnEswgg,"Excelente passa tempo muito bem elaborado,e o melhor de tudo,É de graça !!",5,11,2.3g,2020-04-28 10:25:34
4,Teresa Navega,https://lh3.googleusercontent.com/-NHqCWT0fyGU/AAAAAAAAAAI/AAAAAAAAAAA/AMZuucnAqSTDuroQ9DiW83loEBHNdmrImw/photo.jpg,"É o caça palavra normal, por isso gostei. Não tem o que falar se você joga o de rev ista é simplismente o original por isso dou 5 estrelas",5,39,2.3g,2020-02-02 19:58:08
5,Lucicle Augustin,https://lh3.googleusercontent.com/-Mn2lB9Zkf0o/AAAAAAAAAAI/AAAAAAAAAAA/AMZuucmfCtrZAEQOGKtO9x6eSC63Fobw3A/photo.jpg,Mantém a mente ágil Um excelente passa tempo Não gosto de jogos que estressa Jogos não foram feito para gerar estresse,5,8,2.3g,2020-03-29 23:01:00
6,Vinicius Osvaldo,https://lh3.googleusercontent.com/-kCknqUa1LVk/AAAAAAAAAAI/AAAAAAAAAAA/AMZuucnVcfLiJ4KiIUvxwNR8oBaet3FSJw/photo.jpg,por mim baixaria todos os aplicativos (desses tipos) possiveis mais meu cellular nao aguenta (;,5,0,2.3g,2020-05-11 09:06:51
7,Fátima Rodrigues,https://lh3.googleusercontent.com/-koSp_EfEX-I/AAAAAAAAAAI/AAAAAAAAAAA/AMZuucnJXGSzjzvpq3zmHACRge14x1bbCA/photo.jpg,"Muito boa, é uma forma de passar o tempo e cultura geral.",4,19,2.3f,2020-01-13 14:35:10
8,Tania Reis,https://lh3.googleusercontent.com/-Dgf_CYUtgPg/AAAAAAAAAAI/AAAAAAAAAAA/AMZuucm_i1KCH9Nje46wl2XXyn7fGHePyg/photo.jpg,"Gosto de caça palavras, e esse é rápido e bem enriquecedor.",5,1,2.3g,2020-05-05 22:04:39
9,Fabio Olir de Faria Cucioli,https://lh3.googleusercontent.com/a-/AOh14GiEWlEZVVu5OdUBixXJqq4l-8Ga_Z8jkXMBLtrZ,Bom mas falta um poquinho de facilitidade... Mas o jogo é otimo,4,2,2.3g,2020-02-10 10:19:23
10,hadassa durand,https://lh3.googleusercontent.com/-uCeYdvMW95Y/AAAAAAAAAAI/AAAAAAAAAAA/AMZuucnVIUYkI-UorDgi4Lrf8pRQUObPxQ/photo.jpg,gostei muito porque pega com e sem Internet. ..e vc passa o tempo traquilamente...melhor jogo,5,4,2.3g,2020-02-23 23:46:12
11,Regina Celia,https://lh3.googleusercontent.com/-fypVipd7bmc/AAAAAAAAAAI/AAAAAAAAAAA/AMZuucmq-jW13xstCabWHN-jAlwNC8114w/photo.jpg,esse jogo é muito bom mesmo . eu fico visadas de tanto gue e bom .super recomendável,5,0,2.3g,2020-05-19 23:57:10
12,Patricia Castro,https://lh3.googleusercontent.com/a-/AOh14Gghjc_M8nUlv5n9S03L-GxVlCg-Rg_mf1avWnNo,"Gosto, ajuda a passar o tempo quando preciso me distrair.",4,0,2.3g,2020-03-24 21:46:43
13,Rosana Leite de Andrade ferraz,https://lh3.googleusercontent.com/-UTiKsQm15xo/AAAAAAAAAAI/AAAAAAAAAAA/AMZuucn5aQrQPKt56avMONbgx_dYBnsHzw/photo.jpg,"Gosto bastante de jogá-lo, só poderia ter mais opções de temas (palavras ). Gosto de bater o meu próprio recorde quando tenho tempo. É relaxante, me dá mais concentração e me distrai.",4,8,2.3c,2019-07-16 05:13:22
14,Ivone Costa Silva,https://lh3.googleusercontent.com/a-/AOh14Gh_V7S2FvqcakAlsB4lCwOidMwEQE0kMb2l1eSyng,"Gosto muito!!!!! Me detém por muito tempo ,distraindo-me!",5,0,2.3g,2020-02-04 10:25:46
15,Leonira de Oliveira Ferreira,https://lh3.googleusercontent.com/-XFXNb-ISTAE/AAAAAAAAAAI/AAAAAAAAAAA/AMZuuckRruIZx80wE8vqxXwSAZLK2e1RxA/photo.jpg,"Gosto, e vou acelerando o tempo.",5,8,2.3f,2020-01-08 11:09:12
16,Krisna Marques,https://lh3.googleusercontent.com/-R96bvkIgVeQ/AAAAAAAAAAI/AAAAAAAAAAA/AMZuucmGZbqUFpuQsOktTuLHwUEqsEDXsQ/photo.jpg,"Eu gosto. Apesar das palavras muito repetidas. Desenvolve a velocidade mental. Não fica melhor porque fica mais decorado , mas tem muitas opções. Obrigada",4,2,2.3c,2019-07-18 01:04:19
17,Beatriz Mota,https://lh3.googleusercontent.com/-yW0h0Trx4f8/AAAAAAAAAAI/AAAAAAAAAAA/AMZuuclz5cIv9vL_WiKG5V_j4pc1Doh6xg/photo.jpg,"Um bom jogo. Pode ser melhorado através de divisões de temas mais precisas. Por exemplo, quando escolhemos Brasil, que é bastante amplo.",4,5,2.3b,2018-09-30 22:19:12
18,juliceia moreira,https://lh3.googleusercontent.com/a-/AOh14GhEgBED2vwios7_FQCCzdTi_Ib92nbuBFSzCAFl,Me distrai e tento sempre me superar diminuindo o tempo,5,1,2.3f,2020-01-17 09:45:45
19,dorismar simao miranda,https://lh3.googleusercontent.com/-5Wr2ejt2iQE/AAAAAAAAAAI/AAAAAAAAAAA/AMZuucnTH8lhstie_EOzVp6cxF7JaVAW_Q/photo.jpg,o jogo é muito bom eu adorei é fácil muitas palavras para caçar é tipo um passatempo,1,0,2.3g,2020-02-18 22:18:46
20,Alda Gomes,https://lh3.googleusercontent.com/-qxqDpgY6FQ8/AAAAAAAAAAI/AAAAAAAAAAA/AMZuucl6-tYCGpbsM5JpeODngX3qr8go3g/photo.jpg,"Maravilhoso, principalmente que trabalha nossa mente e se estivermos em algum lugar, que não possamos usar i face, insta, temos na frente da tela um joguinho ótimo.",5,18,2.3b,2018-09-19 23:29:46
21,Liza brincando e aprendendo,https://lh3.googleusercontent.com/a-/AOh14Gg-oIE9XtXkzTvSjHTHUew4TVP7fWdAgNyzuOuG7g,"O aplicativo e muito bom, inclusive para os pequenos treinarem concentracao, paciencia e leitura!",5,48,2.3c,2019-03-09 09:02:42
22,Silvana Paulino,https://lh3.googleusercontent.com/a-/AOh14Gi_WlumolzHumGfRTD5XVRzmdBFqVKnjVOv9ESPgFY,"Excelente jogo. Meus filhos, com 6 e 8 anos, brincam diariamente comigo. Muito bom para reforçar a memória.",5,3,2.3b,2019-01-05 18:03:25
23,Gisele Sabino,https://lh3.googleusercontent.com/a-/AOh14Gisg-pRacRa8YhNLu6tCYxw9XgiYX3AGx_J4o7B,"O jogo é importante exercita a memória, treina construção de vocabulario e otografia.",5,4,2.3b,2018-10-05 02:53:34
24,Um usuário do Google,https://lh3.googleusercontent.com/EGemoI2NTXmTsBVtJqk8jxF9rh8ApRWfsIMQSt2uE4OcpQqbFu7f7NbTK05lx80nuSijCz7sc3a277R67g,excente para memoria. principalmente quando você quarda as coisas e depois não lembra a onde colocou.,5,2,2.3c,2019-03-22 14:37:18
25,Yvone Malebo Malebo,https://lh3.googleusercontent.com/a-/AOh14GinWNeOH2j-VcpO9d_rOsq_oW_UdpxYs9d11fkA,"É um jogo muito bom p a memória,ajuda na concentração,posso dizer q tb alevia o estresse e ajuda na paciência,sem contar q a pessoa aprende novas coisas. Muito obrigado e parabens",4,92,2.3c,2019-05-13 14:53:55
26,Lúcia Helena dos santos,https://lh3.googleusercontent.com/a-/AOh14GgepLuM2jaAHxtv4dMFOSrIlMVz6m3xOsyfv1VyIQ,"Poderia variar mais as palavras , gosto de jogar o modo fácil, pois as letras são grandes",5,44,2.3e,2019-10-24 12:35:08
27,Angela Azevedo,https://lh3.googleusercontent.com/-dWhCzz-cNVY/AAAAAAAAAAI/AAAAAAAAAAA/AMZuucmfScRovBYSVyHChLz3iZFyNNNt5g/photo.jpg,esse jogo está na minha lista de jogos instalados (quer dizer que já tinha esse )mais fui conhecendo outros jogos e escolhi o que pode mais é bacana,4,2,2.2f,2019-05-10 20:25:27
28,Um usuário do Google,https://lh3.googleusercontent.com/EGemoI2NTXmTsBVtJqk8jxF9rh8ApRWfsIMQSt2uE4OcpQqbFu7f7NbTK05lx80nuSijCz7sc3a277R67g,gosto muito de caça palavras e outros jogos que são bons principalmente para exercitar a mente dos idosos obrigado por esses passa tempos,5,11,2.3c,2019-02-10 00:28:01
29,Um usuário do Google,https://lh3.googleusercontent.com/EGemoI2NTXmTsBVtJqk8jxF9rh8ApRWfsIMQSt2uE4OcpQqbFu7f7NbTK05lx80nuSijCz7sc3a277R67g,"E um bom jogo, porem tem vezes que se torna monotono e o quadro ja feito nao sai ds tela tendo q sair varias vezes",4,45,2.3c,2019-02-02 08:18:11
30,Dilza Bazeth,https://lh3.googleusercontent.com/a-/AOh14GiTQOcpXyUoreHYIq1QxN9VxJpmZ37iELs_YL0x,"MUITO BOM...Perfeito para distrair, aprimorar e exercitar a mente !",5,4,2.3e,2019-12-08 12:59:53
31,Jesus Ferreira da Cruz,https://lh3.googleusercontent.com/a-/AOh14GgzQitO_LDqsozTV5HlNucWYo4t30aUJosGV31I,o jogo é prámim e um passa tempo devertido gosto muito o caça palavra e tudo para mim obrigada.,5,3,2.3c,2019-05-16 17:30:23
32,Tilson Sousa,https://lh3.googleusercontent.com/-kSec_WsoGwQ/AAAAAAAAAAI/AAAAAAAAAAA/AMZuucliGCiiM_kcskhnW_5eBWaAVhYopw/photo.jpg,um ótimo passa tempo principalmente pra pesdoas de idade avançada.,5,2,2.3c,2019-05-17 11:09:32
33,João Sampaio,https://lh3.googleusercontent.com/-PcVyQzkBrLg/AAAAAAAAAAI/AAAAAAAAAAA/AMZuucnNa8ip6xZgo2zStWYVkDy4XyoS7w/photo.jpg,"gosto muito deste jogo, me trás conhecimento e al mesmo tempo exercita o meu cérebro. Não esquecendo que eu não ganho nem uma partida da minha mulher.",5,16,2.3c,2019-05-20 19:46:40
34,frança oliveira,https://lh3.googleusercontent.com/a-/AOh14GhVAClj0F270f_KqUHHA1Yhm5drdym-c0icpGY,"vivia se oreocupabdo atoa o caça palavra exige atenção e paciencia, então relaxa a cabeça pra se preparar para atenção",5,2,,2019-06-02 00:08:08
35,Emilia Gouveia,https://lh3.googleusercontent.com/-zdL14SsD7EU/AAAAAAAAAAI/AAAAAAAAAAA/AMZuucm4zyLLjpsQy8Vs2e3Ecg-buxzFmA/photo.jpg,"estou gostando bastante, apesar de ser mto lenta. 🤣",5,4,2.3c,2019-04-22 13:40:36
36,Hilda Sabio,https://lh3.googleusercontent.com/-mpbdkdfxIuw/AAAAAAAAAAI/AAAAAAAAAAA/AMZuucnSWn6HWp4FOdyNqVzbBPSsQqwvaw/photo.jpg,"me divirto muito ,enquanto uso a visão ,memoria e principalmente atenção",5,1,2.3c,2019-05-27 20:14:16
37,Cristina Gil,https://lh3.googleusercontent.com/-gjufBnimRNE/AAAAAAAAAAI/AAAAAAAAAAA/AMZuuckHuUMjDse16tsbj96z9HtMIy4k0g/photo.jpg,O app tem que ter mais facilidades para manuseio,1,1,,2018-09-26 10:28:43
38,Joana Bezerra,https://lh3.googleusercontent.com/a-/AOh14GjgVHR3WHIh_28-G-wWlyz1rVQUmwBW3umIKFF9kg,"Muito bom! Mais já votei e sempre que abro o app ele pedi para eu votar novamente! Isso tá chato, pensando em desinstalar.",4,4,2.3e,2019-10-23 18:14:17
39,Um usuário do Google,https://lh3.googleusercontent.com/EGemoI2NTXmTsBVtJqk8jxF9rh8ApRWfsIMQSt2uE4OcpQqbFu7f7NbTK05lx80nuSijCz7sc3a277R67g,"Eu gostei muito desse app; mas nos animais, quando acha a última palavra, voltam 3 palavras.",5,1,2.3b,2018-12-22 14:43:16
40,Sueli Ileus,https://lh3.googleusercontent.com/-tMWoI7Lixsg/AAAAAAAAAAI/AAAAAAAAAAA/AMZuuckSPugMmXu69ET_CN7jCgp8-9TWRQ/photo.jpg,bom para aprender o necessário usando palavras e encontá -las até de traz pra frente....,5,1,2.3b,2019-01-17 22:21:49
41,Leticia Silva Andrade,https://lh3.googleusercontent.com/-RMqRGkUdmmQ/AAAAAAAAAAI/AAAAAAAAAAA/AMZuuckEK4q2cdeVS-K8wAIrOMY5WBSJyQ/photo.jpg,"Bom , fácil e divertido.",5,0,2.3g,2020-04-20 13:12:06
42,Solange Soares,https://lh3.googleusercontent.com/-sBJjUFsFUjY/AAAAAAAAAAI/AAAAAAAAAAA/AMZuuclpwsd6ylKSk5Fkuh7Xd1zHSPCn7g/photo.jpg,"gosto de caça palavras,um passa tempo muito bom,ajuda muito na memória e gostei desse que baixei.",5,1,2.3c,2019-07-03 12:15:03
43,José Walter Almeida de Andrade Andrade,https://lh3.googleusercontent.com/-Fn1kLoZVJGg/AAAAAAAAAAI/AAAAAAAAAAA/AMZuuclalL_RbgMFPbLLaCTRoBdn6h-wQw/photo.jpg,Realmente é muito boooooom show de bola muito inteligente vale cinco milhões de estrelas de ouro,5,29,2.3e,2019-09-06 12:45:02
44,ildo rappa,https://lh3.googleusercontent.com/a-/AOh14Gj5OFzU_69Mk3rh-RR8XB2a2yXbH7Mkn5KqfEK2QA,Esse app é muito bom para passar o tempo,5,0,2.3g,2020-05-17 19:25:55
45,Grassiele Camargo,https://lh3.googleusercontent.com/a-/AOh14GjwTKmkJn_hiDV6_iX4W-p5538cxBd50eExg8ad,Deveria colocar mais palavras diferentes aumentar mais o conteúdo do jogo,3,1,2.3b,2018-11-18 01:49:41
46,Um usuário do Google,https://lh3.googleusercontent.com/EGemoI2NTXmTsBVtJqk8jxF9rh8ApRWfsIMQSt2uE4OcpQqbFu7f7NbTK05lx80nuSijCz7sc3a277R67g,"tenho. ja experiência, gósto de jogos de cassa palavra e dados e nao cincigo",5,1,,2019-02-06 03:35:32
47,Antônio Fernando Santos,https://lh3.googleusercontent.com/a-/AOh14GhDbXLyRY7gjbvNzKY3kjaB-VobD3eQxRpuY9TElbw,Nas horas livres um excelente passatempo!,5,2,2.3c,2019-02-06 13:30:48
48,Romilda Martins Telles,https://lh3.googleusercontent.com/-CtzFiz76_a8/AAAAAAAAAAI/AAAAAAAAAAA/AMZuuclrJvmk6OmjWtQUAQrnMwNcxVCeWQ/photo.jpg,"Amo esse aplicativo mas, muitas palavras são repetidas várias vezes.",5,3,2.3c,2019-04-25 23:17:52
49,Maria Aparecida,https://lh3.googleusercontent.com/a-/AOh14GgSHsl-i1--R8olN33RQXOKVDGKqv2ZxzQkDytHJg,O ruim é que o tempo não para quando precisamos sair.,3,7,2.3e,2019-10-23 19:30:43
50,Mariana Iglesias,https://lh3.googleusercontent.com/a-/AOh14GiDAOWq8kHozwUlpEMBb_Fhr_I5pcc_pHnXBBdQeQ,"Legal pra quem tem bastante paciência e é bom nessas coisas. Pra mim foi bem estresante pq não sou muito boa nisso mais tirando isso, é bem legal",3,9,2.3e,2019-09-22 17:08:47
51,Um usuário do Google,https://lh3.googleusercontent.com/EGemoI2NTXmTsBVtJqk8jxF9rh8ApRWfsIMQSt2uE4OcpQqbFu7f7NbTK05lx80nuSijCz7sc3a277R67g,Bom jogo embora às vezes seja um pouco difícil marcar as palavras.,4,1,2.3b,2018-10-01 17:47:14
52,Maria Samara,https://lh3.googleusercontent.com/a-/AOh14GjZoxIx9xPSeKJWxa1ZgrE1OXuZx0Dc11ixBuQczA,tudo bem é maravilhoso nas coisas q ficaram até agora tô gostando desse jogo porisso estou dando 5 estrelinhas,5,2,2.3c,2019-03-01 15:18:43
53,Jose Felix,https://lh3.googleusercontent.com/a-/AOh14GjJ14HmBpKxWvM5EC2eSc5b9AunmlpANKiRPUU-zqA,gostei muito desse apk.distrai bastante e super legal.pode baixar .top.👍🏻👍🏻👍🏻👍🏻,5,0,2.3c,2019-06-21 10:08:17
54,maria josé santos,https://lh3.googleusercontent.com/-U4LYUHTQuJQ/AAAAAAAAAAI/AAAAAAAAAAA/AMZuucmyKVrFFVsZB7Zp-HzlnMfMFpDluA/photo.jpg,Relaxante e divertido!,1,4,2.3e,2019-10-01 10:58:06
55,maria graca Ferreira,https://lh3.googleusercontent.com/a-/AOh14GgpcS4pzIMwdYjE0YUGeTEzAuUck-vMny8EN-iZD_c,Gostei imessamente por nos da a oportunidade de nus desafiar a nossa propria capacidade da nossa memoria prucipalmente por ja ser da teceira idade mais sugiro mais caca palavras evangelicas com letras graudas,5,53,2.3c,2019-02-04 00:42:22
56,Dr Alan Curvelo,https://lh3.googleusercontent.com/a-/AOh14Gha3ubf_JKPRFde_wLkDJTPjLcG4rZZyMY0bXpPWw,muito bom o jogo...as vezes dá um bug mas volta ao normal,5,8,2.3c,2019-03-26 06:42:01
57,Tamires Clem,https://lh3.googleusercontent.com/a-/AOh14GgmImFvk8XoNAJTCFcJzh4EyxB2Jeo1oUCz0q8r,É um passatempo legal e ocupa pouco espaço. Vale a pena.,4,4,2.3c,2019-02-05 07:59:38
58,Um usuário do Google,https://lh3.googleusercontent.com/EGemoI2NTXmTsBVtJqk8jxF9rh8ApRWfsIMQSt2uE4OcpQqbFu7f7NbTK05lx80nuSijCz7sc3a277R67g,otimo só mudaria colocando nomes de pessoas carentes Móveis planeta asteroides e tudo mais ne,5,5,2.3c,2019-03-26 21:37:49
59,Josi Silva,https://lh3.googleusercontent.com/-f7_f1fdyVvw/AAAAAAAAAAI/AAAAAAAAAAA/AMZuucmXwFrXkhW87I0DlGFf5lpaUtAbhQ/photo.jpg,Amei pois faz passar o tempo e ajuda a memória e o melhor é que todas as idades podem jogar eu particularmente amo Jogos assim que me fazem passar o tempo e meche com o cérebro,5,15,2.3e,2019-08-05 17:21:11
60,Tatiana Oliveira,https://lh3.googleusercontent.com/a-/AOh14GgnhRp7xCgLw7BqXoJI6Ua8IoK9qai5_i4rJZxaHA,Sempre são as mesmas palavras e muitas vezes as palavras estão fora da categoria escolhida.,1,1,2.3c,2019-07-18 12:09:54
61,adelson chagas,https://lh3.googleusercontent.com/a-/AOh14GitNzP8opvM3HvQCR3ubQT4Jg7nmN4XmeAu6y3_,"gostoso de fazer, aprende e relaxa ao mesmo tempo.",5,0,2.3c,2019-06-12 23:26:39
62,cris quiquita,https://lh3.googleusercontent.com/-VrBmUD-ujcc/AAAAAAAAAAI/AAAAAAAAAAA/AMZuuckS4MR6yKw2iIFuJofiOIqvUol-0g/photo.jpg,"Muito bom o Caça Palavras, estimula a memoria.",5,0,2.3b,2018-12-22 16:22:51
63,Edgar Soares Dias,https://lh3.googleusercontent.com/-MmK5tbVSpiE/AAAAAAAAAAI/AAAAAAAADHg/AMZuuckCXM1jSvrA_e-gnetBBbO07haFTg/photo.jpg,"Muito bom, exige atenção e esperteza.",5,4,2.3e,2019-11-18 17:16:19
64,Victoria Beatriz,https://lh3.googleusercontent.com/a-/AOh14GilHbE3Df2UCK1sx_eiHWJUQgZiupiJhXZWVMvW,Para mim Simplesmente Maravilhoso 😱 Me Surpreendeu😉 Não preciso mais comprar revistinhas 👍 Ótimo mesmo 👏👏👏👍,5,1,2.3c,2019-03-24 11:51:54
65,marisa teixeira,https://lh3.googleusercontent.com/-ekyT-n2URaY/AAAAAAAAAAI/AAAAAAAAAAA/AMZuuckbE8WCIyv2nvU6dO0HjvdUXwnslw/photo.jpg,"Bem legal o jogo,ajuda a exercitar o cérebro sem complicar demais.",5,2,2.3e,2019-10-06 13:08:18
66,Maria Lima,https://lh3.googleusercontent.com/-aNBDDF-dOMQ/AAAAAAAAAAI/AAAAAAAAAAA/AMZuuclr99G4PdLD2PCN6tkYPozfNteAPQ/photo.jpg,só que são muito repetidas precisam atualizar.,5,1,2.3c,2019-06-13 11:27:28
67,Ana Maralyr,https://lh3.googleusercontent.com/-1C2Vi0vX_D8/AAAAAAAAAAI/AAAAAAAAAAA/AMZuucmCoLcMckCrTfhqpgEKdYLEgxxSRw/photo.jpg,Gostando muito. Usando para manter a memória ativa.,5,3,2.3e,2019-09-09 12:32:50
68,Maria Ribeiro,https://lh3.googleusercontent.com/-TIaMVjfBwEY/AAAAAAAAAAI/AAAAAAAAAAA/AMZuucnm5CgS3BW-xaE9yLCJLcVhQJGHkQ/photo.jpg,gostei muito só acho que deveria ser diversificados as palavras muito repetitivos,5,1,2.3c,2019-05-15 14:04:24
69,Alunos Do Antonio Dorival,https://lh3.googleusercontent.com/-q-87JKplQ0Q/AAAAAAAAAAI/AAAAAAAAAAA/AMZuucmklG3-KRyZfMR0cYOA4nJmxZA3Lg/photo.jpg,"Muito bom, ajuda a melhorar a área cognitiva.",5,0,2.3b,2018-11-01 13:59:38
70,Um usuário do Google,https://lh3.googleusercontent.com/EGemoI2NTXmTsBVtJqk8jxF9rh8ApRWfsIMQSt2uE4OcpQqbFu7f7NbTK05lx80nuSijCz7sc3a277R67g,Sou fanzaco por demais e recomendo para todas as idades.,5,1,2.3b,2018-12-29 21:49:18
71,Gleyciane Cabral,https://lh3.googleusercontent.com/-tiQ-papmTfU/AAAAAAAAAAI/AAAAAAAAAAA/AMZuuclIEz7CP5xM4Td_ArPbQ98IC4oAbg/photo.jpg,ola gostei muito facil pratico não pega muita memoria,5,0,2.3c,2019-04-26 09:37:12
72,Ana Raquel,https://lh3.googleusercontent.com/a-/AOh14Gh7d45lcJza9AFH9bgy8TTJG9yP2XWG8hddZ7bgq3s,procuro concluir o jogo o mais rápido possível.,5,4,2.3e,2019-07-26 19:10:20
73,Um usuário do Google,https://lh3.googleusercontent.com/EGemoI2NTXmTsBVtJqk8jxF9rh8ApRWfsIMQSt2uE4OcpQqbFu7f7NbTK05lx80nuSijCz7sc3a277R67g,"BOA NOITE.Este jogo é muito bom para esquecer dos probemas, dá vida.",5,0,2.3b,2019-03-02 22:28:55
74,Um usuário do Google,https://lh3.googleusercontent.com/EGemoI2NTXmTsBVtJqk8jxF9rh8ApRWfsIMQSt2uE4OcpQqbFu7f7NbTK05lx80nuSijCz7sc3a277R67g,"não é ruim, é um bom passa tempo! mas acho que poderia ter mais variedades de nomes!",3,24,2.3c,2019-03-30 23:13:13
75,Raquel Vasconcelos,https://lh3.googleusercontent.com/a-/AOh14Gju9aMUCPcqRcYDXpbSz9R7CkQctN68DFOlYnER7A,"e muito bom. nao trava, daqui acular algumas propagandas mas mas e muito legal",5,1,2.3c,2019-03-09 12:39:56
76,Edina Nascimento,https://lh3.googleusercontent.com/-PYmhIaZ49fI/AAAAAAAAAAI/AAAAAAAAESQ/AMZuucn_ozJbZm_-fcNBsrDjp72VRQDNdQ/photo.jpg,ñ vou escrever texto bonito. faço isso é do nada é apagada. Tenha Santa PACIÊNCIA.,5,4,2.3e,2019-07-27 23:20:10
77,Barbara Santos,https://lh3.googleusercontent.com/-hSqZKvRS4FE/AAAAAAAAAAI/AAAAAAAAABY/AMZuucm-KrLwiA3Z8L3C-Sv0n82x9D-RAw/photo.jpg,Eu gosto muito desse jogo vcs poderia colocar mais mistura no mesmo,5,1,2.3e,2019-10-01 18:19:28
78,Magnolia Rodrigues Costa Gomes.,https://lh3.googleusercontent.com/a-/AOh14GgfC29wtia90Ik2Crs1YH-Pj4iyaZBA3itiUe0a,Bem divertido. Parabéns! Recomendo.,5,1,2.3c,2019-06-04 17:11:27
79,Lilian Martins,https://lh3.googleusercontent.com/-qZfYpRAwRKg/AAAAAAAAAAI/AAAAAAAAAAA/AMZuuck4gw2rQkYJLFJUfTvgH9FBxC3lFA/photo.jpg,Gosto muito destes jogos Jogo - os todos os dias,5,2,2.3c,2019-04-08 10:39:54
80,Um usuário do Google,https://lh3.googleusercontent.com/EGemoI2NTXmTsBVtJqk8jxF9rh8ApRWfsIMQSt2uE4OcpQqbFu7f7NbTK05lx80nuSijCz7sc3a277R67g,não gostei muito não tinha como mudar de fase não recomendo,2,92,2.3c,2019-02-10 13:07:34
81,Marcia Peroggini,https://lh3.googleusercontent.com/-VVcl3hyS1D8/AAAAAAAAAAI/AAAAAAAAAAA/AMZuuclk2xzzw2ad9Z5MT3cF587v8arkew/photo.jpg,Ótimo para trabalhar a memória e a atenção.,5,0,2.3e,2019-08-16 21:37:09
82,Selma Anália,https://lh3.googleusercontent.com/-LDy52Yo_7bI/AAAAAAAAAAI/AAAAAAAAAAA/AMZuuclkYmcgdWUM_25e7hWV8c6ljsyDPQ/photo.jpg,É muinto bom para á memória e não é cansativo.,5,1,2.3e,2019-10-22 19:09:44
83,Um usuário do Google,https://lh3.googleusercontent.com/EGemoI2NTXmTsBVtJqk8jxF9rh8ApRWfsIMQSt2uE4OcpQqbFu7f7NbTK05lx80nuSijCz7sc3a277R67g,gosto deste jogo distrai e fax exercitar a mente.,5,0,2.3b,2019-01-13 11:08:17
84,Regina Alves,https://lh3.googleusercontent.com/a-/AOh14GhFMqeUwCpswGBUIyLQ_qGkxL4VVq8TBRIibLmv4A,"não joguei ainda mas dei esas 5 estrelas pra ajudar quem desenvolvel o app, pra agradecer pelo esforço deles muito obgda bjs 😘♥️😍",5,1,,2019-09-25 00:15:38
85,Um usuário do Google,https://lh3.googleusercontent.com/EGemoI2NTXmTsBVtJqk8jxF9rh8ApRWfsIMQSt2uE4OcpQqbFu7f7NbTK05lx80nuSijCz7sc3a277R67g,esse jogo é bom mas precisa de melhoras nos graficos,5,0,,2018-11-09 18:10:26
86,Um usuário do Google,https://lh3.googleusercontent.com/EGemoI2NTXmTsBVtJqk8jxF9rh8ApRWfsIMQSt2uE4OcpQqbFu7f7NbTK05lx80nuSijCz7sc3a277R67g,muito bom esse jogo.Estimula a mente e a percepçao.Amei,5,2,2.3c,2019-02-20 15:13:11
87,Um usuário do Google,https://lh3.googleusercontent.com/EGemoI2NTXmTsBVtJqk8jxF9rh8ApRWfsIMQSt2uE4OcpQqbFu7f7NbTK05lx80nuSijCz7sc3a277R67g,Gostei MT por não precisar ter NET no celular,4,1,2.3b,2018-11-25 08:46:20
88,Luis Topal,https://lh3.googleusercontent.com/a-/AOh14GjyjqmBY7wzIs2okR2hWPuxQuqTe_v1pchgs_E6,"Muito bom, precisava de algo pra distrair, gostei mesmo desse caça palavras",5,2,2.3e,2019-09-15 07:21:01
89,Marcello Luis,https://lh3.googleusercontent.com/a-/AOh14GglzrfIZEOkjcs8UcW_GVWOG6FkzMUhAczXBP_R,E bom. Mais tem hora que repete muito as palavras.,5,0,2.3g,2020-03-21 15:45:57
90,Maria Clara,https://lh3.googleusercontent.com/-e5ZehJ4K4JI/AAAAAAAAAAI/AAAAAAAAAAA/AMZuucnY656dyCf7yZRK7Ppfqz_PTJCK-Q/photo.jpg,E muito legal e bom ter um caça palavra as vezes e bom pra passar o tempo você não acha ...........,5,2,2.3e,2019-09-05 13:09:46
91,Janete pinto domingues,https://lh3.googleusercontent.com/-sNRGUhO50-c/AAAAAAAAAAI/AAAAAAAAAAA/AMZuuclX5fBeyeTxBohUs9bPJVPoGpPdOg/photo.jpg,nao gostei por que ele nao da para inatalar ele no meu celular por isso que eu dei uma istrelinha 😤😤😵😵,1,4,,2019-07-17 18:34:24
92,Um usuário do Google,https://lh3.googleusercontent.com/EGemoI2NTXmTsBVtJqk8jxF9rh8ApRWfsIMQSt2uE4OcpQqbFu7f7NbTK05lx80nuSijCz7sc3a277R67g,Eu gosto muntos deste jogo de caça PA lavras e um passatempo não tenho mais nada a declarar obrigado,5,0,,2019-03-02 08:53:38
93,Leila da Silveira Caldas,https://lh3.googleusercontent.com/-CVAXhCCHiww/AAAAAAAAAAI/AAAAAAAAAAA/AMZuuclu3pIYeb8LNm34O3pid3Ym78m74A/photo.jpg,Bem variado e prende atenção.,4,0,2.3e,2019-11-29 14:40:34
94,Maria Aparecida,https://lh3.googleusercontent.com/-FmmcF20NbxQ/AAAAAAAAAAI/AAAAAAAAAAA/AMZuuclhZ8F3Xk5NXFQTPKkf_txJI3dkzQ/photo.jpg,Ótimo eu gosto muito a gente distrai muito ajuda o celebro a desenvolver,5,0,2.3f,2020-04-01 18:03:37
95,Virginia Lyra Barreto,https://lh3.googleusercontent.com/a-/AOh14Gil4doL3DovzVC9oqOL355flXZvGRzYmUK55hjZHA,Gosto muito desse passatempo.,4,2,2.3c,2019-04-20 15:13:42
96,Adrieli Ferreira,https://lh3.googleusercontent.com/a-/AOh14GjPodjilP9_s27YexLFtzyK4y9ckSa1lmWWRhGc8fo,Muito bom. A opção em inglês é ainda melhor.,5,0,2.3g,2020-03-07 07:04:26
97,Rita Aquino,https://lh3.googleusercontent.com/-gl5M8d-pVMo/AAAAAAAAAAI/AAAAAAAAAAA/AMZuucnou1x_P-wQJio_OYeap4l1Yxy6mw/photo.jpg,É gosto de caça palavras é muito legal.,4,0,2.3g,2020-04-26 15:50:12
98,Maria Josilma,https://lh3.googleusercontent.com/-KK71V94-fts/AAAAAAAAAAI/AAAAAAAAAAA/AMZuuckz3ywyVZahUoj48XhWoNMY7ZqzcQ/photo.jpg,"Um bom passatempo, pois é produtivo e saudável!!",4,0,2.3b,2018-10-12 12:06:29
99,Um usuário do Google,https://lh3.googleusercontent.com/EGemoI2NTXmTsBVtJqk8jxF9rh8ApRWfsIMQSt2uE4OcpQqbFu7f7NbTK05lx80nuSijCz7sc3a277R67g,E so e ruim porque tem muitos anuncios,5,0,,2019-03-04 12:26:45
