,userName,userImage,content,score,thumbsUpCount,reviewCreatedVersion,at
0,CLÁUDIO ALBUQUERQUE,https://lh3.googleusercontent.com/-JpgCeMbh_0g/AAAAAAAAAAI/AAAAAAAAAAA/AMZuucnyv0waAbq9U0zinyXzxGEzK7itNQ/photo.jpg,Mahjong Titan é um jogo bem interessante e dinâmico. Cada tabuleiro é montado de uma forma diferente e vc pode ter diversos níveis de desafio. As peças são muito bonitas e levam a uma melhor apreciação do jogo. Recomendo.,5,4,2.4.7,2020-05-26 20:33:32
1,Lurdes Pereira Fraga,https://lh3.googleusercontent.com/-vl6vOrnAQYw/AAAAAAAAAAI/AAAAAAAAAAA/AMZuucldW4VgDCKisPuKpm4Y_7txVS9lFg/photo.jpg,"Comecei ontem, mas acredito que é o melhor jogo que já baixei até hoje, muito bom mesmo, até os anúncios não são muitos e nem irritantes, daria mais estrelas se tivesse",5,3,2.4.7,2020-05-27 07:02:54
2,Eurico Silva,https://lh3.googleusercontent.com/-2e_1TNb4kcY/AAAAAAAAAAI/AAAAAAAAAAA/AMZuucn3XxXACjq2H1o7h_dy6Y0EhLRnzg/photo.jpg,"Grandes gráficos, movimentação fácil, tabuleiros bem concebidos e agradáveis.",5,1,2.4.5,2020-05-27 08:39:48
3,jose nunes carvalho neto,https://lh3.googleusercontent.com/-Gualtbxw-lA/AAAAAAAAAAI/AAAAAAAAAAA/AMZuucl4hxBhDlOmhATXbmWjcxLvGD8foA/photo.jpg,Facilita muito se você conhecer uma parte das bandeiras que daí você as associa mais rápido,5,2,2.4.6,2020-05-23 20:23:20
4,Sarah Pauloh,https://lh3.googleusercontent.com/a-/AOh14Gj7Ca-llLGZTlQIeLsZVN8tnj1wOeCkmnIYZ7P1hg,"E muito bom pra passar o tempo,pra destruir e ter um raciocio rápido.mas indico jogar com a internet desligada",4,3,2.4.6,2020-05-24 21:17:31
5,Léo Costa,https://lh3.googleusercontent.com/a-/AOh14GgFUbo2egZZpq-FXSJZE8MCo87BdCwhKQKh2oP5Og,"Muito bom, recomendo para quem quer exercitar o cérebro . Mas para jogar , é preciso desativar a internet, pois a cada intervalo de jogo tem uma propaganda.",5,13,2.4.4,2020-05-17 09:06:41
6,Fatima Pinho,https://lh3.googleusercontent.com/a-/AOh14GjuNKfizM2FGvkNr8JeC9vLlYF3ZrNLzubZ0QJE,"Bom passatempo, gráficos bonitos, roda com muita fluidez, a música também é muito boa e os anúncios não são irritantes. Ótimo jogo!",5,5,2.4.4,2020-05-15 19:49:58
7,Leticia Castro,https://lh3.googleusercontent.com/-Z8lgDmr53sY/AAAAAAAAAAI/AAAAAAAAAAA/AMZuucmJg2ikBQrZYUbcsrDWxo0mhKAh0A/photo.jpg,"Uma delícia de jogo... passo horas, relaxa bastante a mente.",5,0,2.4.8,2020-05-30 22:23:24
8,Cláudio Henrique de Albuquerque,https://lh3.googleusercontent.com/-ESKl5T9sKl4/AAAAAAAAAAI/AAAAAAAAAAA/AMZuucmNkF8mEK4nQU_B-7g_K0joiil-QA/photo.jpg,"Jogo com excelente apresentação, fácil de utilizar e aparência visual excelente. Gráficos e design de fácil visibilidade.",5,18,2.4.4,2020-04-28 08:33:45
9,Renata Bezerra,https://lh3.googleusercontent.com/a-/AOh14Gjv6WIbgerFsnqcug339b7Yf6aLXz7V7oN27QR1zw,Muito relaxante. Passatempo perfeito nesse período de crise.,5,1,2.4.4,2020-05-16 16:04:56
10,Fernanda Moraes,https://lh3.googleusercontent.com/a-/AOh14GhLIqnY7wcpZjCvH9osdtOvsHRYZY0iSeMsiq3i7g,"Comparado aos outros da categoria, acho esse o melhor... Os blocos são mais fáceis de distinguir e não tão pequenos, da pra ver melhor.",5,27,2.4.4,2020-04-20 13:20:41
11,Neusa Regina Matana Barradel,https://lh3.googleusercontent.com/a-/AOh14Gg9Gz8aLMbnMvxK8zNJ_xuBWrqGCDZ2rfklHCJE,Amo esse jogo. Ele desenvolve a habilidade da percepção e da velocidade .,5,22,2.4.4,2020-04-21 03:43:41
12,Eduardo Amaral,https://lh3.googleusercontent.com/a-/AOh14GhbSslevydjHGDFOahV2oQ4aIGFeWNDpzHd1w1_Xbg,"Excelente, deveria ter a opção de retirar propagandas.",5,0,2.4.7,2020-05-26 12:13:48
13,Natália dos Santos Baptista Moreira Rodrigues,https://lh3.googleusercontent.com/a-/AOh14GgyO17q2RLrHMCHJdCIbQ2rrTFC00MnmoMH5QcOtQ,Gosto imenso deste jogo já o fiz diversas vezes tanto no tablet como no tlm. Obrigado,5,0,2.4.6,2020-05-24 05:45:00
14,Shirlei Escobal,https://lh3.googleusercontent.com/a-/AOh14GhHnTDlb44-6K9O1yBDG5fvGVGpm1QVYcRjPpD2608,Jogo magnífico. Desenvolve múltiplas habilidades e exercita a concentração e o raciocínio.,5,22,2.4.3,2020-03-30 16:30:44
15,Maria Madalena Neves,https://lh3.googleusercontent.com/-yHM1MwxjJkY/AAAAAAAAAAI/AAAAAAAAAAA/AMZuucniP2HnKOF9APtRs3qwhxakLwSIwQ/photo.jpg,"É interessante, fácil e entusiasmante para jogar gosto muito .",5,19,2.4.3,2020-03-30 10:55:54
16,Edmara Barros,https://lh3.googleusercontent.com/-OpHijgwQUDk/AAAAAAAAAAI/AAAAAAAAAAA/AMZuuclVA8xCgevUIcgmKud6dotc_KSvLw/photo.jpg,Gostava mais da versão que ele finalizada automaticamente quando todas as peças estavam livres,4,0,2.4.7,2020-05-27 11:12:56
17,Nubia Oliveira Dos Santos,https://lh3.googleusercontent.com/a-/AOh14Ghzqx7jqn86JtvZoMMXe2TJKKqjOEcq-eTFXLQAXQ,Muito Bom!! A gente desenvolve mais a atenção. É um ótimo jogo!! Bom passatempo!! Parabéns!!,5,8,2.4.3,2020-03-26 00:25:02
18,Renata Bandeira,https://lh3.googleusercontent.com/-QoDJ-URAPn8/AAAAAAAAAAI/AAAAAAAAAAA/AMZuucmd-qUISm9pQlAyYZder5uRmSRgDw/photo.jpg,"Muito bom!! Jogo prático, acesso rápido e leve.",5,0,2.4.4,2020-04-30 16:26:42
19,Lucineia Araújo da silva,https://lh3.googleusercontent.com/-980YlNVQLAQ/AAAAAAAAAAI/AAAAAAAAAAA/AMZuuckcpDAwrV3CeZELhRtxOSs6zrF5oA/photo.jpg,Muito bom Já tinha jogado a muito tempo atrás no computar sempre gostei e foi bom ter ele no celular. Me desistresso muito.,5,24,2.4.3,2020-03-29 14:17:05
20,Carlos Lima,https://lh3.googleusercontent.com/a-/AOh14Gjc0o322sbl-0GxAwNIrfMLMH9GDMkUSTigYQmM,Este antigo jogo ainda é melhor que os mais modernos. Parabéns.,5,0,2.4.7,2020-05-25 16:34:58
21,Adriana Duarte,https://lh3.googleusercontent.com/a-/AOh14GjvczkARLrG2NSOG-yUL7OVaPqbi3PXpob3ry8,"Amei, otimo passatempo, a unica coisa que não gosto são os anúncios",5,3,2.4.3,2020-03-23 20:30:20
22,Regina Loro,https://lh3.googleusercontent.com/a-/AOh14GhspGh861GsQkiTs5dx7MSEEzu4s7brAddGUgw,Muito bom ! Ótimo passa tempo.Só os anuncios que sao muitos e demorados,5,3,2.4.3,2020-03-29 02:51:49
23,mauro motta do nascimento nascimento,https://lh3.googleusercontent.com/-UWTuzb3j9Cw/AAAAAAAAAAI/AAAAAAAAAAA/AMZuucmuDftTT374sp2DD0DfwRIKjT_7jQ/photo.jpg,Aprendi a jogar e acho formidável como desenvolvi um pensamento rápido,4,0,2.4.4,2020-05-07 18:13:28
24,Carlos Alberto Calazans Bio,https://lh3.googleusercontent.com/-6Zj-qh0L1hY/AAAAAAAAAAI/AAAAAAAAAAA/AMZuucmj-m0FVwgFi7u7AOjreV4K39dcGQ/photo.jpg,"Jogo muito bom, recomendo para todos os admirados de um bom excelente jogo de estrategia.",5,0,2.4.4,2020-04-26 00:12:13
25,Vanessa Oliveira,https://lh3.googleusercontent.com/-Sd8_TK2_eaU/AAAAAAAAAAI/AAAAAAAAAAA/AMZuucnW5-tOgbx3RSTk2c4LXdy-evZ8Bw/photo.jpg,"excelente jogo, eu gosto muito, só acho que deveria ter continuação !jogo magnífico",5,5,2.4.4,2020-04-09 17:15:10
26,SCARLLET BALESTRIM,https://lh3.googleusercontent.com/a-/AOh14GjM5wgULxqqCD7DJLB_YhqEfNtc4fXx8ORuDZFDNw,Adorei esse tabuleiros são lindos e tem muitas modelos diferentes de tabuleiro. Eu amo Mahjong.,5,4,2.4.4,2020-04-07 23:31:58
27,Edneia Vaz Pinto,https://lh3.googleusercontent.com/a-/AOh14GjPfTwItYzzfOF5ydbNfkgsAbLjgiRqRy7pnluj,"É um jogo muito bom, não trava e tem pouco anúncio. Muito bom para ativar o cérebro.",5,0,2.4.4,2020-04-05 03:02:24
28,Valéria Marques,https://lh3.googleusercontent.com/a-/AOh14Gi2zyqEUeIypp6p7hIKQbUyh-LOGYgj195zDFePBQ,Jogo rápido; música chata; resultado divertido,4,1,2.4.3,2020-03-22 19:40:15
29,Odair Roberto Zanettin,https://lh3.googleusercontent.com/-6T6nRHjb85E/AAAAAAAAAAI/AAAAAAAAAAA/AMZuuclU9oe_zbK3upJp4mJePPa8QdCHmw/photo.jpg,Ótimo cada vez mais rápido para alcançar os pares.,5,3,2.4.4,2020-04-06 15:27:03
30,Um usuário do Google,https://lh3.googleusercontent.com/EGemoI2NTXmTsBVtJqk8jxF9rh8ApRWfsIMQSt2uE4OcpQqbFu7f7NbTK05lx80nuSijCz7sc3a277R67g,Gosto muito desse jogo pq ele ativa nossa percepção e nos da agilidade no pensar.,5,0,2.4.4,2020-04-07 20:50:51
31,Gisele Oliveira,https://lh3.googleusercontent.com/-C6W35icWDj8/AAAAAAAAAAI/AAAAAAAAAAA/AMZuucnuFRuqGCJJqhqTidKAnn4Nf4NLug/photo.jpg,Bom jogo para desestressar. Nada complicado.,5,0,2.4.4,2020-04-22 21:58:52
32,Adriana Marques Ferreira,https://lh3.googleusercontent.com/a-/AOh14GiijLfzKrPrUk8HDGpnI9ZgzwUMFh6Gk5KrpSZui3A,"Divertido, um bom passa tempo, sem propagandas a toda hora..",5,1,2.4.3,2020-03-30 10:23:20
33,gibranquinha,https://lh3.googleusercontent.com/a-/AOh14Gi7O_YF_fljmwbCaZkbi3pMfz1dHJTSbwD_YLshtB0,"Estou viciada, e as propagandas são rápidas",5,0,2.4.4,2020-04-28 23:32:37
34,Pâmela Freitas,https://lh3.googleusercontent.com/-cBSUggRo_O0/AAAAAAAAAAI/AAAAAAAAAAA/AMZuuclcRv-YeVDPF7BJehwAg8Su-e13zQ/photo.jpg,"Muita propaganda e o pior grande,vc joga uma partida e lá vem a propaganda enorme.",3,0,2.4.4,2020-04-30 08:23:27
35,Confraria do Jamelão,https://lh3.googleusercontent.com/a-/AOh14Gjxjf6MY31cN27huCIH4br2aXQzFUtckKUecd11,Muito bom de jogar. Distrai a mente que a gente nem nota a hora passar.,5,0,2.4.4,2020-05-10 13:26:43
36,:) Flávia Cardoso (:,https://lh3.googleusercontent.com/-fbeGrO3SuwA/AAAAAAAAAAI/AAAAAAAAAAA/AMZuucljZtZA5TYGYKp-kIqgbioNO8LtDg/photo.jpg,É ótimo! Viciante... O ruim são as propagandas com até 1min...,4,0,2.4.4,2020-05-10 02:48:02
37,Roberto Y. Toda,https://lh3.googleusercontent.com/a-/AOh14GjE6fRD5MgNorMVk8zZRyignBpWfqB2NCniRL1N_nU,"Apesar dos anúncios, é excelente!!!",5,1,2.4.4,2020-04-17 18:45:46
38,Juliana neder,https://lh3.googleusercontent.com/a-/AOh14GjTMW9M0seDqPMOJdhOLwS0cWgPz_Xh6nyki_aGlAw,Muito bom mas as propagandas longas e obrigatórias de outros jogos irritam,3,0,2.4.4,2020-04-29 18:36:20
39,Alvir Uller,https://lh3.googleusercontent.com/-XlXmnuarPas/AAAAAAAAAAI/AAAAAAAAAAA/AMZuuck_mEIvVnP5QFM7dEnkXFPOtTyh2g/photo.jpg,"Boa, mas os anúncios de novos jogos enche o saco.",4,0,2.4.3,2020-03-24 15:23:11
40,Estela Maris Demantova,https://lh3.googleusercontent.com/a-/AOh14Gga829XrEWgPKOz1h3SqLhrbNXy8ziDM62X2R5ozg,"O melhor App do gênero. Parabéns à equipe desenvolvedora! Tem algum defeito? Sim: se por algum motivo o jogo for desinstalado, ao reinstalar começa do zero. Chato isso.",5,13,2.4.2,2020-03-05 15:42:24
41,Orlando Costa Rodrigues,https://lh3.googleusercontent.com/a-/AOh14Gj_Rqbf6RnefFqjkXVj-prWiHC4xylf8OAW5KpP,"Bem divertido boa jogabilidade,contra as propagandas",4,0,2.4.4,2020-05-06 20:24:49
42,Manuel Dias,https://lh3.googleusercontent.com/-rt52gBLwBAk/AAAAAAAAAAI/AAAAAAAAAAA/AMZuucmgIDMjtREgML_l8FMgjCigRScM1Q/photo.jpg,"Bonito,cores e objectos diversos, distrai e diverte. Ajuda a esquecer as agruras da vida.Para mim funciona como Zen. Obrigada por nós proporcionarem este jogo. Parabens a quem o inventou.Beatriz .",5,7,2.4.2,2020-03-07 17:12:59
43,Carlos Roberto,https://lh3.googleusercontent.com/-0NoPRiWeDTw/AAAAAAAAAAI/AAAAAAAAAAA/AMZuuckmzydtzZY0XsydRLDGwSScY2TwiA/photo.jpg,"App, ótimo interativo abre a mente muito bom.",5,0,2.4.4,2020-05-15 13:54:56
44,Liandra de Lima,https://lh3.googleusercontent.com/a-/AOh14GgfP96lQk_dWftPhQLBhfVW0TKANR1y3YUfJSzQLA,Amei! É prático e eu particularmente aprecio as possibilidades de personalização em aplicativos! 😊,5,3,2.4.4,2020-04-24 08:54:44
45,Renata Moura,https://lh3.googleusercontent.com/-Z__4sOstpzQ/AAAAAAAAAAI/AAAAAAAAAAA/AMZuucnUJqForC1dfXklV4DVKzrLY5mtqQ/photo.jpg,Meu filho de 5 anos adorou esse jogo. Ele está aprendendo enquanto brinca com as letras e os números. Muito bom pra passar o tempo e treinar o cérebro. Recomendo.,5,3,2.4.2,2020-03-13 16:44:22
46,Neuza Coelho,https://lh3.googleusercontent.com/a-/AOh14GgjSV01ePiWwsF7JxH_ptBKoa_FC88DtSlnTyvm6w,"Um pouco lento, mas de resto blz.",4,0,2.4.3,2020-03-25 06:49:45
47,Zelia Maia,https://lh3.googleusercontent.com/-HnZkQv1dpXI/AAAAAAAAAAI/AAAAAAAAAAA/AMZuuck5Yj-3Dp-dM5CNyZfbUnGuVr-9tg/photo.jpg,"Estou jogando à pouco tempo e estou gostando, acho o jogo bonito e interesante.",4,0,2.4.4,2020-05-15 16:39:34
48,Analice santos,https://lh3.googleusercontent.com/-0SdLnuJlP5c/AAAAAAAAAAI/AAAAAAAAAAA/AMZuuckCSZimKKdSAtnb8u_REe7iCTjqvw/photo.jpg,"Muito bom, é um jogo de concentração excelente, fico horas jogando esqueço até meus problemas.",5,0,2.4.2,2020-03-19 19:33:50
49,Rejane Nunes,https://lh3.googleusercontent.com/-jfNeMfl9Hfc/AAAAAAAAAAI/AAAAAAAAAAA/AMZuucnYKN2RrdND94kYZFqxGXSEXOOnxA/photo.jpg,Muito bom. Gráfico excelente. Tem muito comercial,4,0,2.4.4,2020-04-09 20:23:06
50,Edilene Nascimento,https://lh3.googleusercontent.com/-LasTRnFua00/AAAAAAAAAAI/AAAAAAAAAAA/AMZuuclAEWaG6bzvlHP_Dp-dpUNEvOa4rQ/photo.jpg,Jogar com rapidez para obter o tempo baixo.,5,0,2.4.4,2020-05-19 16:09:27
51,Mara Camargo,https://lh3.googleusercontent.com/-kNMWf6JBoOE/AAAAAAAAAAI/AAAAAAAAAAA/AMZuucn68d5OG54ASsIs6qOp5riEe_crcg/photo.jpg,Gostei..um jogo que requer pesamento rapido. Otimo para a mente.,4,0,2.4.2,2020-03-20 06:13:14
52,Orlando landoneri,https://lh3.googleusercontent.com/a-/AOh14GiRI0x3wVbMv4XwI8lLDuTwRvPNX9r3Po95Nq4q4A,"Ótimo,a jogabilidade e muito boa",5,0,2.4.7,2020-05-25 21:51:45
53,Elaine Melo,https://lh3.googleusercontent.com/a-/AOh14Ghr7ax_CQj_70HgZwKSQQHODptMCKmCDG0xPFRTlQc,Amo esse jogo...a cada etapa uma tabela nova e desafiadora. O que realmente atrapalha são as propagandas...mas de resto o jogo é relaxante e divertido!,5,36,2.4.2,2020-02-11 19:32:52
54,Leo Nasr Fortes,https://lh3.googleusercontent.com/a-/AOh14Gh4D-DF7t9MdgpkQMGU8eMiu_4w8fKAL3zrNvFZ4w,Excelente. Sempre jogo pra relaxar a mente.,5,0,2.4.7,2020-05-27 02:19:45
55,Cátia Maria Andrade,https://lh3.googleusercontent.com/-DHxMMHwQLqc/AAAAAAAAAAI/AAAAAAAAAAA/AMZuucmEXcZ6OFdVtipAeqrztodmfIzKgg/photo.jpg,Boa dinâmica. Bonito e boa dosagem no marketing.😄,5,0,2.4.4,2020-04-29 15:08:22
56,Adriana Lulho Roncalho,https://lh3.googleusercontent.com/a-/AOh14Gi-bRaY6zek_GTI87-Q_t0F1IjoancDo1rQJQf0VWo,"Bastante relaxante, visual bonito músicas agradáveis. Porém, com algumas propagandas chatas.",4,2,2.4.2,2020-02-12 22:10:37
57,Jane Silva,https://lh3.googleusercontent.com/-GB6As0gj08c/AAAAAAAAAAI/AAAAAAAAAAA/AMZuuclm4pDtWx0xMVfBXdUhyn_ipbLrFg/photo.jpg,"Muito bom, quase não te Anúncio. Só que eu acho que devíamos ganhar alguma Coisa. Tipo algum Prêmio. Para incentivar mais a gente. Mas quanto ao jogo muito bom",5,2,2.4.2,2020-02-23 03:01:21
58,Leandro Lokomemo,https://lh3.googleusercontent.com/-_qjSNxs3emY/AAAAAAAAAAI/AAAAAAAAAAA/AMZuucm7mUJhiBuKw8cNj4NxdUmX7s8PVA/photo.jpg,Muito Bom !!! Holográfico de qualidade rapido adorei o jogo,5,0,2.4.2,2020-03-09 20:17:11
59,Omar Mateiro,https://lh3.googleusercontent.com/a-/AOh14GiE73pQWG8qjAJoCaxbX-7d1QKfsAWulCbd8tB1Bg,Muitas variedades e tons.,5,0,2.4.4,2020-05-14 05:49:33
60,Uther Pendragon,https://lh3.googleusercontent.com/-7NMNafp2Cqs/AAAAAAAAAAI/AAAAAAAAAAA/AMZuucn_aSZ5lG0YFRkNQaNN0_ZW7IsA8Q/photo.jpg,"Excepcional, intigrante. Muito bom, fico jogando por horas. Ótimo para desenvolver raciocínio.",5,2,2.4.2,2020-02-12 15:22:42
61,Nadhyla Sombra,https://lh3.googleusercontent.com/-ly-Cd7NDv5U/AAAAAAAAAAI/AAAAAAAAAAA/AMZuucmrYamXbetAv1kgMaEUzKGrQfKWbA/photo.jpg,"Maravilhoso!🤗 Ensina a pensar rápido, elaborar estratégias, enfim, gosto muito desse jogo.😍",5,1,2.4.2,2020-03-03 11:23:14
62,Maria Jose Moura,https://lh3.googleusercontent.com/-q-Zpz3_yHlE/AAAAAAAAAAI/AAAAAAAAAAA/AMZuuckOiRcAy3WQGnjK3jOerSqH6DHghA/photo.jpg,"Muito bom, só acho difícil sair do aplicativo.",5,0,2.4.3,2020-03-21 14:02:11
63,Sandra Santos,https://lh3.googleusercontent.com/a-/AOh14GiX4Wq7fBv5TYoXtv-3MEWlSJ2xGE4OwsnVW9oL,Imagens legais e responde muito rápido!,5,0,2.4.4,2020-05-08 02:54:34
64,Giorgia Christy,https://lh3.googleusercontent.com/a-/AOh14GiiV1cqjr7kGZaqojWlb9kjwO8CXnavgeSybTSJ,Adoro esse jogo! A trilha sonora é linda e da pra editar o tabuleiro e as peças. Não são tantas opções mas as que têm são legais.,5,1,2.4.2,2020-02-18 20:46:59
65,Elizete Silva,https://lh3.googleusercontent.com/-qWvmHBC8Roc/AAAAAAAAAAI/AAAAAAAAAAA/AMZuucnJBeuQxcW1tha-2u7rVTV2voIfaQ/photo.jpg,Muito bom. Adorei q pode mudar o fundo e as peças são lindas. Ótimo p relaxar...,5,0,2.4.3,2020-03-23 19:16:49
66,Ceres Santos Aguiar,https://lh3.googleusercontent.com/-jZCxRZ4oMxs/AAAAAAAAAAI/AAAAAAAAAAA/AMZuuckzmyO0MwXh0API8jxtTMqEUyDojw/photo.jpg,Adoro Mahjong!!!!! Principalmente esse !!!!!,5,0,2.4.6,2020-05-24 18:38:13
67,Fernando Shinyashiki,https://lh3.googleusercontent.com/-x9DPAhNvycs/AAAAAAAAAAI/AAAAAAAAAAA/AMZuucnMQdaBb3Qskor5YP4CoI-0IB92yw/photo.jpg,"Requer atenção, boa memória e rapidez para fechar o jogo. Muito bom. Recomendo.",4,3,2.4.2,2020-02-09 20:41:28
68,Maria de Lourdes Gonçalves Vilela,https://lh3.googleusercontent.com/a-/AOh14GjuLvYKKFde1WTVXHn8RUUeHrVcjDEy-7ngaErV,"Gosto muito deste jogo, estimula a concentração e a habilidade na digitação",5,0,2.4.2,2020-03-20 17:21:33
69,Izilda Alves,https://lh3.googleusercontent.com/-_esrgFhjk4c/AAAAAAAAAAI/AAAAAAAAAAA/AMZuucmSU76zngNRPeJayP5CJVcYo3xeBQ/photo.jpg,Adoro jogar Mahjong. E tentar descobrir como ser cada vez mais rápida,5,3,2.4.2,2020-02-25 20:03:50
70,Irani Egeland Fidelis de Paula,https://lh3.googleusercontent.com/a-/AOh14GjhgY9mTdwaQDQMKoAZkYg2cueHbgSkdgu4ZeEqog,"Bom jogo, mas tem muita propaganda. Fica um pouco chato.",4,0,2.4.4,2020-05-14 22:21:20
71,Vania Brito,https://lh3.googleusercontent.com/a-/AOh14GhHkdav7hO3xXnivaMr0dEgTw02gCUVx_ZJDjXh,Estimulante! Te coloca a raciocinar e a desenvolver o raciocínio lógico.,5,1,2.4.2,2020-02-24 08:19:52
72,hedy braga,https://lh3.googleusercontent.com/a-/AOh14Ggwk3Hu1huLJOBjqQ88gghJOW7swyBk0dp0AVjE,É um jogo que instiga a atenção e rapidez gosto muito,5,0,2.4.2,2020-03-09 21:36:37
73,Um usuário do Google,https://lh3.googleusercontent.com/EGemoI2NTXmTsBVtJqk8jxF9rh8ApRWfsIMQSt2uE4OcpQqbFu7f7NbTK05lx80nuSijCz7sc3a277R67g,muito contagiante. Não dá pra parar de jogar. Gostei muito.,4,0,2.4.4,2020-04-06 18:19:10
74,Maria Audeniz da Rosa,https://lh3.googleusercontent.com/-Mwb_JaOoD-g/AAAAAAAAAAI/AAAAAAAAAAA/AMZuuclN1Xvzqy_3FmlSncPtpAEExSjPXA/photo.jpg,"Gostei. É interessante, estimula a atenção.",5,0,2.4.4,2020-05-10 21:35:22
75,Catarina Farias,https://lh3.googleusercontent.com/a-/AOh14GjUwrTZU9GXaf2noYtutojHzR1U7N-ZUfEQj9-4t-4,"ótimo!!!!! muito bom,esse jogo é viciante e relaxa minha mente 😉",5,1,2.4.4,2020-04-01 18:32:44
76,Lityeh Karolline,https://lh3.googleusercontent.com/a-/AOh14GjRmxBlr4ERuBLaxn0JZ3fAQ9jDsSQ-yuqoaLz1,Não e possível identificar se e por fase por tempo não consegui entender,3,0,2.4.2,2020-03-17 20:47:31
77,Jessica Sindra,https://lh3.googleusercontent.com/a-/AOh14GiiLAhpHhxb7YpoU0YJTPY0Gz-Cs4NOtpLj-TRBtQ,"Com certeza, o melhor Mahjong no Google Play!",5,0,2.4.4,2020-04-07 17:28:36
78,Vagner Vidal,https://lh3.googleusercontent.com/-grbkbYodWa8/AAAAAAAAAAI/AAAAAAAAAAA/AMZuucnvvDAPT5VIeb5iYfDF4If01kLhXA/photo.jpg,"Gosto muito, faz bem para a mente... Um excelente passatempo!",4,0,2.4.4,2020-05-16 14:35:57
79,Sergio Carlos de França,https://lh3.googleusercontent.com/-nxLcM86WwK0/AAAAAAAAAAI/AAAAAAAAAAA/AMZuucnnkpdLlNUPcFZlzqowj5C4bNtbjQ/photo.jpg,"Boa definição de imagens, progressivo na evolução das fases. Muito bom.",5,2,2.4.2,2020-02-02 21:51:53
80,Mey Koga,https://lh3.googleusercontent.com/a-/AOh14Gg06vNm5V-_4baFVv-KLFBMQBv_bz3UmEMFu1Me,É relaxante e um ótimo exercício para memória.,5,0,2.4.4,2020-04-13 22:46:18
81,Sueli Aparecida de Souza,https://lh3.googleusercontent.com/-u4DPJe37Gtg/AAAAAAAAAAI/AAAAAAAAAAA/AMZuuclutge4XFkH3YSoSJA8hyR_13Sl7A/photo.jpg,"Simplesmente maravilhoso, as peças são de visão ótima, adorei, parabéns ao desenvolvedor.",5,4,2.4.2,2020-01-28 00:14:38
82,brito brito,https://lh3.googleusercontent.com/-e9r_An1f7o8/AAAAAAAAAAI/AAAAAAAAAAA/AMZuucm57Szm1JQFF_IVTLSrQJYiUIZwAQ/photo.jpg,"Gostei é bastante fácil, mas gostaria que tivesse cronômetro para bater recordes",5,1,2.4.2,2020-01-27 20:40:42
83,Paulo Fontoura,https://lh3.googleusercontent.com/a-/AOh14GiFNgALDiHHCB-8nBzSHouVvdAuLwJX2Rp3pYSrXg,Excelente diversão! Ótimo passatempo!,5,0,2.4.3,2020-03-28 08:54:35
84,Fátima Dalvenice Rodrigues da Silva Santos,https://lh3.googleusercontent.com/-SoXshPqXdng/AAAAAAAAAAI/AAAAAAAAAAA/AMZuuckwXdv3Xmqe7O_X-a_M3nSPYOnDyw/photo.jpg,Gosto muito.deste jogo ele me destrai muito and horas vagas exelente,5,0,2.4.4,2020-05-09 07:59:20
85,Adilson Silva,https://lh3.googleusercontent.com/a-/AOh14GjyEoKHyAflbt1XaW_evdHLKlV8_RHZZBMQEJbYfQ,Ótimo. Agradável e muito bom nos níveis de progressão.,5,0,2.4.2,2020-03-22 20:36:04
86,Jussara Angelo,https://lh3.googleusercontent.com/a-/AOh14Giy138eKmkhd02_OCL9oopCHWoYhlZVwZ2BZLrH8g,Gostei muito dele pq ele e bem visível e tem várias opções,5,0,2.4.4,2020-05-07 08:48:30
87,Luciene Moralez123,https://lh3.googleusercontent.com/a-/AOh14Gg0FFn1Q84Y00Kute3c2PTdGZTaNyy_-H5NYFZLiJA,Excelente todas as livres estou a jogar é muito emocionante.,5,0,2.4.2,2020-01-27 18:05:38
88,Ana Luiza,https://lh3.googleusercontent.com/a-/AOh14GgZ3Yg6NxJCtHn3CsgFKiT3L3zzazEHbKiQzCd7,"Demora sair os pares da frente do tabuleiro, mas o jogo é muito bom.",4,0,2.4.2,2020-02-02 13:04:23
89,Paulo Labastie,https://lh3.googleusercontent.com/-PA_sFQ_i4B8/AAAAAAAAAAI/AAAAAAAAAAA/AMZuucnHNOyuHBFkwy58eWGxpxNjMXvBSg/photo.jpg,"Ótimo jogo, tabuleiros muito bonitos, jogabilidade muito boa",5,0,2.4.4,2020-04-12 18:18:38
90,maria aparecida,https://lh3.googleusercontent.com/a-/AOh14GjZdMt6TyRS1uVGtTqv0U_IJ7n-LdwQyMsY8arx,Amando muito não gostava destes tipos de jogos achava ridículo mais arrisquei e tcharam agora não paro de jogar a música de fundo achei o máximo ⭐⭐⭐⭐⭐⭐⭐⭐⭐⭐⭐⭐⭐⭐⭐⭐⭐⭐⭐⭐⭐⭐⭐⭐⭐⭐⭐⭐⭐⭐⭐⭐⭐⭐,5,0,2.4.2,2020-01-31 21:20:12
91,Witão Má,https://lh3.googleusercontent.com/a-/AOh14GgnlnAwWbZk8pXM64LoeF4K7v6syt6ngmOPHntTSQ,Atendeu as minhas espectativas jogo bom para acalmar a ansiedade gostei,4,0,2.4.4,2020-04-04 17:59:36
92,Tatiane de Carvalho Pinheiro,https://lh3.googleusercontent.com/-t9SM5Nzqz_c/AAAAAAAAAAI/AAAAAAAAAAA/AMZuucmziufQHsx8JAUAiPo6c_UKYRxgWQ/photo.jpg,Ajuda na concentração e agilidade de raciocínio.,5,0,2.4.4,2020-04-01 07:25:30
93,Maria Rosenéry Alves dos Santos,https://lh3.googleusercontent.com/a-/AOh14GitDvZf33gfuw3Klxfl24QF3vNeiLpc1-4GrR07,"Que jogo mais emocionante,as peças são muito lindas,sem frescura,instalar e jogar muitooooo!!!👏👏😍😍",5,1,2.4.2,2020-02-16 19:56:43
94,Bere a cara do brasil,https://lh3.googleusercontent.com/a-/AOh14GiHS75763LEKMTVw9qn9K0z27-YvklgWrNRNaqv6g,É menos desafiador q a versão para Pc mas estou me divertindo 😉,5,0,2.4.3,2020-03-22 15:51:19
95,Roberto Nunes,https://lh3.googleusercontent.com/a-/AOh14Gj1pvk4Yxb9LJkVQFRWL3uw1mFq9h8S3pBciA4R,Excelente passatempo. Bom para combater stress.,5,2,2.4.2,2020-02-10 20:23:13
96,Liria Costa,https://lh3.googleusercontent.com/a-/AOh14GgIIBrZ2Rbp7Tm80hbp4lfk55FSzxzTLRUW3NyaASo,As peças são de ótima visualização e os desafios são muito bons.,5,1,2.4.2,2020-01-30 17:27:13
97,Paulo Braga,https://lh3.googleusercontent.com/-W3QBuopOFfI/AAAAAAAAAAI/AAAAAAAAAAA/AMZuucmCxVSySY4IFT0VkZrJ9Jjx9iuxOg/photo.jpg,"Muito bom. Não sou contra propaganda, mas sou obrigado assistir o que não é democrático e falta com o respeito ao livre arbítrio.",5,0,2.4.2,2020-02-24 14:11:27
98,ana tais Rodrigues,https://lh3.googleusercontent.com/a-/AOh14GjBQYyT1TrsmhD3Yo_IWTXDrakm9SRog5-ne9EH,"Ótimo jogo, completo e com bastante níveis",5,0,2.4.3,2020-04-02 21:26:47
99,Anna Paula do Carmo Motta,https://lh3.googleusercontent.com/a-/AOh14GiY8iP1x_RoTu7XkuPHlWXCjxEVxujYyvzqqQ37,Formidavel!!! Desafio a cada jogada!!!,5,0,2.4.4,2020-05-09 19:42:55
