,userName,userImage,content,score,thumbsUpCount,reviewCreatedVersion,at
0,Atacado de Roupas Serra Gaúcha,https://lh3.googleusercontent.com/a-/AOh14GgB---ZVgY8EOLUgDth3rja5XaoKeQJjH9qZDYy,Boa noite meu bingo não abre faz um tempo porque ele não abre vou desestalar se não voltar ...e não falo inglês por favor traduz pra mim entender mais gosto do jogo abre lá pra mim depois ponho mais estrelas 😎,3,20,1.133.1,2020-05-24 19:06:01
1,Aconteceu Comigo,https://lh3.googleusercontent.com/a-/AOh14GhHc-SDJPvNreNyYe3K1bRsfUDPlrrDB6cLk2kg,"Esse é o melhor bingo que tem É como se ele fosse original Perfect Amazing Love Recomendo muitíssimo Muitos vêem os jogos parece que elas inventam as coisas, olhando as resenhas achei absurdo o que aquelas pessoas falaram porque esse jogo é muito legal ameeeeeei de paixão ele é original sabe não tem como descrever esse jogo eu recomendo bastante bastante bastante bastante bastante mesmo a cada letra que tiver nesse comentário vou usar por que o amei esse jogo ele é muito legal mesmo instaleeem",5,3,1.114.1,2020-03-31 19:46:41
2,Sara Corrêa Theodoro,https://lh3.googleusercontent.com/a-/AOh14Gj2Nfetul8hYRHPkAp39q9ayOuIyaR8iLA9FxOM,"Desde que atualizou o novo formato, eu não consigo mais resgatar os bônus diários do Facebook, Instagram e e-mail. O que me desanimou de jogar.",3,6,1.117.2,2020-04-15 13:23:56
3,renata saad,https://lh3.googleusercontent.com/-QeRAetWLEI0/AAAAAAAAAAI/AAAAAAAAAAA/AMZuucmzANAZm0ZCr8zUPb1m6jMiylzCAA/photo.jpg,"Era muito bom, depois da atualização, ficou horrível, muito lento. Trava toda hora.",3,15,1.115.1,2020-04-06 11:18:17
4,Eric Raposo,https://lh3.googleusercontent.com/a-/AOh14GgXqXfSKU9qk3Jl3R0hG2FMZb22g3EbSdMzC6jm,Rapido Bingo era meu jogo favorito e não tem mais. Pra mim não poderia ser pior. ☹,1,4,1.115.2,2020-04-10 13:53:37
5,Kennya Neves,https://lh3.googleusercontent.com/-QgZWtY7XqFg/AAAAAAAAAAI/AAAAAAAAAAA/AMZuuclXepMcRuWJATMhpSL5m5N3AkHj2w/photo.jpg,"Era o melhor jogo, depois dessa atualização nova ficou o pior jogo. Tiraram um dos que eu mais gostava. Ficou muito ruim a nova atualização. Odieiiii.",1,7,1.115.2,2020-04-11 09:34:10
6,Flor Zinha,https://lh3.googleusercontent.com/-4Ig0JNRi1P0/AAAAAAAAAAI/AAAAAAAAAAA/AMZuuclp822XBD4-P2cCdWy7VJ4cI2sA9Q/photo.jpg,"Depois da última atualização, tiraram várias salas de jogos, tiraram os bônus. Achei um desrespeito! Muitas mudanças! 😡",2,6,1.115.2,2020-04-10 07:50:12
7,Rafael Santos,https://lh3.googleusercontent.com/a-/AOh14GgoSg6sBaIUw-FMr2v7Kjy7juD4PPBQqfPau0Fn,"sempre tenho problemas com os pedidos de itens para amigos, mais fora isso um excelente jogo",4,1,1.114.1,2020-03-21 05:03:20
8,Antonio Carlos de Almeida Pinto,https://lh3.googleusercontent.com/a-/AOh14GiYaGashK9mhfUKav-ChNldMA2-xwdoUU6ZIPeX4fs,Vc vai jogar compra às cartelas quando começa o jogo todos jogam eu minhas cartelas não aparecem não jogo ainda perco às fichas,1,1,1.132.1,2020-05-09 09:02:32
9,Anita Ramos Capitina,https://lh3.googleusercontent.com/-Fhw1C0bkis4/AAAAAAAAAAI/AAAAAAAAAAA/AMZuucl0J5My5K297TZxwypKf-AVsECdRg/photo.jpg,Essa nova versão é horrível Pediu pra atualizar. Agora não consigo pegar os bônus pela.pagina do.facebook .sumiu tudo Não gostei é agora não tem como voltar,1,4,1.115.2,2020-04-08 05:08:20
10,Tayná Marcotúlio,https://lh3.googleusercontent.com/a-/AOh14Gg3NLlhH894_baoIg_NfOonwODAh1ooweDNXU-G,Não consigo atualizar o App pois quando entro no jogo aparece atualizar o App. É sempre a mesma coisa. Tem 15 dias que eu atualizei esse App,2,1,1.113.6,2020-04-08 20:41:48
11,Carlos Henrique,https://lh3.googleusercontent.com/-iDZ1dcZp64E/AAAAAAAAAAI/AAAAAAAAAAA/AMZuucmjg6z2mUVIP2mwqo46aF2u-DGi6w/photo.jpg,"Odiei, porque eu perdi tudo que eu tinha no antigo bingo bash,perdi tudo Grand tour, perdi a figura da cesta de ovos",1,2,1.115.2,2020-04-08 23:42:03
12,Cristiane Weber,https://lh3.googleusercontent.com/a-/AOh14GjAQ-A1J13O1rbsI3gswpJ5qncoCqC3_yyoYKJTbg,"Meu jogo não abriu mais após a ultima atualização, decepcionante ! Espero q resolvam logo",1,0,1.117.2,2020-04-19 16:31:48
13,Nadir Alves de Freitas,https://lh3.googleusercontent.com/-nC1P3QF3gPY/AAAAAAAAAAI/AAAAAAAAAAA/AMZuucmvt41ekajP-eEUgvpEBKZDtgtE9A/photo.jpg,Depois da atualização o jogo ficou horrível.Que pena eu amava o jogo. 🥺,1,1,1.117.2,2020-05-01 12:56:43
14,Lucileia vaz da rocha,https://lh3.googleusercontent.com/a-/AOh14Giw1DPN_x6BoRSwitGawsxgVemU00bGgsWo2T5cAw,Depois da última atualização não está entrando,1,2,1.115.2,2020-04-07 23:47:50
15,Isabella Costa,https://lh3.googleusercontent.com/-NdulMCu7yIE/AAAAAAAAAAI/AAAAAAAAAAA/AMZuucm1tNuLN7UXe_RpIAXvHA5DkA8i2g/photo.jpg,"Era muito bom antes da atualização, agora perdeu a graça.",2,4,1.115.2,2020-04-11 09:43:23
16,Coisinhas Da Bruna,https://lh3.googleusercontent.com/a-/AOh14GhT1piD-gjR6UmEFmwmUPGtRAk9E8-Af14clkmr1g,Este jogo era muito bom antes da atualização agora esta orrivel.. 😥,1,1,1.113.4,2020-04-24 23:26:54
17,Fernandamotta Motta,https://lh3.googleusercontent.com/a-/AOh14Gjgsh2cQ0Q_L_33Gjn1kE4kiWQzgoTe6sqyxQ1X,Bom demais adoro esse jogo! So deveria dar mais bingos# fernanda !! Adoro mesmo jogo todos os dias ! Fffffffff#fffffffffffffgffffffffffffffggggffffffffffffffgfffffgggfggggggggffffgggfggfggfgg#gggffggffgfffffggggggggg^ffffffffffffffffffbfnfjfjjfjdkdkwkwnsnwkskzkkxlcmfnfbfjkdmxn nfkdmdbdhsklsnzbcjdkdn ncxjkdmfbejdkxnxnfndkxnxndjdkxndnndnxbxndjxbcbcjxldmzbj jfkzndjsksksksksmslslknckkdjdjdjdjdjdjdjdjdksnsb jkdkdndjdudkdkjxjdjdjdjdksmznjcjcffffffffffffffffffffffffgffffffggggggggggggggggggggggggggggg,5,0,1.112.3,2020-02-12 15:31:47
18,Catharina O.,https://lh3.googleusercontent.com/a-/AOh14GgSE2G0CTjNP0FhnriR7Um_SModJGPQnYdgC29fVgo,"Adoro o jogo, mas desanimei e desinstalei, pois dá poucas oportunidades de jogar, uma vez que as cartelas são caras para o número de fichas grátis que recolhemos, são muito poucas, infelizmente.",4,0,,2020-05-09 14:08:48
19,ierece Tite,https://lh3.googleusercontent.com/-7QzML8Ecntc/AAAAAAAAAAI/AAAAAAAAAAA/AMZuucl1L_66cxLZxO4Z5Mgx2Xv96HKYmQ/photo.jpg,"O melhor bingo , sempre com as melhores chances, jogos atraentes e divertidos. Extremamente viciante e apaixonante!!!",5,26,1.97.2,2019-05-13 09:02:33
20,Juliana Pereira,https://lh3.googleusercontent.com/-Afdn5i2sFWo/AAAAAAAAAAI/AAAAAAAAAAA/AMZuucmL7-Cw51uA9odVrq9kr-CKFUdGbA/photo.jpg,"Não está funcionando fica entrando uma mensagem depois que jogo dizendo que a partida não valeu , e tbm os players não estão funcionando . Continua não funcionando por favor arrumem .",3,19,1.106.0,2019-09-07 17:14:47
21,Sheila Santana,https://lh3.googleusercontent.com/-8odCKkTqmzk/AAAAAAAAAAI/AAAAAAAAAAA/AMZuucmW8lIA4B-oNoXAa6lNXpG4-ryZNA/photo.jpg,Muito boa pena que nao ganho mais free chips ao assistir os videos,5,1,1.111.3,2020-01-09 00:04:31
22,Isadora Valladares,https://lh3.googleusercontent.com/-4URYqWU8a3w/AAAAAAAAAAI/AAAAAAAAAAA/AMZuuclp-XipU-fhlwwXByhodL2pPj8xVw/photo.jpg,"Deveria se chamar Bingo Vingadores porque o Loading é infinito. Só consegui jogar uma partida! De fato, deve ser mais fácil derrotar Thanos.",2,6,1.97.2,2019-04-29 02:34:52
23,Debora Odete de Souza,https://lh3.googleusercontent.com/-20JeBhbh8LI/AAAAAAAAAAI/AAAAAAAAAAA/AMZuuckmt969TAZYtG0Y5zoSaMHrohfGsA/photo.jpg,Depois da atualização não consigo jogar no tablet diz que está sem internet o tempo inteiro,3,0,1.82.1,2020-04-15 09:23:32
24,Jana Manoel,https://lh3.googleusercontent.com/a-/AOh14GjT-mkQmDtqClhd52oa_mo-oHV_VUNA7Ro-Du_ROVo,o melhor jogo de bingo q já joguei.. uma pena q é difícil ganhar fichas poderia colocar links para pegar fichas pelo celular mas nota 10 o jogo,5,27,1.93.2,2019-01-24 09:48:42
25,Jacira Silva,https://lh3.googleusercontent.com/-Wd3Jjmju_Lg/AAAAAAAAAAI/AAAAAAAAAAA/AMZuucmL7rl0qftqGIR_MZVGCjZDcBYpSg/photo.jpg,Vcs podiam melhorar o jogo e bom mais vc só dão os benefícios quando querem Os vídeos q dão 100 B só funciona se tiver sem nenhum isso não e justo,4,2,,2019-11-10 19:40:37
26,Taty Silva,https://lh3.googleusercontent.com/-OMANYfPJl7U/AAAAAAAAAAI/AAAAAAAAAAA/AMZuuckiCdo3YX8y_0CkmWQtV53ZTDvS4A/photo.jpg,Jogo a anos tds os dias so deveria ganhar bonos mas vezes ao dia e conseguir ganhar em primeiro lugar pois nunca ganho,1,0,1.115.2,2020-04-09 13:47:08
27,valéria aquino,https://lh3.googleusercontent.com/a-/AOh14GgZxJ9XTaeyr_sWwFd0V4p9Kk03SIMhI7dzQUZo6w,A nova atualização acabou com a graça do jogo. Deletei depois de anos jogando. Muito ruim.,1,1,,2020-04-10 18:01:33
28,Mariana Silva,https://lh3.googleusercontent.com/-7DFF3t36Rms/AAAAAAAAAAI/AAAAAAAAAAA/AMZuucnbCtPVLP1orQYsrPRN3wEULG6rqA/photo.jpg,Super legal e divertido,5,0,1.113.6,2020-03-01 05:23:35
29,Melquesedeque Belarmino,https://lh3.googleusercontent.com/-tKyOpfS7AX8/AAAAAAAAAAI/AAAAAAAAAAA/AMZuucmDAhvArmQvMZv0edFItBMkiJRRYw/photo.jpg,como falam que é gratuito e querem que compre os creditos,1,1,,2019-07-11 23:53:00
30,Valeria Júlio,https://lh3.googleusercontent.com/-tTKgrtxBmSQ/AAAAAAAAAAI/AAAAAAAAAAA/AMZuuckttvFIXx1HFb0voxAh0Dl3421ILA/photo.jpg,"Essa verção tem pouca chance pra jogar, gostei da outra verção",5,0,1.117.2,2020-04-21 01:39:36
31,Clara Gamer Online,https://lh3.googleusercontent.com/a-/AOh14GiM6ZImUUYmuLHkmp0o35ViLGHbpEnOyzBP4zleeg,Melhor jogo de bingo que já joguei,5,0,1.133.1,2020-05-19 19:42:50
32,Carla Antunes,https://lh3.googleusercontent.com/a-/AOh14GiAxu4p3U8a4r302v5Lo-LQdxIUNxP-DzoOs4em1g,O jogo é muito bom mas não condigo fazer as actualizações 😡😨,3,4,1.98.1,2019-07-03 23:41:42
33,Regina Bacha,https://lh3.googleusercontent.com/-4US1_LftPo0/AAAAAAAAAAI/AAAAAAAAAAA/AMZuuckzc1rmyO8QFv92WN8WYR1P2qy8gA/photo.jpg,"é bom jogar, só que detesto qdo o jogo é interrrompido. Perdemos as vidas, é estas deveriam ser reposta é isto não acontece",1,7,1.88.2,2019-02-14 16:24:39
34,Lucidalva Onoria,https://lh3.googleusercontent.com/-b1XAKV3MFAI/AAAAAAAAAAI/AAAAAAAAAAA/AMZuucl7ZP4BQX2kEDtgPD3cIZCduHYwPw/photo.jpg,"Amo bingo bash,preciso de bonus alguém pode me ajudar mandando BONUS BINGO BASH?",5,0,1.89.2,2018-12-01 12:19:35
35,Flávia Roberta,https://lh3.googleusercontent.com/-2PJ_e0PwAR0/AAAAAAAAAAI/AAAAAAAAAAA/AMZuucmJAjZ57xApcbtczGIvbyRvtjscvA/photo.jpg,"Adoro esse jogo, a Conselho jogar.",5,0,1.114.1,2020-03-17 02:03:56
36,Marilda Cassandra,https://lh3.googleusercontent.com/a-/AOh14Gg5ed52loZapvxBE_ihi3NslrBeRXNgl0lITVzzWQ,Adoro esse jogo,5,0,1.133.1,2020-05-17 16:52:22
37,Susana Gata,https://lh3.googleusercontent.com/-ZQpKMDJgp48/AAAAAAAAAAI/AAAAAAAAAAA/AMZuucnsUzmpau2iIHJakpS7OznenK6CZg/photo.jpg,Bom jogo so diviam de dar mais uns premios.,3,1,1.114.1,2020-04-05 03:44:32
38,Vanessa Dos Santos,https://lh3.googleusercontent.com/a-/AOh14GizDLbNRk-ti-yLWNoaL5LgKK_N8azk6yH3NUbpi24,Depois que atualizou ficou horrível,1,1,1.117.2,2020-04-15 21:13:06
39,Akemi_Chan _Chen,https://lh3.googleusercontent.com/a-/AOh14GiUlTG0zc_1zTu2Vz-3oO1phI1dQQFUz5ZB7oYU3w,Não consigo jogar em outros Facebook pelo celular,4,1,1.106.0,2019-09-09 16:21:34
40,Valeria,https://lh3.googleusercontent.com/a-/AOh14GjweTV2DOhnYMVnixr8nnkdstX4wocLR6ILPQT7NA,"Gostei só falta falar mas devagar , #vim pelo avakin",5,12,1.88.2,2018-10-04 19:12:45
41,Flavia Silva,https://lh3.googleusercontent.com/-DV2S46luXak/AAAAAAAAAAI/AAAAAAAAAAA/AMZuuclixsDY7UZAipw_dRwB_QH8fhzltA/photo.jpg,Gente esse bingo e muito bom. Podem confiar.,5,0,1.112.3,2020-02-22 23:57:53
42,Andrea Souza,https://lh3.googleusercontent.com/a-/AOh14GgV5pEFtUaFrtn3NDfGSX3LpT4xmDTDfgyzT3phuA,cada vez mais difícil fazer bingo,3,0,1.102.1,2019-07-12 13:23:52
43,Déa,https://lh3.googleusercontent.com/a-/AOh14GjJgxOxHI1yiCUW73I7WbZYI4vAa8WkaUsZQD3L,Muito bom jogar com os amigos do condominio,5,0,1.113.6,2020-03-06 18:13:56
44,Um usuário do Google,https://lh3.googleusercontent.com/EGemoI2NTXmTsBVtJqk8jxF9rh8ApRWfsIMQSt2uE4OcpQqbFu7f7NbTK05lx80nuSijCz7sc3a277R67g,eu gosto muito de joga mais e muito rápida jogo,5,4,1.92.1,2019-01-10 09:02:45
45,Um usuário do Google,https://lh3.googleusercontent.com/EGemoI2NTXmTsBVtJqk8jxF9rh8ApRWfsIMQSt2uE4OcpQqbFu7f7NbTK05lx80nuSijCz7sc3a277R67g,muito bom mais não tô conseguindo acessar no celular,5,0,1.102.1,2019-08-20 19:19:15
46,heloisa Oliveira,https://lh3.googleusercontent.com/-JTU6yctxyLY/AAAAAAAAAAI/AAAAAAAAAAA/AMZuuckP8bu2iU-9IqdSBdJ1MXIWPCvzcA/photo.jpg,Lixo como todos os outros,1,0,1.113.6,2020-03-15 23:09:21
47,Ivania cunha silva,https://lh3.googleusercontent.com/a-/AOh14GiWmkGu45AU-bxEjHIN1zSm7Ajbo7YPNl_ghpJwTg,Muito bom esse jogo Parabéns aos desenvolvedores. .,5,2,1.84.1,2019-01-27 08:43:57
48,jessica graciano,https://lh3.googleusercontent.com/-Dk2JXXpDNVU/AAAAAAAAAAI/AAAAAAAAAAA/AMZuucndf7_kPGR8ADSU3kcPvljg-LpRXg/photo.jpg,Um ótimo jogo,5,0,1.112.3,2020-05-01 07:44:18
49,Um usuário do Google,https://lh3.googleusercontent.com/EGemoI2NTXmTsBVtJqk8jxF9rh8ApRWfsIMQSt2uE4OcpQqbFu7f7NbTK05lx80nuSijCz7sc3a277R67g,Um bom divertimento.,5,0,1.111.3,2020-01-09 11:27:47
50,Estela Matoso,https://lh3.googleusercontent.com/-BV1ojaYsvLw/AAAAAAAAAAI/AAAAAAAAAAA/AMZuucmyjkce7ntjFr-M-DBJR41LIkxTYw/photo.jpg,o jogo e bom mas trava muito estressante nao vale a pena vou desinstalar,1,18,1.97.2,2019-04-25 11:34:37
51,Cinthya Miranda,https://lh3.googleusercontent.com/-KQZnDN-VWXc/AAAAAAAAAAI/AAAAAAAAAAA/AMZuuckS0tnglBI7t3A1-ciRMlofv4V0nA/photo.jpg,Muito bom de jogar,5,0,1.111.3,2019-12-17 02:34:42
52,isabel cunha,https://lh3.googleusercontent.com/-bASy0cca0WU/AAAAAAAAAAI/AAAAAAAAAAA/AMZuuckmRyTanJ7hpKUc_edSo_LRENoySA/photo.jpg,Divertido quando se ganha,5,0,1.111.3,2020-01-10 12:08:46
53,Paty Tanoue,https://lh3.googleusercontent.com/-xipZWTAkjZo/AAAAAAAAAAI/AAAAAAAAAAA/AMZuuclKM0812y6OymWNKgpQx7NhZl5gxA/photo.jpg,Bom me distrai a mente,5,0,1.112.3,2020-02-13 16:26:35
54,Marlene Pafume,https://lh3.googleusercontent.com/-5EWmB9-WFvM/AAAAAAAAAAI/AAAAAAAAAAA/AMZuucnrSWitBiXHGOyUfC-hG6CoO5uAtQ/photo.jpg,Eu gosto muito,5,0,1.113.4,2020-02-20 11:07:16
55,Um usuário do Google,https://lh3.googleusercontent.com/EGemoI2NTXmTsBVtJqk8jxF9rh8ApRWfsIMQSt2uE4OcpQqbFu7f7NbTK05lx80nuSijCz7sc3a277R67g,"Gosto muito, porém podíamos ganhar mais fichas",5,1,,2018-11-07 15:07:40
56,Rejane Costa,https://lh3.googleusercontent.com/a-/AOh14Ghy4WLpiZYdDKnMcCoK5xVEUpiuVoKQhDW9DVj5,meio lento pra cantar os números mas legal,5,2,1.97.2,2019-04-30 11:01:29
57,Ana Santos,https://lh3.googleusercontent.com/a-/AOh14GiwEhgGStVzKq2xI4AtN1IJOzAxWf2DIv6ToAUZdA,Jogo 5 estrelas mas não faz log in com o Facebook,3,0,1.106.2,2019-09-14 17:30:22
58,sim tavares,https://lh3.googleusercontent.com/-d0eJDEUc8yE/AAAAAAAAAAI/AAAAAAAAAAA/AMZuucl-5aVP8U5TzE0dvp7Ozivyil5ewA/photo.jpg,"Meu jogo nao carrega . Pq ? Estou triste ,posso contar com ajuda de voces ?",2,0,1.109.2,2019-11-06 20:29:57
59,stephanie gil Games,https://lh3.googleusercontent.com/a-/AOh14GhszBmSEuYp8ysDS_GGHF0lF1YFZeHCI3GdP3Ou,"To pelo,avakin..mais o jogo é bom😊😊",4,1,,2018-11-23 11:05:18
60,Andreaanita Araujo,https://lh3.googleusercontent.com/-AZ7apzqI1Yo/AAAAAAAAAAI/AAAAAAAAAAA/AMZuuclDB12BwBjKaPRL3pIpIKzMG6GtJA/photo.jpg,Gosto muito e uma pena que tem dia que me rouba muito,5,3,1.87.1,2018-10-06 19:27:36
61,haylla karoline,https://lh3.googleusercontent.com/a-/AOh14Gi94aq4QHV0Ah9sn7iKEFYAztHdZFVjy3OGvfyLBuk,devia ter a opção de passar para português...,3,5,,2019-02-16 08:46:05
62,Mara Spiazzi,https://lh3.googleusercontent.com/-OFsonjIuPNs/AAAAAAAAAAI/AAAAAAAAAAA/AMZuucn02wW2ytXi6cCU57EhAg9cprrUNA/photo.jpg,"viciante, não troco por nada",5,9,1.99.1,2019-06-15 20:29:20
63,Um usuário do Google,https://lh3.googleusercontent.com/EGemoI2NTXmTsBVtJqk8jxF9rh8ApRWfsIMQSt2uE4OcpQqbFu7f7NbTK05lx80nuSijCz7sc3a277R67g,N sei se é bom estou baixando E vou verr se é bom,3,1,,2019-03-29 21:59:55
64,Eunice Oliveira,https://lh3.googleusercontent.com/a-/AOh14Gi6ixaWslLeR263B-dlNX7ZWcB5G_hsgvQLlgpwTng,Lercebi que so tem adulto aqui so q eu so vim porcaisa dos meus 860 avakoins hahaha,1,3,,2018-09-19 20:38:08
65,Paula Colmenero,https://lh3.googleusercontent.com/-GLsC9LAz1lA/AAAAAAAAAAI/AAAAAAAAAAA/AMZuuckbbcRkwcld-u9TBIwB13TNE5IFwg/photo.jpg,"gosto muito, mas trava algumas vezes.",4,5,1.94.0,2019-01-06 23:38:48
66,Carlos Veiga,https://lh3.googleusercontent.com/-R1llI8SmTkg/AAAAAAAAAAI/AAAAAAAAAAA/AMZuucmL-91Cm4_fRAZ3XeW4KfX0myViGw/photo.jpg,Não estou conseguindo rentrar parajoggae ?,5,0,1.105.1,2019-09-29 19:29:14
67,Fatima Guimaraes,https://lh3.googleusercontent.com/-pf-860-Pbi8/AAAAAAAAAAI/AAAAAAAAAAA/AMZuuckcKGY5lZKRkn5g2cpFlaMrfRmXGA/photo.jpg,Amo esse jogo eu jogo ele desde o Facebook,5,0,,2018-10-29 11:57:31
68,Coisas radicais com totós radicais radical de bosta,https://lh3.googleusercontent.com/-0zLsnaQcFhE/AAAAAAAAAAI/AAAAAAAAAAA/AMZuucmOhHybJg-Azp3Lxmx5hX8gYk2vLw/photo.jpg,Deviam dar mais fichas de bingo,5,2,1.87.1,2018-10-06 12:41:52
69,Ana Farias,https://lh3.googleusercontent.com/a-/AOh14Ghfg6I4qEqyby0ELai-9R8cqRoewTmXro56rfnP,muito bom se conseguisse entrar no jogo,5,0,1.103.3,2019-07-28 05:38:45
70,Um usuário do Google,https://lh3.googleusercontent.com/EGemoI2NTXmTsBVtJqk8jxF9rh8ApRWfsIMQSt2uE4OcpQqbFu7f7NbTK05lx80nuSijCz7sc3a277R67g,As recompensas deviam ser melhores,4,4,1.87.1,2018-09-18 05:03:31
71,Gizelle Nogarol,https://lh3.googleusercontent.com/a-/AOh14GgtyRSKXAtqyc_CQfp4v6k2faGVh00YAPr__TAq,Esse jogo é top demais!,5,2,1.97.2,2019-05-28 23:00:42
72,João Vicente,https://lh3.googleusercontent.com/-D3uXvpSCNdg/AAAAAAAAAAI/AAAAAAAAAAA/AMZuuckZXNUgdOyuwuUUuYL1QJdCPgvLCg/photo.jpg,"Muito bom, adoro jogar.",5,1,1.106.2,2019-09-22 19:16:29
73,Um usuário do Google,https://lh3.googleusercontent.com/EGemoI2NTXmTsBVtJqk8jxF9rh8ApRWfsIMQSt2uE4OcpQqbFu7f7NbTK05lx80nuSijCz7sc3a277R67g,"gostoso de jogar, mas dwveria dar mais b",5,3,1.92.1,2019-01-13 16:13:43
74,Um usuário do Google,https://lh3.googleusercontent.com/EGemoI2NTXmTsBVtJqk8jxF9rh8ApRWfsIMQSt2uE4OcpQqbFu7f7NbTK05lx80nuSijCz7sc3a277R67g,Só fica pedindo pra reiniciar o jogo 😠,3,18,1.87.1,2018-09-21 09:05:43
75,Um usuário do Google,https://lh3.googleusercontent.com/EGemoI2NTXmTsBVtJqk8jxF9rh8ApRWfsIMQSt2uE4OcpQqbFu7f7NbTK05lx80nuSijCz7sc3a277R67g,adoro jogar deveria ganhar mais fichas,5,8,1.91.2,2018-12-26 17:23:27
76,Selma Correa Correa,https://lh3.googleusercontent.com/-XO6kyEjedmo/AAAAAAAAAAI/AAAAAAAAAAA/AMZuuckkNWiEJh5J65iLuH8iFyDwLab8GQ/photo.jpg,porcario não da gosto de jogar,1,3,1.98.2,2019-06-06 22:32:29
77,marcelo braz nogueira,https://lh3.googleusercontent.com/a-/AOh14Ghlkkco_uIrgvGzuPRkHuU0C5UMGUIWEFkJLKEcPg,Não está funcionando,5,0,1.104.1,2019-08-20 19:27:38
78,Um usuário do Google,https://lh3.googleusercontent.com/EGemoI2NTXmTsBVtJqk8jxF9rh8ApRWfsIMQSt2uE4OcpQqbFu7f7NbTK05lx80nuSijCz7sc3a277R67g,so quero meus avacoins!!,3,1,,2019-01-29 16:03:09
79,Ana Paula Rodrigues,https://lh3.googleusercontent.com/a-/AOh14GjLAX_KE9GEl2fl6rRnb0tI5ydMy_tcxMRcVnp_QA,E muito bom mais e cansativo,5,1,,2019-09-06 13:08:27
80,Terezinha Oliveira,https://lh3.googleusercontent.com/-xzJWmZZlPm8/AAAAAAAAAAI/AAAAAAAAAAA/AMZuuclPcl7I_cCcXgE4egY9Tqh4dMfR8g/photo.jpg,Não gostei muito pesado,1,0,,2019-10-29 14:40:10
81,Meliza Babiuck,https://lh3.googleusercontent.com/a-/AOh14Gioe_4CDz3cTpkAi9Jnz6BVdRRfreBNJLMCSG8KQw,Se eu Gosta eu do mais estrelas ok,3,1,,2018-11-18 14:53:36
82,Maria Bernadete Silva Lima,https://lh3.googleusercontent.com/-eYM9VErYTrU/AAAAAAAAAAI/AAAAAAAAAAA/AMZuucl6DNXwRE_xu8IXht_eN3Lcz4TPXQ/photo.jpg,Adoro esse jogo,5,0,1.87.1,2018-10-04 21:24:32
83,Wagner Davi Marques Leal,https://lh3.googleusercontent.com/-7I3IhMZeEMg/AAAAAAAAAAI/AAAAAAAAAAA/AMZuuck-nXZjCMaNli07Xsi3_KIZOfv8DQ/photo.jpg,boooooooooooooooooooooommmmmmmmmmmmm adorei ótimo,5,0,1.110.0,2019-09-29 16:38:22
84,Mirian Alves,https://lh3.googleusercontent.com/a-/AOh14Ghm-lYVe5C-ILUo5B4ixKmzP42_9qFaah-4PSDk,jogo muito bom,4,2,1.105.0,2019-08-09 12:58:59
85,Fátima Catarino,https://lh3.googleusercontent.com/-ebahVpywEzo/AAAAAAAAAAI/AAAAAAAAAAA/AMZuucnsz74M97wB-f980jtkabD2xXt-Cg/photo.jpg,Adoro 5 estrelas,5,2,1.101.1,2019-07-30 19:31:01
86,Patricia Florencio,https://lh3.googleusercontent.com/-TEOTpQTy0Eg/AAAAAAAAAAI/AAAAAAAAAAA/AMZuuckB8iXV5hkL6KKEO6CupTXg_AWImQ/photo.jpg,È de mas. ❤❤,5,1,1.85.3,2018-10-17 16:32:51
87,Um usuário do Google,https://lh3.googleusercontent.com/EGemoI2NTXmTsBVtJqk8jxF9rh8ApRWfsIMQSt2uE4OcpQqbFu7f7NbTK05lx80nuSijCz7sc3a277R67g,E otimo mas mim rouba muito,5,1,1.88.2,2018-11-02 12:09:58
88,Um usuário do Google,https://lh3.googleusercontent.com/EGemoI2NTXmTsBVtJqk8jxF9rh8ApRWfsIMQSt2uE4OcpQqbFu7f7NbTK05lx80nuSijCz7sc3a277R67g,É o máximo,5,3,1.95.5,2019-03-22 17:14:05
89,FOX Theuziiin,https://lh3.googleusercontent.com/a-/AOh14Gg8fWNAgPHtlZL0UUD0BPtSB4dB8QVhh_nFfyK6jQ,Vim pelo Avakin mas gostei,5,0,,2018-10-14 21:05:36
90,Um usuário do Google,https://lh3.googleusercontent.com/EGemoI2NTXmTsBVtJqk8jxF9rh8ApRWfsIMQSt2uE4OcpQqbFu7f7NbTK05lx80nuSijCz7sc3a277R67g,N gostei muito,3,0,1.84.1,2018-11-29 15:22:26
91,Vanessa Mello,https://lh3.googleusercontent.com/a-/AOh14Gj1X7nSvPWfl82xHjX5Ka0-BDEX3w7I7v0iPw12,Testando no avakin,5,0,1.87.1,2018-09-25 13:41:55
92,Um usuário do Google,https://lh3.googleusercontent.com/EGemoI2NTXmTsBVtJqk8jxF9rh8ApRWfsIMQSt2uE4OcpQqbFu7f7NbTK05lx80nuSijCz7sc3a277R67g,quero ganhar bingo adoro,5,5,1.96.3,2019-03-31 17:54:06
93,Um usuário do Google,https://lh3.googleusercontent.com/EGemoI2NTXmTsBVtJqk8jxF9rh8ApRWfsIMQSt2uE4OcpQqbFu7f7NbTK05lx80nuSijCz7sc3a277R67g,vim pelo avaconis kkk,5,0,,2018-10-11 23:23:01
94,MagdaMara Soares,https://lh3.googleusercontent.com/-DSplHpU7cd4/AAAAAAAAAAI/AAAAAAAAAAA/AMZuucmSB-dR8lqrfuaK_JLUgm8UkYNwHA/photo.jpg,Nap cpnheco ainda,5,0,,2019-02-01 21:22:04
95,Beatriz Wagner da Rocha,https://lh3.googleusercontent.com/a-/AOh14GiGA7UhXKCMFfTkUOIvvS_QeYBD3w08IrgoZg96,"Depois da atualização, não consigo mais pegar as fichas bônus de lugar nenhum. Facebook, Messenger, nada funciona para as fichas bônus.",5,3,1.133.1,2020-05-28 18:48:52
96,Alex Mot,https://lh3.googleusercontent.com/-97ZHS70HafA/AAAAAAAAAAI/AAAAAAAAAAA/AMZuuclhMLJagCDY0-7kp8mhQMujTwMKaA/photo.jpg,Contadas das bolas tinham quê ser em português como era no começo,4,20,1.133.1,2020-05-19 15:43:20
97,Patricia Hirschen,https://lh3.googleusercontent.com/a-/AOh14GihoJ--zFVxmvvCbJb6mY65bZLXLzLxhsJoQRSxZQ,Adoro!!,5,0,1.133.1,2020-05-18 11:25:37
98,Hilda Sousa Rodrigues,https://lh3.googleusercontent.com/a-/AOh14GgSfY2A_yvrur-kvrY88SFwZ5i_tBbjv8DjEE-LRYM,"Não gostei da atualização... clico em 4 cartelas, qdo abre não aparece as cartelas com os números, ai saio.para poder voltar meus pontos, mas acabo perdendo... já aconteceu 3x... tenho amigos que jogavam e desinstalaram.. Chato isso.",4,0,1.132.1,2020-05-12 18:56:22
99,Denis Sugimoto,https://lh3.googleusercontent.com/a-/AOh14Gi4aGQApzPdKv61o_qHGv42FqcnZ6xEashSZBGb,Melhorou bastante! Agora só falta o jogo via app ter todas as funções que tem quando se joga pelo facebook.,4,0,1.132.1,2020-05-12 16:47:30
