,userName,userImage,content,score,thumbsUpCount,reviewCreatedVersion,at
0,Gump Forrest Gump,https://lh3.googleusercontent.com/a-/AOh14GjsyVjpPagociWXku7feHt_PWIfjOPrVPXtq5pgHQ,"O jogo é muito bom, jogo desde 2014, mas não estou conseguindo recuperar minhas conquistas que aparecem no Google Play. Comprei outro celular e perdi todos os carros da minha garagem.... Todos estavam no máximo... Como um jogo pode não reconhecer o Google Play. Quando instalei novamente voltou a zero, mas no Google Play aparece que tenho 38/39 conquistas. Gostaria um feedback....",1,116,5.0.1,2020-04-20 09:07:36
1,Gabriel Abrantes,https://lh3.googleusercontent.com/a-/AOh14Gj-OrCVkix1ufgHrjnRWnmMBCYiIKVWxarCZV2kxw,"Eu perdi todo o meu progresso no jogo - não estou conseguindo recuperá-lo. Por favor tratem de recuperar meu progresso. E, deem mais atenção a esse jogo. Caso vcs não consigam recuperar, desinstalarei o jogo. Estou pedindo na boa porque sei que o jogo é muito bom. Tão bom quanto csr 2. Logo, 1 estrela por esse motivo. E, para o pessoal que vai ver meu comentário, tenham em mente que o jogo, pelo que vi e pelos outros comentários, não é salvo. Perdi meu tempo. Decepcionante e desagradável!",1,154,5.0.1,2020-04-05 05:14:48
2,Ruitergames 123,https://lh3.googleusercontent.com/a-/AOh14GjHctxVjqYNLs6WtgpVl6u4G1MZ0Dg41bQOnWjD,"Vi nos comentários sobre falhas de salvamento de jogo e carros por tokens muito caros,porém já aconteceu comigo em outros jogos,tokens num jogo sim,mais pra mim sou muito ruim nesse jogo porque não consigo dinheiro,e demora pra instalar tipo 1 ano,e quase sempre vc ta intalando um jogo,depois o download mostra:instalar,e tem que instalar de novo,pra não acontecer,acontece.o motivo de perder contas e manutenção,abandono, e motivação de melhorar outro jogo,e mais coisa ruim que não seja isso.",3,97,,2020-04-10 18:51:42
3,victor hugo,https://lh3.googleusercontent.com/-Rfi-aTyi_Cw/AAAAAAAAAAI/AAAAAAAAAAA/AMZuucmOefxazzrRxt3MAPbDywtO_wdMEw/photo.jpg,"CSR 2 veio e agora eles estragam a emoção do primeiro, que não minha opinião é melhor que o segundo. Por dinheiro talvez, mas desnecessário fazer isso. Eu jogo o 2, mas nem é tão maneiro. CRIADORES dessa obra de arte, façam algo pra resolver, uma grande quantidade de pessoas ainda querem jogar esse jogo. Bobeira.",5,7,5.0.1,2020-04-22 18:45:58
4,O Monarquista,https://lh3.googleusercontent.com/a-/AOh14GidT2F6FcKQ6LbR6P0R50KbCDY8NKv7_3mqUusP,"Horrível Quando eu já estava na internacional o meu celular descarregou. Quando eu carreguei e fui jogar o jogo tinha voltado tudo do começo. Não jogo mais, só se jogar com hack. Perdi todo o meu progresso.",1,1,,2020-05-20 05:03:42
5,Francisco Neto,https://lh3.googleusercontent.com/-VPqZYbHh0Vc/AAAAAAAAAAI/AAAAAAAAAAA/AMZuuck7xkH8uIDJw6HXlpRsgs4YO5T-Ag/photo.jpg,Jogo massa mais não recomendo para ninguém se você está ai de boas não baixa eu tinha acabado de comprar um carro e o jogo voltou do inicio se você não que parssa raiva baixe outro jogo;-;,1,0,5.0.1,2020-05-18 19:17:31
6,Mayko Douglas,https://lh3.googleusercontent.com/-c1Edfnx9Fc0/AAAAAAAAAAI/AAAAAAAAAAA/AMZuucmgXZpCle478CiCw0KB2ZQP86lF8w/photo.jpg,"Podia ter como vender os carros,Pq eu sou iniciante e estou na série 2,Aí eu estou sem dinheiro pra botar as melhorias certas pro meu carro aí eu não conseguir vencer o jogo é bom,Mas podia ter uma atualização e colocar a opção de vender o carro",3,101,5.0.1,2020-03-03 20:09:36
7,valmiro alves,https://lh3.googleusercontent.com/-EFlLfHOndTo/AAAAAAAAAAI/AAAAAAAAAAA/AMZuuclSz9MnsMSVjVDITSXrMom73T5WBQ/photo.jpg,Ótimo muito bom os gráficos são incríveis eu recomendo muito bom principalmente pra passar o tempo nessa quarentena a história do jogo é ótima e t muitos carros bons parabéns para os desenvolvedores,5,7,5.0.1,2020-04-24 12:38:51
8,Abner Vieira,https://lh3.googleusercontent.com/a-/AOh14Ggpyxnh-0GfndnbOSBfUASBKPnxWRnB7L5fntNy,"Parabéns por criar a Ferrari fxx k, um carro que e da terra ou veio de outro planeta pra ter as melhorias por tokens impossíveis de se conseguir, desinstalei por causa desse método horrível de se melhorar um CARRO que existe na vida real e concerteza não ganha peças por tokens de melhoria.",1,44,,2020-03-27 11:29:07
9,murillo aprontando,https://lh3.googleusercontent.com/-5vAnbr65ous/AAAAAAAAAAI/AAAAAAAAAAA/AMZuuckDmE0MmmgCptzF_cXVVHYsDpeNLg/photo.jpg,Gostei muito mais acho que deve aumentar o salário na corrida regulamentar e também diminuir o preço de dinheiro nos carros a maioria acho que compro os mais caros e rápidos e da um trabalhão conseguir esses carros sem paga,4,4,5.0.1,2020-04-28 14:23:24
10,Luis Felipe,https://lh3.googleusercontent.com/a-/AOh14GgYnzhJuQOmAtf963vQCx2KZaUNiKewsATILfMy7Q,"Antes eu nao esta va gostando pois toda vez que eu instalava falava que eu tinha que baixar de novo mas depois que eu consegui o jogo em si é bem legal só acho que pra melhorar, poderiam colocar um modo de amigos eu queria jogar com meu pai mas nos nao conseguimos prq nao tem como",3,0,5.0.1,2020-05-30 04:05:59
11,Lucas Ryan Melhado lovaglio,https://lh3.googleusercontent.com/-c2rSBrq7mHs/AAAAAAAAAAI/AAAAAAAAAAA/AMZuuckW3mtrB9ZrfzuUEzit5-FNwXkcqg/photo.jpg,Jogo muito bom mais fiquei chateado em questão de eu ter instalado ele de novo e sumido todos meus carros já tinha fechado ele tava na ultima parte até tinha pegado o Bugatti e nas conquistas tem a confirmação disso se algum operador do jogo poder me responder por acaso me ajudar em questão disso Agradeço,3,38,5.0.1,2020-04-04 22:13:42
12,Anderson Schmitt,https://lh3.googleusercontent.com/-RN_lY9O0OWc/AAAAAAAAAAI/AAAAAAAAAAA/AMZuucnE77Yv3bdRQjD_qE0_wktFTGjFzA/photo.jpg,Quando eu instalei esse jogo no meu celular nas últimas duas vezes eu não consegui entrar on line Mas no meu primeiro jogo eu consegui só não sei como Mas tirando isso o jogo é bom eu já até zerei,5,4,,2020-04-29 11:12:52
13,Roberto Dks,https://lh3.googleusercontent.com/-LL0lJw0wsI0/AAAAAAAAAAI/AAAAAAAAAAA/AMZuuclo4NcXMIQo-8LYsHVpB3Z3JYAk4g/photo.jpg,"O jogo é otimo e legal, belos graficos e boa jogabilidade. So que falta novos carros, como o porche,bugati chiron e ariel. Porfavor atualizem e coloquem esses carros",5,5,,2020-04-22 08:33:03
14,Pedro Henrique Altino,https://lh3.googleusercontent.com/-ePcGuwhFm_w/AAAAAAAAAAI/AAAAAAAAAAA/AMZuucm6SV3RsodJkFZ15FqvGiJVKduETA/photo.jpg,"O CSR Racing é muito divertido, mais uma q eu fiquei com raiva é que cheguei no nível 2 e depois 10min ou 5min volta tudo denovo e perde o perfil interio, mais que desepição de quem criou o jogo defeituoso...",3,15,5.0.1,2020-03-27 02:04:10
15,Control 1 On,https://lh3.googleusercontent.com/a-/AOh14GiOxa5UYaNdsnxDJ0uPxkRGZxCH9XWuHipn-MwU,"Eu parei de jogar por um ano, e quando eu voltei, minha conta simplesmente não quer mais funcionar. Eu já estava no último chefe e foi tudo por água abaixo",2,1,5.0.1,2020-05-03 20:09:02
16,João Vitor,https://lh3.googleusercontent.com/a-/AOh14GixFJwM86t0ktJUNBNKc5Jp1DNWngnbuij_65mN,"Poderia ter mais coisas ao redor da pista mas a jogabilidade , gráficos e etc e enrresistivel é o jogo não tem muita propaganda só queria que tirasse a quantidade de gasolina e que poderia correr a vontade",5,61,,2019-12-12 16:26:13
17,Francine Dias Pereira,https://lh3.googleusercontent.com/-BD89QkIS_hM/AAAAAAAAAAI/AAAAAAAAAAA/AMZuucnqWe7n4aFkc4Rx4fDoRB7cYFyVlA/photo.jpg,"Um jogo de corrida muito bom , os gráficos , os carros é tudo ótimo.",4,6,5.0.1,2020-03-25 13:49:47
18,Um usuário do Google,https://lh3.googleusercontent.com/EGemoI2NTXmTsBVtJqk8jxF9rh8ApRWfsIMQSt2uE4OcpQqbFu7f7NbTK05lx80nuSijCz7sc3a277R67g,"O que acho é que CSR Racing é jogo incrível. Porém, retirar o modo online piorou o jogo. isso provavelmente é questão de foco no CRS2, que é o mais novo lançamento da empresa. Mas isso não pode acontecer. Seria bacana também se os criadores organizassem os carros na loja por índice de desempenho, e não por marcas. Seria mais fácil. Espero que escutem a comunidade de avaliações.",4,177,,2019-03-20 21:02:29
19,Caio Daniel,https://lh3.googleusercontent.com/-7vy2okEYq-0/AAAAAAAAAAI/AAAAAAAAAAA/AMZuucksJtuVCR4w-Tv-8SvWmP8MCyVWZg/photo.jpg,Quero pedir aos desenvolvedores que voltem a dar mais atenção CRS Racing pq foi por causa desse jogo que desenvolveram CRS 2 É mais uma coisa por favor coloquem auto salve no jogo se trocarmos de aparelho perdemos todo o progresso obrigado,1,4,,2020-04-07 15:22:51
20,Kellyton Rafael,https://lh3.googleusercontent.com/-1gHF5M2aHL8/AAAAAAAAAAI/AAAAAAAAAAA/AMZuuclyM_wlNC6qJBbzNG2XjjRiluSnCg/photo.jpg,"Aplicativo muito bom, mais tem um porém troquei de celular, e não voltou meu perfil que eu estava. Não esta no nível que eu estava, nem os carros que eu tinha . Só as conquistas que então carretas.",1,89,5.0.1,2020-02-15 22:13:51
21,Vigarista HANDÃØ,https://lh3.googleusercontent.com/a-/AOh14Gio5Qe_a9BROJ6QSN99RicRmyNE--Yb3mR5op7Z,"Gráficos atraentes,vasta opções de carros empolgantes e dinâmica muito envolvente.",5,3,,2020-04-24 01:59:37
22,pedrobr252,https://lh3.googleusercontent.com/a-/AOh14GjMZp0Sa1LGWCwEnD3ge28NPYJEXhd0ggyd6XZQaA,Nossa joguei esse game quando tinha uns 7 ou 8 anos hj já tenho 11 e vou fazer 12 anos mas que jogo incrível jogo muito bom msm eu jogando com um carro que n corria nada eu n conseguia sair do jogo por causa que era mto bom esse game,5,8,,2020-03-07 14:16:59
23,Carlos Henrique Felipe Pereira Vale,https://lh3.googleusercontent.com/-jlsE9tYXuyw/AAAAAAAAAAI/AAAAAAAAAAA/AMZuucmZIpfp4XLv1EUomXd0O2YW2-0qMQ/photo.jpg,O jogo é bom jogo des de que tinha 2 anos mais o jogo tem muitas falhas de salvamento por isso coloquei 2 estrelas E também demora 1 século para instalar,2,0,,2020-05-20 11:57:42
24,zepeto muzic,https://lh3.googleusercontent.com/a-/AOh14GhmAJgLHU1BMrZ12m74vnETlD8N4Iz8jyasATtDoA,Para Minha não tenho nada reclar do jogo eu adorei o jogo e nstatico é-o gráficos são bons mas de irão melhorar jogablidade e só isso,5,0,,2020-05-12 16:16:14
25,Um usuário do Google,https://lh3.googleusercontent.com/EGemoI2NTXmTsBVtJqk8jxF9rh8ApRWfsIMQSt2uE4OcpQqbFu7f7NbTK05lx80nuSijCz7sc3a277R67g,"o jogo é bom, mas o único problema é de um carro que é o aston Martin v12 vantagem s, o problema dele é que a caixa de marcha dele é muito bugada, quando você tuna a caixa de marcha no máximo exemplo: você tá parado pra larga aí você largou, você tá de primeira quando vai trocar pra segunda ela já pula pra terceira aí quando você vai reduzir ela já pula pra primeira de novo. Criadores arrume isso porque você gasta muito tô dinheiro de graça por favor ☺",3,43,5.0.1,2019-03-31 18:35:52
26,Douglas Lima,https://lh3.googleusercontent.com/a-/AOh14Gi3-GdGAILk-qtgYGUKqbMUZ8mgA-f0q_Xa3T7LCg,"O jogo é muito bom, mas infelizmente não poder mais logar com o Facebook é um fato q pesa contra.",4,0,5.0.1,2020-05-10 02:53:26
27,Bryan_Br,https://lh3.googleusercontent.com/a-/AOh14GjoeFDL4F_MmSmQHByxfKpsrWXtPJ7h7y19xrNU,"Perdi todos os meus progressos de tempos que eu jogava, mesmo tendo salvo na Google",1,0,,2020-05-06 18:52:30
28,Rene Donizete,https://lh3.googleusercontent.com/-P-F217LLmA8/AAAAAAAAAAI/AAAAAAAAAAA/AMZuuclyFmu3NBYljuavoBGhwkNm12BcMA/photo.jpg,Muito legal o gráfico é incrível e nessa quarentena é um ótimo jogo pra passar o tempo eu recomendo,5,3,,2020-04-21 18:03:34
29,SHOT R.M.K.V,https://lh3.googleusercontent.com/a-/AOh14GgQwyx1pOzrLkwnoHh6kyoN3fAUrhFCvmaF8Io2,Estou muinto decepcionado por que eu tenho minha conta a um tempão minutos carros etc ai quando eu desistalei o jogo e fui volta a joga depois de um tempo voltei mais quando eu entro não volto com minha E tenho que começa tudo de novo afs que raiva arrumem isso pq antes dava pra logar também no face e agora não da mais e Ai eu logo pelo Google play games o que eu não entendo e q minhas conquistas tão salvas Mais meus caros nada eu tenho wat ? Alguém me responde (Ou os desenvolvedores help) ?,3,31,5.0.1,2019-01-06 02:36:24
30,Débora Cristina,https://lh3.googleusercontent.com/a-/AOh14Gik4BMEwOLskWoXyueF89aqtpbio--Z0p9S08XALQ,"Sempre gostei e sempre joguei esse jogo , mas ontem instalei ele meu progresso não voltou e o jogo tá em inglês , alguém pode me ajudar por favor",5,2,5.0.1,2020-04-10 22:30:56
31,Rai Oliver,https://lh3.googleusercontent.com/-6WCwv9n25YQ/AAAAAAAAAAI/AAAAAAAAAAA/AMZuuclpIAcdmJu4LegtP_cEPGofExLR_w/photo.jpg,"Muito bom, só tinha q ter mais energia pra jogar de resto um ótimo jogo",4,0,5.0.1,2020-05-10 19:03:47
32,Weudez Torres,https://lh3.googleusercontent.com/a-/AOh14GjF_QhtNYrx3weT0DETVZgRj7bKKn0cmPh9O63LDP8,Boa tarde! Tinha um perfil com muitos carros e com muito dinheiro que ganhei jogando muito na troca de celular pra outro quando fui fazer login no celular novo começo do 0 novamente como iniciante... Não recomendo o aplicativo só faz perder tempo jogando sem nenhum suporte necessário para que possa resolver problema... Não recomendo baixa este aplicativo... WT.,1,44,,2019-08-22 15:07:53
33,Fernando Campos,https://lh3.googleusercontent.com/-ryBvsDp0Of8/AAAAAAAAAAI/AAAAAAAAAAA/AMZuuclhQeCSUIwog1pp-V2HvuEKHTe3DQ/photo.jpg,Poderia ter mais coisas dinheiro poderia ser mais facil de se conseguir tirando isso o jogo é bom,2,3,,2020-04-07 12:16:47
34,Davi Batista,https://lh3.googleusercontent.com/-I1S86RPO684/AAAAAAAAAAI/AAAAAAAAAAA/AMZuucluTdXYpCCab0qDN9qSk-5_fEoqWw/photo.jpg,"É um jogo ótimo,não tem nenhum bug,a jogabilidade é incrivel e as corridas e história é interessantes,eu recomendo",5,83,5.0.1,2020-02-02 18:32:16
35,Felipe Ferrari,https://lh3.googleusercontent.com/a-/AOh14Givy0-Vz-CSnFtXgwkBaXgaZnHZEGl2NzyfOTHrnA,"Eu já instalei o jogo mês passado , mais eu reiniciei o meu celular e fui baixar o jogo de novo , mais eu não consegui mais , então, programador do jogo pode consertar isso por favor",2,9,,2019-12-15 17:22:46
36,Thawan Deivison silva,https://lh3.googleusercontent.com/-vsntrlEYhmo/AAAAAAAAAAI/AAAAAAAAAAA/AMZuucnPCJfhryLsn467aDhk8cacFlPTig/photo.jpg,Horrível recomendo no baixar quando a gente tá sem dinheiro e o adversário é muito forte eles pede para melhorar o carro e a gente não tem dinheiro aí não tem como mais jogar você só vai jogar antiga que você jogou a primeira,1,8,,2020-01-05 20:40:02
37,Jhonatan Torinho,https://lh3.googleusercontent.com/a-/AOh14GjmJENxCynzLcX6mu5AMwBZ3Pm58w-WkJs2_9OyWw,Tinha uma conta muito boa já tinha vencido todas as corridas tinha uns 70 carros já e agora não consigo recuperar meu progresso uma pena os administradores terem abandonado seu jogo e seus jogadores decepcionante,1,72,2.7.1,2020-02-22 19:42:02
38,Igor Ribeiro Mendes Cordeiro,https://lh3.googleusercontent.com/a-/AOh14Ggui8lY1bV4FBWeAeBZ0sqYL2QfqXuqfNspfnbC,"Amo esse jogo . Faz uns 3 anos que jogo e parei voltei a jogar esses dias , houve várias atualizações e vocês tiraram o modo online ! Voltem com o modo multiplayer, coloque corrida em tempo real o jogo vai ficar perfeito !",5,32,5.0.1,2018-10-13 08:37:02
39,Diego Cardoso,https://lh3.googleusercontent.com/a-/AOh14GjrjcdvlXKdmLhhOmMEy_DLEbAlNCHh_qnakxBPEg,"Reinstalei o jogo depois de um tempo e todo o meu progresso não foi restaurado. Preciso saber como restaurar pois avancei muito e quero voltar a jogar, mas não vou voltar do início.",1,29,5.0.1,2020-01-07 20:46:19
40,丹ㄥV工れ卄口尺口ち口,https://lh3.googleusercontent.com/a-/AOh14Gh1Bi3PCCKyRnbXwlJOOZJIXF-rsqEy8-ZlywfYNw,Não gostei do modo que o game funciona Obs:atende mais as outras pessoas que elas estão com problemas e vcs nem respondem Seus ignorante (─.─||）,1,2,,2020-04-13 05:13:29
41,Fabio Florêncio,https://lh3.googleusercontent.com/-xrO_JmoAGLE/AAAAAAAAAAI/AAAAAAAAAAA/AMZuuckGllCsA_VO80ZfTs0Bvku8Fu_xuw/photo.jpg,"dou cinco estrelas porquê o jogo é muito mesmo e tem bons gráficos, eu recomendo vcs baixaram,,, porém fica aqui minha crítica e ao mesmo tempo um ideal para os desenvolvedores, coloquem pilotos dentro dos carros aí sim o jogo fica top",5,265,5.0.1,2019-04-27 11:15:32
42,corno supremo,https://lh3.googleusercontent.com/a-/AOh14GhAG2xr8OVUlrLk2y98sLRCgCOuX8YcI1lCqks7,O jogo era muito bom mas agora que o 2 lançou voces nunca mais fizeram updates nesse jogo,3,0,,2020-05-21 21:13:18
43,Washington Teixeira,https://lh3.googleusercontent.com/-6MAPNUQpCss/AAAAAAAAAAI/AAAAAAAAAAA/AMZuucnhv1E275He0yH99K4aU2n66HP9FA/photo.jpg,sou um mero jogador queria uma plataforma multiplayer o jogo e muito bom sei que vcs estao priorizando o csr racing 2 porem não se esqueça do 1 uma plataforma Multiplayer agradiria todos os jogadores não pesso em meu nome e sim no nome de todos os jogadores que querem a mesma coisa que eu aguardo ansiosamente,5,337,5.0.1,2019-01-27 12:14:29
44,Pedro Vara,https://lh3.googleusercontent.com/-hpxtUU12o_U/AAAAAAAAAAI/AAAAAAAAAAA/AMZuucmkmLvuieyDsoH6-6k1_AQ5Z-FS_w/photo.jpg,"Nao instalem o jogo, é 1 farsa de todo tamanho! Tinha 5 carros (sendo um deles comprado com dinheiro real) e ia no nivel 4, estava a jogar, o jogo reiniciou sozinho, resultado perdi tudo inclusive o dinheiro! Depois de mandar mail para o p4ogramador....nada de resposta, ja la vao 2 semanas! Nao instalem, nao joguem",1,452,5.0.1,2019-08-05 15:17:44
45,CISCÃO br,https://lh3.googleusercontent.com/a-/AOh14Gj8xrG0Ewx1t5WKYxOAsrmi0eAxvVSqvzukGQfmjg,Otimo jogo jogabilidade inovadora e muitos carros pra jogar sem duvida um dos melhores jogos de corrida da play store,5,5,5.0.1,2020-03-28 10:48:30
46,Wellyson Lucas Bueno,https://lh3.googleusercontent.com/-vcR_2Z4F_iw/AAAAAAAAAAI/AAAAAAAAAAA/AMZuucnBQjFsN9ItyvN5ddXS5Bhi-Q3Ryw/photo.jpg,Pessoal faltou um pouco mais de gasolina pro jogo ou um pouco mais de ouro pra tocar por combustível mais o jogo é bom,5,0,,2020-05-10 08:22:02
47,Marcelo Dias,https://lh3.googleusercontent.com/-Oew29BfB0i4/AAAAAAAAAAI/AAAAAAAAAAA/AMZuuckBwfjixtGdnHHRXRQe0NgWnWlyPA/photo.jpg,Considero o csr uns dos melhores jogos portateis..bastante real..mas tem um defeito q tira toda a qualidade do jogo!ele reinicia sozinho sempre vc perceber,5,4,,2020-01-09 16:37:56
48,Kelven Kel,https://lh3.googleusercontent.com/-cMI7GNNKCJs/AAAAAAAAAAI/AAAAAAAAAAA/AMZuuckUOkM_2BboUXQk8fzAJifY9Zyy4A/photo.jpg,"O jogo e muito bom , mais depois que tiraram o modo online fico sem graça e desanimador... ""PERDEU A NOSTALGIA QUE ERA ANTES"" quando vocês trouxerem o modo online de novo darei uma nota muito melhor , tragam o modo online de novo !",2,146,5.0.1,2018-12-09 22:16:32
49,HDR Gameplays,https://lh3.googleusercontent.com/a-/AOh14GjT8qL-c_eQs3FKoowlB4ye-ebsKT0tlm-seaP2lQ,"Podiam atualizar esse CSR 1,pois o 2 nao roda no meu tablet,o jogo foi descontinuado em 2018,podiam voltar viu!!",3,0,5.0.1,2020-03-12 10:47:22
50,Coalahツ,https://lh3.googleusercontent.com/a-/AOh14Gh1qS2v6M7PLHG9KI5KgaL6C_fzCrwK90uVRGWndg,"bom porem nao recomendo, toda vez que desinstala o jogo vc perde seu save, ja e a 4 vez nesse, Tambem perdi a minha no CSR2, sacanagem.",3,2,,2020-04-09 19:03:46
51,José Henrique,https://lh3.googleusercontent.com/-xANvN0m2vyw/AAAAAAAAAAI/AAAAAAAAFYk/AMZuucn9xvPdvUKjUVcrcVKlO7UG2QO1pQ/photo.jpg,"Ótimo jogo, porém não estou conseguindo recuperar meu progresso.",1,0,5.0.1,2020-05-18 08:15:15
52,Lucas Soares,https://lh3.googleusercontent.com/-K1oQjgupB1s/AAAAAAAAAAI/AAAAAAAAAAA/AMZuucl5fZ4rKPOQ88KkpdvO4eQCdDEMnw/photo.jpg,olá csr Racing jogo e bom mais a gasolina pode ser infinita por eu joga mais o jogo no estante acabar a gasolina jogo e espetacular por também é ser de arracada de carros dei 4 estrelas mais como atualizar por favor tire essa gasolina que tem que comprar e coloque em infinita vocês tem competência colocar a câmera dentro do carros também sou isso,4,191,5.0.1,2019-02-06 18:39:07
53,Roberto Maganha,https://lh3.googleusercontent.com/a-/AOh14GhHe6pFZGUSd3uLgNkwMzS5058Cvnl_ClgfhrHrMQ,"O inacreditável é não conseguir jogar os campeonatos online, antes, tempos atrás era perfeito, hoje nem aparece mais os campeonatos on line. Abandonaram o jogo, deixaram pra lá... Parabéns administradores...",1,33,5.0.1,2019-10-24 19:41:08
54,Joaquim Venâncio,https://lh3.googleusercontent.com/a-/AOh14GiUQMJBbiofPPlFZJNOeXIXgBNM0dNNM7DsOt6tDA,(Huawei P30) - Porque é que depois de gastar euros e de um tempo sem jogar não consigo recuperar os veículos que tinha?,1,28,5.0.1,2020-01-20 05:17:23
55,Um usuário do Google,https://lh3.googleusercontent.com/EGemoI2NTXmTsBVtJqk8jxF9rh8ApRWfsIMQSt2uE4OcpQqbFu7f7NbTK05lx80nuSijCz7sc3a277R67g,Olá galera adorei o jogo sim sou testador de betas promovido pela Google play store amei esse app e não tenho é nem vocês o que reclamar as vezes não é compatível com o celular ou iphod e alguns andróides mas na reclame espere pela próxima atualização sua vez vai chegar mas eu só tenho uma coisa pra dizer que o jogo é ótimo.,5,9,,2018-10-17 10:47:42
56,TheMilleroz,https://lh3.googleusercontent.com/a-/AOh14GicoCdbzKRJkqmpFci76ijPlkZGbXxcaEeQ-F-yqA,"Jogabilidade excelente, Grafico perfeito, unica coisa ruim é que a gasolina demora muito pra se restabelecer! tirando isso o jogo tem tudo pra ser o melhor",5,6,,2018-12-01 20:12:56
57,EricsheenGamer 02,https://lh3.googleusercontent.com/-h58BwjFoikc/AAAAAAAAAAI/AAAAAAAAAAA/AMZuucnYJbwzLFQC8P0vOkUjk7OpG6vnbA/photo.jpg,Não consigo usar minha conta que eu jogava eu tinha mais de 50 carros e ja fui primeiro no rank tenho quase todas as conquista e fui entrar agora não aparece a opção pra mim usar minha conta não quero mais saber desse jogo,1,18,5.0.1,2020-02-15 02:07:24
58,luoliver2001,https://lh3.googleusercontent.com/-dTwEg6xZPwQ/AAAAAAAAAAI/AAAAAAAAAAA/AMZuucld23vrriDNkT4bmZvJJrwqezXLpw/photo.jpg,"Jogo bacana, porém estava com mais de 90 carros e o faltando pouco para completar todas as etapas, pois já havia ganho de todas as equipes, e indo a copa wold e também com varias etapas concluidas, perdi tudo, não conseguindo mais resgatar.",1,302,5.0.1,2019-03-13 19:38:48
59,Peterson Diamantino,https://lh3.googleusercontent.com/a-/AOh14GgZuHA9eCtK_0JidXwLOrbHkLSEL63GKaJF_5TjUQ,Perdi todo meu progresso no jogo. Não vou começar do zero de novo mas o jogo é bom!,2,0,,2020-04-13 12:13:52
60,Wagner Cardim,https://lh3.googleusercontent.com/a-/AOh14Gj67i_sWTaiD3EmX4t_uB0Tbs3RRQm693c6g-XR7A,"jogava esse jogo desde 2015, fiz bastante compras no jogo, tinha todos carros do jogo, aí hoje fui voltar a jogar e não consigo entrar com minha conta e começo do zero, se não resolver isso, volto a deletar ele é nunca mais baixo um jogo dessa empresa.",1,7,5.0.1,2019-06-05 21:43:45
61,canal supremo bm,https://lh3.googleusercontent.com/a-/AOh14GgR51CB_GVpY-pAKUsWE5eliFjIBbrPtIbPPxfo,"Não gostei muito foi muito difícil do que eu pensei na fase do Luther o audi a1 s line dele é muito mais rápido do que os outros a1 s line. Para quem chegou nesta fase e está na mesma luta,recomendo desinstalar o csr racing e instalá-lo de novo e comprar um carro carro mais rápido do que o a1 ou por maior preocupação compre o carro mais rápido da série 1",1,35,,2019-10-06 22:01:06
62,Dorival Dori,https://lh3.googleusercontent.com/-jtzc469z2-I/AAAAAAAAAAI/AAAAAAAAAAA/AMZuuck3j-RIYjWLKg8vpzIauWoyuJOFHg/photo.jpg,O jogo é muito legal vocês podia também fazer um tipo de jogo de arrancadão só q = Forza Horizon 3 aí você aí você escolhe um carro para daí você fazer corrida de rua aí os carros mais ruins era os mais caros e os mais e os melhores eram os mais baratos tá então um beijo e um abraço para o criador do jogo CR CRS Racing abraço,5,2,,2018-11-14 10:45:09
63,Rosana Araújo dos Santos,https://lh3.googleusercontent.com/a-/AOh14GjPKW-NpNbBFbSmegzKUgV71otrxYrBmPdNonF3Yw,"É um jogo excelente!Ótimos gráficos,boa jogabilidade,varios carros de diversas marcas,e ainda tem varias horas de gameplay.Recomendo mais para quem gosta de jogos de corrida de arrancada!",5,491,,2019-09-07 00:30:59
64,Tatiana Silva,https://lh3.googleusercontent.com/a-/AOh14GivL3bB2jDNwyesfKY_E9kGQVczIrzSV0On1xCkkw,"O jogo nao é mau , mas podiam melhorar mais a app em questao de ser possivel jogar entre multiplayers e de se conseguir entrar na conta da playstore e de adquirir o carro que é preciso com o donwloud do crs racing 2. De resto nao tenho mais nada a pontar ao jogo.",2,18,,2019-09-07 13:08:28
65,Zkozz,https://lh3.googleusercontent.com/a-/AOh14GgYWcnIAkcqS1VwS2QZS8cpOYJLxCVLSQXUUAM,"Voltei a jogar recentemente e perdi todo meu progresso, quero voltar a jogar mas não vou voltar desde o início.",1,2,5.0.1,2020-01-11 00:03:49
66,Otavio Carvalho,https://lh3.googleusercontent.com/a-/AOh14GiYoicFTXhwEXWjiLeuEUEN8Jqjzb9n0MaGDeBKVQ,"O jogo é muito bom, mas poderia ter um modo online ou via bluetooth, isso seria bom!!! Mas parabéns à NaturalMotionGames Ltd por todo esforço!!!",4,24,5.0.1,2019-07-28 15:13:06
67,roberto SDKS,https://lh3.googleusercontent.com/a-/AOh14GjU2v5_LomJjhnHJFLbqAVg7gRqUqq1T9ipTqXI,Gostei muito mas falta colocar o modo online e colocar videos para encher um pouco o tanque e conseguir ouro,5,5,5.0.1,2020-02-20 12:09:00
68,Leonardo Cachapuz Novaes,https://lh3.googleusercontent.com/a-/AOh14GhdgdYzeueyqOT-GGHGtwXexByfeEoCJw7ImFuC,"Todos os carros com as melhorias feitas desapareceram depois que desinstalei, já fiz de tudo mais não aparecem.",1,2,5.0.1,2020-04-13 01:13:14
69,Jhonnatam Frantiel,https://lh3.googleusercontent.com/-gOkFv-PG7oI/AAAAAAAAAAI/AAAAAAAAAAA/AMZuuckTa0m3BdZYo43e4R-jqTc1ojhO_Q/photo.jpg,Darei apenas uma estrela... Pois o jogo so bem piorando! E voces nem pra dar uma atençao para os jogadores! O suporte de salvamento em nuvem esta desligado permanentimente! parem de dar atençao somente para o csr 2.,1,20,,2019-05-09 21:38:29
70,Jefferson Alves,https://lh3.googleusercontent.com/-O3oGnXGwg2k/AAAAAAAAAAI/AAAAAAAAAAA/AMZuuckLkzlurnyfkvu_PWLI_GbDdTqpKQ/photo.jpg,É lamentável ver csr racing estragado pelas más atualizações feitas decorrentes dos criadores porque removeram o modyo online dessa forma permitindo a carreira dentro do jogo é claro né.Antes dessas atualizações era tudo perfeito até isso acontecer,5,274,5.0.1,2019-05-09 21:19:04
71,Allan Klyver,https://lh3.googleusercontent.com/-xiivqwoOq8o/AAAAAAAAAAI/AAAAAAAAAAA/AMZuuclK2D4GvThouNpUCxEMy4c0wdY9oQ/photo.jpg,O jogo é ótimo mas precisa melhorar o som dos carros tão quase os sons iguais botem o som dos carros reais na próxima atualização,5,3,5.0.1,2020-01-26 11:52:33
72,menino maluquinho,https://lh3.googleusercontent.com/-4laLVKj6tfo/AAAAAAAAAAI/AAAAAAAAAAA/AMZuucn7Majub7VtvHFcNVThZGh2-WDKtQ/photo.jpg,"Grafico lindo, jogabilidade diferenciada e dificuldade boa, e claro... carros! Gamei",5,1,5.0.1,2020-01-02 23:26:05
73,SrDogg,https://lh3.googleusercontent.com/a-/AOh14GiyW1RprM3wFGEYSzisNcFovU6KJ73ZwwsoAADkNQ,"o jogo era ótimo, ate desligarem o modo online , cara , vcs acabaram com a melhor parte do game , as melhores , o modo online era o melhor , podiam colocar de volta🤷🏻‍♂️",1,18,,2019-02-08 11:03:09
74,Paulo Coelho,https://lh3.googleusercontent.com/a-/AOh14Ght--Paz3Ra1DZIAD1_Y9tQwPS4vYc2MmHxWn8d8g,"Que jogo, muito bom, a dinâmica de jogo é impecável! Parabéns Desenvolvedores!",5,2,5.0.1,2020-03-20 09:27:27
75,Kelvin Barbosa,https://lh3.googleusercontent.com/-lwgrfqR-vxo/AAAAAAAAAAI/AAAAAAAAAAA/AMZuuck9cp7JV_o-DmxTxjRXBmKRgt30EQ/photo.jpg,"Mano cade o mult Natural o jogo está se acabando, ninguém consegue conectar as contas isso é muita falta de respeito por que pessoas gastaram dinheiro nesse game pra isso acontecer meu deus",1,6,,2019-01-20 20:37:54
76,SHALOM CULTURA FJU,https://lh3.googleusercontent.com/a-/AOh14Gjac75zarEiCGzvYoH4UjeGZMnxBpzfHCkEZm03NQ,"Estou decepcionado com os desenvolvedores perdi uma conta de extrema altura. Eu começei a jogar esse game a muinto tempo la em 2014 ou 2015 ai volto a jogar e perdi tudo... por favor ainda estou na esperaa , vcs tiraram o modo loguin com face eu perdi muinto dinheiro nesse jogo",1,13,,2019-09-28 17:17:54
77,Charles Resende,https://lh3.googleusercontent.com/a-/AOh14GhGuzKSVoH8pYNCjfQuK87D9q7KtLVmyWNqolyCCg,"Os gráficos são ótimos, mas não gostei do jogo!",1,1,,2020-03-16 22:38:42
78,Rúbia Serragioli,https://lh3.googleusercontent.com/-kTfJjPamizY/AAAAAAAAAAI/AAAAAAAAAAA/AMZuucncD2MDNaXB_lS_VzSj2NJKq_TDYw/photo.jpg,Eu estou instalando esse jogo e esta no 13% e arrumem para instalar mais rápido possível que eu não tenho esse jogo porem as fotos do jogo eu enstalo recomendo baixar o jogo é muito bom pelas fotos do seu jogo mas tenho so 4 jogos dai meu irmão de 14 anos ele falou que eu posso estalar 5 jogos não pesados mas eu achei o jogo legal,5,25,,2019-08-22 08:50:01
79,vídeos para status,https://lh3.googleusercontent.com/a-/AOh14GjlZBbrNWI6kruqiY7v3Gw8DFD9DFiiS1UfMPgXRQ,será que existe alguma possibilidade de retornarem com o modo online multiplayer ? poha... eu tenho esse jogo desde 2013...,5,26,5.0.1,2019-04-21 10:17:08
80,Douglas Rodrigues,https://lh3.googleusercontent.com/a-/AOh14GguH3U23Q4HgBkdZrolxwFlNFFddP6Z7vhLfZAT,Não aparece o multiplayer pra jogar online.,1,1,5.0.1,2020-05-25 02:28:14
81,Adilamar Ramalho,https://lh3.googleusercontent.com/-qILGF2MZVa8/AAAAAAAAAAI/AAAAAAAAAAA/AMZuucmX697LdnSTt3vOWBJe4JDXNl-_oA/photo.jpg,Já joguei esse jogo em um outro celular quando mudei o aparelho perdi tudo já tinha mais de 17 carros no entanto perdi tudo,4,1,,2020-03-14 10:16:04
82,Igor palma,https://lh3.googleusercontent.com/a-/AOh14GhZSPB4UQmZPmOvA14bvFAeXdtnL4suv1ZucesC,É bom para aprender a meter mudanças e a experiência de conduzir um carro e a conhecer as suas capacidades de condução de um automóvel,5,10,,2020-01-01 13:06:10
83,Guilherme Guidugli,https://lh3.googleusercontent.com/-L0BstquQ32A/AAAAAAAAAAI/AAAAAAAAAAA/AMZuucnIXaVBTd3x8NQPP7aAsuzFhqcl6g/photo.jpg,"Fiz uma.compra no jogo, creditou do meu cartão mas não apareceu a compra no jogo",1,0,5.0.1,2020-03-24 20:24:55
84,PastelZoeiroGamer,https://lh3.googleusercontent.com/a-/AOh14Gh5gLWXxHxU7FSW_McbziwHwc89HcuGddzwKiy7bQ,"Como perde o progresso na nuvem vei, fui trocar de celular quando vou logar meu progresso sumiu que tive maior dificuldade ter carros rápidos e vai ser em vão?! Resolvem isso!!",4,10,5.0.1,2018-12-01 07:58:14
85,Um usuário do Google,https://lh3.googleusercontent.com/EGemoI2NTXmTsBVtJqk8jxF9rh8ApRWfsIMQSt2uE4OcpQqbFu7f7NbTK05lx80nuSijCz7sc3a277R67g,O jogo é bom mas o problema é que não tem energia ilimitada que nem nitro nation 6 então csr não é um adversário forte não,2,2,5.0.1,2018-12-01 07:08:21
86,MTS FF,https://lh3.googleusercontent.com/a-/AOh14GixEfGOitUqdP78VBHFKPKvpTwvd40Dw7aHADEIsw,Melhor jogopoderia ter como acessar o Facebook porque eu tenho uma conta e tipo não deu mais para vocês aí ela eu tipo já tentei mas só que tipo não dá por favor por favor atualiza essa versão coloca com o Facebook pvf,4,1,5.0.1,2020-01-12 19:50:06
87,ana luiza carvalho silva,https://lh3.googleusercontent.com/a-/AOh14Gh596392UfI1Sl4HoWCaCmEaWx_vDCZRYnPCKMg,"bons gráficos, a máquina precisa de melhorias, mas o dinheiro que se ganha é uma mixaria, e a gasolina acaba rápido",1,1,,2019-02-15 02:19:42
88,Diogo Sales,https://lh3.googleusercontent.com/a-/AOh14GgsWFK2Dtf1CgJ5Lcj5-Xih0bcTvVG0FbMerM951UQ,"era o melhor jogo de drag racing na minha opinião,melhor ate que o dois,mas acabaram com o modo online do jogo,e estragou tudo,nao e mais o mesmo jogar sem o online,poderia voltar o online!",5,15,,2019-01-16 16:04:32
89,xNeto Gamer,https://lh3.googleusercontent.com/a-/AOh14Gg5CYlEu6HggkgZpmH_sAXE4dAdy_YVIUO1oeKN_w,Jogo esse jogo faz muito tempo. Jogo desde 2014 e já naquela época os gráficos me imprecionavam,5,4,4.0.1,2018-12-07 20:56:23
90,Wendel Godinho,https://lh3.googleusercontent.com/a-/AOh14GizjFeDO9iia1ZRgDMEQAEm6e9IsugEPgqnzXQebA,"Este jogo ficou perfeito, sou viciado nele, gráficos e upgrade do veiculo.",5,5,5.0.1,2019-06-10 06:37:14
91,Marcos Ribeiro,https://lh3.googleusercontent.com/a-/AOh14GihMhN2qZeBirxA85CToUCznsvZ0MZByVLDKd56VUw,Não consigo logar minha conta no Facebook... Pois tenho conta salva no Facebook e não consigo logar... Tenho uma conta com quase todos os carros.. Jogo a quase 4 anos.. Agr tento relogar e não consigo,1,4,4.0.1,2019-03-27 15:01:24
92,Renato L,https://lh3.googleusercontent.com/-_nuxkFbbVuU/AAAAAAAAAAI/AAAAAAAAAAA/AMZuuckAA0PRDFgSsrKNpWYLjI7LCo8JYQ/photo.jpg,Só falta os 5 chefes pra zerar o jogo & seria bacana (se possível) colocar o som dos carros originais! Deve ser trabalhoso mas seria maravilhoso! Sucesso & fiquem com Deus 🙌🙏👏,5,17,5.0.1,2018-11-24 13:39:57
93,Um usuário do Google,https://lh3.googleusercontent.com/EGemoI2NTXmTsBVtJqk8jxF9rh8ApRWfsIMQSt2uE4OcpQqbFu7f7NbTK05lx80nuSijCz7sc3a277R67g,"Cara q nostalgia desse jogo...Pena q tiraram o modo online...Eu acho q sei pq,eles n tem mais ideias de premios e ai eles tiveram q tirar pq n teria graça...Mas amo esse jogo!",5,15,,2019-03-09 11:51:52
94,Um usuário do Google,https://lh3.googleusercontent.com/EGemoI2NTXmTsBVtJqk8jxF9rh8ApRWfsIMQSt2uE4OcpQqbFu7f7NbTK05lx80nuSijCz7sc3a277R67g,muito bom só porque que jogo aí mano tem jogo tem que explodir carai mano esse jogo aí tem que explodir muito muito beleza mano esse jogo vai explodir se cuida que eu tô te falando mano eu amo esse jogo vou baixar carai mano quanta gente tá jogando esse jogo até mandei um moleque baixar ele falou que ia bater jogador bom,5,12,,2019-03-23 23:39:53
95,vitor_gameplays rocha,https://lh3.googleusercontent.com/a-/AOh14GgOmEJuZGSpxCYXIlon3SJWvH97kZx6KNKjiNim-Q,"gráficos impecáveis,jogabilidade e carros incríveis!sinseramente meu game preferido de carros jogo desde pequeno (6 anos)",5,6,,2019-06-26 12:28:09
96,Glauciene Moreira da Silva Rodrigues,https://lh3.googleusercontent.com/-3ytLb6sn9Rs/AAAAAAAAAAI/AAAAAAAAAAA/AMZuucltOJMygHFzKniv8TJ_dyd6fxm0Mg/photo.jpg,O jogo dá pane na parte que o usuário visualiza o carro por completo e na parte que o a adesiva. Pelo visto as reclamações não têm resultados. Problema intrigante!,1,3,5.0.1,2019-10-01 15:50:26
97,Sarah luiza,https://lh3.googleusercontent.com/a-/AOh14GieFQAhYithZhZuyjU42WUhQ2IL1H1UNiFGmJeJ,"Jogo horrível gente ! Os gráficos não são como vc vê aí nas fotos, horrível não joguem.",1,4,,2020-02-04 10:29:30
98,dogew 2005,https://lh3.googleusercontent.com/a-/AOh14GiO5D2zlEjv3lQDKC895LMNT5FKgzi7Zo98coGGMw,Os preços dos produtos deveriam ser mais baixos e também deverá ter gráficos mais relaistas,3,5,5.0.1,2018-09-20 14:46:24
99,Lucas Machado,https://lh3.googleusercontent.com/a-/AOh14GjmuRl3Re9MRinzV8FICksXLYLN0OQ7xxS6IiydiA,Tenho um progresso na nuvem que estou bem avançado mas não aparece para eu continuar nele começa do zero gostaria de recuperar minha conta que estou avançado.,1,10,5.0.1,2019-09-01 08:26:44
