,userName,userImage,content,score,thumbsUpCount,reviewCreatedVersion,at
0,Vilma D'Arcy,https://lh3.googleusercontent.com/a-/AOh14GjpyUxrjyOoJ6RgoZqlEuS9jTJIMuqd6JmZYFLO,"O jogo é bom, porém acho que tem muito ""roubo"" no evento infernal, são poucas as vezes que se consegue passar a terceira fase já que o jogo tem construção de até 30 dias ou mais, quando se falta pouco pra atingir, mesmo usando aceleradores já cheguei a usar 200 horas de aceleradores e não recebi a recompensa final, engraçado que isso só acontece no estágio 3 do evento que é o que dá as gemas de prêmio, completante desonesto.",1,719,2.21,2020-05-23 19:10:11
1,Saullo F,https://lh3.googleusercontent.com/a-/AOh14GgNnsaEUMwtlI_HvK1KAd9mwBZDBWM0XqYfp0l6,"Não recomendo a menos que você seja um debimental que gasta horrores no jogo para ficar a frente. Está muito desequilibrado, sei que precisa de dinheiro para o jogo se manter, mas aí ja é de mais cara pensa em quem joga com intuito de se divertir não tem a menor chance de disputar com alguém a menos tenha um grande investimento. Dica; faça como o Free Fire os pacotes para comprar com dinheiro são apenas skins chamativas que os jogadores desejam ter não dão vantagens absurdas aos compradores.",1,317,2.21,2020-05-31 12:27:32
2,Etiene Do Amaral,https://lh3.googleusercontent.com/-nwcp9HC1cFs/AAAAAAAAAAI/AAAAAAAAAAA/AMZuucnK2WuJokEQLrJ69Xn25aAsNMPXwQ/photo.jpg,"O jogo era para ser o melhor!!! porém para o maioria dos brasileiros é inviável,tem q gastar muito,nossa moeda é desvalorizada desenvolvedor,tinha q ter pacotes mais conta para gente,por exemplo:para vc conseguir liberar a tropas mais forte do jogo, terá q gastar 1500 reais na média com tomos e ter uma facilidade a mais para obter recursos,o jogo tinha q pensar em ganhar sim ,é lógico, mais não dessa forma abusiva!!",1,209,2.21,2020-05-29 10:02:00
3,Marcio Burgermeister,https://lh3.googleusercontent.com/-zEEOkp6jPeg/AAAAAAAAAAI/AAAAAAAAAAA/AMZuucn4K7-liqFb1636696e8CwGgItJAQ/photo.jpg,"Roubaram uma conta minha, o desenvolvedor, baniu, provei que estava certo e não adiantou, tinha que pagar pra ter a conta de volta, se não gastar muito dinheiro fica como sparing dos chineses. Isso já foi feito o contato no jogo e não adiantou. Até com a Google eu entrei em contato, me disseram que eu estava certo, mas o desenvolvedor quer que eu pague outra vez, ou seja, estão tentando me extorquir, ou pago o que já paguei ou fico sem conta.",1,671,2.21,2020-05-19 09:29:40
4,janaina rodrigues de moura,https://lh3.googleusercontent.com/a-/AOh14GhlD7oxe6WFcpKv9zH823VbcS0vXwsvL9Mnvree,"Tá na hora dos desenvolvedores acordarem, peguem as avaliações e leiam... Só tem reclamação e avaliação ruim nos últimos meses, por q vcs só estam valorizando os pagamentos, está perdendo a graça jogar, chamar os amigos, porque não dá pra evoluir sem grana, tudo demora, aí vem uns cara da china com 100 x o seu poder e acaba com tudo... E b me venham com essa conversa que dá evoluir de graça da pra se divertir, no mínimo o jogo tinha que ser competitivo ou separar uma versão paga de uma gratuita",1,241,2.21,2020-05-19 15:46:13
5,julian Gaspio,https://lh3.googleusercontent.com/-mRWab0Fl6xE/AAAAAAAAAAI/AAAAAAAAAAA/AMZuuclS3S9RiUGns5N-E8Ky4eFnPblqEQ/photo.jpg,"O jogo passou a ser p2w, antigamente num evento de caça a gente conseguía ate 15k de gemas hoje em dia demora uma eternidade, e quanto aos equipamentos recebidos nos monstros a probabilidade de vir o item mas valioso e 1 de cada 1000, pensem um poucos nos jogadores que estão começando agora, tenham um pouco de senso e humanidade, esse jogo é bom, más vocês estão estragando tudo com fato de so comprar comprar e comprar!",1,129,2.21,2020-05-24 04:15:56
6,Paulo Nihova,https://lh3.googleusercontent.com/-LljcI1r0hE4/AAAAAAAAAAI/AAAAAAAAAAA/AMZuucm5Ga0P4ctHB9LKAljHcYS_DMa82w/photo.jpg,"Lords Mobile vi que é um que dá pra fazer (plantação , construção), é um jogo de guerra. Plantação essa que vai ajudar-te a teres sua própria economia e que vai ajudar na construção do seu território, uma economia que também vai ajudar na compra de seus materiais para a sua unidade assim como armamento pra poderem treinar e defender suas propriedades, para enviar a entrada de inimigos. O jogo é atraente não tanto mas já dá pra um divertimento.",4,477,2.21,2020-05-05 20:55:22
7,Janaires Lima,https://lh3.googleusercontent.com/a-/AOh14GjnJjDh9esc90SCs7s-1Vlt5GLM6BIGMhJvPfM7Kek,"Fui banida pelo motivo que não está claro pra mim , já gastei 80$ nesse jogo pra ser banida e nem ter explicação . Edit: depois de quase 30 e-mail não respondidos de tudo consegui recuperar minha conta mediante um pagamento de 18,90 referente a um reembolso do play store, obs: reembolso que não pedi, pedi esclarecimentos apenas de um desconto que não havia sido efetuado . Fui banida por ""chargeback"". Por causa da play store que não me ajudou em nada . Muito esforço meu . Consegui.",1,11,2.21,2020-05-27 19:05:34
8,Wagner Cardim,https://lh3.googleusercontent.com/a-/AOh14Gj67i_sWTaiD3EmX4t_uB0Tbs3RRQm693c6g-XR7A,"O jogo só é jogado mesmo por quem gasta muito dinheiro, para ter noção, para liberar as tropas mais forte do jogo, você vai ter que gastar 1500 reais. Fora outras coisas pra evoluir que sai quase esse valor, herói de 11 mil reais. Esse jogo é pra rico, nos brasileiros procuramos outro tipo de jogo. Respondendo o comentários do suporte, não precisa mesmo gastar pra evoluir, eu com 1 ano de jogo não conseguir tomos pra evoluir as t5 e olhe pra chegar evoluir todas árvores de pesquisa vão 7mil .",1,144,2.21,2020-05-27 18:58:59
9,Mickaella,https://lh3.googleusercontent.com/-tpFoI3sRFOY/AAAAAAAAAAI/AAAAAAAAAAA/AMZuuckABo9_wTpcgpV_YoxCZxiJJHxzew/photo.jpg,"Olá bom dia , estou a gostar muito do jogo Porém e cheio defeiros ou seja reforço, treinos construção , pesquisa , colheita , demora 15 horas 2, dias 3 dias . Tem de pagar por tudo e por nada . já comprei algumas coisas mas acho correto ,que toda evolução seja na construção das áreas do s reino , ou evolução dos heróis, tropas e se cobrar . Então isso não e jogo e casino ???? Sem conta anos número de acelerações calculadas e sempre falta 20 min 16 depois de usar aceleração .shame",1,370,2.21,2020-05-05 05:11:47
10,Lord Factor,https://lh3.googleusercontent.com/a-/AOh14GiBaeMxMaMVvIu-fLU0IOWYCXX91ZsabZn_5P-r,"O jogo é gratuito mas se você quer ser divertir e evoluir bem tem que gastar muiiiito dinheiro ainda em vista que tem contas de outros países que gastam muito e são bem desenvolvidos porém aqui no Brasil a conversão se torna cara. Já vi vídeo no YouTube em que se o brasileiro quiser deixar um elevar um herói no máximo tem que pagar um preço de um carro e isso não é mentira podem ver no vídeo do bigsoneca, além disso tem os itens raros que nunca chegam fazendo o usuário gastar mais.",1,131,2.21,2020-05-22 00:27:09
11,memes Ataídes,https://lh3.googleusercontent.com/-7m8Tx2p49tI/AAAAAAAAAAI/AAAAAAAAAAA/AMZuuckbEgm_CJhQ7r2DqL78WGyHYKa9DQ/photo.jpg,"Muita mentira no vídeo do jogo mostra que podemos mecher no posicionamento dos soldados mais quando vamos atacar não pode ficar fazendo nada Só Olhando,mais tirando esse grande problema o jogo é entediante mais Não é tão ruin.. Só lembrando que é a minha opinião quem acha o contrário blz!😊resumindo o jogo é chato entediante sem graça e tem que gasta muito dinheiro não gostei nem um pouco...Num jogo como esse seria legal Mais ação mais tudo :(..",2,104,2.21,2020-05-24 23:04:46
12,Um usuário do Google,https://lh3.googleusercontent.com/EGemoI2NTXmTsBVtJqk8jxF9rh8ApRWfsIMQSt2uE4OcpQqbFu7f7NbTK05lx80nuSijCz7sc3a277R67g,"Gosto muito do jogo, darei 3 estrela por um motivo: Nesse jogo pra mim é normal ser atacado todos os dias mais de 50 ataques mais O menos , entao já que toda hora é atacado porque o jogo perde tantos recursos e também agr estou achando que esse jogo é só pra quem tem dinheiro , me desculpe falar isso mas é toda hora pedindo para a pessoa comprar aqui, e mais aqui , a mano vai toma banho , sou pobre e não tenho dinheiro pra ser forte no jogo ta então IGG pança nas pessoas antes de tudo! Pfvr",3,183,2.21,2020-05-16 00:26:20
13,Thiago Eckel,https://lh3.googleusercontent.com/a-/AOh14GhGWwoDFHFylDuXnEs1qB6LqKvAK2eTlsXCfDdJvg,"O jogo é muito bom, mecânica excelente, porém é um jogo completamente pay to win, você não consegue nem chegar perto de quem gasta com o jogo, a diferença é brutal dos gastadores para com quem não gasta, é ridículo como você não consegue progredir no jogo sem gastar milhares de reais. O jogo é bom, mas se você não quiser gastar +400 reais por mês, não baixe.",2,126,2.21,2020-05-26 14:58:38
14,shirlei nascimento,https://lh3.googleusercontent.com/a-/AOh14GiRWg9IoMSn_H-3GYwCI_MNPilRhOiRQvG0dFNrGQ,"Fiz uma compra que não caiu, mandei emails eles me disseram que estava tudo ok, o jogo dá bugs direto, e eu fiquei como mentirosa. Fora essas questões que não é constante, o jogo é bom, o melhor da categoria, bate papo com chat você conversa com pessoas reais que acaba por fazer amigos de verdade!",5,203,2.21,2020-05-31 18:25:22
15,Patrick Guimarães,https://lh3.googleusercontent.com/a-/AOh14Gj3R9Tkm6IbkMLKnYbritepTX0elq0pWk_yHPrZ3A,"O jogo está totalmente desbalanceado, tanto no aspecto de P2W contra FTP, tanto no aspecto dos heróis, coliseu, ataques em castelos, guerras pelos wonders, etc. Está tudo uma zona, jogo à mais de 3 anos e nunca vi cagarem tanto para os jogadores, à cada dia é mais métodos para gastar dinheiro, enquanto o resto continua tudo cagado como bugs de login que existem desde quando comecei a jogar, ridiculo.",1,138,2.20,2020-03-28 03:06:44
16,Maxwell Maxx,https://lh3.googleusercontent.com/-I6FwRu_jHDU/AAAAAAAAAAI/AAAAAAAAAAA/AMZuucmqWszWIPHqt5tXvBNfS7JAXe6v3A/photo.jpg,"Cara... eu gosto muito desse jogo... juro que tentei continuar jogando mesmo vendo vários comentários aqui no Google Play falando de que ele dava mais valor aos jogadores que colocam dinheiro nele... Enfim... Hoje, depois de muito insistir em continuar a jogar sem colocar dinheiro e perdendo poder pra quem injeta muito dinheiro estou desistalando... Parabéns IGG por tanto atualizar o jogo e nada fazer...",1,206,2.21,2020-05-10 00:45:54
17,Angelo Miguel,https://lh3.googleusercontent.com/a-/AOh14GgWzt0n-zwbRB-wvlrBI5cSh_ZQebyBAbp4IeeT,"Ja foi 5 estrlas pra mim (ainda jogo) mas são tantas coisas que tornam impossivel a evolução sem investir no joo, exixtem tropas de niveis 1 a 5 e todas precisam de presquisas pra liberar. Acho que nesse jogo o jogador aprende a ter paciência a força rsrs Ah! E RECOMENTO CRIAR UM E-MAIL PRA USAR APENAS NO JOGO.",4,3,2.21,2020-05-29 16:16:54
18,Naldo Menezes,https://lh3.googleusercontent.com/a-/AOh14Gj_B3ZQDk10dybA29aqIfcrYPe6XkXMavaUpP8Iiw,"A cada atualização o jogo vem mostrando cada vez mais a sua face ""pain to win"": Jogadores ricos ficando cada vez mais inalcançáveis e os jogadores com pouco ou sem nenhum recurso financeiro ficando estagnados. Sugestão a IGG pra animar os players antigos que não investiram e angariar novos: 100k de gemas e 2 meses de aceleração de pesquisa/construção/treinamento na primeira compra de qualquer pacote, pois cavaleira Rosa, alguns recursos e umas geminhas não chama atenção pra comprar pacotes!",1,146,2.21,2020-04-01 14:51:27
19,Tiago Santos,https://lh3.googleusercontent.com/-bbYRbDIuqNE/AAAAAAAAAAI/AAAAAAAAAAA/AMZuucn6viPefRaYfb-JhAuwe0MAnHFs1A/photo.jpg,"Cuidado, este jogo para além de caro, não respeita os jogadores. Só para terem uma ideia eu e muitos outros jogadores, perdemos todo investimento de dinheiro e tempo no jogo de quase 2 anos, porque as notificações de alertas que são um item do jogo deixam de funcionar. Acho que ninguém gosta de ver todo esse esforço ir por agua abaixo por um erro do jogo que eles não assumem por lhes dar jeito, para que os jogadores invistam mais tempo e dinheiro. Lamentável......",1,995,2.20,2020-03-25 11:02:56
20,Carlos Kalebe,https://lh3.googleusercontent.com/-Kranb16_cR4/AAAAAAAAAAI/AAAAAAAAAAA/AMZuucmIUppSMg5vj4nh5aXl6GPxjUh67Q/photo.jpg,"Demora muito para pesquisar, construir ou fazer qualquer outro tipo de coisa no jogo. Mais de 300 dias para concluir? Fala sério!! De veriam dar presentes naquele baú ou no labirinto de acordo com o nível do castelo ou de poder do jogador (6.000 de pedra, comida ou...?) aonde dá a chance de desenvolver no jogo?? Nos eventos também, no infernal individual por ex. 300.000 pontos para concluir em 1h 2h ou 30m para quem tá comecando agora?? Eu vô continua a jogar por gostei mas esse é meu ponto -.",2,76,2.21,2020-04-01 19:52:33
21,Mateeus Lemees,https://lh3.googleusercontent.com/a-/AOh14GjHpaDxoUodtnmevLSFw7_lOt0Z_d5r1k3kBVWC,"É possível evoluir sem gastar?? Pra se divertir de acordo com suas condições? Isso é lorota, pacotes caros e quando tem que evoluir algo tipo o set de caça tem que comprar 2 pacotes ou mais para conseguir evoluir alguma coisa e ainda tem que esperar 1d kkkk para de graça e ainda quando alguém tá chegando no nível dos player do país de origem pois lá o imposto é mais barato eles vai é faz atualização pra piora o resto.",4,7,2.21,2020-05-13 00:31:00
22,Jean Victor,https://lh3.googleusercontent.com/-zA7ZKCXWkTw/AAAAAAAAAAI/AAAAAAAAAAA/AMZuucnTMcV2CiF2o9O_zEv7e7EuikGSbw/photo.jpg,"Jogo parece interessante no início, mas quando acabo as proteções de iniciante, somos atacados a toda hora. Muralha não recupera contra os atacantes, armadilhas também não recuperam. Tudo isto durante dezenas de horas para recuperar algumas defesas, uma vergonha de jogo, que só quer que comprarmos gemas. Ou seja este jogo é para Ricos, muita gente desiste daqui a poucas semanas. Não é atrativo de continuar a jogar. Evitar este tipo de jogo.",1,808,2.21,2020-04-06 14:34:17
23,Canal da Vick,https://lh3.googleusercontent.com/a-/AOh14GggjuQgiJ5URWP7_ZPsjegFnESXYSycECxBVf0,"O jogo é muito bom,tem gente falando que o jogo é pra rico,q só tem como evoluir recarregando, mentira tá falando isso pq não sabe joga,tem como evoluir sem fazer recargas,meu tio nunca recarregou e tá com 18mil de poder,se vc nao tem paciência pra joga não joga,pq o jogo precisa de gente q tem paciência!!!!",5,67,2.21,2020-05-23 16:19:03
24,Guilherme Custódio,https://lh3.googleusercontent.com/-tKBXpdrdrNY/AAAAAAAAAAI/AAAAAAAAAAA/AMZuuclqiyTEHE9frKAwnm9s-UZuCydqIA/photo.jpg,"Havia parado de jogar há cerca de uns 5 meses atrás, tinha acabado de liberar as T4, e quando vi a notícia que havia um novo nível de Tropas, resolvi baixar de novo. Mas o jogo continua a mesma coisa, e ainda mais desigual, dezenas de pesquisa requerindo milhares de itens que são pagos e vc ganha mixarias dos mesmos nos festivais, e colocar o desbloqueio das novas Tropas através de itens pagos é simplesmente ridículo. Não recomendo para ninguém esse jogo.",1,628,2.21,2020-04-02 10:51:09
25,luis maciel,https://lh3.googleusercontent.com/a-/AOh14GjqNwTpK0Bu6rxvvEVHerfR5foHrCFUmmonRKGXjg,"No início eu gostava muito desse jogo, porém após mais de 500 dias logando direto, vejo que a IGG só favorece os chineses. Os pacotes no Brasil são caros, os eventos, na maioria, iniciam quando é madrugada no Brasil e ainda eles colocam a manutenção sempre no início da madrugada no Brasil. Ou seja, prejudicando o jogadores brasileiros, pois nós temos que trabalhar e não podemos ficar 24h esperando para por escudos ou guardar tropas. Com isso, vem os chineses, que estão acordados e atacam",1,167,2.20,2020-03-25 09:44:54
26,Ricardo Oliveira,https://lh3.googleusercontent.com/-rOzBPbeecGM/AAAAAAAAAAI/AAAAAAAAAAA/AMZuuclXvm1ab2gmJprkqnJGc6yoVRSxEA/photo.jpg,"O jogo é interessante. Mas neste momento só estão é a pensar em dinheiro, pois para quem joga free já se torna muito complicado. E outra coisa muitas actualizações e erros continuam, já aconteceu várias vezes estar a ser atacado as tropas do atacante ainda estavam a sair do castelo do atacante eu colocava escudo ou dava aleatório e o ataque dava se na mesma, resumo dá sempre em combate tens sempre perda de tropas. Já reclamei para lá algumas vezes. Mas ninguém quer saber és ignorado,",1,191,2.20,2020-03-25 05:35:45
27,danilo deyvid,https://lh3.googleusercontent.com/-Le8Z7vVw-EA/AAAAAAAAAAI/AAAAAAAAAAA/AMZuucm-mff-9Iep7yuAvbYCpefgNpjGnQ/photo.jpg,"O jogo é bom! Mas a igg bem que poderia colocar o pacote do Herói só para comprar uma vez e não várias e várias vezes para deixar ele no lendário coloca logo o herói de r$ 500 é melhor de ficar colocando só 10 ,15 medalhas dele por R$ 18,90 . Só fica enganando os jogadores iniciantes. Eles pensam que é para comprar só uma vez e o herói já vai dar os todos os bônus",1,43,2.21,2020-05-10 20:51:58
28,Gabriel Vinicius Batista,https://lh3.googleusercontent.com/-xYU0As5CQgg/AAAAAAAAAAI/AAAAAAAAAAA/AMZuucl1JNHRkH_q18yqTbcV3phXMI6o7w/photo.jpg,"o jogo é desproporcional. Você tem que evoluir tropas e líderes e quando fica sem escudo aparece alguém com o quíntuplo de poder e mata todas as suas tropas, além de levar seu líder e qualquer bônus medíocre de velocidade que você tenha. O crescimento e baixo e lento demais e a cada tempo que se passa só guildas pagas e players pagos se divertindo enquanto players free são derrotados e humilhados. Quando inicia a conta em novo reino, nem olhe os fortes, aguardem 1,2 semana para serem saqueados.",1,82,2.20,2020-03-25 11:12:00
29,Mr. et,https://lh3.googleusercontent.com/a-/AOh14GjgNa-4WN2OGuR0CMAfmQHGzrK5-vZwbXHuNxDo2w,"O jogo de fato é um jogo bom, porém é totalmente pay2win, por exemplo para liberar as t5 são cerca de 22.500 tomos, 1000 tomos são 810.000 gemas, ou você os consegue comprando em promoções de 18,90 que vem apenas 250 então ou você gasta muito dinheiro ou você nunca vai liberar as t5, muito menos evoluir rápido no jogo. Não o recomendo para ninguém já que até mesmo para deixar alguns heróis Full você teria que gastar o valor de um carro literalmente (basta ver as promoções e fazer os calculos)",1,77,2.20,2020-03-25 01:40:19
30,isaac Feu Almeida,https://lh3.googleusercontent.com/-c2Bqre12clQ/AAAAAAAAAAI/AAAAAAAAAAA/AMZuuckYRNQsCj3DPfi_Agbftfmg0oOkig/photo.jpg,"Odeio, aparece em todos os jogos que eu vou e ainda é ruim. Edit1: desculpe-me pela linguagem inadequada, eu estava muito bravo por conta de muitos anúncios aparecendo em praticamente todos os jogos e apps que eu entrava, e a maioria era desse jogo. Poderiam diminuir a quantidade de anúncios pelos jogos e apps? Eu daria 5 estrelas se possível. Edit2:trato feito 5 estrelas",5,86,2.21,2020-05-09 05:13:48
31,john cassio,https://lh3.googleusercontent.com/a-/AOh14GjXd9pD3rG6JXFV0RhnkLIuGDaZm74a-6uP5T3twnM,"Embora eu qinda jogue, mas sinceramente é decepcionante ver que você investe dinheiro, se esforça, perde noite de sono nos eventos FG e KVK pra conseguir upar um pouquinho, quando vem um Chinês safado com algumas semanas de jogo tem o triplo de poder que você por que ele tem pacotes mais baratos. Eu entendo que o jogo pra ser bom precisa que uma equipe trabalhe bastante pra isso... mas acho também que os valores deveriam ser universais.",3,4,2.21,2020-05-12 22:26:04
32,Gabriel Dias,https://lh3.googleusercontent.com/-qhikuKuOYgY/AAAAAAAAAAI/AAAAAAAAAAA/AMZuuclo2JflowXo8rPD900cq6bwDU9bsg/photo.jpg,Muito bom este game. Tem muita coisa que não veijo em outros jogos. É um bom jogo de táticas e é viciante. Só acho que eles poderiam melhorar a conexão (não sei se é da Internet mas nos outros aplicativos não são assim) porque fica chato aquilo ficar sempre carregando e carregando. Mas de resto 5 estrelas!,5,61,2.21,2020-05-24 21:39:48
33,Cosme Farias,https://lh3.googleusercontent.com/-U6h-zbq8A6c/AAAAAAAAAAI/AAAAAAAAAAA/AMZuucmqFQYnK7c4p315Xs5s6Zp-TXvdrw/photo.jpg,É um jogo bom seria excelente se todo manual fosse verdade e não tivesse nenhum erro do tipo eu sondei um ninho das trevas e disse que tinha 86 mil chegando lá havia 176 mil isso num ninho nível 1 e também fala que cada nível que você subir ganha 5 talentos no manual mas no início você só recebe 2 talentos.,3,4,2.21,2020-05-19 15:06:09
34,Denis,https://lh3.googleusercontent.com/a-/AOh14GhvE2jGePyZ9JElZrjroRZdCe5vHa_9zKvq9eOaPg,"Jogo é legal, mas seria necessário modificar o modo de ataque por nível e trocar Castelo de lugar a cada 15 dias no mínimo, fica muito injusto o jogo um cara de nível alto coloca o castelo aonde quer ataca todos pequenos e depois foge! Jogo para quem tem dinheiro para investir pois é bem lenta a evolução, estou prestes a desistir do jogo gasto pouco, mas acho que pode evoluir esses aspectos para ficar mais nivelado o jogo",3,119,2.21,2020-04-13 10:01:39
35,T M,https://lh3.googleusercontent.com/a-/AOh14GhnisXRhQ1N8l7qmUSsUOXLHJwed94xoeRqGeQsPw,"Um bom jogo, mas tudo se resume em dinheiro, lamentável! Poderiam ao menos amenizar o tempo das pesquisas, levando em consideração que outros itens são conquistados apenas com pacotes pagos. Quanto a evolução ser possível sem gastar, sim é possível, mas não para todos os sets, e muito, mas muito lenta. Deveriam prestar um pouquinho de atenção na opinião dos jogadores mais antigos e que investem em seu jogo.",1,428,2.21,2020-04-15 22:33:04
36,Charles faria,https://lh3.googleusercontent.com/a-/AOh14GhrzNIH6KgpVcQjg5kAhFxiU0DKZyTm_IBmASyO4w,"Por favor, entendo cosméticos dentro do jogo, mas para quem gasta dinheiro no jogo eleva eles para 500m de poder fáci e, os free como facilita a chegada em 200m ou 150m de poder, poxa sendo free já tenho mais de um ano e nem no 70m de poder eu conseguir chegar, desanima bastante. Cosméticos dentro do game tudo bem, mas eleva os free também, sem tirar a vantagem dos que comprar pacotes pfv.",3,74,2.20,2020-03-25 06:46:11
37,Osmar Patrick,https://lh3.googleusercontent.com/a-/AOh14GjACquwkr1zIvR8SCeCBpqjZGEqzql2RjSs_mtEWf4,"O jogo é bacana, a dinâmica a vontade jogar o dia todo existe. Entretanto existe algo nele que decepciona, jogo diversos tipos de jogos desde 2010, com mais de 300 jogos na steam esse jogo sem dúvida alguma merece o primeiro lugar do jogo mais PAY to WIM da história. Se a desenvolvedora não tornasse o jogo uma forma tão mercenária, teria tudo para ser um dos melhores jogos... Uma breve pesquisa na internet descobre q é impossível estar no top 500 de forma free ou mais de 500M de poder",1,25,2.20,2020-03-25 03:23:37
38,Julio Magno Vieira,https://lh3.googleusercontent.com/-57C9ahdUGeM/AAAAAAAAAAI/AAAAAAAAAAA/AMZuucke4wdmXGMViOs8OaNvHVtoP-sqvQ/photo.jpg,"Bem acho este jogo muito bom. Mas acredito que a IGG tem que dar mais oportunidade para quem não pode gastar muito dinheiro no jogo, tá ficando difícil demais. E ela não teria chegado a essa somatória de 330 milhões de jogadores se só tivesse jogadores que pagam pra jogar, a grande maioria desse total não pode fazer isso.",4,25,2.20,2020-03-25 12:12:11
39,Eduardo Rodriques,https://lh3.googleusercontent.com/a-/AOh14GieDxHR7WG7sHp1X-TDQN4lvSkp93Hj6bLcFYNbRA,Temos que nos unir e falar pra IGG reduzir o tempo de fazer as coisas no jogo Pesquisa construção e demais demora muito Sem contar que vc só migra com o pergaminho podia ser comprado com gemas no labirinto só os elites conseguiram ganhar a bolada de gemas Fazer apenas um tipo de tropas att me poupe Deveria ser igual ao Clash of king e demais,1,5,2.21,2020-05-21 20:50:31
40,Matheus ferreira Rodrigues,https://lh3.googleusercontent.com/-aOai4-ydgTQ/AAAAAAAAAAI/AAAAAAAAAAA/AMZuucna1axZOecUC354xjBcXWex1j4g8g/photo.jpg,"O jogo de início é legal mas depois de um tempo começa a aparecer uns caras apelões, castelos nível 18 até o máximo é insuportavél, você não tem tempo para evoluir, é completamente impossível evoluir dessa forma, e olha que é um server iniciante no qual estou em um castelo nível 9 na minha nova conta, demoraria quase um ano até aparecer alguém nível máximo, e já tem um no wonders com apenas três dias?",1,37,2.20,2020-03-26 16:36:46
41,Archer Troy,https://lh3.googleusercontent.com/a-/AOh14GinleLfUOFwxI9gihFKeHaVov9GjAFtQD2L1y4h,"O jogo é bom em si, mas o suporte ao jogador em si não presta. Eles não dão atenção ao cliente. Não respondem os tickets, não resolvem problemas que te causam prejuízo (ex: vc teria direito a um pacote e não recebeu, eles tão nem aí para o cliente), mas se por ventura der algum erro no pagamento pode ser 0,99 centavos eles vão bloquear tua conta.) Mesmo que vc já tenha gasto outras centenas de reais. Por isso aos novatos esse jogo e uma lotéria boa sorte a todos.!",2,182,2.21,2020-04-11 19:26:10
42,Anna Paula,https://lh3.googleusercontent.com/a-/AOh14GjkMlIbNz9A5eZUGRNkiIliurND4mOynCe09d5-,O jogo e muito bom mas acho muito injusto um jogador com mais de 100 mil fe poder atacar um com ate mesmo com menos de mil . Deveria haver um jeito de classificar por nivel exemplo. Ataque de nivel sobre nivel .. se eu tenho um castelo acima de 100 mil de poder so posso atacar com um de 100 mil .. se eu tenho um castelo de 50 mil so posso atacar um entre 50 a 60 mil.. pra ser mais justos com todos os jogadores,1,119,2.21,2020-04-16 12:21:04
43,Jackeline Borges,https://lh3.googleusercontent.com/a-/AOh14Giq9yNxiiCBU8bJlMbZZTJuZZSh0y98yubrL7MbDq8,"O jogo é um ótimo passa tempo nos 3 primeiros dias ele exige muita paciência e dinheiro. Sim, muito dinheiro pois para evoluir mais rápido e não sofrer ataque dos mais fortes exige MUITO dinheiro e isso desanima qualquer pessoa que não tem condições de investir é um verdadeiro ""pague pra ganhar"" muito desleal aos demais jogadores.",1,150,2.21,2020-04-18 01:53:46
44,Free Fire de uma Drepressiva,https://lh3.googleusercontent.com/a-/AOh14GjU-cCHHa41tv6p2D3bAIsm6rlf90DdsRKnQJzZCA,"É bom, porém poderia construir ou fazer duas coisas ao mesmo tempo, pois só uma demora muito e é umas 3 hrs ou mais quando você upa. Por favor coloquem duas ou três coisas pra poder upar de uma vez só. Uma em uma demora muito fica chato.",4,3,2.21,2020-05-16 10:34:51
45,Oscar Henrique Godinho,https://lh3.googleusercontent.com/-2qSkgVsE5do/AAAAAAAAAAI/AAAAAAAAAAA/AMZuucnxUHwoWuj7BhnjRgZEiLlLleDCgQ/photo.jpg,"Bom jogo, porém não respeita seus jogadores principalmente aqueles que não investem muito, muitas atualizações emergenciais que nos prejudicam em eventos ou com escudos que caem antes da hora..Na última perdi muito poder e seu suporte fraco so sabe pedir desculpas, não resolvem nada...Só pedem prints... que jogador que fica tirando print a todo momento como se soubesse que iria acontecer atualização repentina? Seus servidores tem ma vontade em ajudar seus clientes...",1,54,2.21,2020-04-18 07:59:39
46,Felipe Camargo,https://lh3.googleusercontent.com/a-/AOh14GjMK1TYcRlsDGFQdFWgrDni2lVDSVOeb0aeabVWZ8Y,"Jogo é bom, porém é para quem tem muito Dinheiro, quem vai fazer t5 free sem gastar nada no jogo, se tiver sorte levará 10 anos para ganhar tanto tomo arcaico assim. Os pacotes para comprar em R$ estar muito Caro, visto condições do pais (Brasil), deveria variar os valores baseando em cada Pais. Quem quiser jogar free, boa sorte sendo massacrado pelos Caras. Bom Jogo para Todos!!!!",1,12,2.20,2020-03-25 00:34:39
47,Luciano P D S,https://lh3.googleusercontent.com/a-/AOh14Gh2MghrQfc88WRZ4a3DpOI43W3DlxxqTcecwt684Q,"Me diz quem estaria se divertindo, em ver se CT com 50m de poder ser devorado por outros com no mínimo 200m. cara é ridículo, vcs deviam por um limite nisso, pelo fato de já ser difícil a evolução no jogo, para dificultar ainda mais esses cara não perdoam. 200m contra 40, 50m? que chance tenho de se divertir? já faz um tempo que jogo, mas é sério já estou me cansando. acabei de perder todas as tropas por um com mais de 400m de poder. reavaliando se vale a pena continuar investindo.",2,100,2.21,2020-04-18 15:32:46
48,Fernando Castro,https://lh3.googleusercontent.com/a-/AOh14GhfXiLZ0ziD290HjPKc03cSiK86cDBYMMh3DxgQQg,"Viciante excelente jogo unica reclamação e o valor dos pacotes o que torna o jogo um tanto quanto inviavel para os BRS infelizmente, IGG vamos por a mão na conciência e baratiar esses pacotes de caça e herois, muito dificil competir com chineses BRS free Farm dos chines.",3,2,2.21,2020-05-24 11:41:37
49,Renato Oliveira,https://lh3.googleusercontent.com/-PwKRlufsNYI/AAAAAAAAAAI/AAAAAAAAAAA/AMZuucmQA1Mm5mWgaSJrW0OoJ6i3FmRaHg/photo.jpg,Porque uma vez eu ganhei um herói que atira para cima e desse farpas no inimigo e na outra conta não? Porque no manual fala que toda vez que subir de nível ganha 5 talentos e isso só acontece lá no nível 30 do jogo! Para acessarem manual vá na engrenagem do lado esquerdo da bolsa depois vá em ajuda daí tem a opção manual. Pode uma pessoa ter duas contas eu tenho mais estão em reinos diferentes. Porque aqui fala 269 MB e depois vai para mais de 1 GB? Mesmo assim com todos os defeitos e travando.,4,36,2.21,2020-05-16 16:30:15
50,Felipe Soares,https://lh3.googleusercontent.com/a-/AOh14GjbFVbSQ_yjxeHmJ-ciOt_q2DY0f2TZjtq2uumt,"Não joguem. O jogo é feito para você ser obrigado a comprar ou desistir. É injusto e covarde. Não há divisão de pontuação para deixar o jogo mais equiparado. Eu com 8 milhões de poder sou atacado por pessoas com até 1,2,3 bilhões de poder que só chegou assim pq pagou. Assim o jogo fica injusto, se ao menos houvesse separação ou uma regra do app para que pessoas com poder equivalentes só pudessem atacar entre si",1,293,2.21,2020-03-28 15:51:29
51,Julio Kiyonaga,https://lh3.googleusercontent.com/a-/AOh14Gjq0Iwqt9W9Kfd43Cgk6P1XMYQ4cwyTPyBd7WwjOw,"Muitas atualizações em horários que atrapalham a jogabilidade, se o tempo do escudo terminar no meio da manutenção do servidor ao terminar a manutenção você ficará sem escudo e se for de madrugada e estiver dormindo vai ser atacado então tem que ficar muito atento se não perdi tudo e eles não dão compensações pela perda. Tem muitos titãs no jogo o que dificulta para os iniciantes principalmente se não gastar dinheiro comprando pacotes. Se não entrar em uma boa guilda também dificulta muito.",1,14,2.20,2020-03-27 13:41:42
52,Anderson Ramos,https://lh3.googleusercontent.com/a-/AOh14GgGDKfLedvGwSwBQvxn5XFSuHgGQTaqT2L7w1N7EA,"Este jogo foi feito para os veteranos, pois os novatos não tem chance de evoluir! Vc se esforca semanas pra evoluir suas tropas e derrepente vem alguém 15 vezes mais forte e destrói semanas de evolução. Único jeito de se proteger dos veteranos e não participando de guilda ou ter muito dinheiro pra comprar escudo, e mesmo assim vc terá que entrar no jogo o tempo todo atoa, pois demora muito pra ter algo pra fazer.",2,89,2.21,2020-03-31 14:24:32
53,Ademir Mauricio,https://lh3.googleusercontent.com/-ubzYPDw4Hh8/AAAAAAAAAAI/AAAAAAAAAAA/AMZuuclHWIDrBdrpoUrbN6_TjSxqSXcfGA/photo.jpg,Adorei esse jogo Lords mobile é muito bom Principalmente quando você ganha herói Eu amo o bairro recomendo para qualquer um é muito bom esse jogo com lote no bairro eu amo esse jogo e tem certeza que você vai amar não sei tanto por causa que também tem coisas ruins com ele poderia melhorar é para essas empresas que construíram o bairro você pode arrumar esses probleminhas de castelo para desbloquear novas áreas e também gemas hytos nomes dos jogadores poderíamos pesquisar e chamar alguns amigos,5,11,2.21,2020-05-03 21:27:27
54,Pollyanne Kasmierque,https://lh3.googleusercontent.com/-iPXLHPTBBNw/AAAAAAAAAAI/AAAAAAAAAAA/AMZuucnpTiSBIOoBjTQqT7vz6ebBqFMmng/photo.jpg,Ja faz algum tempo que jogo...a cada atualização que faz a gente perdi tropas... e agora fazem KVk e eles simplesmente realoca automaticamente os jogadores pra seus reinos e as tropas que esta na colheita completamente perdemos... e,1,0,2.21,2020-05-31 01:06:12
55,Um usuário do Google,https://lh3.googleusercontent.com/EGemoI2NTXmTsBVtJqk8jxF9rh8ApRWfsIMQSt2uE4OcpQqbFu7f7NbTK05lx80nuSijCz7sc3a277R67g,"O jogo é muito ruim, praticamente esse jogo foi feito para os riscos, como presidente,... E esse jogo benefícia mais os chineses e estrangeiros, e os brasileiros que se matem para conseguir algo bom dentro do jogo. Não ligue para minha opinião, se você pensa diferente de mim. Nem uma estrela vale 😤😠.",1,141,2.21,2020-03-30 09:44:36
56,Guilherme Dias,https://lh3.googleusercontent.com/a-/AOh14Gj-TuUVxRFKbTdIfHThNLnZylttQmmJZzmv8qbJ2w,"Essa atualização das T5 estragaram o jogo, ainda mais que é pesquisa paga. Porque não melhoraram as árvores de pesquisas que já tem ao invés de fazer mais uma?. O jogo está com muitos bug. voçês da IGG conseguiram estragar o melhor jogo.",1,120,2.21,2020-04-10 16:40:50
57,Allan Willian,https://lh3.googleusercontent.com/-8Xpo_4J-6Mo/AAAAAAAAAAI/AAAAAAAAAAA/AMZuucmdRwr_9MRh-1hXoE7ALRT2Fgpp3Q/photo.jpg,O jogo até e legal mais enjoa com o tempo cada atualização faz você desanimar mais rapido impossibilitando você de se igualar aos outros jogadores por que sempre vem uma atualização dinheirista entendo que o jogo tem que ser manter mais ai ja e de mais é mais facil para de jogar né?! ja avisa vocês novos jogadores que para tenta se divertir um pouco você vai ter que investir muito dinheiro recomendo procura outro jogo,1,126,2.21,2020-03-29 03:53:43
58,Ednaldo Alves,https://lh3.googleusercontent.com/a-/AOh14Gjd-7AJ7DoHu-iEMbVTGl_uXIdNJ1Zsj9buj9x9bw,Triste ver um game bom acabando por ganancia dos desenvolvedores onde tudo e caro até para ter tropas mais fortes e preciso gastar dinheiro para ter uma coisa básica do jogo que e tropas chega a ser uma estupidez oque andam fazendo com jogo cada dia passa perdem mais jogadores e a cada atualização só piora já gastei muita grana no game nesse casino disfarçado de game de guerra que e o Lords mobile e não adianta vir com essa resposta automática de vocês que todos poder evoluir sem gastar que e mentira !!,1,44,2.21,2020-04-01 13:24:25
59,Vitória Gabrielli,https://lh3.googleusercontent.com/a-/AOh14GjVX4DteGaiU5GWuU0UDHezd6spXZtj97rLE1BG7g,"arrependida de ter gasto dinheiro com esse jogo, já tentei entrar em contato com a IGG 4 vezes a respeito de um evento que minha guilda venceu e não recebeu os prêmios, mas só respondem que não atingimos a pontuação suficiente, sendo que a gente tem provas da nossa colocação no ranking, mas não se prestam nem a dar uma olhada nas posições 🙄 de que adianta colocar as regras do evento pros jogadores e o próprio jogo não cumprir com as mesmas? 🤮",1,5,2.21,2020-05-11 17:18:18
60,StarLBBH,https://lh3.googleusercontent.com/a-/AOh14Ggi6sDEGp5WxYdB2FqF8xwLokS1OeWSZqboeWXO8Q,"Pay to win puro, os jogadores que gastam no game tem muita mais vantagem sobre os outros, se você não estiver disposto a gastar mais de R$400,00 por mês não recomendo você baixar.",1,1,2.21,2020-05-29 20:29:47
61,Ana Maia,https://lh3.googleusercontent.com/-3YZSdkOZ5_s/AAAAAAAAAAI/AAAAAAAAAAA/AMZuuck6oPZHd6qVZ9K8gUH7YHG4YWGkhQ/photo.jpg,"Se você é novo nesse jogo só tem duas hipóteses, tem de gastar MUITO dinheiro ou jogar mais de 2 anos até ficar ligeiramente forte. Começa a ficar muito caro para um jogo de telemóvel nem jogos de PC e consola sai tão caro assim. Tem muito lag atualização em cima de alturas Importantes. Retirei 2 estrelas da minha primeira avaliação porque claramente em muito aspecto só está pior de mês para mês",3,131,2.21,2020-04-29 13:08:06
62,Rogerio Alves da Silva,https://lh3.googleusercontent.com/-0A0jON3vnOY/AAAAAAAAAAI/AAAAAAAAAAA/AMZuuckhcUNN1TvLWtynOroyhFjDZroSTA/photo.jpg,o jogo é bom mas tem um problema né o jogo tem perigo eu vou fissão de não ter tempo tipo um tempo mais fraquinho eu tenho que ficar toda hora esperando essa coisa carregar e ela não vai emas o problema se continuar isso eu vou fazer o quê agora ficar sem jogar toda hora que eu for treinar um cavaleiro eles vão treino rápido e melhorar o tempo assim ninguém ficaria cansada de ficar esperando sem fazer nada isso é para ganhar isso é para ganhar avaliação é para ficar igual o i*****,5,6,2.21,2020-05-24 02:09:40
63,Maciel de araujo Brandao,https://lh3.googleusercontent.com/a-/AOh14GjISbZ47_4XM9BdJodNwFwBUghNRvLTmW0AH6m35Q,Gostaria que a gg um alarme no joga de pelo menos de 20 a 30 minutos antes do escudo cair as vezes a internet está ruim e nao da tempo de colocar os escudos e perdido vários dias de tropas que foram treinadas?????,5,0,2.21,2020-05-27 19:20:35
64,A VOZ DE DEUS,https://lh3.googleusercontent.com/a-/AOh14GgNv-HvQDbxebnGCCxFuiDy318QO7Ku5geczYIIP8o,IGG o que estar acontecendo pois desde algumas atualizações atraz vem abrindo uma caixa d spam dizendo que( estar indo rapido demas ) se o jogo conta com cada segundo e isso atrapalha em atacar coleta caça monstro e ate mesmo se defender d um ataque .. se alguem for zerado por essa msg que nao para d aparecer voces vao reconstruir tudo o que se foi perdido ????,1,22,2.21,2020-04-17 08:49:32
65,sergio fortes,https://lh3.googleusercontent.com/-ojIbP5kyIb0/AAAAAAAAAAI/AAAAAAAAAAA/AMZuuckK_UY4YIwQ7Ypfvtd-PujetzPUfQ/photo.jpg,"Não existe diversão se você não gastar dinheiro, o que acaba ficando bem caro, pois você disputa contra jogadores do mundo inteiro. São raros os brasileiros que alcançam um alto nível de disputa.",2,2,2.20,2020-05-23 00:07:09
66,Danielle Frutuoso,https://lh3.googleusercontent.com/a-/AOh14GiDBE9f3jhV_UIsQLJMRQ3bx53kBHQCy7LuIxGF,"Baixei esse jogo por causa das ofertas do tapjoy. Evolui meu castelo até hoje para o nível 9 e infelizmente não recebi minhas recompensas de diamantes. Faltam 13 dias para minha oferta acabar e já reclamei 2 vezes e vocês não me deram solução. Nao consigo reclamar mais pois diz que vocês ainda estão analisando! Eu tinha dado 5 estrelas porqur o jogo e bem legal, mas por causa do descaso de vocês comigo eu retirei as 5 estrelas e estou dando 2. Espero que vocês se importam e me dêem meus diamante",2,4,2.21,2020-04-02 10:30:44
67,park jikook,https://lh3.googleusercontent.com/a-/AOh14GhD0qPrfwfstkcU8Um2rxJf_LLODcBjws_sQdBE,"Esse jogo e ótimo! Eu já lutei muitas vezes, ate com a minha amiga, nós nos divertimos demais com esse jogo, eu recomendo que todos instalem ele, pois vcs vão amar, mais tirando alguns problemas, esse jogo e maravilhoso, esses defeitos que eu falei, e que antes n tinha esse download, tudo preto, e demora pra instalar, e vc tem que ficar lá até ele instalar, vcs só vai passar raiva mais de resto, tudo e ótimo! Adorei esse jogo, e o criador que fez, pode até testar!",5,56,2.21,2020-05-04 17:15:00
68,Gabriel Marques,https://lh3.googleusercontent.com/a-/AOh14Gjjq6NLdWw-Fc2ibb0_JSpuIyo_tjad2J6z3CDY,"Amo muito este jogo, mas infelizmente quem não gasta dinheiro fica para trás e isso é algo triste de se ver. Espero que a IGG um dia pense em todos os jogadores de lords mobile e aumente as recompensas dos eventos principalmente FG.",4,1,2.21,2020-05-04 16:54:29
69,Gilsmar Carvalho,https://lh3.googleusercontent.com/a-/AOh14GgpN70gQ-LRjdNdmyXd97CldOl7z3qjP7Ib9p-RCw,O jogo é ótimo mais as dublagens deveria ser português... e nos brasileiros somos alvos fáceis dos chineses... deveria montar um reino com poderes pareados... assim quem sabe poderíamos evoluir melhor... sendo q nem todos tem condições de adquirir um pacote acho que deveria de pensar mais nas sugestões... obrigado... mas os gráficos .. os skins de caatelos... os heróis são ótimos....,1,9,2.20,2020-03-25 16:08:41
70,Vicentina santos,https://lh3.googleusercontent.com/-GyHdoUm4Ekk/AAAAAAAAAAI/AAAAAAAAAAA/AMZuucl6SmyD8sEcr-72lqKtljYCcIxKSA/photo.jpg,"O jogo e bom, porem e muito desvantajoso pra quem nao gastar muito, eu sei que da pra evoluir sem gasta, a questao e que se vc evoluir sem gasta vc so passa raiva por vim os cara com niveis bem mais altos que o seu e atacar, vcs deveriam fazer algo em relacao a isso, e deveriam faze servidores separados por paises, pq se torna muito injusto joga com os chineses que pra eles os pacotes sao mais baratos, vcs nao estao nem ai pros jogadores brasileiros.",2,16,2.21,2020-04-21 14:15:10
71,Felipe Dantas,https://lh3.googleusercontent.com/-Bcj_mhKJ9NI/AAAAAAAAAAI/AAAAAAAAAB8/AMZuucl7A9ztI94b4eVbn8T4Fy-5biHBnw/photo.jpg,"Impossível competir com os Chineses. Enquanto você upa um nivel, eles upam 10. Fora que tudo no jogo é caro e os pacotes pra quem mora foram saí 100 vezes mais baratos que para brasileiros. Uma estrela, se tivesse como daria zero.",1,2,2.21,2020-05-29 16:31:39
72,Júnior Mota,https://lh3.googleusercontent.com/a-/AOh14Ggi-ESaf7MwHYv6GCWV-6c8OJjtLtqrbyayCdFoVQ,"Só não dei 5 estrelas porque o jogo influencia muito a gastar dinheiro, e mesmo assim com nível mais avançado o tempo é muito demorado. Fora isso o jogo é muito bom!",4,0,2.21,2020-05-31 17:32:32
73,Bruno Ferraz,https://lh3.googleusercontent.com/a-/AOh14GiOlu715OFzirmFEGmSGGswPbg586bvYzUMT9Qp,"Não deveriam dar o título de imperador, mais sim de palhaço para os jogadores, deveria ter eventos melhores , IGG cada vez me dessepsiona mais , atualizações que só podem fazer comprando pacotes, servidores instáveis , milhares de bots no jogo, as guerras de imperador, barão são jogadas por máquinas e não pessoas, gf cada vez vem mais missões com pontuações baixas , IGG quer que ficamos logados 24h , o jogo já foi muito bom, mas de 1 ano para cá só vem deixando a desejar .",1,26,2.21,2020-04-01 17:29:19
74,Jonathan Lopes,https://lh3.googleusercontent.com/a-/AOh14GgGRqhqoYzXzZNKMLny5oovJsiXdQKapcwyTlgAcJk,"Rapaz o jogo e bom disse bom não ótimo, sei que nada no mundo é de graça e cada conquista deve ser recompensada, mas vamos dizer que você ser obrigado a recompensar a conquista da IGG pelo desenvolvimento do jogo e o que desmotiva. Pra você crescer deve se desempenha muito tempo e dinheiro principalmente dinheiro. Com o valor do dólar e conversões à cada 1 euro ou dólar gasto eu devo pagar 5 vezes o valor. A necessidade de gastar dinheiro deve se a falta de tempo pra jogar. Não pra evoluir.",1,11,2.20,2020-03-25 00:32:47
75,Michael Worm,https://lh3.googleusercontent.com/a-/AOh14GiR_jYo4wdxuq9PznKd7GpjHZfTnNKlJZ074iRC,"Parei de jogar a algum tempo e estava conectado ao Google play, hoje fui logar na conta dentro do jogo e só aparece minha conquistas na conta, porém, meu progresso não é restaurado. Por favor peço que haja uma correção para o problema. Pois se aparecem todas minhas conquistas deveria aparecer meu progresso também, o que não está acontecendo.",1,6,2.21,2020-04-01 23:46:50
76,Franciel Santos,https://lh3.googleusercontent.com/a-/AOh14Gj1psLU0ZVeLmHTgUdutaDsIa6JF3k1bqlFzoWPh-A,"Muito bom, tipo tô meio que se doando ao jogo me dá até uma certa ansiedade kkkkk, uma coisa que seria legal no jogo seria uma opção de deixar uma construção na fila,tipo você só pode construir novamente ao término de uma construção correto, e se colocado essa opção de fila nos ajudaria bastante, principalmente quando vc estiver ocupado por exemplo não tem como tá olhando suas construções e com o modo fila você deixaria por exemplo duas e quando voltasse estaria pronto uma e outra começada!! Obg",5,25,2.21,2020-04-24 00:19:25
77,lourival morais,https://lh3.googleusercontent.com/-r_oNwNKvgdU/AAAAAAAAAAI/AAAAAAAAAAA/AMZuuclSFEj7lLKtDmnf5zBQSadRLmgX5Q/photo.jpg,"Gente não sei o que aconteceu mas ontem eu coloquei assinatura na minha conta de pacote de velocidade... porém ontem eu notei que ficou faltando manda os acelerador de tropa mas até então tudo bem... mas hoje já se passaram mas de 24:00hrs e não renovaram ainda ,porfavor gosto muito desse jogo me ajudem aí...",5,4,2.21,2020-04-20 11:57:16
78,simone souza,https://lh3.googleusercontent.com/a-/AOh14Gh_WvBtCi9S1fAO3B1-ad_YbiXdL376iOHAuPZ1hg,"O jogo é ótimo gosto muito dele, tem quase um ano que jogo, mas sinto a falta de uma coisa de um competitivo, tipo o cenário de e-sport tá da hora Hj em dia, então acho que um jogo como esse merecia o seu espaço.",5,0,2.21,2020-05-31 05:10:45
79,Tiago Artur Silva de Oliveira,https://lh3.googleusercontent.com/a-/AOh14GiIzvCAS4QPYEkcsD2AeAuHpkFni9UM7C0Pay6sww,"Festival de Guilda deveria ser bem avaliado pelos os desenvolvedores, claro que muito amador de jogos de fazenda ppdem gostar, mais é muita exploração da IGG manter horas e horas preso preso a uma tela esperando missão, 30 minutos para renovar e 100 jogadpres em uma guilda sem falar que a maioria das missões são abaixo da pontuação combinada com a guilda, as missões devem a acompanhar o nivel da manopla, ou seja, somente pontuação alta na ultima manopla",3,82,2.21,2020-03-29 12:55:09
80,Mezen Kyng,https://lh3.googleusercontent.com/a-/AOh14Gha3beguLWpYXoiw1QtqrxB2K9uZjrTL2ky7OhB,"Falei aqui das minhas 690K de t3 perdidas devido 1 ataque de 1 jogador que usa hacker e bot e voces mandam falar com o suporte.. eu ja fiz isso, mais de 20 VEZES! e sempre vem as mesmas respostas de que nao podem devolver as tropas e que vao investigar o jogador, porem ele estar la cada vez mais forte e com 2 guildas de bots pra ele. E nós que gastamos dinheiro e jogamos honestamente ficamos no prejuizo! Vou tentar mais 1 vez com o suporte se nao devolverem minhas tropas eu volto a criticar",2,53,2.20,2020-03-25 18:20:25
81,Gabizini Yuki,https://lh3.googleusercontent.com/-3WC7uhul25k/AAAAAAAAAAI/AAAAAAAAAAA/AMZuucnG9ISMxLMJEUQ_BMtOHTwZRHBMTg/photo.jpg,"O jogo tem ótimos gráficos, ótimos tutoriais para quem acabou de começar o jogo mas, seria interessante se essas dublagens fossem em português Brasil. Também acho que deveriam espererar pelo menos 1 semana para mudar o território de lugar porque é chato sair da colmeia da guilda só por ter ficado alguns dias sem entrar no jogo. Recomendo baixar, eu jogo sem gastar dinhero nenhum e estou evoluindo.",3,11,2.21,2020-04-16 13:39:17
82,Diego Paranhos,https://lh3.googleusercontent.com/a-/AOh14GhDEGA9kbSAfyVZD7VKmyRsZgPhDnAN0Vj-0qwYGw,"Por favor , volte com o evento dos mobs de recursos , + os mobs de anima para os familiares , faz tempo que vocês não liberam :) , ótimo jogo // BR no 307k (guilda top) , reino vazio com uma só soberana que é tranquila tbm ^^",5,3,2.21,2020-05-14 21:18:58
83,Bruno Pires,https://lh3.googleusercontent.com/-dbJ6FXnfl9E/AAAAAAAAAAI/AAAAAAAAAAA/AMZuuclf6TL5hhFvS8P-RZk7Oo8bVZW0DQ/photo.jpg,"A atualização que botou as t5 deixaram o jogo desbalanceado, antes mesmo free vc conseguia evoluir bem( demorava pra evoluir, mas não via problema) mas as t5 deixaram as batalhas desbalanceadas para quem tem tem condições de gastar muito dinheiro!",1,1,2.21,2020-05-13 01:11:05
84,ANTI HERO Smoke,https://lh3.googleusercontent.com/a-/AOh14GjIv5kQl3dqeeHdOyh_kSryN099uiTuHm1qCeC1,Excelente jogo !!! Jogo a quase 2 anos e tenho uma sujestao que todos jogadores iriam adorar! Adicionar no jogo um sistema semelhante ao sistema do evento(festa da guilda) aonde conseguimos monitorar o pessoal que esta contribuindo para com a guilda ...ajudaria muito em eventos de caça e tbm a monitorar quem contribui caçando....esse e um grande transtorno que muitas guilda passam principalmente as guildas em desenvolvimento pois existem muitos sanguesugas pelo jogo...,5,213,2.21,2020-04-14 15:08:48
85,Matrique P,https://lh3.googleusercontent.com/a-/AOh14Gg2cjFGTENINYYDnGyJYOQh_nMDznZ5Ja1zbwHWew,"Olá, vi tantos comentário negativos sobre o jogo e me doi ter que concordar, o jogo de início é uma maravilha mas depois vai mostrando sua verdadeira face, o jogo só quer que vc adquira coisas todo hora e sem essas coisas é impossível progredir, pessoas sem condições mas que gosta do jogo acaba se ferrando, infelismente não recomendo esse jogo, até que isso mude Atenciosamente, caro player",1,7,2.21,2020-04-14 06:07:39
86,SIMPLES ARTESÃO,https://lh3.googleusercontent.com/a-/AOh14GigoqKWYs-B3yLYhSCMOPKHBOXOLXEs2r0ifbZhlw,"Nao tem jogo melhor nao existe, nao trava, chat rapidissimo, resposta em tempo real, otimo em todos os requisitos. Alem de vc encontrar muitas dicas sobre o jogo. Parabens aos desenvolvedores, galera de futuro. Só una coisa podriam tirar a fala da rainha do gelo que falaque o"" Lucas vai pegar Coovid"" ja encheu o saco.",5,11,2.21,2020-04-18 16:34:41
87,lua acabc,https://lh3.googleusercontent.com/a-/AOh14GjSEkQfZjVZCEyQEJnHLFD49AS_ylOyiLqtk9MEiA,"Estou com problemas de acesso. Enviei e-mail pedindo ajuda e ainda nada... Estou tentando entrar no jogo pelo App e fica uma tela preta, já a barra de notificação aparece que está em ""downloading"" e não finaliza. Podem ajudar?!",4,0,2.21,2020-05-08 01:28:19
88,Leandro Gonçalves,https://lh3.googleusercontent.com/a-/AOh14GgBDM3H86pkrV8QA2KqfI_MZ8gQb6K5-x5Bz-im,Jogo e muito bom parabéns . O jogo fica dificil se vc comeca em um reino novo hoje vi em um reino um cara ccm 100m de poder ...o reino tem 5 dias ...acho que vcs deviam corrigir isso . Se o reino e novo nao deveria ter tita nele isso ira fazer ter muita desistência .... mesmo que comprem o pacote mais caro nestes 5 dias nao daria pra ter este poder ...,5,7,2.21,2020-04-06 20:25:47
89,cleyton mendes,https://lh3.googleusercontent.com/-B2l7-nqSOeI/AAAAAAAAAAI/AAAAAAAAAAA/AMZuucncoPF_Ytc84Ab1L2DG5uyXPTtdBQ/photo.jpg,Cadê a copa LORD mobile e o evento mais valioso. Pra quem não é rico e não estou mais vendo vcs não fizeram mais isso com a gente né e por favor responda os questionamentos e. Vê se vcs tenham um pouquinho mais de umidade. Com seu membro q lhe lavaram a esse topo a última resposta a um deles demostra mais com não temos valor a vcs. Então pense bem antes de escrever quando se têm um questionamento negativo,4,10,2.21,2020-04-03 09:35:07
90,Prosyvyny,https://lh3.googleusercontent.com/-xiX4KKWcfT0/AAAAAAAAAAI/AAAAAAAAAAA/AMZuucnH-orn4S_okjZkO4U46hh9v4UUrQ/photo.jpg,"Olha o jogo tava mt bom mais a cada vez voces criam coisas que ficam mt injusto igual a questao de ter que ter 30 membros ct 17 pra participar da ARENA DOS DRAGÕES 15 membros ja tavam bom pois tipo uma guilda fraca nao irao os 30 sabe, e outra pior antes as guilda mais fortes entravam em reinos para recrutar com tanta facilidade e hoje que eu quero recrutar cade que eu posso fazer? eu tenho uma guilda de 150m de poder e queria somar mais e agora? Espero que nao coloquem BOT pra responder.",2,4,2.21,2020-05-02 16:55:55
91,Vitória Suelly,https://lh3.googleusercontent.com/a-/AOh14GhXctZ16STbpMswHB27wtOfo4bvvjk9n5xZd-c48Q,"Eu gostaria bastante de que, no jogo, pudéssemos ter a possibilidade de saber quem está online ou offline! Pelo menos, entre os membros da guilda que fizermos parte... ;^;",4,0,2.21,2020-05-19 17:10:40
92,Amanda Andrade,https://lh3.googleusercontent.com/a-/AOh14GjUGxFZHlJ5Yc2B_amg5R646dTGD2-wzNC5A9rSoA,"O jogo é muito bom, complexo, sempre há algo a fazer, só acho desnecessário as propagandas que vocês fazem, sei que querem chamar atenção, mas acho que deviam ser mais realistas em relação ao jogo, porque ele é muito bom, não tem necessidade de propagandas mentirosas.",5,3,2.21,2020-04-16 19:32:19
93,Lorena Souza,https://lh3.googleusercontent.com/-oA7eir1lNyk/AAAAAAAAAAI/AAAAAAAAAAA/AMZuucn5UYsBZJHVpvWPXoYT3NGsm7k7uw/photo.jpg,Ótimo jogo. Quando se entra com frequência é possível evoluir sem problemas e sem a necessidade de realizar compras. Claro que comprando o processo se torna mais rápido. Porém se não puder gastar não atrapalha em nada a diversão do jogo. Ótimo para passar o tempo e se vicia rapidamente.,5,59,2.21,2020-04-06 23:45:57
94,gedy duarte,https://lh3.googleusercontent.com/a-/AOh14GgOZbVS6A4gspVcDrtyonJvMp5zUu7u6R0uvuJ5Vg,Um otimo jogo pena que so se da bem quem gasta o cartao de credito pois nem cartao de debito aceita muito triste investir mas de 6 meses num jogo onde quem tem um cartao de creditos tem mas beneficios que quem quer usar o cartao de debito e nao pode . desistalando permanentemente,1,1,2.21,2020-05-17 14:31:06
95,Mateus Lacerda,https://lh3.googleusercontent.com/a-/AOh14GixUoMzxZv-uM4pVrtPLyL5LZeMjV_3733rFKeTfw,"Eu realmente gosto muito desse jogo, muito mesmo, mas depois da última atualização o jogo fica saindo sozinho ou reiniciando meu celular, então por favor arrumem isso, eu gosto do jogo, mais isso realmente me estressa.",5,0,2.21,2020-05-07 21:32:12
96,Gustavo Neiva,https://lh3.googleusercontent.com/a-/AOh14Gh3cHL4dBeAtteAPkQS8eBy6U_F-4GZdv-1_Rr64g,"No início era um jogo muito bom, mas estão visando mt dinheiro. Assim fica difícil dos players free acompanharem. Não adianta nada uns serem fortes demais e outros serem fracos demais, ambos os lados perdem a graça, pois se torna um jogo intediante.",3,2,2.20,2020-03-25 11:35:05
97,Fish Sparkles,https://lh3.googleusercontent.com/a-/AOh14GgvIYdHxWFgdWY78VbzjdTpURwtc2M-F8r4d3cj,"O jogo tem muitas coisas para fazer, batalhas, construções, pesquisas, descobrir outros reinos, participar ou criar uma guilda, ajudar quem precisa etc. Enfim é um jogo divertido e viciante!! Dá sim para jogar e evoluir sem ter que pagar por nada, é preciso ter paciência!!",5,8,2.21,2020-04-19 17:20:32
98,Soldier Piggy,https://lh3.googleusercontent.com/a-/AOh14GgPlcc6PCJ1MQmGtcZzlh8zpwSJ2_SvcpBdxhWhfw,O jogo é bom porem muito pay2win e não é só muito É UM MONTE meu primo joga o jogo por 5 anos e não tem nem 170m minha tia começou a jogar e pagou ela ficou com 890m em 1 dia pvf tirem esse troço de pay2win atrapalha muito a jogabilidade dos outros principalmente dos speedrunners sem falar nas atualizações MUITO desnecessarias Resposta: bom eu entendo mais se colocarem pelo menos um pacote pra comseguir fazendo missoes eu ficaria grato. aumento minha nota obrigado pela atençao,3,2,2.21,2020-03-31 18:54:36
99,Marco Prates,https://lh3.googleusercontent.com/-DvohR_j4ddI/AAAAAAAAAAI/AAAAAAAAAAA/AMZuucnS0b_VUlNf1l6VfbgVLD3JJCGjfg/photo.jpg,"Jogo bom mas demora muito tempo para o poder aumentar, ja faz 2 anos que jogo e nao tenho 20 milhoes de poder,nao entendo como ha jogadores com 900 milhoes de poder,para isso o jogo tinha que existir a mais de 10 anos... Muito estranho",2,2,2.20,2020-04-04 11:15:28
