,userName,userImage,content,score,thumbsUpCount,reviewCreatedVersion,at
0,Gabriel Artoni,https://lh3.googleusercontent.com/a-/AOh14GiyFGX9dr-WUs4Sn4sNInC-or1yMMTtw5ARCHO09Q,"Até a atualização passada estava tranquilo, mas depois da última atualização, o jogo começou a travar muito. Não importa se eu ajusto a taxa de quadras pro mínimo ou máximo, o jogo fica travando e com o fps baixo do mesmo jeito mesmo estando com a qualidade gráfica do mínimo. Arrumem isso, o jogo ficou mal otimizado, arrumem isso por favor.",1,6,0.17.0,2020-05-31 18:57:00
1,Mandraky fps,https://lh3.googleusercontent.com/-CLSeDFtCGdM/AAAAAAAAAAI/AAAAAAAAAAA/AMZuuck-dCN0064szM9HGXTwNsviUvbxSA/photo.jpg,"O jogo é bom, pra mim um dos melhores. Mas ainda tem muito a melhorar. Primeiro de tudo arrumarem os servidores: O jogo está crescendo tanto, que os servidores não estão dando conta mais, o ping ocila, quando vc está em uma trocação frente a frente, laga e o fps cai tanto que vc perde o controle das ações. Otimização: O jogo tá otimazado! Só q ficar lotando o jogo de coisas inúteis, tipo modo de jogos que ngm joga, isso só faz o jogo fica mais passado. Adicionem modo Fpp e troca de mira rápida",4,133,0.17.0,2020-05-25 10:12:08
2,frotta onze,https://lh3.googleusercontent.com/a-/AOh14Gg3eZtPUje0XLVvo1wxBiEh27F9_urcIae_-RIQwA,"Senhores desenvolvedores do jogo, bom eu adoro esse jogo só que min decepcionou muito com essa atualização 0.17.0 ficou rui, problemas como bug do lobby trava de mais quando tou na partida, falta de otimização esse jogo tinha que ser muito melhor do que o global em questão de fluidez, só que é o pior jogo da tencent e uma pena ver o jogo se acabar, não vai melhorar nunca e vergonhoso isso. Pfv melhorem esse jogo pra melhor.",1,189,0.17.0,2020-05-22 19:06:43
3,Nam Parker Santos,https://lh3.googleusercontent.com/a-/AOh14GiIDVNf-EJqqq2eeoW0cta42vnEPjMPfy678Gz-,"O jogo está bom, porém com essa última atualização tem coisas q sairam meio erradas.começando pelo parceiro não tem como usar sempre q eu tento só aparece ""evento acabou "" E tem algumas coisas meio inúteis no jogo q estão fazendo o jogo cada vez mais pesado desde de já peço q otimizem Tirando isso o jogo tá legal mas precisa de ajustes",3,171,0.17.0,2020-05-17 14:45:27
4,Emerson Nascimento,https://lh3.googleusercontent.com/-R04bbWIcAV4/AAAAAAAAAAI/AAAAAAAAAAA/AMZuuckdD8-wJJsUPMZo2w5OANOlF2jPLA/photo.jpg,"Parabéns vcs conseguiram melhorar bastante o jogo,a única coisa que gostaria que acrescentar é que se tivesse um layaout de botões grandes tirando isso o jogo está muito bom e bem leve,mas também poderiam disponibilizar os gráficos mais altos para celulares como j7 e também apresenta um pequeno bug no cabelo dos personagens pelo menos no meu nada que incomode mas o jogo ta muito bom e leve",3,31,0.17.0,2020-05-27 09:28:47
5,Um usuário do Google,https://lh3.googleusercontent.com/EGemoI2NTXmTsBVtJqk8jxF9rh8ApRWfsIMQSt2uE4OcpQqbFu7f7NbTK05lx80nuSijCz7sc3a277R67g,Eu acho q deveria colocar primeira pessoa mas o resto tá top e por favor não esquesam que o jogo deve ser lite e não com varios gigas ele deve funcionar para celulares de 1 giga de ram e nao para mais de 1 giga de ram por favor ta comecando a travar o jogo eu espero que diminuam a cantidade de megas e gigas obrigado. E por favor tirem a auxílio de mira,4,45,0.17.0,2020-05-19 10:46:26
6,Play BR,https://lh3.googleusercontent.com/a-/AOh14GiFDWWzgAWzv9cLrZAAo9Uf8qTmeFLCt7gkyxhAew,"Esse game acabou pra mim. Vocês estão mentindo sobre o jogo, podem retirar esse lite do nome porque de lite só o tamanho do mapa de resto é um monte de coisa inútil, skins que não agregam em nada e agora mascote, só pra deixar o game menos lite e digo mais vocês estão tirando minhas resenhas daqui, já é a terceira vez que venho aqui e minha resenha some.",1,84,0.17.0,2020-05-22 15:11:39
7,Lucas Martins dos Santos,https://lh3.googleusercontent.com/a-/AOh14Gh42ewlqUFMWtpxUtGlnf140SOSN_6txURsp07yxw,"Estou tentando colocar o jogo de novo pois não está indo,eu desinstalo e instalo de novo pois meu celular não está suportando atualizar direito, e... seria legal o modo roleplay, pra conhecer melhor o mapa e se divertir conhecendo os outros jogadores ,e , é difícil achar alguém do mesmo time que seja do mesmo país porém é muito legal o jogo",4,18,0.17.0,2020-05-27 23:42:10
8,Joel A. Rodrigues,https://lh3.googleusercontent.com/-jyhfo0HEUd4/AAAAAAAAAAI/AAAAAAAAAAA/AMZuucn4xLBAsau-6CrBGOTWGjVMhF8Q6A/photo.jpg,"Pelo amor de Deus, no lugar de atualização, melhorem os Firewalls de vocês, para que esses Hackers não permaneçam no jogo. Só tem hacker no jogo e o servidor de vocês já não está aguentando. Bugando direto... Tá dando raiva jogar um jogo desses!",1,7,0.17.0,2020-05-22 16:49:11
9,Android games,https://lh3.googleusercontent.com/a-/AOh14Ghss4ex3KDG5B7qKDNsMTmZehjFw_eTm2wL2kl6bg,"O jogo esta ótimo mas a maioria dos jogadores sao máquinas do jogo duque vale numa partida ter 60 jogadores mas na maioria sao máquinas do serviço é por isso que tou a ganhar toda hora, por favor de vem ver esta parte é preferível ser 40 jogadores mas real nao máquinas. De tudo o jogo esta ótimo",2,1,0.17.0,2020-05-30 15:56:13
10,EroMendeZ,https://lh3.googleusercontent.com/a-/AOh14GgSgv3-oUM0T_3uC2fDwVF9RkgmDlACEJk3oqGzVQ,"Aos desenvolvedores, uma pergunta. Porque eu ganho seja em 1° ou entre os top 10 e minha patente nao sobe. Instalei novamente tem 3 dias e vejo que tem partidas que eu ganho, mas minha patente nao sobe, e quando sobe, sobe no bronze e nao em ouro que é minha patente atual, eu deveria ja estar em platina pois começei a 3 dias... So por favor me digam algo...Obg pela a atençao",3,11,0.17.0,2020-05-30 15:39:39
11,BILLYSOME,https://lh3.googleusercontent.com/a-/AOh14GjGVjFMgQFcMFelcxxiyrDSLXuYJA0B6Z8ZR_YD,O jogo melhorou bastante em compensação dano e assistência de mira mas os gráficos estão bugados quando você vê um alvo longe correndo vc da um tiro e não acerta porque ela tá atrás de uma árvore que não aparece aí vc está por exemplo na escola tem umas árvores perto para qualquer lado que você vire então você vem um cara e você pensa vou atirar nele ai quando você mira as árvores ficam e 2d e cobre toda a sua visão e daí não tem como ver o cara se arrumarem isso o jogo fica bom.ele tbm desotim,3,41,0.17.0,2020-05-20 09:22:40
12,Maxkile CK,https://lh3.googleusercontent.com/a-/AOh14GjooEdHQOW6r_suaMg99cEbb3NuYBYYuLZMGvwzXQ,"So tem que diminuir um pouco mais a assistência de Mira, e aumentar o dano das armas. Tá muito fraco os danos das armas, eu dei um HS no cara e ele não morreu, ele tava sem capacete, fora os tiros no peito! Fora isso, o jogo e muito bom!",3,0,0.17.0,2020-05-29 11:25:36
13,Rodrigo Bazan,https://lh3.googleusercontent.com/-MM-batiBeBg/AAAAAAAAAAI/AAAAAAAAAAA/AMZuuclztjZvBrHPs2kyg-lJK7a6y1K6hQ/photo.jpg,"O jogo tava excelente ate essa última atualização que aumentou o ping, varios hackers,e agora pra finalizar libera o Falcão naquela roleta q so sabe roubar os nossos BC o falcão deveria ser grátis como foi no mobile vcs nao presenteia nóis jogadores com nada skin de armas roupas ou qualquer outra coisa tudo pra vcs é fazer a gente gasta tenham mais consideração a quem mantém o jogo vivo q somos nós jogadores e comecem a banir hackers e parem de vender td e comecem a dar algo como reconhecimento.",3,37,0.17.0,2020-05-21 16:50:47
14,Manoel Cicero11,https://lh3.googleusercontent.com/a-/AOh14GgB86yrVNqwhuUfhZU6xH6BP8ZfTMDYb8jHrxjSaA,"O Game tá bom e talz, mas, vcs poderiam ajeitar a questão do dano de queda, tipo, vc pula de cima de um prédio de pilot e nao leva nenhum dano, ai vc pula da janela dakelas ksas de 2 andares e perde metade da life, isso incomoda num nivel... No mais não tenho do que reclamar, nessa última atualização melhoraram o dano das armas e nerfaram mais a assistência de mira oq e ótimo",5,22,0.17.0,2020-05-23 11:45:22
15,Leonardo Germano,https://lh3.googleusercontent.com/a-/AOh14Gjnk58axjeUgtoKK11vLMPuN2oOHaNEfKaBGAdYEA,"Ótima atualização! Fico feliz por vocês ainda estarem dando atenção pro jogo. Isso nos dá muitas esperanças. A diminuição do auxílio de mira foi uma ótima escolha, deixou o jogo mais justo e a ilha do looby também está top! Queria deixar também uma sugestão, que era aumentar o loot de sniper e remover ou otimizar a zona vermelha, já que o mapa é pequeno, acho q não tinha necessidade da mesma, que fica bugada só em cima de uma cidade e atrapalha muitas jogadas.",5,2,0.17.0,2020-05-25 11:50:25
16,Itachi pensativo TMP,https://lh3.googleusercontent.com/a-/AOh14GitviQbZBE0FH-8s8mQAKfgWGrs5LUgEHddHbAYfA,"Mano,finalmente pubg lite voltou,agradeço a vocês Tecent,mesno sendo lite,agora da pr aumentar os gráficos,mascotes,modos novos,e agora tem helicóptero,antes eu tentava baixar e falava que não era compatível,mas fui ver de novo,e agora é compatível,mas por favor,faça que o PUBG LITE seja mais fácil de se achar :)",5,53,0.17.0,2020-05-19 21:18:06
17,João Pedro Souza,https://lh3.googleusercontent.com/a-/AOh14GjBEnipL224X-XavfWtnWepD8TJFOW28jokOnn2uw,"O jogo está perfeito, só ajustar o sistema de banimento de hackers que está demais, e por gentileza melhorar o áudio que as vezes não é preciso e também diminuir mais o auxílio de mira, desde já agradeço. ✌🏻",5,0,0.17.0,2020-05-31 07:36:25
18,Hedss 07,https://lh3.googleusercontent.com/-qR4I5U45-5A/AAAAAAAAAAI/AAAAAAAAADQ/AMZuucldyN6cBb6_-GiNV2oY1mhAV8uDkg/photo.jpg,"O jogo melhorou mto, porem voltem o dano orinal das armas e tirem o auxilio da mira por favor, pq isso mata qualquer dificuldade do jogo. Não precisa ser igual o pubg mobile ate pq o lite foi feito para quem nao pode jogar o normal, tudo reduzido assim esta bom. Há comunidade so quer o pubg lite melhor, não um free fire 2.0!",1,33,0.17.0,2020-05-18 01:11:01
19,José Sidney,https://lh3.googleusercontent.com/a-/AOh14Ghg8jDkwZcYnxD913vDc-1lyl93z_2cu2nTZMLf,"esse jogo só há de ficar mais e mais pesado a cada atualização q ele for tendo. As empresas devem achar q todo mundo têm dinheiro pra comprar um celular top ou um iPad Gamer de primeira linha para jogar os jogos deles, dou 4 estrelas pq amo o jogo de coração💕🤙🏻",4,0,0.17.0,2020-05-28 15:22:11
20,Francisco Robson,https://lh3.googleusercontent.com/-zBAkqeqY0D8/AAAAAAAAAAI/AAAAAAAAAAA/AMZuucmpmuic4Xhacbzq9-PwHyH6W-wTHg/photo.jpg,"O jogo é bom, eu já havia jogado, mas baixei ele recentemente mas ele não inicia, só aparece a logo dos desenvolvedores e o jogo fecha sozinho. Fiquei muito chateado e meus amigos estão tendo os mesmos problemas. Eu gostaria muito que pudessem resolver este problema.",1,0,0.17.0,2020-05-31 16:34:20
21,MINØRØ,https://lh3.googleusercontent.com/a-/AOh14GjBN0Dvpdk9mqB_edSDHACse3W-YCkMSZprUZwIAQ,"Olha o jogo está bom mas tem gente reclamando de ""travamento"", bom, tentem comprar um celular melhor um pouco gente! Com pelomenos 2.GB - RAM pra poder rodar melhor, pq se vc tem só 1.GB RAM o problema não tem como ser resolvido até pq o jogo já é lite! E comparado ao original não tem o que reclamar!! 👌👍",4,52,0.17.0,2020-05-19 23:59:37
22,Rosangela Roxy,https://lh3.googleusercontent.com/a-/AOh14GjThQWqsXeulSRabzTxd2JWtOOL2MTHe80fjjpaTA,"Depois dessa última atualização as partidas travam de mais; isso quando não cai (coisa que raramente acontecia, pelo menos no meu); e o mascote serve pra quê, já que não tem como ser desbloqueado?🤔",3,27,0.17.0,2020-05-15 13:53:50
23,Ronei Silva,https://lh3.googleusercontent.com/a-/AOh14GgA8rxZYGWyn8BPYZW9cnUbcADUD2ts1P1PcC50P24,"O Que é isso vocês acabou de atualizar o jogo já está com bug. Fui jogar minha primeira partida depois da atualização os botões de agacha, mochila etc não apareceu e ""minha roupa da temporada Eu também não consegui colocar "" sem falar o mapa de selva dourada não consegui baixar!",1,89,0.17.0,2020-05-13 16:00:49
24,Games Samuue,https://lh3.googleusercontent.com/a-/AOh14GhktHdT8UqJenk7dtuCg9KDx2K-7OMuuTatPmxqkw,Quando vai sair o Miramar cara os mapas são pequenos demais talvez eu acredite que um dia vai sair uma grande atualização a e colocar para rodar 60fps pois os de 2gb tá 30 45fps e ajeitar o bug do microfone que não se liga tanso na tela que está ligado a vai ter em primeira pessoa com gráficos hd ou ulhd seria bom obg,5,26,0.17.0,2020-05-18 16:16:36
25,Jefferson C.L,https://lh3.googleusercontent.com/a-/AOh14GigOWd19kiqUpUHK1xJWg0VbKapt4ie2bZlJTdxEQ,Quero agradecer a Tencent por diminuir o auxílio de mira e pelo o aumento de dano das armas. Só tá precisando corrigir os bugs. Um dos bugs mais chatos é o de renderização tu mira na cabeça do cara e não faz dano isso é ridículo!!!,4,10,0.17.0,2020-05-22 14:33:53
26,Fabio Barbosa Da Silva Barbosa,https://lh3.googleusercontent.com/a-/AOh14GhgrarYfIR00AHUCvQiXNx58kI17twN0qIyWCS92g,"Bom dia 😉gostaria de dizer que amo o Pubg ML. E que sou viciado no jogo,passo horas jogando com os amigos de jogo , mais tenho um opiniao que e de todos os jogadores como eu converssamos e tem a opinioes como eu expl. 1° deveria ter a opçao da 3 arma de sem ser o revolver exemplo outra espingada ou rifle. 2° no modo beta da ilha o tempo deveria ser maior, pois nimguem quer morrer conrendo na area se fechando😉 3°entre eles o tempo de jogo que poderia se maior assi mais suprimentos sao pegoso",1,4,0.17.0,2020-05-18 23:24:59
27,Youtecno moz,https://lh3.googleusercontent.com/a-/AOh14GjgAoO6E6Q4BlP3TSnCM55sHTlFtAxzGzHA0TAYmw,"Actualizar o jogo para o pior, agora não pará de travar todo momento e, não tah ajudando, ou seja, a diversão acabou, já não tem gosto...vêm se podem melhorar isso mais breve possível!",3,1,0.17.0,2020-05-24 08:17:40
28,Landyson Arruda,https://lh3.googleusercontent.com/a-/AOh14GjBwIFBokqqw04kUa6Vm6rnh84gvGXPEp0JzBHMjg,"Top, agora com ajustes de gráficos melhor ainda, melhor pra mim que não tenho muito tempo pra jogar, pois as partidas são mais rápidas",5,0,0.17.0,2020-05-23 16:22:46
29,Alisson Pairé,https://lh3.googleusercontent.com/a-/AOh14GiY-j-L5jca--3o34zs47lVDYCwSzJPolSxUZs_,"Atualizão ridícula ao invés de melhorarem o jogo pioraram , o jogo só trava,as armas estão com um dano ridículo, vários bags ,call do jogo não funciona, a arma trava e não para atirar ,esse auxílio de mira q não tiraram ainda ,etc",1,8,0.17.0,2020-05-29 10:26:27
30,Igor Costa,https://lh3.googleusercontent.com/a-/AOh14GibsHm2aHLd1hSCBfzRjbY2cmP-PB_cTABMmcK-uQ,"Só tem bot, alem de o jogo estar cada vez pior. Ta mais mal otimizado do que antes, os inimigos estão sendo marcados ao serem atingidos, entre outras coisas que pioraram a jogabilidade.",1,2,0.17.0,2020-05-22 22:02:33
31,Lucas Koppe,https://lh3.googleusercontent.com/-n4d8CKLO1tw/AAAAAAAAAAI/AAAAAAAAAAA/AMZuuclR8HDgNZc-DDl6w6470dvLSrALnw/photo.jpg,"O jogo é muito bom mas com essa nova atualização o servidor está muito estável, toda partida que tento entrar aparece ""pareamento falhou"" sem contar que demora muito mais para parear em uma partida comum",3,1,0.17.0,2020-05-19 16:15:51
32,Yasmin Tenorio,https://lh3.googleusercontent.com/-I1lzw11lwz4/AAAAAAAAAAI/AAAAAAAAAAA/AMZuucm6aPxCEwjBZ_FRinsehtlMabOmBA/photo.jpg,Alguém poderia me ajudar . Eu acabei de comprar um celular lgk8+ e eu vou no play story e não acho o jogo . Pq eu tenho um outro celular que é da minha esposa e agora esse que eu comprei queria instalar pra jogarmos juntos e não acho . O que eu faço,4,0,0.17.0,2020-05-28 12:36:23
33,Matheus Game,https://lh3.googleusercontent.com/-py0xmn2TpPk/AAAAAAAAAAI/AAAAAAAAAAA/AMZuucm_3UpHMUM5kR25lKHjczYpsztUcQ/photo.jpg,Eu gostei muito quando diseram que iam lançar um pubg lite sério aí demorarão para lançar os passes de elite mais quando lançaram foi muito bom mais hoje em dia meu celular com 2ram é quase não roda eu queria saber se vocês iriam otimizar um pouco mais o jogo já tá muito bom mais só queria saber isso?,5,1,0.17.0,2020-05-23 11:42:13
34,Um usuário do Google,https://lh3.googleusercontent.com/EGemoI2NTXmTsBVtJqk8jxF9rh8ApRWfsIMQSt2uE4OcpQqbFu7f7NbTK05lx80nuSijCz7sc3a277R67g,"Voltem com a alternância de servidores, da forma que está sempre buga e me coloca em um servidor diferente, e é muito complicado para sair",4,3,0.17.0,2020-05-31 15:17:54
35,Joshua Yamamoto,https://lh3.googleusercontent.com/-zoO1azesxbo/AAAAAAAAAAI/AAAAAAAAAAA/AMZuucm43P_FpgKzd-z6UcEg3w4hOl38DQ/photo.jpg,"Vocês deviam adicionar como forma de pagamento saldo da google play pois comprei um gift card pra comprar o passe de batalha e vi que não aceitavam,adicionem isto e vocês vão faturar maus dinheiro e facilitar nossas vidas",4,0,0.17.0,2020-05-23 21:21:44
36,VSC TRIPLO GAME,https://lh3.googleusercontent.com/a-/AOh14GhHBPxITlagX02qBZxRb4wzQrYmieRsjxaSLynBGos,"Repassando aviso para quem gostava do auxílio de Mira não vai ser mais possível depois desta última atualização, os desenvolvendor estão de parabéns! Pois o auxílio de Mira era muito apelão, continue assim... Está atualizado ficou ainda melhor. Cinco estrela para vcs desenvolvendores.",5,9,0.17.0,2020-05-26 23:43:03
37,Felipe RJ18,https://lh3.googleusercontent.com/a-/AOh14GjeJkqhsEEozGmHYn57kTU2bq50br3ZaukrQUsPGw,"O jogo está muito bom.. me agradou muito, mas com a nova atualização, vieram problemas com bugs e travamentos.. o resto ta ok",4,2,0.17.0,2020-05-24 21:14:10
38,Lucas Moraes,https://lh3.googleusercontent.com/a-/AOh14GjxWY2Aped1MRsZKJH2n7xjtIopOyftumVrXDCzUQ,"O jogo até roda bem, mas as vezes ele fecha sozinho no meio da partida. Existe uma gigantesca quantidade de bots nas partidas normais e o modo guerra não está pareando de jeito nenhum",4,2,0.17.0,2020-05-17 12:24:20
39,Enzo Enrico Ceragioli,https://lh3.googleusercontent.com/a-/AOh14GjVtnBkwEL5oZjdgfDCbFoxbCQ-FY2DWkiay1pu,"Minha nota está melhorando, que bom que vocês estão ligando mais pro jogo que antes, mas tem muitos problemas de hackers, muitos bots e as skins são muito caras.",4,1,0.17.0,2020-05-21 09:03:38
40,Renan Andreoli,https://lh3.googleusercontent.com/a-/AOh14GisgF5wXQ4kAlF-EpFrch7O7SoB8BTbOpUZGnVO0Q,"Não sei qual o problema desse jogo, parece rodar bem na espera, e quando tá in game é lento demais, trava sempre na trocação.. acho que um Galaxy s5 era pra rodar de boa !",1,7,0.17.0,2020-05-17 12:34:42
41,Alison Neto,https://lh3.googleusercontent.com/a-/AOh14GgO5t0qIdyU41IEmLhdO1556NlUoDT346_Iotsm,"Não estou conseguindo fazer compras no jogo, sendo que eu tenho saldo e aparece ""Saldo indisponível"". Tô com muita raiva disso kkk",4,2,0.17.0,2020-05-19 01:16:25
42,Cisco do WorldRAG,https://lh3.googleusercontent.com/a-/AOh14Gi0nx9k3HG21FejfhCZV1VqKwnRrveUZwAw5YvGag,"Antes você assistia o oponente e quando clicava em sair era bem rápido, agora tem um enorme daley remova isso pelo amor de Deus que coisa chata, tirem esse modo espectador pelo amor de Deus.",1,3,0.17.0,2020-05-19 22:07:38
43,Josenildo José,https://lh3.googleusercontent.com/a-/AOh14Gi7GhJpb3XUNMReJrmirzfBIvn0xz7sJVdXY8MEyQ,"Esse jogo ta um lixo ... Em segundo eu perdi pontos ainda ... Sem contar que estar muito bugado .. vc se esconde e os cara ainda acerta tiro em vc , fiz o acompanhamento do cara e ele nn era hacker era bug do jogo mesmo .. ja foi bom agora ta um lixo",1,2,0.17.0,2020-05-20 11:34:15
44,wolks,https://lh3.googleusercontent.com/a-/AOh14Gjgq4vpAOFqYpgMm7m1_siRn9QYuR6Kfz-aQWFVXEU,"Muito bom. se tirar mais desse auxílio de mira vai ficar melhor ainda e concerte o dano das armas e outra poderia colocar a opção de gráfico colorido, suave e realista que tem no pubg global",4,3,0.17.0,2020-05-20 04:04:35
45,SAMUEL_ GOĐ YT,https://lh3.googleusercontent.com/a-/AOh14Ghp42BQmsvBrKlP5VXTqtjZ1-gtfzfJ9MoUMSI,Pq toda vez que eu tento fazer login sempre fala que o servidor está ocupado? Por favor me responde e tenta resolver esse problema o mais rápido possível para eu poder jogar,1,1,0.17.0,2020-05-31 14:05:39
46,American GAMEPLAY,https://lh3.googleusercontent.com/a-/AOh14GgEWD8NMmggLgsL1hBfnmGHJ28TJO1tif0iViQlwQ,"Gente tenho um moto G5, e não sei pq meu giroscópio não funciona no pubg lite. E já no global funciona. Por favor tencent arrumem isso. Eu não gostei dessa última atualização 0.17.0 , poxa o jogo é pra ser leve e compatível para aparelhos q não rodem o pubg mobile, e vcs estão deixando a desejar até aqui. Eu odeio FF mais tenho q confessar q a Garena manda bem nas atualizações. O jogo está sempre otimizado, já vcs da tencent parecem q não muda. Por favor gente, arrumem esses bugs pelo amor.",3,5,0.16.0,2020-05-13 13:33:58
47,Jose Gabriel,https://lh3.googleusercontent.com/-7HWYcwcxTUg/AAAAAAAAAAI/AAAAAAAAAAA/AMZuucmjPd5nLHZ9it93V_vhBn38n5v9IA/photo.jpg,"Bom jogo, mas precisam fazer mudanças para o jogo ser melhor. Uma sugestão e adicionar uma opção em que o player não possa selecionar o mapa em que vai jogar, pois quando o jogador seleciona o mapa, acaba por diminuir a quantidade de jogadores que poderiam ser pareados com ele, caso os outros jogadores selecionem um mapa diferente. Outra sugestão e a de aumentar o dano que os jogadores sofrem, de forma que fique mais fácil de eliminar o adversário, pois acabamos por vezes descarregando um pente.",4,132,0.16.0,2020-05-09 19:37:57
48,KGT* Wendel彡,https://lh3.googleusercontent.com/a-/AOh14GiN70cRT3enwfsWkq39nen0gSm4yjJFsape93o7Hw,"Estou com problema de fazer compras Bom, estou com problema na função 'Giroscópio' não está funcionando no Moto G7 Power 64bits",4,2,0.17.0,2020-05-16 14:36:46
49,narrador humilde,https://lh3.googleusercontent.com/a-/AOh14Gibj6i5Zo03GkQ6LAYl_YTcqqwRBgbH6MKIOtNJ,"Manow enquanto não pararem de enganar os outros nunca vão ter a chance de ouvir que este jogo é bom, o jogo não tem skins para os jogadores sem condições e quem tem condições é a maior dificuldade para ganhar uma, o lag nem se fala pq tá um horror mapa tudo a mesma coisa nunca muda prêmios gratuitos não tem também para chamar atenção de mais jogadores vcs tem q dar um jeito de melhorar este jogo ele divertido pois pega em muitos dispositivos de baixar memória ou com Android não muito avançado",1,1,0.17.0,2020-05-21 22:57:49
50,Hugo Chiarentin,https://lh3.googleusercontent.com/a-/AOh14GjRZHCgEvuz7kqogJ2MRW5wOzYwOB1mJqr3VyI-1kM,Depois da última atualização tá muito bugado .travando bastante . E sem falar da quantia de hacker .,3,0,0.17.0,2020-05-23 18:45:25
51,CARACOL MAROMBA,https://lh3.googleusercontent.com/a-/AOh14GijgrFHNWrRbxnJKmfG7yeL_xWSHAcKkzwZKpyI7A,Olá tencent games você já pensaram e colocar o Miramar lite no lugar do selva dourada ? sobre o requisito da nova atualização eu gostei só falta um pouco mais de otimização mas tirando isso o jogo está fantástico,5,24,0.17.0,2020-05-14 03:32:52
52,D13,https://lh3.googleusercontent.com/a-/AOh14GjDSmGDX_c1plD1brxZ7OLI9NULOdNCluuN62q2EQ,"Está dando travadas em dispositivos com 6 de ram, isso é vergonhoso, até o pubg global roda melhor com gráficos HDR ultra no meu celular, e esse aqui fica dando congeladas e queda de fps",1,15,0.17.0,2020-05-14 12:30:15
53,Guilherme Borges dos Anjos,https://lh3.googleusercontent.com/-M0F2MjapDD8/AAAAAAAAAAI/AAAAAAAAAAA/AMZuuclILWbv1ltcRUVgc2zuTmy_cPLe5g/photo.jpg,Exelente tencent games esta otima meu celular que tem 1gb de ram está rodando bem fuido mesmo muinto obrigado recomendo a todos que baixem ficou otimizado e alem de ter acresentado muinta coisa nova tipo o modo payload o novas armas sem palavras siplesmente exelente cinco estrelas !😗😗🙌🙌 façam outras atualizaçoes como está top top top melhor que qualquer outro jogo desta vez voces acertaram em cheio meu celular ultra jurassico comsegui rodar perfeiramente obrigado desenvolvedores exelentes,5,22,0.17.0,2020-05-13 11:05:15
54,Nicolas Gonçalves,https://lh3.googleusercontent.com/a-/AOh14Gj5VgM1YoyE0ce2vJI1arWyidZ5b2n0YpijHD0uaA,"Tirem a auxílio de mira pelo amor de Deus, ridículo, simplesmente ridículo. Esse jogo tá fujindo da essência, retirem logo esse auxílio de mira.",2,6,0.17.0,2020-05-13 23:43:17
55,Arthur Vanzetto,https://lh3.googleusercontent.com/a-/AOh14GjIqsoxO6x7Uo9ICwZtRuy-EmkJQbhzpRpSUg4W,Para min aparece na play store para baixar mas quando baixo e entro no jogo fala que meu despositivo não é compatível e que vai ser compativel mas nunca è compativel por favor arrume esse problema.obrigado,1,0,0.17.0,2020-05-25 23:38:39
56,eduardo ramos,https://lh3.googleusercontent.com/-HcYvyRvyoRI/AAAAAAAAAAI/AAAAAAAAAAA/AMZuuclVBLTK0BHVaSlAThb2g8YZX3-c1Q/photo.jpg,"O jogo está ótimo, porém a instabilidade do servidor comprometem a jogatina com bug lag e atrasos, o dano das ""armas"" é ridículo, os fuzis 7.62mm que deveriam causa MUITO dano não abate um player com colete nivel 3 com menos de 8 tiros, deveriam mater o dano e o recuo igual à versão completa e também o auxílio de mira estraga o jogo, pois ao detectar o inimigo a mira acompanha ele sem ao menos mover a tela é feito de forma automática.",2,17,0.16.0,2020-05-29 22:52:31
57,Thainá Souza,https://lh3.googleusercontent.com/a-/AOh14GhSZ2GKsgHot5jiNrEyzAqeP1WnoT1sOBlYWelecA,"Jogo ficou horrível auxilio de mira? Danos regulados? Um vergonha querendo fica igual Free Fire, desapontada as pessoas vem aqui para ter a experiência do Velho Pubg é acaba vendo essa coisa",1,0,0.17.0,2020-05-23 19:10:20
58,Giovani Amaral,https://lh3.googleusercontent.com/a-/AOh14GgS1ZxvD-LZ2oyPH5rCbYU4Hg1s9Sk21ekvvg2NJQ,"O jogo até que é legal, mas esse BUG horrível que o jogo fica fechando sozinho no meio da partida me decepcionou totalmente. Muito chato um jogo tão legal com um BUG feio desse!",3,1,0.17.0,2020-05-24 13:49:31
59,Juliano Lino,https://lh3.googleusercontent.com/a-/AOh14GjVY0_lUMizgTxyld7J_YxeVaoIwpuASZPrQ0Wb3A,"Além de estar mau otimizado , vc precisa descarregar dois pentes no oponente pra poder derrubar , também tem os cara que usa hacker pra fica imortal e a arma deles tem o dano alto o que prejudica quem joga , também tem o problema quando tem vários players perto onde vc esta na partida começa a travar e o boneco não responde aos comando como deve ser ... Ah também a noite trava muito e tem hora que vc não consegue nem entrar no jogo . Só falta pra ser um jogo bom a tecent lê os comentários ...",1,2,0.16.0,2020-05-11 22:30:40
60,Adriano Arruda,https://lh3.googleusercontent.com/a-/AOh14GjvsfZIflYlenkBoMYlTfeY1l7f6QOry5lWeMie,"Áudio buga muito, mal otimizado, minha Internet funciona perfeitamente porém no jogo tem hora que dá erro na Internet, precisa melhorar muito o jogo.",3,4,0.17.0,2020-05-15 12:32:09
61,Joao Pedro Martins,https://lh3.googleusercontent.com/a-/AOh14Gg8XZYwzicT-G07WU10nPe6ulr0eL05kH-3yTXj,"Muito bom o jogo mas o recoil e os gráficos são muito ruins, o jogo é muito fácil, e o servidor cai o tempo todo nesse momento o servidor está off para mim, o jogo tem que melhorar muito, também em conta dos lags que são muitos. Conclusão: está mais ou menos tem que melhorar muito",3,48,0.16.0,2020-05-04 16:10:39
62,AKA Alfha combat aliados,https://lh3.googleusercontent.com/a-/AOh14Gj5zYDLXmE-bxYWXi_WWifnB2j-Q-YYqOJPu7FLdA,Voutando aqui para dizer que agora com a versão 0.17 estou satisfeito com o jogo pois o auxílio de mira foi reduzido agora da mais emissão no jogo dei quatro estrelas porque ainda tem um pouco de auxílio quando retirarem ele por completo reavalio,4,8,0.17.0,2020-05-14 12:46:25
63,Dark Night,https://lh3.googleusercontent.com/-d82uWiMlaE4/AAAAAAAAAAI/AAAAAAAAAAA/AMZuucnvLUIJ4Q1MQ2RRrvI46AutCx6kBA/photo.jpg,"O jogo é muito bom é viciante. Porém vocês focam muito em graficos é beleza do game. Sinceramente vocês nunca vão derrubar o Fri faire desse jeito. Colocaram arvores coloridas, mas não tiram a droga do auxilio de mira ! Otimizem mais é pense nos jogadores que possuem um celular com 1Giga de Ram.",1,10,0.16.0,2020-05-06 18:54:32
64,MadaraUchira#GD #GD,https://lh3.googleusercontent.com/-Obc0Bj4GFnA/AAAAAAAAAAI/AAAAAAAAAAA/AMZuucnM8VZbn6tNgjqXxP5qVCCiSHr7LA/photo.jpg,"Este jogo e estremamente mais LITE do que o clássico (esse é o seu objetivo), porém uma coisa q realmente estraga a gameplay durante o jogo é o auxílio de mira, facilitando 100% o inimigo matar você, para o jogo ficar 100% tirem isso ou deixem igual ao Pubg Mobile (pra quem não sabe também tem um auxílio de mira, porém é algo que não atrapalha muito). E uma outra coisa q estão reclamando, foi está atualização que pelo que estão falando deixou p jogo ""bem"" mais pessado (não senti está diferente).",4,327,0.16.0,2020-03-27 22:34:19
65,Armageddon,https://lh3.googleusercontent.com/-jMU-hzeK6zg/AAAAAAAAAAI/AAAAAAAAAAA/AMZuucnFeRJAG2acoU8LHY2bgKaXtbC2hg/photo.jpg,"Cerca de 90% das vezes que saio de uma partida para o lobby perco a comunicação por áudio. Além do mais o jogo trocou a arma slr pela mk47 mutante, péssima troca",2,4,0.17.0,2020-05-15 11:57:42
66,FoxMan1,https://lh3.googleusercontent.com/a-/AOh14GilparujUynFUV8SooLXupegkfQho8IXV1bm-xUIRI,"A única coisa que eu queria no momento era entender o porquê do jogo mudar de Servidor. E isso nem é o pior. O pior é que você não consegue mudar o servidor. Aconteceu comigo de eu acabar de sair se uma partida(SA) e entrar em uma partida(NA) sem nem perceber. Não tem como mudar o servidor do jogo, e a única coisa que você pode fazer é sair da conta e entrar de novo. Outra coisa que acontece é: as vezes quando morro não aparece nenhuma opção de sair do jogo, spectar ou denunciar. O jogo é podre.",2,61,0.16.0,2020-04-05 20:47:18
67,johnny martins,https://lh3.googleusercontent.com/a-/AOh14Gibbkq5V_2jhgy2eQSVUx8D2MI0AVeLGHcTV8zf,"Essa atualização deixou tudo melhor,antes estava muito ruim mesmo,agora estar melhor, só falta dar mais dano as armas mas o jogo voltou a ser bom, finalmente.",4,9,0.17.0,2020-05-13 06:13:35
68,José Aldemir,https://lh3.googleusercontent.com/a-/AOh14GiBSZGRBpoNz8pk023LIOgXyuC8Jrd1KpcMEMv4Ow,"O jogo é excepcional. Porém.. faz 4 dias que ao abrir o jogo, só dá ""servidor não respondeu"", e "" tempo de solicitação expirou"". Já atestei que não é minha internet, pois ela está estável. E tentei com o rede móvel, tbm não entra. Oq é curioso é que meus amigos conseguem jogar tranquilamente. Por favor consertem isso! Até consertarem, mantenho 3 estrelas!",3,552,0.16.0,2020-03-29 12:32:30
69,Marcio Cruz Oliveira,https://lh3.googleusercontent.com/a-/AOh14Ggv6rLd6ZyDoN4ChFrEPC73CEQYOcpJT00fp5uKSg,"Era excelente o jogo, mais depois da atualização não gostei. No mapa varenga, vcs acabaram com o jogo, tempo insuficiente pra lotear, falta de loot pra squad, e ainda vcs colocaram botes nível 100 que não morrem nem se agente tiver dentro de um tanque de guerra, e eles sabem onde nois estamos e só atiram na cabeça, fala sério, isso é injusto, eles derrubam agente muito rápido, acabem com isso, mudem, deixem os botes competitivos não imortais ou então deixem só players na partida.",3,251,0.16.0,2020-04-25 08:42:05
70,Johnny Test,https://lh3.googleusercontent.com/a-/AOh14GjfwuTUqJoxRqBXyvTsZcxVabyxTjt-_S4PLp2Yow,"O jogo é muito viciante , tô gostando muito, aposto muito nesse jogo de ser o melhor, porém, só tem um erro , q precisa ser corrigido , sempre quando eu ganho a partida , o jogo não mostra meu resultado , a minha avaliação da partida , a minha nota , e acaba com mim frustando .",5,3,0.16.0,2020-05-06 19:44:41
71,jean lucas,https://lh3.googleusercontent.com/a-/AOh14GjDNSiBNgdX54qSIbfLd3VxOeqMyl_1ELRi0ywh,"Além de terem desenvolvido o app leve para os amantes de jogos PUBG, dispõe uma grande ajuda com pouca utilização do processamento. Estão de parabéns!",5,48,0.17.0,2020-05-13 02:44:14
72,Anthony Marques,https://lh3.googleusercontent.com/a-/AOh14GgSnEG4QuOZiubrBJbGArgwEAUaWn2cfn8-JKIRaQ,"Não cumpre com o que promete, pode até ser leve, mas a jogabilidade quebra totalmente o jogo, pra que tanto auxílio de mira?, e pior, por que o dano das armas foi tão reduzido?, Sem falar que a própria desenvolvedora matou o jogo, poucas atualizações, e você vê que não tem ânimo algum na produção do mesmo",2,242,0.16.0,2020-03-23 16:40:10
73,Kakashi Sensei10000,https://lh3.googleusercontent.com/-ncDsQ9sg-i0/AAAAAAAAAAI/AAAAAAAAAAA/AMZuuclmCUb9jHewbpr6fiq0fv_i6jbqkA/photo.jpg,"O jogo é muito pesado, e tem muitos legs, deixem ele um pouco mais leve mas com bons gráficos ia nos ajudar bastante!",5,0,0.17.0,2020-05-28 18:51:43
74,vinicius,https://lh3.googleusercontent.com/a-/AOh14Gg4Jjw_UOIDVArQ3S2ml362wUjpcaZ_a4W_zOwlFQ,Esta HORRIVEL de pegar as recompensas eu tinha completado 1.610 pontos de missao tentei pegar as recompensas não deu falei vou reniciar o jogo quando reniciei estava com 1.200 arrumem isso porfavor,2,1,0.17.0,2020-05-28 20:58:17
75,Matheus Reis,https://lh3.googleusercontent.com/a-/AOh14GhrNzMAXpegH4gDTDTDueMzIV-sYSj3YCaG-4RU,"O jogo está muito ruim de se jogar, travando muito, ping muito alto e minha net tem 5 mb, a cada atualização vocês aumentam o peso do jogo e cada vez mais ele exige um celular bom. Antes o propósito dele era rodar em celular fraco, mas é claro que vocês vão priorizar uns e acabar com os outros por dinheiro né? Nem se quer respondem os comentários avaliativos dos usuários.....",1,178,0.16.0,2020-03-23 13:27:49
76,Lucas Souza,https://lh3.googleusercontent.com/a-/AOh14GglghAPJAwodqpZJquINv2vnnpLK3WEcefmn3vl,"O jogo é excelente e tem um grande futuro, porém o jogo é mau otimizado, a mira e a rotação da tela buga toda hora, quando pula do avião trava, resumindo tudo trava. Já que o jogo é lite, tencent faça jus ao nome. Espero que um dia o pubg lite fique sem lags e etc. Obrigado",3,8,0.16.0,2020-05-05 19:31:22
77,Mr. Bob Dube,https://lh3.googleusercontent.com/a-/AOh14GhroF3-l7m5CVIVko_4MxPSmytJF3EJY_MX-0gn,"Eu não aguento mais SÓ para entrar no modo guerra o jogo demora para terminar o pareamento O modo tdm é muito atrasado ou adiantado Entro no jogo e vejo que o squad inimigo já tem mais 13 abates e quando tento jogar uma granada ela não vai e percebo que nem do lugar que eu achava que já tinha saido eu havia saído resolvam o bug e não consigo acessar ao modo zumbi por nada , o ping fica alto no modo tdm sendo ele muito pequeno,removam o auxílio de mira os caras não falham os tiros",1,7,0.16.0,2020-05-03 17:38:18
78,kelven santos,https://lh3.googleusercontent.com/-nIGqwlvZIoc/AAAAAAAAAAI/AAAAAAAAAAA/AMZuucnrLOOnI7IgY5ZYlCE5Q-OGrkpE1w/photo.jpg,"Olá, tencent eu gostaria muito de pedir para vocês darem prioriade nesses três problemas do jogo. 1- Os bots: muita gente tá chateada com o fato de ter bot 2- O Auxílio de Mira: o pubg tá parecendo free fire, gostaria muito que vocês removessem isso, porquê o auxílio gruda mesmo quando o alvo está na smoke e isso é sem sentido. 3- acho que vocês deveria valorizar os modos que o jogo já tem antes de lançarem outros, o modo guerra deveria ser aberto em um dia específico, assim ele ñ estaria parado",5,6,0.16.0,2020-05-12 09:55:46
79,Calebe Rabelo,https://lh3.googleusercontent.com/a-/AOh14Gid7AxdrEwValKpneXWLj5D7FjdKuPEqnB9J2--,"Jogo bom pra caramba pura ação e adrenalina, só queria que estivesse disponível na play store eu tenho que procura link só pra encontra esse jogo! Mais poderia melhorar a resolução dele e fazer ele fica mais leve como era antes, ano passado ele era muito bom pelo menos não travava.",5,0,0.16.0,2020-05-11 23:56:57
80,G. Souza,https://lh3.googleusercontent.com/a-/AOh14Ghl7v1s3pfzZ08Y2HAGHKUzXPUUVVBNHGVrXYS9,"Vou testar essa att, se ficar bom dou 5 estrelas, o jogo é bom mais trava ate em celulares com 2 gb de ram no low, entao é sinal q esta mal otimizado,",5,8,0.17.0,2020-05-26 16:16:28
81,Conceição Praxedes,https://lh3.googleusercontent.com/-w9ReOYp1gKo/AAAAAAAAAAI/AAAAAAAAAAA/AMZuuclDFee0tpcRsW-e-OuLvazd7CwALQ/photo.jpg,"Muito decepcionado . A cada atualização o jogo fica pior ,vcs não otimizam o game e ficam colocando besteiras como arvores coloridas ,até entendo mas pq não substituiu pelas outras ao invés de colocar mais? O lag desse jogo está absurdo não adianta ter um celular bom pq ainda assim trava ,no meu caso jogo em um MOTO G5 não é um ""Top de linha"" porém deveria ser o suficiente para rodar um jogo ""LITE"" ,espero que vocês trabalhem melhor no jogo e tragam melhorias por que esta faltando.",1,123,0.16.0,2020-03-28 23:53:29
82,João Gamer,https://lh3.googleusercontent.com/a-/AOh14GjKQldUjXW04sL8vbcDv7tBTy1o9faU9AmNROkY,"Porque vocês não tira essa ""assistência de mira"" , isso atrapalha muito a jogabilidade , isso não é o PUBG que eu começo. Porque vocês não adiciona algumas coisas do PUBG GLOBAL , tirando a ""assistência de mira "" , ""aumentando o dano das armas"" , colocar a opção de ""estilo de gráfico "" , o jogo está bom , mas uma coisa que está atrapalhando a jogabilidade e a ""assistência de mira "" . Por favor resolvam isso...",1,348,0.16.0,2020-04-06 12:21:59
83,Yu Lin,https://lh3.googleusercontent.com/a-/AOh14GioVOmxMVdl2elNSYYj0PCWYvFwEg5c8DPgiMvMnw,"O jogo é bom, porém precisa de muitas manutenção e otimização, o jogo não tem dano na maioria das armas ou seja o dano é minúsculo, comparado ao pubg normal. Não só isso com outros bugs que é existente tbm no game, além de alguns hackers, esse jogo merecia mas do que ele é, muita gente gasta nesse game, e vc não fazem nada para temos uma player boa!",3,50,0.16.0,2020-04-29 13:11:42
84,Daniel Gomes,https://lh3.googleusercontent.com/a-/AOh14GivRvpXqfSCYUrDEHrDcbRDauJ3gNBvbZGJG15d,Que burrice é essa? O jogo já não é lite pra ser mais leve???!!! Pra ficar ficar atualizando caramba?? A finalidade não é diminuir o tamanho do jogo? O mobile ja é gigante carai. O game fica só saindo da partida direto q lixo!,1,0,0.17.0,2020-05-25 19:31:02
85,Lorena Silva,https://lh3.googleusercontent.com/a-/AOh14GiZGnWOMt77cG_05lrgAjIlR0gqAMXWlI-irTZuqOE,"O jogo tá excelente depois dessa nova atualização de gráfico ,mas tá travando um pouco no meu celular , creio que seja a minha internet que esteja ruim , vim pedir para vocês atualizar alguns penteados para os personagens masculino e feminino gostamos muito de mudar o visual de vez em quando, eu e outras pessoas que concorda comigo vamos ficar muito agradecida. ❤️😇",5,271,0.16.0,2020-04-08 21:10:39
86,FADS,https://lh3.googleusercontent.com/a-/AOh14GgXPuYUOW2gdJa40RgqnmDZqT2usroRME5vcKvg,"Eu pensei que esse jogo era lite, não roda direito em aparelho com 1gb de ram e os requisitos dizem que roda com 512mb de ram",3,0,0.17.0,2020-05-24 20:33:49
87,João Carvalho,https://lh3.googleusercontent.com/a-/AOh14GifP-gn0rPiU3AE2SMYlkscX02bp5eUbNoKZCCZWg,"Tencent...vocês tão de brincadeira né velho? A atualização não tá boa...dá muito lag no jogo,sem contar que aumentaram os MB's...Eu acho assim, se é um jogo ""lite"" ele deve ser menor e atender aos requisitos de um dispositivo mais fraco...vocês atualizaram e ao invés de melhorar o jogo vocês pioraram...antes eu até ganhava as partidas,agora já não ganho mais por conta de lags...concertem por favor",1,637,0.16.0,2020-03-18 11:56:49
88,Jota costa,https://lh3.googleusercontent.com/-gxb4-bcs_eg/AAAAAAAAAAI/AAAAAAAAGuo/AMZuucltmww4c9OgWCLqWtdDkcYpIO82HA/photo.jpg,"Depois dessa atualização ficou horrivel, pesado demais, meu cel é 1gb e antes dessa atualização eu jogava tranquilo, agora só faço perder patente todo jogo trava na hora de atirar e se movimentar, alem de manter itens inuteis como a mutante e pistolas que nao servem pra nada, a mira 4x está ridicula na hora do alvo, os oponentes colam a mira em voce,maior demora pra pegar itens no chão e abrir portas, danos absurdos das armas, sinceramente vou jogar outra coisa porque não da pra jogar assim.",1,321,0.16.0,2020-03-20 22:59:58
89,girlan santos pub,https://lh3.googleusercontent.com/-c__G71h43gQ/AAAAAAAAAAI/AAAAAAAAAAA/AMZuucmJkSqsOYOuVzS5w1E9NowHcWigzw/photo.jpg,A cada atualização o jogo fica pior.. Se vcs resetasse tudo isso e voltasse como tudo começou..ficaria 10. Mais acabaram com o jogo,1,1,0.17.0,2020-05-16 15:57:34
90,47 Beat,https://lh3.googleusercontent.com/-lniFX8Jsc1I/AAAAAAAAAAI/AAAAAAAAAAA/AMZuucm2Wcde2xrBzF8aBj3nlq8nAuLLdQ/photo.jpg,"Bom, mas o jogo ainda esta precisando de mais otimizações e o dano das armas deveria ser um pouco maior.",4,0,0.17.0,2020-05-23 15:17:21
91,Lucas Gonçalves,https://lh3.googleusercontent.com/-HenqFizQG4c/AAAAAAAAAAI/AAAAAAAAAAA/AMZuucncE_b9-gKzT_2sAMsf-PeSfNa10Q/photo.jpg,"Pior jogo da tecent, armas mal balanceadas, jogo cheio de bugs, e ainda por cima é mal otimizado.",1,1,0.17.0,2020-05-30 01:11:00
92,Rodrigo Da silva santos,https://lh3.googleusercontent.com/-nr3au8sjB_4/AAAAAAAAAAI/AAAAAAAAAAA/AMZuuckrJfPBTWDVyyX3kQic8T9C0PvNoA/photo.jpg,Tenho um redme not 8 4 giga de ram 64 de memória .e quando a partida termina a tela trava demora muito pra sair isso quando volta e não e o aparelho so acontece nesse jogo . O jogo e ótimo mas tá com esse defeito ajeitem isso por favor,5,2,0.16.0,2020-05-08 20:30:54
93,Meuovotapreso,https://lh3.googleusercontent.com/a-/AOh14Gjlfe96FZIRWQuwHeMe0bZkZwhAxd8VyXm6L5xPUg,"O jogo está horrível para a maioria dos jogadores, o jogo está muito mal otimizado, a assistência de mira é algo que todo mundo quer que seja removido e que o dano das armas sejam aumentado, tudo isso era pra ser a proposta do Pubg mobile, só que em uma versão leve e bem otimizada para celulares fracos que no caso seria o Pubg Mobile Lite.",1,308,0.16.0,2020-04-12 06:46:59
94,Magnum Lite77,https://lh3.googleusercontent.com/a-/AOh14Gj7eMr7KUJ2nA8PcT5Ujv9Pq932Te3RwNuXV4LR3A,"Simplesmente o melhor as unicas coisas que tem que melhorar e o auxilio de mira,dano das armas e libera o falcão (mascote)pa nois fora isso o melhor...",5,11,0.17.0,2020-05-24 20:26:12
95,warly silva,https://lh3.googleusercontent.com/a-/AOh14GhCv2-WiomsqYFZIA-vk2VILSHAR4kTDtjPii2GFg,Melhor jogo de tiro gostaria bque colocasse o modo 1 pessoa também ficaria ótimo e deixasse boa corpos no chão como no Pc .,5,1,0.17.0,2020-05-19 14:51:16
96,Ei Miguel,https://lh3.googleusercontent.com/a-/AOh14GjLGKlenovJtkcmkj112GGF82exsGDwZy0mFTGLzQ,"O jogo está excelente e desafiador, devido às críticas eu imaginei que o jogo estaria ruim, mas é tudo mimimi. O auxílio e mira pode ser desabilitado nas configurações, e as armas pra mim estão com o mesmo dano de sempre.",5,5,0.16.0,2020-05-05 10:31:01
97,caua x gamer,https://lh3.googleusercontent.com/a-/AOh14GjDUju2CAj6lJPBm1TmgGZaOYKyebSDxBI2B4Otdw,"Olha so é melhor voces fazerem outro jogo do zero cancelar esse aqui que nem ta dando pra jogar com a cagada de colocar bots com hack imbutido e tambem de fazer uns controles horriveis eu apertava no bota de mirar e o personagem demora um seculo para mirar, ele nao pula cerca ou janela, trava em qualquer pedra que tiver na frente, e de novo bots que tem hack e so dão headshot, ou que me ve atravez das paredes e que te acerta do outro lado do mapa, a melhor coisa a fazer é arrumar o jogo.",1,12,0.16.0,2020-05-06 19:17:52
98,theLONELY,https://lh3.googleusercontent.com/a-/AOh14GgltGXFCkJkrJdxRGflr45F1LRrzT7u8IZC_iU1Ag,"A assistência de mira não deveria existir nesse jogo, aqui não é pra ser fogaréu grátis, esse é pra ser um Jogo para jogadores de verdade e não para um recém nascido, o dano que as armas dão estão absurdamente baixos perto do que era antes, tem que descarregar dois cartuchos pra matar alguém, horrível!",2,95,0.16.0,2020-04-23 21:36:53
99,Gabe Developer,https://lh3.googleusercontent.com/a-/AOh14Gg5PnSy2WW2BO1i258VyY1vknMP_Mh5w5YeCS1hRA,"O jogo está perfeito, mas o que mais precisa é remover esse auxilio de mira, ou diminuir bastante para deixar igual o pubg normal, Uma coisa que incomoda também é o lag em alguns dispositivos mais fracos depois dessa nova atualização, corrijam essas coisas e o jogo será TOP 1 da Playstore, o jogo tem muito potencial.",3,167,0.16.0,2020-03-22 22:17:19
