,userName,userImage,content,score,thumbsUpCount,reviewCreatedVersion,at
0,Ângelo Rafael Andrade,https://lh3.googleusercontent.com/a-/AOh14GicteqlMxkNfYTOyiQDH_Wj6MOvOkB9ShKxPKQw,"Esse jogo é simplesmente incrível! Os gráficos são maravilhosos e os detalhes nos carros são perfeitos! A mecânica de jogo é excelente e simples. Alguns carros são absurdamente caros e depois da atualização alguns preços aumentaram muito. De qualquer forma, minha nota é 5 estrelas, apenas gostaria que baixassem um pouco os valores. Enfim, baixem e não vão se arrepender! Parabéns a equipe",5,354,8.4.2,2020-05-22 17:02:35
1,Reinaldo Gomes de Sousa,https://lh3.googleusercontent.com/--I7DB2e6qWY/AAAAAAAAAAI/AAAAAAAAAAA/AMZuucmJ4XYTGkq5v6Q0s8zoPD3jP3CRGg/photo.jpg,"Simplesmente o melhor jogo de Corrida q já vi! Só tem duas coisas megativas em minha opinião: O fato de ter que ficar reparando o carro toda hora é chato demais. Poderiam aumentar a durabilidade do carro, pois assim manteria a realidade de um carro precisar de reparos, mas não tantos assim. E o jogo é muito pesado, sempre é necessário baixar alguma coisinha pra ter melhor desenpenho, e eu quero ter o melhor desenpenho. Enfim... No geral ele é excelente!",5,320,8.3.2,2020-05-04 18:32:20
2,Um usuário do Google,https://lh3.googleusercontent.com/EGemoI2NTXmTsBVtJqk8jxF9rh8ApRWfsIMQSt2uE4OcpQqbFu7f7NbTK05lx80nuSijCz7sc3a277R67g,"O jogo é top, jogo a anos mas depois da última atualização não consigo mais jogar. Pede pra baixar absolutamente todas as corridas e fases mas quando clico em baixar não vai. Desinstalei e instalei de novo um mês depois e pra abrir já pede pra fazer um download que não vai nem 1%. O que aconteceu com esse jogo? Não se faz mais nada sem ter que baixar.",4,8,8.4.2,2020-05-30 20:10:38
3,Marcos Luz,https://lh3.googleusercontent.com/a-/AOh14GjFyeuhw5N1DIBSUw6spTVHzDfL8dIrFOzhj5smcQ,"Batuta! Mas, repensaria o circuito de Merlbourne, acrescentaria a de Interlagos, e diminuiria a exigência em ouro para compra e manutenção de carros, tais como o Porsche. Bem, atualizando minha avaliação, hoje dia 26/05/2020 - o jogo continua muito bom, as atualizações tornaram mais fácil a vida de quem não tem como gastar dinheiro além das possibilidades. Sugeriria, contudo, acrescentar luzes no jogos ocorridos durante a manhã, e luzes traseiras na frenagem nos carros da F1.",4,68,8.4.2,2020-05-26 20:12:14
4,Marcos Saraiva,https://lh3.googleusercontent.com/a-/AOh14GjzJmlA0YERL_j3j4E6TAIpJ4SUezS2AYWucIQH-g,"Excelente jogo! Os gráficos são maravilhosos, cheios de detalhes, simplesmente belíssimo, ótima trilha sonora e o jogo também conta com uma mecânica interessante. Me senti também imerso no game durante as corridas, a sensação é muito boa, o que me levar a avaliar a experiência com o game de forma positiva.",5,0,8.4.2,2020-05-31 11:48:19
5,Luciana Leal,https://lh3.googleusercontent.com/-xdpgWPswJfs/AAAAAAAAAAI/AAAAAAAAAAA/AMZuucmJ68f9zgHgRBgsdsH2qP3nL72EcQ/photo.jpg,"Bom , porém , fiquei esperando o aplicativo preencher o download durante oito horas , mas , valeu a pena . Queria também informar ao criador do jogo sobre os controles , gostaria que tivesse mais opções de controles no jogo , e botões de acelerador , freio , marcha , etc . Fora esses defeitos que aposto que serão resolvidos , eu recomendo que instalem o jogo . Boa tarde . 😊",4,213,8.3.2,2020-05-03 15:02:53
6,Lucas Alexander,https://lh3.googleusercontent.com/a-/AOh14GjUg4xFTDPlxwMz4pxruI_ZF3eA9LBi5vZ_F7Rbhg,"O jogo muito daora, gráfico realista, jogabilidade excelente, por dentro dos carros muito realista e painel super igual as de verdade. Só poderia ter um negócio q está faltando pra virar um Forza Horizon. ""Mundo aberto"" estou falando dirigir sem corrida só conhecendo cidades encontrar amigos pra se divertir no mundo aberto. Se vcs colocarem o mundo aberto coloquem também áudio pra conversar com o seu amigo. podia ter praias, , cidades, fábricas e carros tipo Pajero. Uma ideia para um jogo melhor",5,151,8.3.2,2020-05-06 13:59:00
7,Bruninho Lemes PL,https://lh3.googleusercontent.com/a-/AOh14GinSCXbhMisgok8fPKWBIvFepZ04J9EVCurNfh0,"O jogo em si é perfeito, gráficos, jogabilidade e a compatibilidade com meu gamepad é demais! Eu comecei a jogar esse jogo ano passado e desde de então me tornei super fã! O jogo tem gráficos de console, é bem semelhante a outro jogo da EA, o Need For Speed Shift. Mas dei 3 estrelas porquê acabam exigindo muito moedas de ouro, e não é sempre que ganhamos, só quando passamos de nível ou conquistamos troféu. Se pudessemos comprar/upar os carros mais fáceis, seria perfeito!!",3,72,8.4.2,2020-05-21 13:11:10
8,Cleber Rodrigo Moreno,https://lh3.googleusercontent.com/a-/AOh14GgOqxtRm8eB7ITOeKK_PYq_67zvgO6ZIBmI1PH9Yg,"Diminuí a quantidade de estrelas porque o jogo começou a travar muito. Não consigo nem fazer as revisões dos carros mais. Continuando assim, serei obrigado a desinstalar o jogo e parar de jogar. Isso porque não estou nem com 30% do jogo completados. Espero que façam alguma atualização que melhore o desempenho da plataforma. Na boa, tá ficando chato de jogar. De quê adianta ficar pedindo avaliação do jogo se continua do mesmo jeito?",3,39,8.4.2,2020-05-25 23:48:49
9,Renzo Elian,https://lh3.googleusercontent.com/-C0_ex7fAX1M/AAAAAAAAAAI/AAAAAAAAAAA/AMZuucmdentzFGVygm_smQJcLHndnpmxAQ/photo.jpg,O jogo é excelente! Mas ainda falta algumas coisas. Como por exemplo os carros da série Indycar! Que é uma das principais categorias do automobilismo mundial! Além do mais poderiam colocar mais da série da FIAWEC! Além do mais os carros Gt e os Protótipos na WEC correm juntos (na vida real) então acho que poderia melhorar um pouquinho só.,4,54,8.4.2,2020-05-28 11:03:03
10,Godsea Adm,https://lh3.googleusercontent.com/a-/AOh14GgRHlGKMLDXCCQ7hoHohMjqyuitQ9wwYNcwexxA,"Melhor jogo de competição de corrida que já vi, porém, tem um problema muito sério com os upgrades do jogo com relação a deixar no máximo pois o carro fica sem freio. Corrijam isso pois carros sem freio não tem condições de permanecer correndo. Também recomendo resolver o controle de instabilidade do carro porque ainda que fique no máximo parece que os pneus são de sabão, quando atualizar e houver melhora do jogo terá mil estrelas se for possível.",1,60,8.4.2,2020-05-25 18:35:24
11,Emmanuel Gondim,https://lh3.googleusercontent.com/-vVczWCPEzns/AAAAAAAAAAI/AAAAAAAAAAA/AMZuucnOor6-TTp6ka-PV-KhKBsGZUzvMw/photo.jpg,"Bom! Aprincipio achei o jogo muito bom!, parecido com o (""Gran turismo"" top) Mais mais não aceito ter quer comprar moedas, Com dinheiro vivo. Isso é apenas um jogo vitual como os outros jogos de vídeo game,e também muito difícil de correr algumas corridas campeonato porque tem que ageita o carro (como fazer isso se eles não dam moeda suficiente? Por isso classifico esse o real racing3 como apenas bom...! Obs: mais vcs podem deixá-lo ""excelente""",4,30,8.4.2,2020-05-30 07:44:06
12,YouTube Videos,https://lh3.googleusercontent.com/a-/AOh14GibHNX6LOmu8yzwtBFyXp-bKY7_eNcEVAfTn6EZ,"É excelente, oq não me agrada é as vendas de carros e as configurações, que não corresponde com os premios das corridas ! Com a nova atualização ficou ótimo, a fórmula 1 era o que faltava nesse jogo ! Bem...se der pode tbm incluir a fórmula truck seria bem atrativo ! O jogo é muito bom, porém as propagandas após as corridas desagrada bastante ! Em algumas corridas o jogo fica sem áudio ! Continua o problema do áudio no jogo entre a quita e oitava corrida, no outro aparelho tbm o mesmo, mt ruim.",5,17,8.4.2,2020-05-31 23:36:52
13,Rodrigo Guimaraes,https://lh3.googleusercontent.com/a-/AOh14Giu7FItqKeKmgzWiufjZI96tW4JUWZdbCq-2b35xw,"Até agora muito bom!! Só poderia ter a opção de comprar os carros com ""dinheiro"" e com as moedas de ouro, ter as duas opções em todos os carros. Ex: Corri diversas vezes para comprar o Honda S2000, mas quando foi liberado, só podia comprar com moedas de ouro, aí fica complicado ter que gastar dinheiro de verdade para poder comprar um carro virtual, mas é a trama do jogo, faz parte!! Fora isso, jogo EXCELENTE!!",5,92,8.3.2,2020-05-06 12:09:32
14,ariosvaldo araujo pessoa,https://lh3.googleusercontent.com/-qluuaEOt0s8/AAAAAAAAAAI/AAAAAAAAAAA/AMZuuclMDDxaFh3bNnV4QEU4Mz0WOgUsYw/photo.jpg,"Jogo excelente pra celular quase chegando ao nível dos controles,porém após a última atualização restou bugs no jogo principalmente na resistência quando passa a linha de chegada sem combustível você perde a velocidade não conseguindo atingir a última marca de Vitória ou seja você vai ser segundo não conseguindo chegar no primeiro lugar,sem contar que está difícil nos 30%você avançar está inerte,prêmios baixos carros muito instáveis tirando os de corrida de fábrica. Obrigado",3,48,8.4.2,2020-05-27 08:39:08
15,Emmanuel Lucas,https://lh3.googleusercontent.com/a-/AOh14GgixgmafUm5z0Q-vkbS1dN08PbiUZ-HcZcrA4OO,"Ótimo o jogo, com gráficos excelentes, estabilidade top, agora o problema dele que não tem como jogar com esses valores para fazer as atualizações, muito caro, vejam isso por favor, amei o jogo já faz dias que jogo, só que assim não dá pra ir frente.",3,1,8.4.2,2020-05-21 07:34:37
16,André Silva,https://lh3.googleusercontent.com/-SyuJwtfcpn8/AAAAAAAAAAI/AAAAAAAAAAA/AMZuucn-cqnQr3xEsJwP1MSsvfiyCaZ_Qg/photo.jpg,"Jogo a muito tempo e acho excelente, infelizmente depois das últimas atualizações tem um controle de bateria que aparece durante a corrida e a tela fica toda escura e tem que deslizar o cadeado para liberar, o que ocasiona saída da pista e atrapalha o progresso da corrida.",5,0,8.3.2,2020-05-25 07:49:59
17,Rodrigo Canozi,https://lh3.googleusercontent.com/a-/AOh14GgcCkSME9P9qSMCyZ1HOBSCOzbI1EaH9_suoBHi0A,"É muito Bom! roda leve em vários aparelhos, conseguem imprimir indentidade aos carros, sonoridade do motor, características dinâmicas etc.. acho que poderiam incluir o circuito de nordscheife que todos pedem tanto, nem que fosse online apenas e liberar para uma volta livre com qualquer carro apenas para diversão, e adicionar câmbio manual e acelerador progressivo como no Assoluto racing. fica a dica!",4,7,8.3.2,2020-05-05 10:13:22
18,Artur Pontes,https://lh3.googleusercontent.com/a-/AOh14GjaF51MH7X0ldoFq_Z_B8JtyRhBQZ-p1Poo3qySYg,"O jogo é muito bom, os gráficos são legais, jogabididade e realidade da pilotagem e evolução tbm é muito boa. A parte ruim fica para os carros que vc so pode comprar com moedas de ouro! Poderiam colocar mais opções para obter ouro para quem vencer no modo multiplayer pelo menos. E mais premiações em ouro na escuderia, ate pra estimular os grupos de pilotos! Comprar carros so com ouro deveriam retirar, é um abuso! Ouro + dinheiro do game ainda vai! Limitar o MS diário tambem tem que sair!",3,84,8.3.2,2020-05-11 17:35:37
19,vinicius armstrong,https://lh3.googleusercontent.com/a-/AOh14GhjUo1qPy4ERn5k5tyPk4BP6TQOL8-EcCmnOwnCfg,"Dou 5 estrelas pq jogo esse jogo a anos e sempre gostei de sua realidade, porém está meio sem graça pois sempre é a mesma coisa, queria deixar a dica de criar um mapa de testes, criar novas personalizações para carros, + rodas, aerofólios e etc, um mapa onde eu posso andar livremente com meu carro para testar, poder ter uma grande diversidade de personalização nos carros, algo diferente. Jogo esse jogo a anos e sempre é corrida atrás de corrida do mesmo jeito. Uma dica aí para os desenvolvedores",5,9,8.3.2,2020-05-03 12:26:09
20,DINOS GAMES,https://lh3.googleusercontent.com/a-/AOh14Giu6Jicc5HEHM-dQe9dADx-GfGicMu826bzJUDynw,"Um excelente jogo automobilístico realista, o que falta, sinceramente é o investimento no multiplayer em que seria muito mais daora a possibilidade de escolher vários carros de diferentes classes para correr online, e as corridas sendo separadas por classes de carros para ficar justo, é claro, desse modo pra mim tornaria o melhor jogo de corrida Android e IOS",4,45,8.4.2,2020-05-22 17:51:00
21,Leonardo Santana,https://lh3.googleusercontent.com/a-/AOh14GgTVdrfUu52fpFIZb5CxtD_l66VTDtCY6nKA8tGqQ,"Nessa atualização veio um bug no modo Resistência (endurance) que se você cruza a linha de chegada com o cronômetro zerado, a velocidade do carro fica travada, impossibilitando a conseguir mais distância nesse modo, espero que corrijam esse bug na proxima atualização... ☺",3,1,8.4.2,2020-05-23 23:45:52
22,Victor Lima,https://lh3.googleusercontent.com/a-/AOh14Gi1nMPY7ZeACXKlZM8TEYoEMvA4eXB-qDz5AwAKDQ,"A cada atualização parece que atualizam os bugs junto, o volante trava no meio ds corrida, o botão de redução de 30% some, e nas provas de resistência dps que vc completa o carro fica mais lento pr aimpedir vc de bater records, sem falar que ninguém aguenta mais esses carros de luxo a cada atualizações, coloquem carros mais normais que todo gearhead adoraria jogar tipo o supra e o Corolla trueno ae86",1,9,8.4.2,2020-05-23 03:35:34
23,Cláudio Evangelista,https://lh3.googleusercontent.com/a-/AOh14Gh8kv390-QRTnKSAojDv0MdNPwBKXk07iajuBnS,"Pt. 1_Ótimo este game! Jogo-o há + de 4 anos, sempre melhoram suas atualizações c/novas corridas, novos carros, etc. Show de bola! Mas, como todo bom e conceituado game, tbm há 'ERROS', e como em qualquer segmento, estes ( ... os erros ou alguma deficiência ) existem, e são nesses momentos que ( ... aos desenvolvedores do game ) é hora de acatar observações de seus usuários e corrigir tais eventos. Pois bem! Vai de minha parte um ""PROBLEMA"" diagnosticado, em um evento de ""ARRANCADA"" ...",5,219,8.4.2,2020-05-12 11:23:22
24,Sandro Brito,https://lh3.googleusercontent.com/a-/AOh14GirEwhu3ZmyC44plAatsLxuwlfXV3AiSmkTFKEI,"Ruim, preimeiro que depois de baixar os arquivos adicionais, que sao mais de 300 mega, a gente faz o tutorial depois quando acha que vai jogar, tem que baixar mais de 200 mega de arquivos, e depois tem que baixar mais arquivos pra rodar o jogo, pq nao põe pra baixar td de uma vez logo direto. O jogo e até bom, mais te que fica baixando as coisa ai quebra.",1,78,8.3.2,2020-05-04 17:12:24
25,Adrian Gomes da Silva,https://lh3.googleusercontent.com/-O5n1_thO7v4/AAAAAAAAAAI/AAAAAAAAAAA/AMZuucmEmwEj6zJyf40NDjzwAFqFRdR15g/photo.jpg,"O game é ótimo, gráficos excelentes e a jogabilidade não deixa a desejar. O que decepciona no jogo é a dificuldade de ganhar dinheiro, além de ter um limite da quantidade de dinheiro que vc pode ganhar por dia, isso torna extremamente difícil passar algumas fases que precisam upar o carro. Fora isso o game é excelente.",4,133,8.4.2,2020-05-13 14:30:38
26,Erick Chaves Barreto,https://lh3.googleusercontent.com/-WY66M7tezeo/AAAAAAAAAAI/AAAAAAAAAAA/AMZuucmHVZRww3uCxXtBwdcmeNA-9F8nmw/photo.jpg,"O jogo pode até ser bom, mas ele faz você perder a paciência na esperança de tirar dinheiro do seu bolso, estou no modo campanha e para poder prosseguir você precisa ""tunar"" o carro, mesmo que você consiga esse dinheiro jogando o tempo de campanha é de 5 dias e o jogo só te permite arrecadar 100.000 por dia (mais de 300 mil são necessários no final da campanha) eu sinceramente estou muito chateado até resetei minha conta com objetivo apenas na Ferrari e o dinheiro não foi suficiente.",1,123,8.4.2,2020-05-17 21:52:04
27,Guilherme Sousa Da Silva,https://lh3.googleusercontent.com/-F1vvGyMulhA/AAAAAAAAAAI/AAAAAAAAAAA/AMZuuclyyv2pwvGVDo_jHyB8ZmXClFsLQg/photo.jpg,"O jogo é muito bom, tem muito tempo para ser jogado, não é lá um jogo que se termina em uma semana ou um mês, mas fica a observação na questão da condução do veículo, alguns carros saem com muito facilidade da pista pela questão da tração e freio. Outro ponto e mais relevante, é condicionar a finalização do jogo todo a compra de veículo através de moedas, moedas essas que não se ganha com facilidade através do modo carrera ou e quantidade razoavel para que se tenha a perspectiva finalizar o game",2,42,8.4.2,2020-05-17 13:58:19
28,Glauco Nóbrega,https://lh3.googleusercontent.com/-w0mwtI9A4kQ/AAAAAAAAAAI/AAAAAAAAAAA/AMZuuclebZGa_KWhA5netlafSGxdPrXLjQ/photo.jpg,"O jogo em si realmente é bom, mas quando conecto meu fone bluetooth o som fica horrível! Perde totalmente a fluidez, parece que fica travando o áudio. Não sei se é defeito do aplicativo ou nos meus aparelhos (acredito que não, já que funciona super bem em outros games). Se alguém também teve esse problema e conseguiu solucionar, por favor me conte o que você fez, porque jogar de fone é bem mais imersivo.",3,28,8.3.2,2020-05-05 16:15:23
29,Eduardo Abel Dos Santos,https://lh3.googleusercontent.com/-nZe3qi1iM0o/AAAAAAAAAAI/AAAAAAAAAAA/AMZuuckk8Mcgv_bjcdeP2WAUo1_Od4d_lg/photo.jpg,"Estou em fase de testes mas posso dizer que o jogo é envolvente. Agora sim, depois de ter uma profunda experiência, posso dizer com certeza que o game é de longe inigualável...! Como já disse antes, o jogo é inigualável!!! Como já disse anteriormente, o game é o melhor que já vi. Se existe outro mais dinâmico que este me indiquem para eu baixar.",5,605,8.3.2,2020-04-10 00:03:40
30,Marcos Albanese,https://lh3.googleusercontent.com/a-/AOh14Gj516McJWo37ewrlgo3s2u5elW39KiXV-lmgkB3lA,"Gráficos super realistas. Me impressionou muito. Só uma sugestão. Compramos os carros com muito sacrifício é gratificante ver sua garagem. Mas deveria poder vender os mesmos, mesmo que com uma desvalorização do valor investido, como no mercado real. Abriria a oportunidade de adquirirmos carros até então inacessíveis. Ou existe esta possibilidade e não achei a forma de fazer Pensem nisso por favor. Grato",5,282,8.3.2,2020-04-25 11:10:28
31,Natanael Jesus,https://lh3.googleusercontent.com/-62vjnFJCivo/AAAAAAAAAAI/AAAAAAAAAAA/AMZuuckf-fRrVKtvVxXTuYirstXyMVyqdg/photo.jpg,"Impressionante, incrível o jogo proporciona a melhor sensação e a adrenalina de estar pilotando em uma corrida de verdade, parabéns aos desenvolvedores, se tivesse como dar 100 estrelas eu dava, melhor jogo de corrida de carros, perfeito",5,1,8.3.2,2020-05-07 20:19:43
32,Bruno Ribeiro,https://lh3.googleusercontent.com/-zsMo97JiPs8/AAAAAAAAAAI/AAAAAAAAAAA/AMZuuclhg_2YcWmYYhZTrPWvog6Z6gMVyA/photo.jpg,O jogo é ótimo em gráfico jogabilidade e o resto mais poderia ajudar mais nois no dinheiro porque ninguém aqui é rico pra ganhar dinheiro tá difícil no real racing 3 antes era tão fácil agora tá difícil eu dei 4 estrela porque o Jogo é excelente mais o único problema é consigui dinheiro pra comprar coisas no jogo.,4,0,8.4.2,2020-05-28 11:27:47
33,Marcello Moura Cardoso,https://lh3.googleusercontent.com/a-/AOh14GhZXpbu1B922mC2oLJg9zpQMu0E_pbOou7ulYcnfw,"Melhorou muito, agora corremos com carros de fórmula 1. Eu que tive o PlayStation 3, vejo que os gráficos do Real Racing 3 estão melhores que o F1 do PS3. Vocês da EA estão de parabéns. Só falta melhorar a jogabilidade e os controles. Aí o jogo se tornaria perfeito. Fica a dica. Volto a repetir, vocês da EA estão de parabéns.Forte abraço.",5,18,8.3.2,2020-05-04 06:58:34
34,Vinicius Oliveira,https://lh3.googleusercontent.com/a-/AOh14GgNH8SWKgv8j2D56VxNn-AqMzQOVA3RMPtvgH0GWQ,"Adoro jogos automotivos, e esse por jogar no celular, se tornou um ótimo passa tempo em momentos de descanso em qualquer lugar no dia a dia👍👍 Só uma sugestão, seria muito bacana se desse para visualizar os adversários pelos retrovisores quando estarmos jogando pela câmera interna do veículo 😉",5,1,8.4.2,2020-05-29 09:38:47
35,Gilson Santos,https://lh3.googleusercontent.com/-XnznqwtEZgE/AAAAAAAAAAI/AAAAAAAAAAA/AMZuuclU7D7MvrmuEprS_Aot3Jjzhp1q6Q/photo.jpg,"O jogo é muito bom, e com a atualização e inclusão da fórmula 1 ficou melhor ainda, só acho ruim o limite de 180 mil M$, poderia ser mais ou não ter limite. Porque com esse limite quando você atinge e rapidamente se atinge as corridas que você faz você perde todo M$ ganho. E seria bom se tivesse mais pistas da fórmula 1. Mas o jogo em se é muito bom. Parabéns pelo jogo!!!!!! Tirem o limite de M$ e coloquem novas pistas de F1 por favor!!!! Vai ficar top!!!",5,201,8.3.2,2020-04-03 01:34:14
36,André Luiz Rigotto,https://lh3.googleusercontent.com/a-/AOh14GjCfLP20CjE4gFR5LUc5NGs1zPKsTnHCMd6o7yvTUE,"O jogo é excelente, jogabilidade perfeita e a sensação de realmente estar evoluindo conforme você joga. O sistema de espera não chega a irritar tanto por causa da variedade de eventos que você pode fazer, mas o que é ridículo são os preços absurdos da loja, infelizmente o mercado de jogos para celular está todo assim, explorando a compra impulsiva de jogadores viciados. Ainda assim, deixo meus parabéns para os programadores e desenvolvedores deste belo jogo.",4,206,8.3.2,2020-04-15 06:24:15
37,Wilson Moraes,https://lh3.googleusercontent.com/-BU19SmiiA-8/AAAAAAAAAAI/AAAAAAAAAAA/AMZuucmlcNVrivNe6aNMbHVxbIGpaSZqsA/photo.jpg,"Para respirar você precisa pagar, todo seu ouro acaba em segundos, você corre uma corrida e tem qu esperar cinco dias para ter acesso a outra. O jogo é muito top em gráficos, o melhor qu eu já vi, parece jogos de consoles, mas se vc não tiver um cartão de crédito e esteja disposto a gastar seu dinheiro real não baixe.",1,32,8.4.2,2020-05-21 04:15:10
38,Welisson Fernandes,https://lh3.googleusercontent.com/a-/AOh14Gj67gp3FwHUNxCmx9hGnMDs3eyQbEZ6MMsPTKYOVA,"O único problema é que não atualizam a série de F1, tem apenas 5 pistas. Poderiam colocar mais já que em outras competições sem ser a F1 tem as pistas mais icônicas como a da Bélgica... Poxa, coloquem essas pistas também, por favor!!",4,0,8.3.2,2020-05-16 14:49:31
39,FOXY_ YT,https://lh3.googleusercontent.com/a-/AOh14GhceHFQnXlpYMDuC6HHFJ3Y6qiWRCIFjZ1XQNh-,"O melhor simulador de condução para Android, jogabilidade perfeita, gráficos bons: da pra melhorar, porém, os controles são muito simples, acho que um câmbio manual daria uma imersão maior, junto com pedais analógicos, criando a possibilidade de aperfeiçoar as curvas e deixando as corridas ficarem mais ""suaves""(por assim dizer).🤔",5,80,8.3.2,2020-04-24 22:01:59
40,TuToNe 3210,https://lh3.googleusercontent.com/a-/AOh14GjhNHgM-MoKJHwwHrnSCCvfbp0XzDZV4ti8ir_S,"O jogo é incrível mas, podia mostrar os dados de todos carros tipo, Motor V8 turbo E por ai, e também podia pelo menos nas formula1 ter uma animação quando ele fosse trocar de pneu, e ter danos no carro com a suspensão quebra se ficar batendo muito com o carro e por aí, Mas de resto o jogo é incrível",5,3,8.3.2,2020-05-07 19:01:53
41,vanderlei alves,https://lh3.googleusercontent.com/a-/AOh14GhLnwMt3CiaT7xvFBoOjIgGaVWP1-dX_j22XNHxog,"Jogo bom jogabilidade muito boa,gráficos bem elaborado apesar de ser um jogo pra celular está parecendo até de vídeo game moderno estão de parabéns;só achei muito caro os carrões e os de classe média poderia manera nós preços e demora muito tempo pra reparar o carro até desanima",5,2,8.4.2,2020-05-19 03:20:18
42,Nilson Niel,https://lh3.googleusercontent.com/a-/AOh14GgAhE_s3-reJnsOyy_7sRm4VH6Gl7pTnjhiYLt7Jg,"Sempre ocorre um ""problema"" entre os dados do jogo para não resgatar a minha recompensa. Problemas pra pagar o jogo nunca ocorrem. Porque será! 🤔Te oferecem o desconto no carro por meses e quando falta 1% apenas do valor para comprar , aumentam o preço do valor de desconto. Felasdap✓t@ !",1,20,8.3.2,2020-05-18 22:49:17
43,Hitman Law,https://lh3.googleusercontent.com/a-/AOh14Gg6hvT3826fHNsH34lGIJoSzMk4FYlJ5p5DVabc4A,"Jogo há anos, é muito bom em jogabilidade e gráficos, mas caríssimo para o bolso, usa cartão direto se quiser carros novos e melhoras nos carros. Sem falar q os torneios d 5 dias pra ganhar carros são pra enganar, ja q vc gasta mais dinheiro pra vencer d q custa o próprio carro e olha q sou nível 71. Estou cada vez mais desanimado",3,0,8.4.2,2020-05-31 11:14:12
44,Charles Ferreira,https://lh3.googleusercontent.com/a-/AOh14GjGKm4bTO_VDG9M9t8Pjq7PsVX-GHJ7JLGdeHAipOc,"O jogo é ótimo. Leve, bem otimizado, com muito conteúdo novo, sempre é atualizado. Infelizmente o modelo free2play acaba com a experiência. Esperar 12 horas pra instalar atualizações? Não dá. Eu paguei o preço cobrado pelo GRID e estou muito mais satisfeito. O modelo free2play não funciona para os jogadores, somente para quem vende. RR3 é divertido, é bonito, mas estou sempre instalando e removendo. Só dá pra brincar alguns minutos. Eu pagaria um preço justo por um game completo. É uma pena.",2,387,8.3.2,2020-04-06 00:57:02
45,Solimar Goncalves Padilha,https://lh3.googleusercontent.com/-t26UQAOvA0A/AAAAAAAAAAI/AAAAAAAAAAA/AMZuuckmmvoBagwZWrpTvJHqowfz41P4tw/photo.jpg,"É um jogo muito bom. Mas possuí algumas defasagens. Por exemplo: inserindo o som (ronco) dos motores originais dos veículos, como também, inserindo mais alternativas de pistas, deixará o jogo sensacional.",3,0,8.3.2,2020-05-04 00:11:12
46,Gabriel Medeiros,https://lh3.googleusercontent.com/a-/AOh14Gg_vRyEHdazQnOpgyl3cWdaVXlzzI6dp7iiwJG5,"É muito bom o jogo, mais a nota vai dois por causa das pistas repetidas do modo F1, queria correr nos circuitos da Bélgica, Brasil, Espanha, Canadá, México, Mônaco, França, Austrália, Áustria, Azerbaijão .... É por isso que a nota tá fraca, quando melhorarem o jogo trazendo novas pistas eu refaço minha nota ....",2,87,8.3.2,2020-04-04 01:41:50
47,Francisco Rodrigues,https://lh3.googleusercontent.com/-AcOgcTD8qcQ/AAAAAAAAAAI/AAAAAAAAJQU/AMZuucnJUaOi2rjhB7k6weWKuxz3kjcpdA/photo.jpg,Primeiramente e mais importante ocurreu um erro em que o meu fuso horário mudou no meu dispositivo e por isso um evento acabou quando eu estava mesmo a acabar Também estão atualmente com problemas nas publicidades que quando eu clico numa para reduzir 30% do tempo elas não começam.,2,3,8.3.2,2020-05-05 04:54:07
48,Jesumar Cerozino,https://lh3.googleusercontent.com/a-/AOh14Gj8yevvZQsiwWUMV_dSq9Y3xBScVJehXkEc0mHH,Pessoal o jogo era maravilhoso... porém depois da atualização ficou ridículo..beneficiando os rakiados e uma dificuldade tremenda de ganhar e de curtir o jogo e os carros...uma competição inbecil e acirrada.. não dando nenhuma chance aos novatos.. reclamação geral...já saí da escuderia e vou sair do jogo também..e estou vendo reclamação geral..concerte isso ou teram prejuízo..estou sendo sincero..,5,40,8.4.2,2020-05-16 07:48:27
49,Milton Felix,https://lh3.googleusercontent.com/-V8ZrOU5cc_o/AAAAAAAAAAI/AAAAAAAAAAA/AMZuuck0PJ4yrKBR7cBTeFrM_1bebYKtEQ/photo.jpg,"Só não dei 5 estrelas, porque a f1 tem que ter um campeonato com classificação e tudo que acontece numa temporada, fora que as pistas são poucas deixando chato ter que correr pra ganhar ms. Fora que quando o carro está 100% é muito fácil ganhar a corrida, falta pit stop e ter pelo menos 50 voltas. Nas demais modalidades de corrida, só falta um pouco mais de carros e atualizados no mais vale muito a pena baixar esse jogo. Muito bom.",4,0,8.4.2,2020-06-01 02:26:07
50,Renan gtb,https://lh3.googleusercontent.com/a-/AOh14Gi3K45XoaIOIWV4zG9A2cP3rZUVMrjSA3Oo3f7-2w,"O jogo e muito bom os gráficos,jogabilidade é muito realista.só que tem uma coisa idiota e ruim nesse jogo toda hora para abrir uma marca de carro ou coisa assim tem que baixar um Mb ou sei la,não é só nisso também acontece isso quando desbloqueio uma fase,e isso fica enchendo minha memória interna eu tenho que ficar apagando algo direto. Não quero desinstalar esse jogo se poderem tirar isso eu agradesso mas enquanto isso só vou dar 2 estrelas.Que saber? não queria mas vou desinstalar isso.",2,0,8.4.2,2020-05-21 12:49:34
51,Toze Nunes,https://lh3.googleusercontent.com/-IhtDohfwqTg/AAAAAAAAAAI/AAAAAAAAAAA/AMZuuckW5MRDIb2y7xp5qm-HNphKr-WBHw/photo.jpg,"Não acredito!.. já tinha acontecido uma vez mas agora outra vez! Jogo todos os dias Rr3 e recebo os prémios do login de cada dia, mas quando chega ao último dia que dá direito às 30 moedas de ouro, salta à frente e começa de novo ao princípio do mês. Já é pelo menos a segunda vez. Acho isso injusto e muito irritante!!!",5,57,8.3.2,2020-04-30 20:17:17
52,F0REVER,https://lh3.googleusercontent.com/a-/AOh14GhUZoFLlTTOP5obaVGfRc4_gut0PJprfWlQc3SKTQ,"O jogo é super realista, tanto nos gráficos quanto a física dos carros, mais tem muito o que melhorar: aprimorem a física dos carros coloquei mais balanço pq eu acho que o carro fica muito colado na pista , o freio dos carros que são um pouco lerdos,a ambientação, os cenários das pistas,coloquem mais pistas pf, TBM o sistema de climatização como, chuva, neblinas, nevascas e OBG jogo maravilhoso.",4,110,8.3.2,2020-04-29 18:55:16
53,jufanatico1,https://lh3.googleusercontent.com/a-/AOh14Gj-Z5NquHTGgj0sWzldKKjhCArqXn4zWanVtla6,"Jogo é muito bonito. Tem boa jogabilidade. Muita variedade de modalidades e eventos porém o sistema de espera é ridículo. O tanto de revisões que tem que fazer no carro, toda hora atualizações, acaba ficando uma burocracia absurda pra jogar. Vinhetas toda hora, recursos pra baixar toda hora também. O cara acaba perdendo a vontade de jogar, infelizmente",3,85,8.3.2,2020-04-20 13:33:43
54,Luis otavio Silveira,https://lh3.googleusercontent.com/-YnsJ7xDx7qo/AAAAAAAAAAI/AAAAAAAAAAA/AMZuuckaYOh3svoO-8xOS864LJeR5QOo8g/photo.jpg,"Os gráficos, jogabilidade são perfeito! Mas poderia fazer um campeonato como na fórmula 1, com campeões de construtores e competição do primeiro grande premio até a ultima corrida. Tirando isso, perfeito.",5,0,8.4.2,2020-05-28 17:49:36
55,Emerson Teixeira,https://lh3.googleusercontent.com/a-/AOh14GgcCV_KlZCSjUgMGAV1UbXjwcMRzDJWXTvV4OwBsQ,"Jogabilidade e gráficos excelentes, porém pra progredir nos desafios precisa de grana (ganha no jogo ou comprando em dinheiro real), e ganhar no jogo é trabalhoso e demora muito. Além do limite no tempo jogado, pq os carros precisam de consertos que demoram 3 horas normalmente (tem a opção de acelerar pagando com o dinheiro ganho nas corridas). Desinstalei por ter ficado chato e complicado de avançar nos desafios.",2,348,8.3.2,2020-04-20 22:32:28
56,Reche CG,https://lh3.googleusercontent.com/-xkORi6KkaIQ/AAAAAAAAAAI/AAAAAAAAAAA/AMZuucksu_bGw-kBwQSTHfrbgoX4HRLydw/photo.jpg,"Jogo intuitivo, mecânica de jogabilidade simples, gráficos excelente. Porem falta controles mais manuais em aceleração e frenagem, odeio quando em uma curva que sei que da pra entrar com mais velocidade e o carro freia sozinho.",4,0,8.4.2,2020-05-22 08:45:25
57,Olivier Santos Lima,https://lh3.googleusercontent.com/a-/AOh14GjrA9zxU4OufsgcnSW9ysm_ucE8Lx4zC-o3-iQJlw,"O jogo é muito bom mesmo com o excesso de coisas pagas , os controles são bem fáceis de se aprender , os cenários são lindos , e as pistas melhores ainda , a única coisa que deixa a desejar é o sistema de corridas de arrancada , é algo muito falho , é 100% sorte não tem como vc saber quando a corrida vai iniciar , não é 1 2 3 e já é 1 2 3 4 5 6 , e isso não é sempre as vezes é 1 2 3 4 e isso é muito confuso Por favor melhorem o sistema de arrancada",4,166,8.3.2,2020-04-07 15:28:20
58,Hugo Müller,https://lh3.googleusercontent.com/a-/AOh14GjIbYI0R4diXxLOyudpc6rbMIL-gitOSpHn1x6j,"O jogo é ótimo, mas falta o mais importante. Jogar multiplayer com os amigos no estilo da Fórmula 1 sem ser esse único modo fantasma que fizeram. Pior que o jogo tem recurso pra isso mas não habilita essa forma de jogar. Consigo diaputar a taça com os bots mas não consigo disputar com meus amigos. Isso seria o maior destaque do jogo e não é aproveitado ou providenciado. Não encontrei ainda um jogo que tenha esse recurso, caso encontre vou deletar todos os de corrida e migrar apenas para esse.",2,33,8.3.2,2020-04-04 19:16:39
59,Lucas Sanchez,https://lh3.googleusercontent.com/a-/AOh14Gh28zRUi1vCnAIZ0dTdUTY7gALFJgszr2aWN8ufKQ,"O jogo é incrível questão gráfica e jogabilidade, mais e ridículo o jogo sempre te deixar na última posição em todas as corridas! Não é sempre que poderá correr com o melhor carro da classe então nas últimas corridas mesmo que seu carro esteja atualizado ao máximo e impossível ganhar as corridas, e um ridículo o jogo colocar dez vinte oponentes sendo que você irá largar em último. Essa é minha única crítica do jogo que de forma geral e sem dúvida o melhor da categoria.",3,118,8.3.2,2020-04-11 19:02:33
60,Adriel Viana,https://lh3.googleusercontent.com/a-/AOh14GgWfm8muGEjGzyf_eXQoNfdyANeqHFF1g9zJL3RdcI,"O jogo está ótimo mas precisa de vários downloads para as corridas. Com isso o jogo passa a ser online. E ultimamente está tendo problemas com fechamento automático e isso tá chato demais! Por favor, resolvam isso!",3,0,8.4.2,2020-05-22 20:11:28
61,Everton Matheus,https://lh3.googleusercontent.com/a-/AOh14GgU5vHItXz84-CF3cR4HTBHk9F0Nl6eji6JwAcqjxg,"Jogo envolvente, de ótima qualidade gráfica, e boa qualidade no realismo, porém sinto falta de mais opções de personalização nos carros e acessórios, poderiam melhorar isso, pois parece que é um canto esquecido desde 2015",4,0,8.3.2,2020-05-05 18:26:05
62,Carlos Eduardo Borges Mandelli,https://lh3.googleusercontent.com/a-/AOh14Gjw8M4hCgOkO084B2NDLQ1fr407JK2vbqOYdPZ3,"Muito bom o jogo, otimos graficos e jogabilidade incrivel, a unica coisa broxante é q vc n pode correr com qualquer carro em qualquer pista, e a falta de pistas famosas como Mônaco, Brands Hatch (versão gp ja q tem somente o circuito curto) e é claro grande Interlagos (José Carlos Pace), depois de um tempo o jogo enjoa um pouco, um ponto a se melhorar é a IA do jogo, q falta mais agressividade e dificuldade maior, tirando tudo isso o jogo é mt bom, mas se adicionacem esses coisas seria incrivel.",5,62,8.3.2,2020-04-30 16:17:47
63,Marcos Di Silva,https://lh3.googleusercontent.com/-c065kTkZ1zc/AAAAAAAAAAI/AAAAAAAAAAA/AMZuuclAfOeJIQnsLwzQnB5JpHNqa_sLvg/photo.jpg,"Caiu uma estrela com essa campanha f1 da crise que se joga duas corridas depois tem que gastar uma fortuna, 7 mil corridas repetidas e ainda querem cobrar pra ter carros pra continuar na mesmice. Sem chance, vão vender cds de console, pura perca de tempo...",2,1,8.3.2,2020-05-17 00:00:58
64,Gabriel Costa,https://lh3.googleusercontent.com/a-/AOh14GhFMoznG151s7-F_Hn-Ay9ZjxKXaln5jGlZas1KFMw,"O jogo é muito bom! Por isso dou 5 estrelas. Mas por favor, coloquem mais pistas, mais competições além das já existentes (taça, resistência, arrancada e etc). Eu não aguento mais ver as mesmas paisagens.",5,4,8.4.2,2020-05-13 18:02:15
65,Inglês Desenrolando,https://lh3.googleusercontent.com/-r1J__sJOHj0/AAAAAAAAAAI/AAAAAAAAAAA/AMZuucmZ2902ux2LbhJc5vKFdtg-RWIkCA/photo.jpg,"Até hj nunca tive problemas com esse jogo, jogo á quase 4 anos, sempre amei dms, e recomendo. É tudo muito simples, tudo bem feito, um jogo que vc joga em qualquer lugar sem problemas, com gráficos incríveis, os carros são idênticos só podiam melhorar um pouco as pistas mas isso é o de menos. Sempre com atualizações boas e com a f1 o jogo ficou completo. Não me vejo parando de jogar esse jogo, amo dms❤",5,27,8.3.2,2020-04-28 00:06:27
66,Ackio Xavier Santos,https://lh3.googleusercontent.com/a-/AOh14Gjd180xwQq99tnYdRVevukP8K_ulaiNiGQZ4rKnUA,"Jogo excelente, otimos gráficos e som incrível. Os modos de competição sao meio repetitivos, e falta um pouco mais de liberdade nas modificações dos carros, e o jogo e extremamente pesado na memoria do celular, mas no geral, excelente para um jogo móvel. Jogo num Samsung A10, roda perfeito.",4,17,8.3.2,2020-04-01 14:22:11
67,Clever01 Soares,https://lh3.googleusercontent.com/-OidkOrDNFTc/AAAAAAAAAAI/AAAAAAAAAAA/AMZuucmZO2iAK78fm5BITyHcETK0P7VFkw/photo.jpg,"O jogo é bom só tem uma coisa que não tem como entender, quando tu entra numa competição tu sai com um carro que no meu jogo é o mais completo porque não cheguei a o nível até então pra desbloquear outro melhor aí vou correr e no jogo aparece carro que pra mim tá bloqueado mas no jogo aparece e ainda faz tempo absurdos que nem com teu melhor carro atualizado no último tu consegue fazer, tempos surreais,vou continuar vendo até onde vai quando ver que não tem mais sentido continuar jogando apago.",2,4,8.4.2,2020-05-13 08:53:23
68,Rcdeus,https://lh3.googleusercontent.com/a-/AOh14GibN9r1z3uu4b3qwLSKZasTNSrhb-c5rXZbNzJX,"Jogo a anos esse jogo, mas não sei porque até hj, não tem o circuito de Interlagos no jogo, poderia ter também os 3 trajetos de brands hatch são muitos legais, ja que tem as principais pistas do mundo, no restante o jogo é ótimo.",3,3,8.4.2,2020-05-22 12:51:16
69,DEIVERSON MOREIRA,https://lh3.googleusercontent.com/a-/AOh14GheJ6HFds9Hy2k4wPNu4zeRcHVSugJcyMIvVmJvGA,Poderia dar 5 estrelas pelo gráfico do.jogo. Mas não posso dar. Fiquei entrando todos dias é obtendo o bônus diário. Quando chegar o dia do bônus máximo. Jogo reinicia como se fosse o 1°dia do bônus. Isso e muita sacanagem para quem joga diariamente. E nem tiver um resposta.,1,1,8.4.2,2020-05-20 03:00:10
70,Marcos Couto,https://lh3.googleusercontent.com/-WCscRUW9rm0/AAAAAAAAAAI/AAAAAAAAAAA/AMZuuckUKj-JGSnL2mG7CFv8R6lsIXM26A/photo.jpg,"Venho fazendo a prova de arrancada em duas provas destintas e mesmo vencendo as provas só fico em segundo lugar, gostaria que fosse consertado esse erro, pois não consigo finalizar o jogo. Desde já agradeço e gostaria de retorno do aplicativo.",1,1,8.3.2,2020-05-11 15:09:57
71,Luciano Amaral,https://lh3.googleusercontent.com/-VQa__L4YwE8/AAAAAAAAAAI/AAAAAAAAAAA/AMZuuck6E5_IO2rzGVkqBZv_LKt5BHdzDA/photo.jpg,O jogo é bom porque na hora da corrida o carro não perde o controle e batendo e fazer você bater e perder a corrida e os gráficos são e os gráficos são exelente e quando você começa a jogar você ganha muito dinheiro e os controles são fáceis de usar muito legal o jogo eu recomendo vocês instalarem agora!!! Se não você Vai se arrepender de não ter intalado e não acha mais o jogo é SÓ acha quando o m.b. do jogo so lamentaram e você vai não consegue instalar mais!,5,89,8.3.2,2020-04-12 10:19:13
72,Aldo Braz,https://lh3.googleusercontent.com/-uTwY9pxv6mQ/AAAAAAAAAAI/AAAAAAAAAAA/AMZuucnm-DE0A7BLUyJHchoiy07C3C-Y9w/photo.jpg,"Esse jogo está cada vez melhor, agora com à formula 1 tá ótimo.... Sem palavras para esse jogo, muitíssimo maravilhoso, carros perfeitos, grafico perfeito. Só para atualizar o carro durante uma competição que é muito dinheiro.",5,4,8.4.2,2020-05-16 10:38:33
73,Tho Zika,https://lh3.googleusercontent.com/a-/AOh14Gg4R4XZCazZMIQBPFFEnnrLn1A9SVRnd2IDruRaWQ,"INCRÍVEL, este jogo no novo moto G8 Power, os gráficos estão lindos e o jogo é compatível com a telas dos dispositivos atuais que possuem câmera frontal na tela do dispositivo, os interiores dos veículos são uma réplica idênticas dos automóveis da vida real sem contar riqueza em detalhes, sombras, pistas também bem fiéis as da vida real. Jogo bem otimizado rodando com uma fluidez incrível. Incrível trabalho de todos que trabalham desenvolvendo este jogo, OBRIGADO.",5,61,8.3.2,2020-04-01 15:31:22
74,Andrew Cruz,https://lh3.googleusercontent.com/-onGeunK5BnM/AAAAAAAAAAI/AAAAAAAAAAA/AMZuuclBoApHB3IkLvii0FPRgoyUUdxjPQ/photo.jpg,"O que mata no jogo é que tudo eu tenho que gastar dinheiro (real) para poder progredir,como vou juntar moeda de ouro para participar das corridas exclusivas se tenho que pagar,e todas as conquistas do jogo dão poucas moedas,essa dificuldade no jogo é muito envolvente,mas as vezes quebra com a experiência.Vai dar pra zerar nunca,porque eu não vou tirar do meu bolso só pra zerar um jogo!👎",4,33,8.3.2,2020-04-25 08:31:02
75,Rodrigo Pauli,https://lh3.googleusercontent.com/a-/AOh14Gi8OgKy4RG2OJ0OapN90xzaJ3WyDTNMePgUkRM,"O jogo é muito bom, tem eventos legais que se ganha carros, jogabilidade, gráficos bons, mas poderia ter um controle adicional no jogo que seria ter os direcionais para pilotar o carro juntos num lado da tela e do outro lado da tela ter o freio e o acelerador, não curto jogar tendo que ficar virando o celular para direcionar o carro.",4,29,8.3.2,2020-04-03 13:22:53
76,"Vapo, Vapo",https://lh3.googleusercontent.com/a-/AOh14GjPRNJdpEnfqQxq9SjuxFpcufg_2TXlGnqoEciZ0A,"O jogo em si é espetacular, o melhor jogo de corrida mobile q já joguei. Porém acho desnecessário a quantidade de downloads dentro do jogo, fora q o carregamento de download é muito lento, e isso é muito chato. Vcs poderiam colocar o conteúdo completo aq mesmo na play store",3,0,8.3.2,2020-05-12 12:53:32
77,Luiz Oni Oliveira,https://lh3.googleusercontent.com/a-/AOh14GiPTmZAOhTj4VTFQ9mkFfrwvabYctsLBgbJwJ4V,"Melhor jogo de corrida, o problema é que agora há muitos carros novos e a maioria deles só compra com moedas Gold que são muito difíceis de conseguir, mas tirando isso é o jogo de corrida mais perfeito que tem pra celular.",4,0,8.3.2,2020-05-12 02:42:43
78,Colbert EB,https://lh3.googleusercontent.com/a-/AOh14Gg5q3UGjFSy3ibe5fF_nCQ8LDWdJ-l6hPrrH1hR,"Agoniante de jogar,a fisica do jogo é extremamente mal simulada,quando os carros derrapam parecem sabonetes,e sem nenhum auxilio o jogo é injogavel.O jogo esta cada vez mais enjoativo de jogar,super limitado em relação a manutenção dos veiculos,e ainda mais os preços das coisas(muito mais facil pegar um mod com valores alterados).A inteligencia artificial do jogo é extremamente mal feita,os carro literalmente tentam te rodar,te fechar e até mesmo freiar em uma reta.Sinceramente,jogo é mal feito!",1,4,8.3.2,2020-05-05 18:12:00
79,Thalisson Medeiros,https://lh3.googleusercontent.com/a-/AOh14GgEaNggVTCreOomA7tNQXx-zdLsNcbgFnm6JzupBw,"Jogo sensacional, jogo há mais de 2 anos, porém, a única coisa que eu não gosto são dos absurdos pontos que devemos alcançar nos eventos exclusivos, por exemplo o modo caçador, a distância que devemos alcançar é praticamente impossível! Por favor, facilite um pouco para nós, Eletronic Arts!!",4,64,8.3.2,2020-04-27 09:17:51
80,Luciano Oliveira,https://lh3.googleusercontent.com/-94I7IM81tSE/AAAAAAAAAAI/AAAAAAAAAAA/AMZuuckc9C_xEwH0RwFubQM52JfBF2eLyA/photo.jpg,ótimo jogo...ótimos gráficos. Obs: quando o jogador estiver dentro do carro os retrovisores laterais poderiam funcionar se melhorarem isso o jogo vai ficar ainda mas top e poderia ter a opção de escurecer os vidros.,5,0,8.3.2,2020-05-16 15:41:50
81,Paulo Vicente Dos Santos,https://lh3.googleusercontent.com/-oB9gC3IYf-c/AAAAAAAAAAI/AAAAAAAAAAA/AMZuuclBNC-Gjey3aTI99oDPOFggkFi-Fg/photo.jpg,Gostaria de entender como um carro campeão de fórmula 1como a Mercedes pode ter um desempenho tão fraco em relação uma Ferrari ou rede Bull? Uma ideia sereia poder migrar de um tipo de crédito para outro. Por exemplo vc poder comprar MS com moedas de ouro. Muito bom os gráficos e a grande opção de pistas. No caso dos carros de F1 seria ótimo se o jogo fosse completo. Compraria os carros f1 se fossem mais baratos. Comparado a outros carros de outros jogos com está qualidade estão muito caros.,5,45,8.3.2,2020-05-06 11:21:35
82,Maurício Tomelin,https://lh3.googleusercontent.com/-nOUPn17uHjo/AAAAAAAAAAI/AAAAAAAAAAA/AMZuuckcrjIRkL8BI8xmVo1o70mms0OB-Q/photo.jpg,"As premiações são baixas em relação ao valor dos carros, principalmente quando os carros são adquiridos em moedas de ouro. Amém disso as moedas e dinheiro disponível durante o dia na tela principal não carrega, aciona o ícone na tela principal e nada acontece só some o ícone.",3,0,8.3.2,2020-05-11 13:59:10
83,DOMINGOS SILVA,https://lh3.googleusercontent.com/a-/AOh14GjBD5dMD11ySh5u7GOnbA_jhQYUgdbHYPTi1xi1zA,"Muito bom, top. Gráficos excelentes e jogabilidade 1000. Mas como todo jogo, para evoluir bem precisar pagar alguns itens e melhorar a performance. Mais tá ótimo, nada é de graça mesmo.",5,0,8.3.2,2020-05-09 10:05:07
84,Geneses Cesar,https://lh3.googleusercontent.com/-_xgRb9JdWNM/AAAAAAAAAAI/AAAAAAAAAAA/AMZuucmzzZbA39IqIadMuAzf6ngDWoVfoA/photo.jpg,"So precisa ter mas opções de acessorios para montar o carro e é um pouco grande,pra melhor dizer Fora isso no momento não tenho o que reclamar, jogo top, grafico top, ate celular fraco roda de boa, baixei no j5 para meu sobrinho jogar e rodou de boa.",5,3,8.4.2,2020-05-15 01:03:32
85,Celso Pereira dos santos,https://lh3.googleusercontent.com/-XJX3ZmKduE0/AAAAAAAAAAI/AAAAAAAAAAA/AMZuucki_N_zLfXmtsCvBZ7AtaRrDThlGg/photo.jpg,"O jogo em si e bom mas colocar limite de ms vai fazer com que perca mtos usuarios do app. Eu por exemplo quero proceguir nos campeonatos da f1 e nao posso pq nao tem como ganhar ms pra atualizar os carros. Ai tem de esperat 24 hora pra ganhar uma merreca que nao da nem pra uma atualização mais cara. Ai é pedir pra que os usuarios desinstalem o jogo ne. Se fosse pelo menos 1 ou 2 horas de intervalo sem poder ganhar mas 24 horas e ainda pra ganhar uma merreca de 180 mil só, decepcionante.",2,0,8.3.2,2020-05-11 00:41:26
86,Guilherme Henrique,https://lh3.googleusercontent.com/-do7mtRQvh34/AAAAAAAAAAI/AAAAAAAAAAA/AMZuuclnfoYJen_vdhRLkl7bH9ujhF_rNQ/photo.jpg,"Estão de parabéns. Uma obra de arte esse jogo. Só não dou 5 estrelas, porque ainda demora muito pra terminar as competições pra ganhar carro. Só joga até ele ficar com defeito e depois tem que esperar pelo menos 3 horas pra poder jogar de novo.",4,0,8.4.2,2020-05-28 23:08:45
87,M K,https://lh3.googleusercontent.com/-2CmyT1OXO6I/AAAAAAAAAAI/AAAAAAAAAAA/AMZuucnZDgU74t1wTLEsG-I1y-9figFLVQ/photo.jpg,"Falta a opção de controle com o acelerador, freio e dois botões para virar o carro, seria a melhor opção, ou talvez uma opção para editar os controles, e o retrovisor do carro de Formula 1 da academia só mostra as nuvens quando você está jogando na visão do piloto.",4,4,8.3.2,2020-04-01 13:07:15
88,Gabriel Arruda,https://lh3.googleusercontent.com/-6iDa52MSSaI/AAAAAAAAAAI/AAAAAAAAAAA/AMZuuckX2NfrOI-LiXzBBLJu3-rTKB4sJg/photo.jpg,"A jogabilidade é incrível. Mas, o jogo é muito demorado, não baixa tudo de uma vez, sempre tem coisa pra baixar, msm indo em baixar todos os recursos, nunca funciona. Tem muitas vinhetas TB e tudo é muito demorado, para atualizar o carro é demorado. Ainda tem a tal da revisão. Tudo isso mina a vontade de jogar.",2,88,8.3.2,2020-04-11 17:17:07
89,Leonardo De Alencar Ferreira,https://lh3.googleusercontent.com/a-/AOh14Ghl7liAfgC7_601ZhMF9n-uLrlJ2txiV22jSK3PNQ,"Jogo muito bom mesmo ,jogo desde 2017 , MÁS ,depois de algumas atualizações o game esta ficando impossível,sei que vocês têm que fazer sua renda,mas 1 partida por 1 anúncio,tipo pra quem joga com franquia de 4g fica inviável,e também está apresentando um bug em que a tela fica piscando ,por favor ajude quem ainda está interessado no game , obrigado!",4,67,8.3.2,2020-04-04 10:42:45
90,Jason,https://lh3.googleusercontent.com/a-/AOh14Gg8xwU_ozJE5ZWNyyHWsYJvIXFQa6iAUVmoiiyevQ,Poderia ter kits de aerodinâmica como para choques e aerofólios e mais variedades de adesivos e rodas também. Outra coisa legal para ter no jogo seria correr usando transmissão manual (além das corridas de Drag).,3,2,8.4.2,2020-05-16 01:52:07
91,Jackson Jonas,https://lh3.googleusercontent.com/a-/AOh14Gi3IGOu922aTt0at-nz-qXfQKxzhBwdyHk4yfAMvg,"Vou dá 5 estrelas pq o jogo melhorou de mais, pra ficar fantástico e emocionante... Botem pistas de ruas com trânsito, pra dá mais emoção, polícia correndo atrás e tals, rachas... Com esse gráfico e esse tipo de jogabilidade ia ser o ""Bicho"" u.u Lêem esse comentário, plmd!!!!!!",5,0,8.4.2,2020-05-19 15:59:35
92,maico rafael souza moreira,https://lh3.googleusercontent.com/a-/AOh14GiWIrwe2V3sGk_JVXt-pRePh5FXYKpCmL9nnVdg,"jogo impressionante com belos gráficos e um som que instiga você a jogar muito. pra quem curte e prefere um jogo top, esse é sem dúvida o melhor jogo do play store. pode ser grande pra um jogo de celular, aqui já está em 4.3 gigas, mas pelo que oferece vale a pena. Parabéns ao desenvolvedor por fazer a alegria da gente ao poder jogar vendo o interior e por ter um som muito realista do .motor do carro, com direito a reduzidas,trocas de marchas, como se vc estivesse realmente pilotando.",5,1402,8.3.2,2020-04-21 18:38:07
93,David Cardoso,https://lh3.googleusercontent.com/-138wDzQGuck/AAAAAAAAAAI/AAAAAAAAAAA/AMZuucmmvsV8lrgCnVBiXKo7sC9ZGm2Hew/photo.jpg,"Ótimo jogo!! Os gráficos são bem reais e os carros são cópias idênticas.. Falta apenas incluir mais alguns circuitos no jogo... Por ex: Ainda não tem os circuitos de Mônaco, Brasil e Malásia..",5,0,8.3.2,2020-05-05 13:06:54
94,sprinteey pvp,https://lh3.googleusercontent.com/a-/AOh14GhyJBgKVMkXBN5laXCUFe8pQpAMV7VhOvAKGzlHIQ,"O jogo é ótimo eu jogo ele desdo primeiro quando era os carros mais simples, faz tempo não sei se ele tinha um Corvette amarelo com preto antigamente, que eu jogava, poderia ter modo manual, e seria legal se vocês fizessem um game de dirigir simulação, com esses sons e tals, muito bom os criadores estão de parabéns!",5,51,8.3.2,2020-04-02 13:09:38
95,Player JTM,https://lh3.googleusercontent.com/a-/AOh14GjdUWIWVRHI06E0sGYxFq8c1u44CsxurXNmJm-wbw,"EA é uma das PIORES empresas que eu já vi!! O jogo em si é incrível!! Não entendeu? Blz eu explico. Você baixa uns 50 mb pra no final do download baixar mais uns 400 mb pra jogar uma ""corrida"" com apenas uma volta que dura uns 30 seg, acabando essa ""corrida"" volta a baixar 200 mb, e segue assim conforme você ""subindo de nível"". Não estou reclamando do tamanho do jogo, o que eu não aceito é essa tática porca dessa empresa de manter vc dentro do jogo, mas não se divertindo e sim baixando os dados.",2,36,8.3.2,2020-04-05 09:52:04
96,Cristian Arantes,https://lh3.googleusercontent.com/a-/AOh14GijglpQ17_A9kZcS7tTAqHxDhEL42K0zhWJBoPD,"Jogo incrível! Os gráficos são perfeitos, a jogabilidade é impressionante e a variedade de carros e pistas são muito boas. Tudo bem que se pede para baixar vários recursos adicionais dentro do jogo, mas com certeza vale a pena. Simplicidade, qualidade e diversão são palavras que definem muito bem esse jogo.",5,5,8.3.2,2020-05-01 21:47:12
97,João victor Cheski gomes,https://lh3.googleusercontent.com/--WedQgotp5g/AAAAAAAAAAI/AAAAAAAAAAA/AMZuucnYxH7BptN7hGwNrNom3QFVbTF_-w/photo.jpg,"adorei o jogo mas na hora que você entra tem um download de 405 mb , depois fala que precisa baixar mais 225 mb e por último até agora apareceu pra baixar todos os recursos ou apenas 1 mb , apertei pra baixar todos recursos agora ta fazendo download de 2 gigas a cada categoria desbloqueada vc tem que baixar recursos . São muitas coisas pra baixar se puderem consertar por favor obs: pelo menos no meu lg K10 apareceu varios downloads não sei nos outros dispositivos",4,0,8.3.2,2020-05-10 13:47:01
98,Fernando Cesar Gilioli,https://lh3.googleusercontent.com/-Qb-DE3t10Fk/AAAAAAAAAAI/AAAAAAAABJM/AMZuucm0pUM-2AT4pFYsHpflXGefcv5wjA/photo.jpg,"Gosto muito do real racing, só que ultimamente só aparece banido na tela do jogo, sendo que não fiz nada, de trapaças, aí me impede de jogar. Caramba que saco isso, não posso atualizar... Sou banido, não posso receber os prêmios... Sou banido, não posso abrir a Internet... Sou banido, que saco isso até quando 🤔🙄😠😡",1,6,8.3.2,2020-05-09 15:11:38
99,Luís António Gaulés Gaulés,https://lh3.googleusercontent.com/-drU9Gt2mF5M/AAAAAAAAAAI/AAAAAAAAAAA/AMZuucm1RRMIUpkT0LPi9KMR2poGDfjtKw/photo.jpg,"Melhor jogo de corridas de carro que eu conheço, mais como tudo tem as suas desvantagens, eu peço que baixem um pouco o preço na compra de um carro e acrescente a quantidade de ouro em cada fase, com tudo o jogo extremamente maravilhoso...",5,0,8.4.2,2020-05-29 08:43:54
