,userName,userImage,content,score,thumbsUpCount,reviewCreatedVersion,at
0,Stefany Tomlinson,https://lh3.googleusercontent.com/a-/AAuE7mBO3M56CwLw_ZiKKae1mwXyCUU8w-dbCU7ha--45g,"É um jogo maravilhoso, o melhor na verdade. O único ponto que eu odeio é de ser extremamente difícil ganhar diamantes e não haver opções interessantes sem ter que usa-los, acho que poderia haver a opção de assistir vídeos pra ganhar mais diamantes, até agora não consegui chegar a 19 diamantes, não pude escolher nada e isso me aborrece",4,7,12.10.0+gn,2020-01-31 11:39:40
1,nana jjx,https://lh3.googleusercontent.com/a-/AAuE7mAa2aeYPFEUhZZtrhUdjycqLR4gCF2436KqM_ba,"o jogo em si é bom, mas demora MUITO para você conseguir UM passe (para jogar um capítulo), isso acaba ficando chato, pois pra você jogar, tem que esperar quase um dia. os diamantes são muito difíceis de você conseguir, e fica quase impossível de você jogar por causa disso. os gráficos são malfeitos, por favor, melhorem.",1,9,12.10.0+gn,2020-01-29 13:42:30
2,Player Forever,https://lh3.googleusercontent.com/a-/AAuE7mBgE33rq7s87l50LmHYtct64su2HpPDVxxzD4dLng,"O jogo é extremamente cativante e divertido, com histórias legais, fascinantes, ótimas, com personagens apaixonantes e com uma customização quase livre. Porém a unica coisa que não é viável a maioria do público são os diamantes e os tickets, somente com eles podemos avançar nas histórias de forma interessante... isso que acaba com a experiência do jogador, a falta de outras línguas também prejudica um pouco mas o jogo ainda diverte",4,205,12.10.0+gn,2020-01-16 00:09:23
3,Gabriela Souza,https://lh3.googleusercontent.com/a-/AAuE7mCMQn6WiXe7sav6N7UiH-clGaWXlIMLfZ2Rs4X3Wg,"Um jogo ótimo, mas a maioria dos usuários NÃO TEM condições de comprar os pacotes de diamantes, e precisam dele para prosseguir a história de uma forma mais legal!!! Poderia ter um jeito de conseguir eles assistindo a propagandas e anúncios, desinstalando o jogo já...",1,10,12.10.0+gn,2020-01-24 23:50:20
4,Pâmela Silveira,https://lh3.googleusercontent.com/a-/AAuE7mAVJXMAPvVnzjVb2ubZfwwXvTMPRiYn7aK1q0x_0aY,"O jogo é lindo e tem funcionalidades incriveis. Porém, se você não comprar os diamantes você praticamente não conseguirá se desenvolver no jogo. Ou você seleciona a escolha ideal e paga uma quantidade muito grande de diamantes ou você é obrigado a escolher a opção que não exige diamantes e fica com desempenho ruim na história. Fora que a cada capítulo você ganha apenas UM diamante, além de ter que esperar 2/3 horas para jogar novamente a história porque está sem ticket. É frustrante.",2,49,12.10.0+gn,2020-01-02 12:20:52
5,Jujubacraft,https://lh3.googleusercontent.com/-WZZGP0MF0Xw/AAAAAAAAAAI/AAAAAAAAAAA/ACHi3rfmoEuuV--aRtGWP3UpL06in9HWDw/photo.jpg,"O jogo é legal, as histórias são emocionantes, e os avatares são bonitos. O único problema é que vc não pode fazer escolhas de vdd sem pagar. A quantidade de escolhas que definem o destino dos personagens e requerem uma quantidade exorbitante de diamantes é enorme. Podiam fazer o jogo um pouquinho mais gratuito. Tudo tem que ser pago, e por um preço muito alto! Uma opção é dar um meio rápido de conseguir diamantes suficientes pra pagar as escolhas (não apenas um 1 diamante por capítulo)!!!!",2,48,12.00.0+gn,2019-11-27 09:09:10
6,Aline Gonçalves,https://lh3.googleusercontent.com/a-/AAuE7mCXL6HT_30xy1VaUY1d_tCCl1-Odwjs9tEvZjrA7c8,"O jogo é bom, as histórias são muito boas, mas é um absurdo a quantidade de diamantes que cobram para fazer uma escolha melhor, que teria consequência na história. Disponibilizam 1 diamante por episódio e em algumas opções chegam a cobrar até 49 diamantes pela melhor opção. Outro ponto também são os tickets para os episódios, disponibilizam apenas 2 por vez e depois temos que esperar até 3 horas para poder jogar de novo. Já havia baixado o jogo outras vezes e ele costumava ser mais legal.",2,63,12.10.0+gn,2019-12-07 10:12:42
7,Edelweiss,https://lh3.googleusercontent.com/-oQ7KazneqvU/AAAAAAAAAAI/AAAAAAAAAAA/ACHi3rfjFMRy0RW5EDNE368pVAvEQGpJgg/photo.jpg,"O jogo não tem muitas opções de história para escolher inicialmente, nos forçando a jogar histórias que não queremos para desbloquear outras (que nem podemos escolher), o jogo nos força a comprar diamantes para escolher algumas opções de ação e ainda tem problemas para carregar de forma rápida e eficiente, vive travando, eu sinceramente não recomendo, pra quem quer se divertir de verdade, Storyscape é um jogo muito melhor.",2,28,12.10.0+gn,2019-12-29 13:31:58
8,Mariane Mérida,https://lh3.googleusercontent.com/-bOSuQLSKsPU/AAAAAAAAAAI/AAAAAAAAAAA/ACHi3rciNjRmWLPNlh96R0oPdHyFUKqkKQ/photo.jpg,"Demora muito tempo p recarregar POUQUÍSSIMOS tickets. E a quantidade de diamantes que temos que gastar em certas escolhas é muito em relação ao que conseguimos ganhar. Eu sei que tudo é proposital, afinal eles querem nos obrigar a comprar. Mas podia liberar tickets/diamantes com os anúncios que assistimos. Facilita aí, Episode! Tá chato!",1,62,12.00.0+gn,2019-11-21 12:20:15
9,stennie,https://lh3.googleusercontent.com/a-/AAuE7mADfL9KXqC0B4LGnG70XvaCCkqv321DFRIc5ONGEw,"O jogo é realmente muito bom e interessante, porém, acho exagerado o jeito em que o ele quer fazer com que os jogadores consumam muitas gemas; além disso, não sei se é só comigo, mas meu jogo funcionou corretamente por 1 ou 2 dias, depois, ele não quer mais entrar, diz algo do tipo ""you lost connection"", depois diz algo parecido com ""verifique se está conectado na rede de internet"", e minha internet está funcionando corretamente, já tentei até desinstalar e reinstalar, e nada.",4,22,12.10.0+gn,2019-12-07 01:12:09
10,Silvana Santos,https://lh3.googleusercontent.com/-eA-vRLmswQE/AAAAAAAAAAI/AAAAAAAAAAA/ACHi3rffFL-dyhR2DtLQy48h3WPyja1ImA/photo.jpg,"Sinceramente,o jogo é muito ruim! Nos temos que esperar 3 horas para apenas 3 tickets! E os diamantes,Queria que tivesse um outro jeito se consegui-los, E sempre quando eu estou no penúltimo episódio de alguma série (Perdão se não for série.) O episódio ele trava eu tenho que entrar no aplicativo novamente e não adianta,o episódio fica se repetindo até chegar numa cena que ele trava e não da mais pra fazer NADA",1,32,12.10.0+gn,2020-01-06 21:29:13
11,margarida cabral,https://lh3.googleusercontent.com/a-/AAuE7mD9OmSh9LpBQyfp4Cct2bGabhM84yj9gh1oaNCFCg,"Este jogo é ótimo! Passo horas nisso. Quando acabam os tickets (ponto negativo) fico ansiosa á espera que carreguem novamente para continuar a ler. Ajudou-me imenso a aprender mais inglês. Só devia melhor os tickets e diamantes, porque de resto é perfeito!!",4,0,12.10.0+gn,2020-02-02 08:10:38
12,Marps,https://lh3.googleusercontent.com/a-/AAuE7mBb93zZOukRDzspB2TMxrU_6Qm_mzl0fTzRn5UZ,"O aplicativo é incrível, mas a longa espera pelos tickets e a tentativa de nos fazer comprar cenas especiais me desanimam a jogar. Eu entendo a necessidade de manter o App com opções pagas, mas seria interessante pensar em flexibilizar o modo de obtenção dos tickets e disponibilizar algumas cenas especiais através da visualização de anúncios ou mesmo dos prêmios que ganhamos no decorrer da história.",3,49,12.10.0+gn,2019-12-17 15:26:09
13,Igor Miguel,https://lh3.googleusercontent.com/a-/AAuE7mBGN4xhlWykG_ouFoTQGhuuHN2EUmaIqF_EZ-st,"Sério muito bom, mas eu n dei cinco estrelas pela quantidade de tickets e de gemas e o tempo que a gente tem que esperar pra gerar cada ticket. Três horas!!! E tmb mesmo que a gente tente juntar gemas demora pra caramba pra conseguir pelo menos 20. Espero q consertem isso",4,0,12.10.0+gn,2020-02-06 15:52:50
14,annika rose,https://lh3.googleusercontent.com/a-/AAuE7mAz9VIthKIgMy2Q-tkaplzeivTM0M9nVMerziTXgg,"Ficaria bem mais melhor e mais fácil caso fosse disponibilizada uma maneira de ganhar diamantes grátis sem gastar dinheiro real neles, pois é uma minoria de pessoas que consegue ficar comprando. De resto, o jogo é incrível, e tenho certeza que muito mais pessoas continuariam a jogar se essa questão dos diamantes fosse ajustada.",3,39,12.10.0+gn,2019-12-12 08:07:45
15,Craftano,https://lh3.googleusercontent.com/a-/AAuE7mBeP2KesDDBCVkGFskP7hCDgOUJ341_ioaD6fzE4A,"O aplicativo ele é ótimo, vocês estão de parabéns. Mas eu estou com um problema que eu não consigo criar minhas histórias, quando eu aperto em ""create"" Não aparece o botão para eu criar uma história. Bom, espero que esse Bug seja resolvido. Tirando isso o app é 5 estrelas.",5,6,12.10.0+gn,2020-01-14 16:48:47
16,Ana Paula de Souza,https://lh3.googleusercontent.com/a-/AAuE7mDJqJqEKlX9BnjJtyv5-MB_0HDJI51R_D3FqFUI_Q,"O jogo é muito legal. As histórias fluem de uma maneira muito agradável e divertida. Entretanto, é muito chato o fato de que você não pode avançar no jogo sem os diamantes. Você entra no jogo sem nenhum e se quiser ao menos 20 diamantes tem que comprar com dinheiro real. Ou seja, pra se dar bem tem que soltar muita grana. Negativo. A rentabilidade do jogo é quase nula. É triste porque o jogo é bem legal.",1,27,12.00.0+gn,2019-11-24 10:38:18
17,Alehzoka,https://lh3.googleusercontent.com/a-/AAuE7mDH5J5hecCfG8pAv6pSd8z4MSpOOqoV7h8E5jT7AA,"A liberdade de escolha com os casais é otima. Serio, adorei que podemos escolher ficar com mulheres ou homens. Mas, nao ha nenhum metodo gratis de ganhar diamantes/tickets, o que dificulta bastante o aproveitamento do jogo, pois muitas pessoas que jogam, nao podem comprar por N motivos. por isso minha nota é 3 de 5. Graficos otimos, historias cativantes mas o metodo de ganhar diamantws e tickets torna o jogo uma especia de PayToWin. Onde as melhores opcoes sao pagas :/",3,22,12.00.0+gn,2019-11-20 14:43:03
18,Tiffany Giannini,https://lh3.googleusercontent.com/a-/AAuE7mBDw26rXHfyxizG9x_amQrNUAgnFsFmIEkEz4gpFA,"Já foi mais divertido. Agora absolutamente todas as escolhas boas exigem diamantes. Se você não tem condições de ficar comprando, só vai ficar sentado assistindo uma história monótona, já que as únicas decisões que você pode tomar sem gastar dinheiro são entediantes. Uma escolha muito boa ser paga uma vez Ou outra é até compreensível, agora todas serem pagas... É um absurdo, ninguém tem todo esse dinheiro.",2,18,12.10.0+gn,2019-12-29 15:31:09
19,Carol ZR,https://lh3.googleusercontent.com/a-/AAuE7mDrghGjI4xFXLyjNQpjNEnjmFVRtlMS4D8eXcHi9A,"O jogo em si é bom, várias histórias boas porém são em inglês, até onde sei. E outra coisa que me incomodou bastante foi a questão dos diamantes, deveria ter como ganhar assistindo propaganda e tals, mas nem isso! Aí o jogo nos obriga a comprar ou nao tem outra alternativa na história. Vou desinstalar por isso. Jogo Nojento!!!!",1,29,12.10.0+gn,2020-01-03 00:18:10
20,Gio OliF,https://lh3.googleusercontent.com/a-/AAuE7mA9lHAnCWBiS6v4ocmjW7xlDzy-D1KQqRxg_bKz3A,"O jogo é muito bom e divertido, mas o que estraga é o sistema de diamantes com micro-transação. É muito difícil conseguir diamantes e eles afetam DEMAIS nas histórias, chega a ser injusto, ter que escolher algo que não quero apenas porque NÃO POSSO pagar. Não acho nada acessível.",3,12,12.10.0+gn,2019-12-23 02:16:02
21,Telma Cuna,https://lh3.googleusercontent.com/-o1fqf15s8fg/AAAAAAAAAAI/AAAAAAAAAAA/ACHi3rcBEQNn1WSabeloRvdkUa4W8Nakbw/photo.jpg,"O jogo é ótimo as histórias são super boas, só que a algumas decisões precisam de diamantes e é muito difícil conseguir vcx deveriam criar uma forma mais fácil e rápida de conseguir E o tempo para conseguir os tickets vcx também deveriam ver isso",3,2,12.10.0+gn,2020-01-23 01:54:16
22,sabrina,https://lh3.googleusercontent.com/a-/AAuE7mAST6rzUM7xknuRlQhGQ03vnRXe2dZmKXMuATCwew,"Ótimo app, gostei muito. Faz bem. Mas poderia oferecer opções de diamantes mais acessíveis ou gratuitos, muitos querem tanto fazer o melhor no jogo e não conseguem por não possuir dinheiro.",4,0,12.10.0+gn,2020-02-06 19:28:55
23,Sofia Correia,https://lh3.googleusercontent.com/a-/AAuE7mBM1r6Bj7_-XHZjYHIrbk-vVgrX0jTxPvV_c1zQBg,"Desde há 2 semanas para cá, tornar-se um pouco chato pois cada episódio que queira jogar tenho que ver 2 anúncios... Já esteve bem melhor. Já pra não mencionar o facto de as escolhas melhores requererem diamantes que são pouquíssimos... E pra termos mais temos de gastar dinheiro verdadeiro 😒 I find it unfair that I spend diamonds on a game option, and then you remember to ""restart"" the last chapter and we lose the diamonds we spent on that same chapter and not get back to us",3,17,12.00.0+gn,2019-11-22 10:21:50
24,Kuria,https://lh3.googleusercontent.com/a-/AAuE7mBz9gG4PiKLGQDGYj46rc2Ncg9cb2Rx1VcBckOy,"É um ótimo, uma pena que precisa-se de diamante. Os tickets estão rasoavéis nessa atualização, porém poderia ganhar uma certa quantidade de tickets conforme passa as horas. Os diamantes estão ridiculamente caros, oque é ruim, pois cada episódio ganha-se apenas 1 diamante, aumentem isto por favor.",3,5,12.10.0+gn,2020-01-08 23:15:06
25,marcello biaggio,https://lh3.googleusercontent.com/-QQ3rRI_lFkk/AAAAAAAAAAI/AAAAAAAAAAA/ACHi3rfUO7TYAh7QHgfmuLlbv_D9YwTlmg/photo.jpg,O jogo é muito bom pena que demora 3 horas pra voce ter 1 ficha de novo e se nao dependece da ficha pra continuar o episodi seria 5 estrelas. Consertem isso. Porque ei perdi a minha paciecia porque eu tenho que esperar 3 horas pra ganhar 1 FICHA. EU TENHO QUE ESPERAR 3 HORAS PRA GANHA 1 FICHA. NOS DEVERIAMOS ESPERAR 3 HORAS E GANHAR 30 FICHAS ENTAO CONCERTEM ISSO Obrigada pela atenção. E concertem logo pois estou esperando impaciente. Porque eu nao escrevi um texto de 500 palavras pra nada. Obg,3,5,12.10.0+gn,2019-12-19 11:29:52
26,Diana Fernandes,https://lh3.googleusercontent.com/-hMMLd8_-17o/AAAAAAAAAAI/AAAAAAAAAAA/ACHi3rcR0mCbiMF8enJtsFa_Ge2CfJV2hw/photo.jpg,"O jogo é legal mas tem um lado muito chato que é: não importa a escolha que você fizer pois o fim será sempre o mesmo, não importa se vc faz escolha de diamante ou de graca o fim será sempre igual e isso é beem chato 😤😤 vocês poderiam melhorar nisso, pra que poupar ou comprar diamantes para jogar se o fim será sempre o mesmo? Sem lógica!",2,0,12.10.0+gn,2020-02-10 08:33:05
27,Galaxy Fox,https://lh3.googleusercontent.com/a-/AAuE7mBA1ysd3NCacjbPB48Cw_5i5zxpztAYfw2z48ho_A,"Pay-to-win desgraçado. Em uma das histórias, você literalmente tem que gastar diamantes (e eles não são lá muito fáceis de conseguir) pra ver o final completo. Absurdo.",2,0,12.10.0+gn,2020-01-17 10:03:38
28,Haguira FoxBR :3,https://lh3.googleusercontent.com/a-/AAuE7mCogANLRPcoUO2zgvnUkoTh4i9nD62br0TQ-tZ3Ng,"Muuuuuito bom!! Tem episódios elaborados,gráficos ótimos e história de trama e drama. Eu só tinha visto uma vez o anúncio no youtube e descidi baixar, já começou e eu nem sabia jogar direito! Claro,precisa de wifi (n sei pq) mas aí já séria pedir d+ prum jogo tão bom!!",5,0,12.10.0+gn,2020-02-01 18:15:48
29,Gio-chan,https://lh3.googleusercontent.com/a-/AAuE7mAcFGDr6Sn3obi9DDv9aloaIDuT2o8oIzMtDzrWbw,"Acho um absurdo os preços do diamante e a dificuldade para consegui-los, e isso também vale nos tickets, mas as história são muito boas! Senti falta do criador de história que sumiu nessas últimas atualizações, mas fora esses detalhes, adorei e viciei!",3,6,12.00.0+gn,2019-11-23 19:54:58
30,"Isaa, nhya",https://lh3.googleusercontent.com/a-/AAuE7mAtwm3MYrnNqDtd_MbAzWR0nHn8PcvPjh5BwJsW-g,"Eu estou adorando o jogo, muito divertido, só que prescisa de dinheiro pra comprar mts coisas, impossibilitando uma jogabilidade completa, fora isso, o jogo é muito bom",4,4,12.10.0+gn,2020-01-24 17:21:08
31,Alyce Vitória,https://lh3.googleusercontent.com/-JBx0HQouauk/AAAAAAAAAAI/AAAAAAAAAAA/ACHi3reAOXosdUjex_zy1KLy6kt2JkErvA/photo.jpg,"Gostei do jogo mas gostaria que tivesse outras opções de linguagem como português, e, tambem é preciso uma quantidade absurda de diamantes para conseguir fazer as escolhas uma quantidade q vc só consegue comprando na loja do jogo por um preço alto demais para algumas pessoas. Por favor consertem isso",5,42,12.00.0+gn,2019-11-25 13:20:50
32,Nayara Emile,https://lh3.googleusercontent.com/a-/AAuE7mCyOiGNtubWE0bMKxyqtnwafF9OKnMmoqy_0uIFiA,"A única coisa ruim é que tem coisas na opção dos diamantes que eu realmente gostaria de escolher, mas se fosse um dinheiro que eu ganhei por ir bem no jogo, até valeria muito a pena, mas ser obrigada a comprar é gastar dinheiro de verdade, eu achei um tanto abusivo :(",4,17,12.10.0+gn,2019-12-09 14:27:04
33,Stéphanie Moura,https://lh3.googleusercontent.com/a-/AAuE7mACQJiu7Xy-08D9cS5mEz-JE0l2peIL3O-B3lnTNA,"Divertido. Apesar de repetitivo, está sendo interessante. Só é uma pena que todas as escolhas mais ousadas, que lhe darão vantagem na história, são pagas.",5,0,12.10.0+gn,2020-02-02 10:37:28
34,Rodrigo Oliveira,https://lh3.googleusercontent.com/-WyFHLIOmKHA/AAAAAAAAAAI/AAAAAAAAAAA/ACHi3rd3qFWm8sTXuOoM5Z9t8PdeXA6Ofw/photo.jpg,"Até pude criar personagens e editá-los, e depois começei um dos episódios, mas agora o jogo não entra, sei que provavelmente não é problema de internet. No jogo sempre depois de carregar aparece que houve erro, pois não está conectando ao servidor, sempre aparece ""Timed Out"".",2,486,12.10.0+gn,2019-12-18 20:55:42
35,Inhezinho- San,https://lh3.googleusercontent.com/a-/AAuE7mDlKwXQ2_9tAWjwxQSH5UyJcCI9KOMJl_C9QNO1JfE,"É INCRIVEL! Graficos, jogabilidade,historias e desenhos! Mais n vou dar 5 estrelas pq precisa de gemas para fazer escolhas especiais... Eu sei que o jogo PRECISA de gemas....Mais infelizmente 4 estrelas💔",4,0,12.10.0+gn,2020-02-04 13:48:55
36,aamd,https://lh3.googleusercontent.com/a-/AAuE7mD0byI6yeiYjXPmD7nIZhkUibd4MjMN3Nr7XkOUsw,"Muito bom e divertido,mas tem alguns problemas como em alguns momentos de ""animação"" que mais parecem que os personagens estão quebrados,e também usam muitas gemas,pelo menos os capítulos oficiais,que pra ter exito é só gastar gemas,que a história vai por si só.",4,183,12.00.0+gn,2019-11-21 21:23:15
37,Eduarda Colla,https://lh3.googleusercontent.com/a-/AAuE7mASMqZa0jlD-Pjd4G0HM1r-X7gQ2OXmnpSU9SJmyg,É bem legal e cativante as histórias mas o chato é que precisar comprar diamantes para escolher algumas posições que acabam deixando por muitas vezes a história sem graça sem podermos escolher de verdade. Nem todos tem condição de comprar diamantes e sem contar que é caro,3,0,12.10.0+gn,2020-02-07 12:31:49
38,Silvia Gigante,https://lh3.googleusercontent.com/-0QMncKz0GHk/AAAAAAAAAAI/AAAAAAAAAAA/ACHi3rf4LmLIXWvBKJgxyOcpcSABjM_ORQ/photo.jpg,"O jogo é bem legal, mas tipo..depois de um tempo que vc sai, parece que o jogo buga, os personagens, eles ficam estranhos, não consegui ver nada direito..espero ter sido util ;)",3,1,12.10.0+gn,2020-01-23 19:05:45
39,Giulia Caroline Berssanetti,https://lh3.googleusercontent.com/a-/AAuE7mC2csMF4Ftl9D5VERBuejpRS4oZo0ODNn-0raeOyBU,"Os gráficos são ótimos, muito bom para treinar inglês e as histórias são muito legais. O ponto negativo é a dificuldade de ganhar diamantes, é por isso vc fica preso em opções que as vezes não são tão legais. Podia melhorar neste aspecto.",4,2,12.10.0+gn,2020-01-02 00:03:57
40,fábio Lopes,https://lh3.googleusercontent.com/a-/AAuE7mAlsYblqPJLIkxBFysWs8NfvZanpLKOq8nyiKj7Dw,tem muitas historias tendo em conta que so temos 2 bilhetes a cada 3h para jogar. podiam dar mais bilhetes ou dar para ver um anuncio para ter mais bilhetes. ta.bem os diamantes ao fim de cada capitulo podiam ser 2 ou 5 no geral nao e um mau jogo,3,0,12.10.0+gn,2020-01-26 16:16:58
41,Giovanna Cristina Batista Costa,https://lh3.googleusercontent.com/a-/AAuE7mBJWGg5VfbTDNADPP1YCPeYJN__ZfvbgEzsZ1wi,"Eu gostei do jogo, mas devia ter algum jeito de ganhar as gemas tipo, você ganha 15 a cada 24h, ou vc ganha algumas cada vez que vê um anúncio. Pq assim não dá nao. Ninguém é rico p ficar dinheiro em jogo de celular não, ent arrumem isso que o jogo de vcs vai ficar bem melhor",2,9,12.10.0+gn,2019-12-08 17:51:26
42,Catarina Esteves,https://lh3.googleusercontent.com/a-/AAuE7mB8ctmOddqcZa_s1rqRMLvjGg9h-M3QW-kgMXpp,"Adoro o jogo e os episódios, mas é chato ter tanto marketing. Pedem muitas vezes cristais (o que nos leva a carregar o jogo monetariamente) para obtermos liberdade para agir consoante a nossa vontade.",4,2,12.00.0+gn,2019-12-06 15:56:37
43,Soarezz,https://lh3.googleusercontent.com/-8pIEMXwEDJA/AAAAAAAAAAI/AAAAAAAAAAA/ACHi3rfQkifIF0Cvj9FF1XDVvFEyBhARfA/photo.jpg,"O jogo é bem legal, muito bom mesmo em histórias. Mas constantemente precisamos de diamantes pra obter histórias e escolhas bem mais importantes no jogo, mas é muito difícil conseguir diamantes e para isso precisa pagar, e não é barato...",3,2,12.10.0+gn,2019-12-21 21:47:46
44,Wtfjazz,https://lh3.googleusercontent.com/a-/AAuE7mCp6p6V51yD41kMJd5c63iC4KsY8fhPJ-GiHgvrBw,"Amo esse jogo! As histórias são muito cativantes e envolventes, gráficos incríveis, e além disso tudo está me ajudando bastante no inglês. 🖤",5,1,12.10.0+gn,2020-01-28 01:12:47
45,Nivea Raimondi,https://lh3.googleusercontent.com/a-/AAuE7mAAW5-mo7r97G0Yo47OmEFionWsOEkHJIl8fzgppg,"A única coisa que peca é a demora para recarregar os ingressos e quantidade de propaganda para ler os próximos episódios, mas fora isso o jogo é muito bom! Estou curtindo!",5,20,12.10.0+gn,2019-12-25 15:01:05
46,Emily Amorim,https://lh3.googleusercontent.com/-ixTOLkcxdaA/AAAAAAAAAAI/AAAAAAAAAAA/ACHi3rfYFrKvpQlAo_m-4K84C_ZyP7AHJQ/photo.jpg,Achei o jogo muito cativante bom para jogar no nosso dia a dia mais a única coisa q não gostei foi q ele é todo em inglês e eles poderiam colocar mais opções de idiomas para as pessoas conseguirem ter mlr jogabilidade,3,0,12.10.0+gn,2020-02-10 13:53:15
47,Trivia Seesaw,https://lh3.googleusercontent.com/a-/AAuE7mClsKHJTBUNRbcz0ZYofKCDGbi8CdYK7RIGFysoK-4,"Eu jogava bastante, mas agr o jogo não entra mais mesmo com uma internet boa o jogo n carrega e aparece ""Time Out"" e fala que eu não tenho internet , triste pq o jogo é muito bom",2,0,12.10.0+gn,2020-01-18 22:59:13
48,Nepkolz ′,https://lh3.googleusercontent.com/a-/AAuE7mA9g-SFhy4JdzpliKmpaonErtl8_BzLzmG5j4ekRA,"É um bom jogo, apesar de que muitas escolhas você precisa, de certa forma, ""pagar"" pra poder realizá-las. Mas se você jogar bastante, você até pode realizar essas escolhas sem pagar na história da sua escolha.",5,3,12.10.0+gn,2019-12-16 11:50:58
49,Daniele Julião,https://lh3.googleusercontent.com/a-/AAuE7mAOeBjmgdqYu0GlxGs4wFIuu0GMQdCs4WNwxbMVVg,"Jogo otimo, os graficos sao bons... Conseguimos jogar bem msm sem escolher as opçoes com diamante, o ruim é apenas ficar esperando horas pra conseguir novos tickets, podia ter anuncios pra ganhar aff. Recomendo msm assim, muito cativante e tem pra todos os gostos.",4,3,12.10.0+gn,2019-12-13 19:21:27
50,LittlePigsSays 007,https://lh3.googleusercontent.com/a-/AAuE7mDtASH2ndI5KMh8TQDX9QsSvBYHrYdXkqliixVCLQ,era infinitamente melhor antes da atualização. Tinha como fazer a própria história e muitas opções de histórias pra ler. Mas tem como restaurar a conta( se vc já tinha antes),4,3,12.00.0+gn,2019-12-01 09:00:51
51,Emilly Oliveira Passos,https://lh3.googleusercontent.com/-EyTHrrMo1vU/AAAAAAAAAAI/AAAAAAAAAAA/ACHi3reUo2pxR3WZITQXQvxIRUHGZtq8mA/photo.jpg,"No jogo muito legal, gostei. É para quem gosta mesmo de jogar esses trem de Episódio né Para quem não gosta. Não recomendo abaixar. Mas é muito bom.",5,0,12.10.0+gn,2020-02-06 08:00:48
52,Raissa Vitória Proença Lins,https://lh3.googleusercontent.com/a-/AAuE7mBR06L6SVKPJ-Us21Y06MGSbCa_BLiRnH5R6rmw,"O jogo é bom as historias sao legais,mas o que adianta ser um jogo de escolha se na maioria das vezes não temos escolha se não tivermos diamantes,tem tipo 3 escolhas,duas com diamante e uma grátis. Se pudesse pelo menos colocar as escolhas por 1,2,3 diamantes e para roupas 5.seria melhor",2,1,12.10.0+gn,2019-12-25 23:59:50
53,kerol Stuwer,https://lh3.googleusercontent.com/a-/AAuE7mDf71NmQnE5tVWZxPobGeY9hL34N2ATJds1MRB_,O App antigamente era melhor quando ja de primeira tinha todos as histórias a disposição agora tem que ver histórias que nao a interessa para desbloquear o restante do jogo :( primeiras versões anteriores eram melhores,2,0,12.00.0+gn,2019-11-23 17:36:48
54,Monica Gil,https://lh3.googleusercontent.com/-fc2axHa9lDY/AAAAAAAAAAI/AAAAAAAAAAA/ACHi3reYg2suUJRBnWw31MnB-fylOA0h6A/photo.jpg,"Gosto muito da aplicação. Sou quase que viciada, se poder passo horas a ver histórias. Maaas por favor, pelo amor de Deus, melhorem as animações ou criem novas!!! Às vezes estou a ler uma cena super séria e as animações estragam a seriedade toda!!!",4,2,12.10.0+gn,2020-01-17 19:07:19
55,Iraci Garcia,https://lh3.googleusercontent.com/a-/AAuE7mAwoYAvDolUK5NAxeOM4WPZXYCf8abT5TxwMKgz,"O que estraga o jogo,são os diamantes,pois não tem como vc ganhar diamantes,só comprar,então nem da pra jogar direito,e as escolhas são muito caras,20 ou até 25 diamantes,sendo que não ganhamos nenhum,poderiam dar 1 diamante por dia!",3,4,12.10.0+gn,2019-12-13 12:00:20
56,mariana _005,https://lh3.googleusercontent.com/a-/AAuE7mBU7dgbu6R5XXqqr60ZYGrVJr4IE12HLhoKdy7UdA,Só não dei 5 estrelas porque os tickets demoram muito e existem pessoas(eu no caso) que gostariam de ver as histórias até ao fim sem terem de esperar 3horas para o próximo ticket. Mas de resto é tudo bom,4,0,12.10.0+gn,2020-01-07 18:46:06
57,duda morango,https://lh3.googleusercontent.com/a-/AAuE7mBt2by3iAaFZADJAEOE0UWYBTc4iSy3F45tRILIoJY,"Legal, mas podia ter um modo mais fácil e rápido de ganhar diamantes, porque eles são importantes pro desenvolvimento do jogo e é bem chato quando não temos o suficiente, é frustrante...",3,1,12.10.0+gn,2019-12-27 19:08:10
58,Tatiana Aguiar,https://lh3.googleusercontent.com/a-/AAuE7mBdTZWD4hnCVpZuulMS00TTceFeutOcZT9m04ZeIQ,"Só 2 tickets não é suficiente. E gems então, nem comento. Deveriam haver formas de os ganhar. Enquanto isso não mudar, esta será a minha avaliação.",1,9,12.10.0+gn,2019-12-13 20:46:11
59,Juliana Ribeiro,https://lh3.googleusercontent.com/a-/AAuE7mBWKd8-OTXNZqrmr7bzzSS0qOhmFhgm7Mm2nAZE,"o jogo é muito bom, mas esse sistema de diamantes é ruim demais e fora que não tá carregando!!! Toda vez que eu entro não carrega, carrega quando quer e isso é muito ruim",3,150,12.10.0+gn,2019-12-13 02:37:28
60,may ;;,https://lh3.googleusercontent.com/a-/AAuE7mC0ER5kHqEVQwIslxSwesRN0r-Y-8GRDqEjIq6h,"Horrível,não dá nem pra jogar.Tudo precisa de diamante.O jogo praticamente escolhe as opções pra você.Se isso é um jogo de escolha por que eu só posso escolher uma opção???",1,5,12.10.0+gn,2020-01-20 04:53:49
61,XUIM GUIM GUM FLY,https://lh3.googleusercontent.com/a-/AAuE7mA4jsz7IC1ces-OR6e6Y_flr6KUiKCJ-NeC_Dde,Boa. Apenas acho que deveriamos poder obter diamantes e passes sem necessariamente gantar dinheiro com isso.,3,0,12.10.0+gn,2020-02-09 21:24:28
62,eduarda feitosa,https://lh3.googleusercontent.com/a-/AAuE7mDBekl3TencrJOc6-45MuQMJ_5ZzhI-CF9N_cyq-g,"O jogo parece ser bom porém não tem como eu dar minha opinião ainda pois o jogo está instalando,dei 4 estrelas pois o jogo parece bom e menos uma estrela pq eu ainda não sei se o jogo e bom♡☆",4,0,12.00.0+gn,2019-11-23 23:55:35
63,maXIE b,https://lh3.googleusercontent.com/-2oYi_rVW9U0/AAAAAAAAAAI/AAAAAAAAAAA/ACHi3rchvhBDrmMfKCGJSxjkImtqtezO8w/photo.jpg,"Gosto muito do jogo, porém acho que deveriam ter formas mais rápidas de se ganhar diamantes. Logo de início te propõem gastar dinheiro para realizar ações... demasiado invasivo.",3,4,12.10.0+gn,2019-12-12 10:51:59
64,Beatriz Castilho,https://lh3.googleusercontent.com/a-/AAuE7mAr2qhwvcC1ri1_t1vVk0ObiHWzkm1epQSuojgjCQ,Mt legal mas abusam DEMAIS em pay to win e eles não ligam se você vai se ferrar na história por não pagar 20 diamantes que é muito demorado conseguir mais que isso... espero que eles pensem direito em pensar mais nos jogadores do que compras no jogo!,2,13,12.00.0+gn,2019-11-27 19:10:07
65,Victória Vieira,https://lh3.googleusercontent.com/-aFEUsbnpfl0/AAAAAAAAAAI/AAAAAAAAAAA/ACHi3rcgbssSXNgVaeG8cwd3E-qjlmzIFA/photo.jpg,"O jogo em si é ótimo, mas deveria aumentar o número de fichas grátis, já que demora horas para elas recarregarem.",4,0,12.10.0+gn,2020-01-07 11:02:33
66,Renata Benício,https://lh3.googleusercontent.com/a-/AAuE7mAW3TBool9jjkl7P_M8hlo3-ANFVvOrZZcR1iAAcA,"As histórias até são boas, mas tudo tem que pagar com pelo menos 19 diamantes, sendo que vc só ganha 1 quando termina um capítulo. Uma exploração",1,6,12.10.0+gn,2019-12-13 21:42:16
67,Isabela Arimathea,https://lh3.googleusercontent.com/a-/AAuE7mDD82nKvghPJ3hem989q5DBUM9axr8q7N3gWiq2aw,"o jogo é realmente incrível, mas acho que deveria haver outra oportunidade de conseguir os diamantes para realizar as ações sem ter que pagar por eles o tempo todo desinstalando...",2,10,12.10.0+gn,2019-12-25 18:53:56
68,Matador de Koreanos,https://lh3.googleusercontent.com/a-/AAuE7mACqAQRtzaC5Ni8weNlSByjn1HkPPI2Hln1AYML_Q,"Parece que a unica maneira de arrumar essa coisa de diamantes, para eles, foi fazer com que os jogadores não entrassem no jogo! Incrível! O jogo simplesmente não carrega. Vão tomar no cu",1,6,12.10.0+gn,2019-12-17 18:15:58
69,Ana Paula,https://lh3.googleusercontent.com/a-/AAuE7mCPD37CqKdDU311EN3pEYq-u3CpuLWOG0UtJJOY21Q,"achei a proposta muito boa, aliás, o fato de ser um jogo todo em inglês ajuda e muito na hora de estudar a língua, mas nem todo mundo é obrigado, né? eu acho bom, mas tem quem deixe de jogar por isso. precisa mesmo de uma versão traduzida, pra atrair mais jogadores. eu não me incomodaria tanto com o sistema de passes se não fosse a necessidade de diamantes para as melhores jogadas, isso é ruim demais, praticamente só sobra as escolhas mais ordinárias pros jogadores, precisa melhorar isso aí.",3,0,12.10.0+gn,2020-01-20 03:06:51
70,Franciele Gonçalves,https://lh3.googleusercontent.com/a-/AAuE7mCNC5N9pz0i5VVaroJDefntO369kKsXGSQ8za0BlvE,"Legal, apesar que pra conseguirmos as melhores opções de respostas e roupas somos praticamente obrigadas a gastar dinheiro no jogo.",4,2,12.00.0+gn,2019-11-18 19:50:21
71,Micaelle Queiroz,https://lh3.googleusercontent.com/a-/AAuE7mAT7IEOE4uLPtkXDiitwkHc7gnvytQJfDoyUKbIbt0,"O jogo não tá conectando com o servidor, apesar da conexão com a internet estar estável. o jogo demora para abrir e quando abre não carrega direito. Impossível jogar",1,6,12.10.0+gn,2019-12-13 09:23:24
72,Jéssica Kaline,https://lh3.googleusercontent.com/-q3AbjsjDXlg/AAAAAAAAAAI/AAAAAAAAAAA/ACHi3rcNwdg92D4llEDYfF820N4eemsjEg/photo.jpg,"O jogo é ótimo, mas o fato de vc ter que ficar comprando os diamantes pra ter certas escolhas é ridículo. Por isso vou dar só uma estrela",1,0,12.10.0+gn,2020-02-01 11:50:08
73,Isabelly Souza,https://lh3.googleusercontent.com/a-/AAuE7mBIu_ewhBTSTbSfJuJk7gmN1uFbSWew81kc6NLU6A,O jogo é incrível mas eu só acho que deveriam fazer uma versão em português pq pessoas que como eu não sabe falar inglês não sabe o que está acontecendo no jogo e não conseguem jogar por conta disso mesmo tendo o Google tradutor pra ajudar é um saco ter que toda hora sair do jogo pra traduzir as falas dos personagens e não entender nada,5,0,12.10.0+gn,2020-02-10 22:21:15
74,Diego Ferreira,https://lh3.googleusercontent.com/-5jafU0KwWE4/AAAAAAAAAAI/AAAAAAAAAAA/ACHi3rf7KGaRzwDboztvrKLc-00A-rxgPA/photo.jpg,"Muito bom interessante as estórias mas poderia dar mais gems e passes e poderia ter uma faixa etária mais adulta, mas é bom sim.",5,1,12.10.0+gn,2020-01-13 13:57:50
75,Letras Flix,https://lh3.googleusercontent.com/a-/AAuE7mDotyboJYlG_FInCcGciNdqrL0uvmuqUm9662ov,"O jogo não abre e quando abre não funciona direito.. Estou completamente decepcionada, o jogo parecia ser promissor na teoria, mas na prática é uma dor de cabeça.",1,82,12.10.0+gn,2019-12-08 21:06:35
76,Mᴏᴏᴍɪɴ ୭̥,https://lh3.googleusercontent.com/a-/AAuE7mBxRu6MGEFv1rA8tZOKokHuvxYQUpS_r8wwtSRtyBw,"o jogo é ótimo, mas a frustração de não conseguir comprar as roupas especiais sem usar dinheiro real de jeito nenhum estraga bastante a experiência.",3,1,12.00.0+gn,2019-11-21 18:57:19
77,Natalia Centeio,https://lh3.googleusercontent.com/a-/AAuE7mAqaGXz7bTXcpsbuXBhSI9YskULhkTYZ4zeZve56Q,"N sei se é uma nova atualização,mas quando jogava antes tinha a opção de tipos de gêneros (ação,terror,romance),agora q instalei depois de alguns meses n tem mais,só aparece uma tela com certas histórias, e sinto q elas estão encurtadad",3,3,12.10.0+gn,2019-12-10 18:26:17
78,Fatima Dayekh,https://lh3.googleusercontent.com/-qAqkDm7sRiM/AAAAAAAAAAI/AAAAAAAAAAA/ACHi3reAxlLsPdvyWlz4EGlkqmXprM73Ig/photo.jpg,"Incrivel, creativo, mas o unico problema eh muito dificil pegar as gemas e deveria ter uns mini jogos de recompensas",4,7,12.10.0+gn,2020-01-02 12:41:35
79,Juna Gameplays,https://lh3.googleusercontent.com/a-/AAuE7mDqlVNJsU1TTnD7BbqBqoXsb2h_T39q9Y3xPMEEISo,Jogo muito bom. Porem a proposta é escolha sua história e faça do seu jeito. Mas infelizmente as boas escolhas tem que ser pagas o que limita a gente fazer o que quiser.,1,0,12.00.0+gn,2019-11-28 19:48:55
80,Kay Batista,https://lh3.googleusercontent.com/a-/AAuE7mDr5pGwtRg5f-uqc6NTigSk7XDQudEuLt-ZtdMQWQ,O jogo é muito bom mais só que eu acho q poderia melhorar os ticket pra ter mais é não apenas dois e a tradução deveria ter os idiomas para escolhemos principalmente o idioma Brasileiro Obgd pela atenção,5,29,12.00.0+gn,2019-11-22 12:00:25
81,Hime Santuche,https://lh3.googleusercontent.com/-2LduyVz5JV0/AAAAAAAAAAI/AAAAAAAAAAA/ACHi3reBn57TKKW3BQWM6NYO2FVj_D66PA/photo.jpg,"O jogo não abre. Fica na tela de carregamento eternamente, mesmo quando a barra vermelha já está totalmente preenchida.",1,8,12.10.0+gn,2020-01-06 11:41:25
82,João Niny,https://lh3.googleusercontent.com/a-/AAuE7mDMfRLMA7nkGdOOjqhkAMqB2XC34APEjKqYpxEMNQ,Muito bom. O único lado negativo são as gems necessárias para desbloquear certas opções. Mas no geral estou a gostar.,5,1,12.10.0+gn,2020-01-04 12:25:31
83,Marcinha Vianna,https://lh3.googleusercontent.com/a-/AAuE7mDTrzo_cHog5nFNN0Gx1CfUYu0bu2AtIHU-AfbZZA,"É bom,eu gostei,só que acho que não tivesse nada pra pagar isso seria legal pq ninguém tem condições de comprar,e poderiam botar legendas pq sou péssima em inglês ;w;",4,2,12.10.0+gn,2019-12-08 21:17:29
84,Letícia Tavares,https://lh3.googleusercontent.com/a-/AAuE7mDv6hworpVG2yhppXtltjaRKLwKN8AIVmMETMaeC7w,"O jogo é muito bom, porém tenho dificuldade pra jogar pois o jogo é em inglês e é chato pq tem algumas palavras que eu não sei o significado, o que acaba dificultando a jogabilidade",2,3,12.10.0+gn,2019-12-20 21:57:52
85,Livia Bazzo,https://lh3.googleusercontent.com/-TJW70_5Ens8/AAAAAAAAAAI/AAAAAAAAAAA/ACHi3rdDXSkp-t81PlrvM7bLJE4B550p_A/photo.jpg,Demora muito para poder jogar. sendo que ainda eu instalei ontem e fiquei praticamente mais de duas horas só para só conseguir jogar.,1,4,12.10.0+gn,2019-12-18 09:31:13
86,Nara Nunes,https://lh3.googleusercontent.com/a-/AAuE7mCjllp3hFWkEAXXAK9RRO17vR_LYTa7NHAaNQ70,Acho que os diamantes são um problema. Eu já deixei de fazer muitas coisas que queria no jogo porque não tinha diamantes,3,1,12.10.0+gn,2020-01-24 10:26:02
87,Fabio Murilo,https://lh3.googleusercontent.com/a-/AAuE7mAcsycsc1_bpF-5I1zExyYbLtjNAswu8aJKfcjo6Q,"Pior aplicativo, ele não abre e e extremamente lento. Horrível!!!!!",1,4,12.10.0+gn,2019-12-16 15:13:38
88,Ana Clara Silva,https://lh3.googleusercontent.com/-mo1p3bRqvwg/AAAAAAAAAAI/AAAAAAAAAAA/ACHi3rdxqUvEl0y7rcEjDlZeoIisivygyw/photo.jpg,"o tempo de recarga dos tickets poderia ser reduzido, tirando isso o jogo é muito bom",4,0,12.10.0+gn,2020-01-09 00:46:49
89,Inês Silva,https://lh3.googleusercontent.com/a-/AAuE7mAgo5dz7euifIGNZ96P6y1kOBTJ7ExBqhk2iwDo,"Acho as histórias interessantes, mas qual o sentido das respostas mais interessantes serem com tantos diamantes? Coisa que é quase impossível de se ganhar! Perde-se todo o interesse em jogar",3,0,12.10.0+gn,2020-01-02 13:57:18
90,Cliscia Albuquerque,https://lh3.googleusercontent.com/a-/AAuE7mBRvRYFDpNBSh-VUFddO5UrrbenLXKfKiAfo2pkaQ,A forma de criar histórias antes (diretamente pelo aplicativo) era muito melhor. Era bem mais fácil e não precisava entender muito bem sobre programação.,1,1,12.10.0+gn,2019-12-22 15:29:57
91,Marina Carpentieri Ramos,https://lh3.googleusercontent.com/a-/AAuE7mDaeTW8mBj_mzmiGla15J0UYyAVjCzf7-bzKyfS7A,"Esse jogo é demais!! Porém poderiam ter mais histórias. Além disso tem um problema na hora de abrir o aplicativo, demora muito ou fecha sozinho.",5,1,12.10.0+gn,2020-01-09 20:11:10
92,Laura esther,https://lh3.googleusercontent.com/a-/AAuE7mAP1_2OJK5vpxbPLE2Zm-EmFVR_AqOi_S0_-o02,"O jogo é bom, porém é uma pena que do nada ele pare de entrar ou que pare de rodar o jogo.. esse problema deveria ser resolvido.",1,0,12.10.0+gn,2020-01-02 18:20:19
93,Luisa Fortes,https://lh3.googleusercontent.com/a-/AAuE7mC6x6iAra9OWniVJLIo-gJstQ_m_OmSvGyYvpkMQg,"As melhores opções requerem diamantes, que são obtidos através de dinheiro real.",2,0,12.10.0+gn,2019-12-30 15:21:21
94,0 0,https://lh3.googleusercontent.com/a-/AAuE7mDWUGGKTm4bLuJUV4wEu0c2GlkKceZ39zPDeL9qlQ,Pocha que pena que não e igual a um jogo RPG conversar e fazer amizades online o seu jogo e muito lindo bem rico em detalhes mas podia poder conversar e jogar com pessoas do mundo todo sabe...,2,0,12.10.0+gn,2019-12-20 20:36:13
95,Gabriela Bonifácio,https://lh3.googleusercontent.com/a-/AAuE7mDtN7F2Rvbwupfm35JvYA3rJlc0YP7VqKYBF8YEpg,Depois dessa nova atualização estou tendo problemas para conectar e também perdi todas as histórias que já estava lendo... Espero que arrumem logo,3,2,12.10.0+gn,2019-12-06 16:48:58
96,Priscila Roullet,https://lh3.googleusercontent.com/-VEtc0r7tSfE/AAAAAAAAAAI/AAAAAAAAAAA/ACHi3rezg3qZgXK1R5RUkmNLpzEUyow7gA/photo.jpg,"O game é todo em ingles.. Procurei para traduzir e não ia, e particularmente, sou horrivel em ingles. Se fosse espanhol era mais minha area.",1,1,12.10.0+gn,2019-12-23 12:51:59
97,Leticia Victoria,https://lh3.googleusercontent.com/a-/AAuE7mDD8nVvTdEixQZ17hCGBDInhTrrVXrVdNpu89nPK0w,"Gostaria que houvesse menos opções que exigem pagamento, mas fora isso o jogo é muito bom",5,0,12.10.0+gn,2019-12-15 04:27:50
98,CAMREN 4EVER,https://lh3.googleusercontent.com/a-/AAuE7mCA59ICr2b32gX4udL8e1vMQz4MoDJjrPAfUY-A2Q,"Muito Bom ,porém se tivesse mais ""tickets e Diamantes ""disponíveis.. ,Seria Incrível !!!💚👌👋👀👄",4,0,12.10.0+gn,2020-01-28 23:50:51
99,Ágata Carniel,https://lh3.googleusercontent.com/-KhPjg0YcRf0/AAAAAAAAAAI/AAAAAAAAAAA/ACHi3rfz6ek02oULV-TugGSMtCBGbNgl0g/photo.jpg,"Eu achei muito bom,mas,infelizmente,precisamos de 20 diamantes se quisermos escolher uma roupa ou continuar falando com outros personagens.",4,4,12.00.0+gn,2019-11-27 19:53:58
