,userName,userImage,content,score,thumbsUpCount,reviewCreatedVersion,at
0,EMANUEL MARINHO Games,https://lh3.googleusercontent.com/-W6_niZRb_Oo/AAAAAAAAAAI/AAAAAAAAAAA/AMZuucnxjIefULlnG_rAqfVdeTZbtfnsNA/photo.jpg,"Esse jogo não tem como não gostar!Além de legal,esse jogo é muito engraçado tem uma hora que um trem pega a gente e tem também hora que a gente é levado pela correnteza e se a gente demora pra andar vem um gavião que pega a gente.Tem também um carinha que quando morre aparece uma música muuuuito engraçada!Acho que isso é a coisa mais engraçada do jogo.Também tem um cara que se chama Michael boom! Que quando ele morre tudo explode o que também é muito engraçado.",5,70,4.3.18,2020-05-05 14:32:41
1,Rukia kuchiki,https://lh3.googleusercontent.com/-4jFi1MopX9c/AAAAAAAAAAI/AAAAAAAAAAA/AMZuucmr6J9i4gUOizui9Kfih3fP7Bw-pg/photo.jpg,Cara muito bom gráficos lindos personagens muito fofos jogabilidade ótima controle dos personagens não trava não da bug jogo magnífico parabéns desenvolvedores pelo jogo ^_^,5,28,4.3.18,2020-05-15 10:54:51
2,Project Flag,https://lh3.googleusercontent.com/a-/AOh14Giofp9vE5AineJVz6IuLyY4Es-czzZYCqFNfmau,Jogo perfeito só que tem um problema a correnteza no multijogador é muito rápida tirando isso o jogo é perfeito,5,22,4.3.18,2020-05-16 21:36:52
3,Picity23,https://lh3.googleusercontent.com/a-/AOh14GiAOGhQtSbA6ewGulpYyNU4zZS2seNS2d8qx1B-,"É um jogo sensacional! Se você ainda está na dúvida, não fique mais. Instale agora. Faça um favor a si mesmo. E se divirta.",5,24,4.3.18,2020-05-07 10:08:19
4,Alexandre Leonardi de Oliveira,https://lh3.googleusercontent.com/-tzClBdBnrpE/AAAAAAAAAAI/AAAAAAAAAAA/AMZuucmGGSti7SIxjl68u-YlCt3W9vlbfQ/photo.jpg,Os troncos no modo de dois São rápidos demais sem fala das vezes onde nem aparecem tirando isso o jogo e ótimo,3,1,4.3.18,2020-05-06 14:42:58
5,Silvino Takeshi,https://lh3.googleusercontent.com/a-/AOh14Ghr8sDDa876c9dvn7Tu6nKheBFJMBoF3IgaubeRdw,"Muito divertido, bom pra passar tempo quando a gente tá sem Net com personagens muito cômicos e fofos",5,0,4.3.18,2020-05-04 17:59:09
6,GATO DA SORTE,https://lh3.googleusercontent.com/a-/AOh14GhKDsEGYm4yXnY79aR8160DaL-LrSioCR-DEJtswg,É muito bommmmm o jogo e ná próxima atualização coloco modo oline para jogos contra outros jogadores e junto também,5,6,4.3.18,2020-04-25 13:20:26
7,Matheus Esteves,https://lh3.googleusercontent.com/a-/AOh14GiSNnQWqFX2M7ziqJy3hfVLPpe7ZAJlp1xOtzWk,"O jogo é bom, mais esse caça níquel me fez gastar 16,49 com o papinho de que ia me livrar de anúncios. Que droga.",1,1,4.3.18,2020-05-29 09:36:52
8,Idosx FF,https://lh3.googleusercontent.com/a-/AOh14GjA6ZYQdOuPG_3QH3w-L4_dt8RvSW2pXrrgysUa4w,Ótimo além de ñ precisar de Wi-Fi e ótimo vários desafios partes engraçadas otm,5,0,4.3.18,2020-05-07 17:49:38
9,Leo Malotti,https://lh3.googleusercontent.com/a-/AOh14Gh1RS0MPjtnekoBiqn0tdxrdflv5TZi9p4ljQFq0A,"Genteeee! ! O jogo n trava nunca!!! (Pelo menos no meu) eu jogo no tablet então a experiência é ótima!! Recomendo super este jogo😊 só tem um problema que é que nos desafios tem muuitas posições, então todos ganham a mesma coisa do 10 lugar pra baixo e eu não acho isto justo, porque quem está no 47 lugar por exemplo, ganha o mesmo de quem está em último, a pessoa que está em 47 lugar pode ter se esforçado muito pra ganhar coisas e a pessoa que está em último pode ter jogado de qualquer jeito!",5,398,4.3.18,2020-03-17 12:16:01
10,Roseli Sena,https://lh3.googleusercontent.com/a-/AOh14GgJif_QhhV-ESug_aurnentQGkXXNFY_isgMVPmjTc,Expetacular o jogo alem de graficos bom tem personagems excelentes eu recomendo muito e ainda tem muita musica 🙃🙃,5,0,4.3.18,2020-05-12 18:42:22
11,Adriana Gimene,https://lh3.googleusercontent.com/-eriG6kqcnNg/AAAAAAAAAAI/AAAAAAAAAAA/AMZuucmk4bvBjBTpoNgW_HyHtVzu3BjlZg/photo.jpg,Eu sou jonathas e tenho 8 anos eu recomendo a todos eu jogo esse jogo dês que eu tinha 3 anos e nunca mais achei esse jogo e hoje achei quando achei esse jogo hoje fiquei emocionado tanto tempo que eu não jogo recomendo,5,0,4.3.18,2020-05-05 17:36:21
12,Sabrina Kalin,https://lh3.googleusercontent.com/-bq0AAxhgz4o/AAAAAAAAAAI/AAAAAAAAAAA/AMZuuclj39sLYS_rAR0wvAWZHbehvL3A8Q/photo.jpg,Alias este jogo colocou um virus no meu celular entao acho melhor voces não intalatem.,5,0,4.3.18,2020-05-20 12:13:45
13,Diamont Scarlate,https://lh3.googleusercontent.com/a-/AOh14GjB0Ki8GiNQYBCryh2LybRdEiK0ouGe4MdifNGo,"O Jogo é Bom, tem várias opções de personagens para mudar, serve para offline (óbvio), tem configurações para anúncios, sons, compras, bloqueio parental entre outros, além de que eu não vi nenhum 'Bug' visível que atrapalhe o jogo (pois não tem nenhum) E ele (o jogo) é ótimo para passar um tempo, e dependendo de personagens que você tem no jogo o mapa pode diferenciar ao usá-lo. Minha nota é Cinco estrelas.",5,411,4.3.15,2020-01-17 21:10:39
14,semFPS,https://lh3.googleusercontent.com/a-/AOh14GhvhYb4i2ViegpHL_QULtUznkvXQ9gtrQhQ7fpPpQ,"É ótimo !estou viciado, o único problema é que quando está no mapa dá lua,o jogo trava um pouco. Gente eu não sei porque tem gente falando que tem muita propaganda🤔pra mim aparece 2 ou 3 sem eu nem ter comprado nada.",5,58,4.3.18,2020-04-16 10:46:36
15,Edson Júnior Pereira de Siqueira,https://lh3.googleusercontent.com/-sSqxXOqrKw4/AAAAAAAAAAI/AAAAAAAAAAA/AMZuuckeo-b9XNGhqemOzYCfNlVkHDANhg/photo.jpg,"Este jogo é muito bom !!! Porém eu achei um erro muito estúpido dentre os personagens do Brasil !!! A lhama não faz parte da fauna natural brasileira , pode até fazer parte da fauna sul - americana , mas da Brasileira não , então eu peço para que o dito animal seja retirado da "" ""pasta "" Brasil ou colocado em uma "" pasta "" da região da América do Sul , para que eu possa novamente avalia - los com cinco estrelas Muito obrigado pela atenção e parabéns pelo jogo !!! Apenas arrumem este detalhe .",3,230,4.3.18,2020-03-26 10:16:45
16,Miguel Bueno,https://lh3.googleusercontent.com/-012SYAnoDOE/AAAAAAAAAAI/AAAAAAAAAAA/AMZuuclJAaOdhC5T_hCZi3PaVPih1GpHvA/photo.jpg,"Esse jogo é muito bom, tem de tudo para ser interessante,os personagens são bem bonitinhos e parece que há um novo desafio a cada cenário mudado e personagem novo, só q dei 4 estrelas, por causa dos anúncios,dizem q só após alguma compra no jogo, não terá mais anúncios,estou reclamando disso,pois não é 1ou 2, são anúncios direto,por favor, arrumem isso,fora isso o jogo é bom😁",4,51,4.3.15,2019-12-30 20:14:20
17,Mayara Palmeira,https://lh3.googleusercontent.com/a-/AOh14GhWobBO0pCZWX6YCfc01ugvMI1rinDK1G6-ecoyRQ,"Quando instalei o aplicativo, concedi a ele TODAS AS PERMISSÕES! Mesmo assim, nunca consigo salvar as fotos dos meus avatares, aparece uma notificação dizendo que eu preciso dar as permissões ao aplicativo para salvar as imagens e meus figurinos sendo que eu já fiz isso. Meu app está atualizado, o Android está atualizado, tudo certo, mas estou com esse problema.",1,103,4.3.15,2020-01-14 02:30:02
18,Ricardo Reggi,https://lh3.googleusercontent.com/a-/AOh14GgNZKtsJFvd_0FFFsT4HRsi8grvrSgR8KEvoXD76Q,O jogo é ótimo mas odiei parte que tiraram a atualização de ter o modo on-line o modo de dois é legal mas prefiro o on-line além de eu achar que devia poder escolher o personagem no modo de dois,4,5,4.3.18,2020-04-16 12:21:32
19,Eduardo Martins,https://lh3.googleusercontent.com/a-/AOh14Giyqo1WroYVXb01F66sZRZtURsj3kPOKMPb6jB5QA,"O jogo em si é muito bom, é um dos melhores jogos em para passar o tempo e se divertir, o único defeito ao meu ver é que tem poucas atualizações e quando tem são poucos personagens, eu falo isso por que sou um cara que gosto de colecionar e já tenho todos os personagens e a falta de atualizações é a única coisa que me irrita, fora isso é um ótimo game, muito bem trabalhado e muito bom para passar o tempo se divertindo",5,41,4.3.15,2020-02-07 00:19:55
20,Heitor Cto,https://lh3.googleusercontent.com/a-/AOh14Gh92LePW7YzmAL2flvDBDW93Hz6geV6rGKbDIyzSA,"Muito bom! Só não gosto que tem que pagar algumas coisas, tem comercial toda hora, vem boneco repetido. E o resto é bom tirando os bonecos pesados. Eles são horríveis os bonecos pesados. CLARO!!!!♡♡♡♡",4,7,4.3.15,2020-01-13 13:16:12
21,Dinossauro Rei,https://lh3.googleusercontent.com/-jmY3s3dDSsU/AAAAAAAAAAI/AAAAAAAAAAA/AMZuucn1GJvFaqbR5DD3mT0JLSf8qF1LLg/photo.jpg,Bem que vcs poderiam colocar metas para que os bichinhos que conseguissem alcançar a sua meta que um prato de ração para cada espécie. Porquê os bichinhos não consegue alcançar sua meta sempre morre. Mão os bichinhos🐶🐰🐦🐱🐓,4,91,4.3.18,2020-03-24 14:37:03
22,Guilherme LZ,https://lh3.googleusercontent.com/a-/AOh14Gg7ZfcXatspcFX159J4bQ6jZXtNDXHOFIKK1f0fUg,"Gostava muito do jogo, mas agora está cheio de anúncios. Nem dá pra jogar direito!",2,2,4.3.18,2020-05-17 19:42:55
23,Manassés Cuesta Cuesta,https://lh3.googleusercontent.com/a-/AOh14Gj5_WeuSXQKHhilNf4Dw_B8-jR8Uj3dxGLqMJpO9g,Legal toda minha famili tem eu achava que era chato mais e legal jaga voce e muito legal e tambem chente e levado pela comretesa e isso eu tenho o papai demoio e tambem uma baleia,5,0,4.3.18,2020-05-25 17:27:19
24,Nelson da Costa Medeiros Junior,https://lh3.googleusercontent.com/a-/AOh14GhICDR2QNzT4BjzAYzCuzlxM-YZUXEzVmm-mGYiVQ,"Um jogo viciante que não enjoa. Depois que chegou o Pecking Order ficou melhor ainda, preços acessíveis e design jovem.",5,99,4.3.18,2020-03-12 08:13:27
25,Dani Rocha,https://lh3.googleusercontent.com/-4MCbRhAUbnw/AAAAAAAAAAI/AAAAAAAAAAA/AMZuuckOjo_3k2PrQ2OAfZIDHg6GS2NDng/photo.jpg,O jogo é muito legal muito bom jogo a muito tempo mais antes quando jogava não tinha anúncio mais agora tem muitos anúncios e isso atrapalha as vezes mais tirando isso o jogo e muito legal,4,28,4.3.18,2020-03-29 21:21:25
26,Mari Maki17,https://lh3.googleusercontent.com/a-/AOh14GjOOEDI4ED4Mgp1ooltzgQLDuog364Abz71x_6RKA,"O jogo da um pouco de raiva pelo carro passar muito rápido, mas, o jogo é legal! Em horas sem nada, experimente jogar!",5,40,4.3.18,2020-03-22 14:37:13
27,PEDRO HENRIQUE gameplays ッ,https://lh3.googleusercontent.com/a-/AOh14GhP-hnP-QPQBAcKUXMEhJ3mZCzoQI2Ngi2lKDCWEg,O jogo ta otimo mas eu dei 4 estrelas por um motivo terem removido o mutiplayer mas pelo menos o jogo ta bom mas se adicionarem o multiplayer de novo eu vo dar 5 eatrelas (esse novo multiplayer e muito ruim),4,16,4.3.18,2020-04-02 08:56:09
28,Rafinha Belpie,https://lh3.googleusercontent.com/a-/AOh14Gi1qocInWOP5eQxHCXCK8GjGZ0QPfVoHW0_JdCvwpg,"HORRÍVEL SÓ ME FAZ PERDER DINHEIRO, sempre cai um personagem que eu já tenho e sempre aparece ""anúncio indisponível, tente mais tarde"" pelamor, esse mais tarde é quando??? E antes de qualquer coisa, SIM EU TENHO INTERNET QUANDO VOU TENTAR ASSISTIR UM VÍDEO OK, já perdi M U I T A S moedas com isso e tá me dando muito nervoso esse jogo, mais uma eu desinstalo e dane-se",2,160,4.3.15,2020-01-28 21:38:30
29,Lhamastê 2000,https://lh3.googleusercontent.com/a-/AOh14Giya3oSUGPnhOSPEsQ25G6QDKE6sjE7c9VMztrx,"Bom, esse jogo é ótimo mas.... Quando agente acaba de morrer sempre aparece: Agora uma palavrinha dos patrocinados E aparece umonte de coisa pra comprar e isso é meio chato pq vc nem consegue jogar direito assim...",3,6,4.3.15,2020-01-25 08:30:04
30,julio martins,https://lh3.googleusercontent.com/a-/AOh14Gj9Hfk26fiMzh5ZnPUsG3_Ln8MIFtfSkuDiHgVB2Q,Ótimo jogo me lembra free way do Atari. Lógico . Está de parabéns os criadores do jogo.,5,24,4.3.18,2020-04-15 19:05:55
31,Sarah Lindinha,https://lh3.googleusercontent.com/a-/AOh14GgWOozSskqsUbgGWJpLPfquUPXCrPHOpqc6IX3GRg,"Jogo é muito bom mas o q eu não gostei é q ele não é de fases... seria muito legal se fosse. O q é ruim também é q se vc faz uma pontuação ótima no jogo, quando vc perde vc espera q comece onde parou, mas não ele comece lá no início. bem pra mim isso particularmente é bem chato. Mas tirando isso o jogo é ótimo... é muito, muito bom, mas quando vcs quiserem mudar ele tendo como o objetivo de fases o jogo irá ficar melhor. Minha opinião",4,17,4.3.15,2019-12-21 09:00:18
32,Ana Clara Garofle,https://lh3.googleusercontent.com/a-/AOh14GiWNQu-qE4oaHotBsbWUy7y3a1KZQOuXNUzrRIVlg,"Jogo muito bom! Sempre da vontade de jogar mais e vc quando joga uma vez nunca mais para de jogar, vc ficar viciado. Não trava. Vale super apena instalar! Amei!",5,6,4.3.15,2020-02-05 16:38:06
33,Julio Lima,https://lh3.googleusercontent.com/-wEnW7H5gIfA/AAAAAAAAAAI/AAAAAAAAAAA/AMZuucmX63GGXXaxTp-BcPl4a8k2guAxuw/photo.jpg,"Muito bom mas eu acho que deveria tem skins de graça, principalmente o pinguim que escorrega no gelo eu não consigo arranjar 10.000 dinheiros do jogp",5,0,4.3.18,2020-05-17 11:39:08
34,Victor Ferreira Santos,https://lh3.googleusercontent.com/-72SI5yNaO0I/AAAAAAAAAAI/AAAAAAAAAAA/AMZuucnexyQMxbTKi2TkcOp9mpygZbuaqw/photo.jpg,"Eu tinha desinstalado a uns anos porque a última atualização estava travando muito o jogo, mas agora está perfeito.",5,0,4.3.18,2020-04-22 11:27:59
35,Livia Lamoglia,https://lh3.googleusercontent.com/-uup1yTzHaZc/AAAAAAAAAAI/AAAAAAAAAAA/AMZuuckzweKAqlQ_hJjV_7CHZklDy91hQA/photo.jpg,Muito bom e agora q dar para joga com duas pessoas ficou muito mas divertido vale a pena instalar e eu nao dei 5 estrela por causa q tem muito cormecial mas tirando isso é muito bom.,4,11,4.3.18,2020-03-23 14:28:12
36,Maria Luiza,https://lh3.googleusercontent.com/-y2_xQXYcoKc/AAAAAAAAAAI/AAAAAAAAAAA/AMZuucl7Pak7XvAKwV3FVdfxXY8dm--V3Q/photo.jpg,"O jogo é demais ... Eu baixo em cada celular que eu vejoooooo.... Mais, infelizmente ele tem muita propaganda e demora para desbloquear os bichos mais eu amo de coração ❤️",5,7,4.3.15,2020-01-22 21:56:50
37,Gordo Baiano,https://lh3.googleusercontent.com/-6-zrhiqI1lQ/AAAAAAAAAAI/AAAAAAAAAAA/AMZuuclh66tPu-tkF0i_HjUnHd8twn-brA/photo.jpg,"Ótimo passa-tempo,ótimos sprites,bons personagens,bom visual em geral,5 estrelas para esse jogo,muito bem feito!",5,1,4.3.18,2020-03-31 18:46:10
38,LUIS HENRIQUE,https://lh3.googleusercontent.com/-60iiVHy02gc/AAAAAAAAAAI/AAAAAAAAAAA/AMZuucn5gPq49wuboZ-fuo6wD89_ysgNOw/photo.jpg,O jogo é muito legal e divertido pode acreditar em mim que você vai rir muito.Tem um modo que é para dois jogadores e fica muito mais engraçado se você jogar com um amigo que você mais gosta ou seu irmão.,5,11,4.3.18,2020-03-30 09:03:01
39,Jessica Alves,https://lh3.googleusercontent.com/-N0xK_Pxgldk/AAAAAAAAAAI/AAAAAAAAAAA/AMZuucl6C4XWxcRFfb0Ge-Fzif1nPX2axQ/photo.jpg,Quero dizer que esse jogo e incrivel me ispirou uma menina legal eu do 5 estrelas mas uma coisa esse jogo poderia ter nivel para jogar agradeço pelo autores do jogo ameeiii esse jogo as outras pessoas diz que e chato e anuncios assim mas são bobalões e gostei do jogo.,5,2,4.3.18,2020-04-02 09:54:41
40,Vítor atim,https://lh3.googleusercontent.com/-iHatWrNzF0Q/AAAAAAAAAAI/AAAAAAAAAAA/AMZuucnUBzc9zTLuDHnqQ7qJPDlpmBZl4g/photo.jpg,Jogabilidade exelente e gráficos lindos. O jogo está extremamente recomendado,5,9,4.3.18,2020-03-20 09:25:44
41,Lia Glauser,https://lh3.googleusercontent.com/-C-SljkhF5ys/AAAAAAAAAAI/AAAAAAAAAAA/AMZuucnqONnDTQofVJP98WOWip0gsdoFAQ/photo.jpg,"Muito topper,recomendo para passar o tempo",5,0,4.3.18,2020-05-26 15:31:12
42,Lara Nunes,https://lh3.googleusercontent.com/-S-dsm9-Iw7w/AAAAAAAAAAI/AAAAAAAAAAA/AMZuucmwFi6p4UGNVg98YJpzf_zQFMwVDw/photo.jpg,"O jogo é muito bom e divertido tem muitas opções e podesse tirar os anúncios só dou 4 estrelas ✨, porque acho que o jogo devia ter níveis ou etapas e não se devia pagar tanto por os 🎎 bonecos",4,116,4.3.15,2019-12-31 07:49:13
43,Lucas Super B,https://lh3.googleusercontent.com/a-/AOh14GieuoR6CPfwJtNzMEkWohYrcHP8HN8xsogEb9yAODE,Muuuito bom!! Tem ate o pac man o que poderia ser melhor? Graficos de pixels lindos jogabilidade boa. super recomendo!!!! Mas não é tão fácil jogar com o pac man e pac chicken.,5,5,4.3.15,2020-01-18 17:39:03
44,Carolina Homsi,https://lh3.googleusercontent.com/a-/AOh14GjpcvKaYdaAk3kY6EEzp4WIFtxTvoVjoakXfJrIfA,"Eu já joguei muito o jogo e achei muito bom, mas queria que tivesse mais personagens e ter como customizar os personagens no modo de dois jogadores...",5,4,4.3.15,2020-01-16 22:14:02
45,Amanda Felpeto,https://lh3.googleusercontent.com/a-/AOh14Gj2zML28xOz3u3iIQQJ2EImsHZO_QCMS6MxMrT0WA,"AMO! Mas que frequência é essa de anúncios, gente? Mais tempo esperando Ad do que jogando! 😒",3,1,4.3.18,2020-04-18 19:53:26
46,luiza.alves.dias98@gmail.com Alves,https://lh3.googleusercontent.com/-DlzUs4y1LSQ/AAAAAAAAAAI/AAAAAAAAAAA/AMZuucnwUtB8r5R9QRmnv_z3JlnoeI9rWQ/photo.jpg,"Eu adorei mas eu achei uns bonequinhos meio caros, por mim o jogo é bom. Mas dei três estrelas pois achei que é meio dificíl de arrumar um bonequinho e também achei que seria muito legal se desse para colocar roupinhas nos personagens, roupas como sapatinhos, saias, cauças, shortes, blusas, chapéus e tiarinhas. Mas o jogo é incrivelmente bom, e obrigada por ouvir minha resenha, obrigada pela sua atenção!!",3,7,4.3.15,2019-12-23 04:27:24
47,Gacha Life Pires,https://lh3.googleusercontent.com/a-/AOh14GgcQT5qn1CKOrEpxJTPB3Azp57uJ7bIRLejKcYRsg,Esse jogo é muito legal mais ele fica toda hora aparecendo palavras do patrocinador Aí vem uma propaganda depois diz se vc compra um desses animais essas propagandas não vão aparecer aí os animais custam dinheiro de verdade,2,3,4.3.15,2020-01-18 16:24:13
48,Emily Monteiro,https://lh3.googleusercontent.com/a-/AOh14GixYz3ZVb2MaPdfAmDhhSS3uWO97Kh-Kp2wuRpe0Q,"Um jogo maravilhoso!!! Você pode se divertir, distrair a cabeça nele!!! Ameiii eu recomendo",5,0,4.3.18,2020-04-30 09:38:27
49,Cheater,https://lh3.googleusercontent.com/a-/AOh14GhzDUFenj8a1VokxefyY-amCZRDaEbbs4kxyAnUZA,"O Jogo e otimo muito divertido e bem feito tem muitos personagens, mas pena q a versao de pc. E diferente podia ser igual. Mais a de Android e muito top.",4,3,4.3.15,2020-01-13 13:35:20
50,Dino,https://lh3.googleusercontent.com/a-/AOh14GgA0YH1r3Xuiqw4XkHTpLklQYX1-w37W3UOEeFJlQ,Bom ótimo menos os patrocinadores que isso da uma raiva mas o resto e tudo ótimo ...,4,2,4.3.18,2020-04-13 08:56:04
51,Alysson Andrade,https://lh3.googleusercontent.com/-H79cUxj__os/AAAAAAAAAAI/AAAAAAAAAAA/AMZuuckh1B4sYxBrzTq4gJweGEDX7sSuvg/photo.jpg,Gostei muito do jogo sensacional amei é muito bem feito se eu pudesse colocaria 10000000000000000000000000000 estrelas eu nem sei que número é esse só sei que daria esse número de estrelas,5,0,4.3.18,2020-04-17 21:21:21
52,the cutekwaii,https://lh3.googleusercontent.com/a-/AOh14Gjc_GTLNUPijlr06im4Q2Bc9wAmXAxGOSB6pj-A_w,Genteeee! O jogo não trava nunca. (Meu celular é o rei de travar). É o jogo é otimo. amei.,5,1,4.3.18,2020-04-15 20:04:20
53,mundo da REBECA,https://lh3.googleusercontent.com/a-/AOh14GgV1IxVQ3Bb6tKYe1X4koMcb9R8TLWBSlLyHeve,Ótimo eu jogo no tablet e amo esse jogo toma 5 estrelas ameiiii vocês podem colocar novas coisas ok como fundos de cenário novos carros novos e outros personagens novos ok agradeço a compreensão,5,0,4.3.18,2020-04-20 16:47:13
54,Cookiezinha Chan,https://lh3.googleusercontent.com/a-/AOh14GgVGFetV6j1-tGsxCL35jDjLXAnmUKKfifUq-G5tQ,"Muito bom. Dá até pra jogar no modo Multiplayer com meu irmão, eu amei minha nota é 5 estrelas ⭐⭐⭐⭐⭐.",5,28,4.3.18,2020-03-05 21:48:24
55,Alex o oc,https://lh3.googleusercontent.com/a-/AOh14GiiNLYv2a3AKn6koHVCIDDu0KZU07wdbyBeogVt,simples mas divertido e vc pode desativar os anuncios gratuitamente,5,0,4.3.18,2020-05-18 19:57:13
56,Rafaela Vitorasse,https://lh3.googleusercontent.com/-itBSPYtmORE/AAAAAAAAAAI/AAAAAAAAAAA/AMZuucnmSFEkSyJiqYWjAk1bbfRj2To-CA/photo.jpg,Eu amo muito esse jogo podem instalar é muito legal divertido amo ele eu tô viciada nele kkkk,5,0,4.3.18,2020-05-11 13:40:34
57,Gåtınhøø GG,https://lh3.googleusercontent.com/a-/AOh14GjmVf_HPAiE4FfSknGDd9Pzo0G6Gt4O39TwHByg4w,Jogo bom extraordinário melhor que esse não existe quero muito que tenha mais personagens e que o modo de 2 jogadores o 2 jogador pode escolher o personagem,5,6,4.3.18,2020-03-20 22:42:31
58,Bruno Figueiredo,https://lh3.googleusercontent.com/a-/AOh14GhGoqS8g72y5bf78VduV4l_B71DM37QZQ_2jcDyXw,"Jogo divertido, simples ecom muitos personagens. Os anúncios as vezes são excessivos, mas já estamos acostumados, né?!",5,3,4.3.15,2020-02-04 00:01:57
59,Bocu Perne,https://lh3.googleusercontent.com/-0hq6izQh9Mc/AAAAAAAAAAI/AAAAAAAAAAA/AMZuucn_pnfR4X3rUCpMpObg1ymqT5PGrw/photo.jpg,Queria que o modo multiplayer podesse troca r de persongens por exemplo:lesma-veloz Vs Galinha natalina,4,0,4.3.18,2020-04-23 21:55:44
60,Mara Fernandes,https://lh3.googleusercontent.com/-rAcFvLj1LDM/AAAAAAAAAAI/AAAAAAAAAAA/AMZuucnraODZ8hArLGgsCccp-NnJBM4y_g/photo.jpg,"Jogo e muito bom ñ trava o celular, no meu ñ travou. Aprovado 👍",5,0,4.3.18,2020-05-17 18:33:12
61,jelly hather geames,https://lh3.googleusercontent.com/-jSYGcjtpXTQ/AAAAAAAAAAI/AAAAAAAAAAA/AMZuuckHv2Me7ZGLq3QZN6Wd1_jUlLrswA/photo.jpg,Melhor jogo tudo aqui é uma beleza só os controles esquisitos atrapalham um pouco,4,0,4.3.18,2020-05-23 16:45:16
62,Rafael Bradesco,https://lh3.googleusercontent.com/-2_6JbQP-DSU/AAAAAAAAAAI/AAAAAAAAAAA/AMZuuclbwOeUIxbzErSLH7s8DU-N2Cd4OA/photo.jpg,"Man deveria ter um modo online que tem vc e sla 5 pessoas ai qm anda mais, ganha e quando todos morrem qm andou mais ganha tenderam? Obvio q n nem sei pq to falando isso",5,4,4.3.15,2020-01-07 15:29:50
63,Lu Te Conta,https://lh3.googleusercontent.com/a-/AOh14GhuLFIkIsYwnEP9ZLukaEUpj0sZ-s7DDlnOB6pk,O jogo e muito bom tirando quando os carros e caminhoes nos atropelam e tbm quando a aguia pega agente mas e viciante e muito bom,5,1,4.3.18,2020-03-28 11:32:54
64,Ķarla Trentini,https://lh3.googleusercontent.com/-YfJ4XKUTD-s/AAAAAAAAAAI/AAAAAAAAAAA/AMZuucmVVgJrUCdUGmV_SKCjZs6cyErJ2A/photo.jpg,Muito lindo demais da uma olhada no correio hoje 3anos de tarde mas ainda assim é um anjo na minha vida me faz pouco tempo que eu vou para casa e o nome da musica fundo musical do banho agora há pouco tempo que eu.,5,0,4.3.18,2020-04-20 16:41:39
65,Eline Araujo,https://lh3.googleusercontent.com/-n4jqRiWqY_o/AAAAAAAAAAI/AAAAAAAAAAA/AMZuuckr8fr31R7fNj7j27lNZq-hIKMwvw/photo.jpg,O jogo em si é legal mas o ruim é que ele contém anunviaos mas tirando isso vocé pode jogar de 2 e tem tutorial pra qem é inciante e avisa quando vai aparecer um anincio,5,2,4.3.15,2020-01-11 14:33:27
66,Isadora Vioto Mauro,https://lh3.googleusercontent.com/-a9FjshOtGI0/AAAAAAAAAAI/AAAAAAAAAAA/AMZuucmfBOn-wWF5WGBzj7kd1Y5mYdjCaw/photo.jpg,Eu gostei muuuuuuuuiiiiiiiiiito desse jogo mas eu acho que poderia ter algum jeito mais fácil de conseguir moedas ( no caso dinheiro) para comprar as skins,4,0,4.3.18,2020-03-31 14:28:42
67,Sipp Cafe,https://lh3.googleusercontent.com/-ASZckhbeTrg/AAAAAAAAAAI/AAAAAAAAAAA/AMZuuclfBb8GyzsEwfJyJSapHAMJL8Kt3g/photo.jpg,"É legal,mas eu tô falando,""de uma falha que tem no jogo"", e que,tem que ficar clicando e clicando, PARA ANDAAAAAR,poderia ser um clique SÓ PARA ANDAR!!!!!!!!!!!!!!!",4,2,4.3.15,2020-01-03 15:27:57
68,Piuzin,https://lh3.googleusercontent.com/a-/AOh14Gg_C2EowsQsM_tvzymDzZrszScfC9B8ubrhEdGeAg,"Gosto muito desse jogo.Ele faz eu ficar desestressada,mas,se nao tivesse propqganda a cada 5 minutos seria melhor",4,4,4.3.15,2020-01-17 10:36:18
69,ANDRÉ GAUER FRANZON,https://lh3.googleusercontent.com/-_MvEJJCW6vk/AAAAAAAAAAI/AAAAAAAAUIw/AMZuuckTRL0UYyM8FtnntVTeGQKLabs7ig/photo.jpg,"Esse jogo e muito bom mas e difícil para mim, essa e a primeira vez e já estou morrendo muito, mas eu amei esse jogo e incrivel😜",4,59,4.3.15,2019-12-20 15:57:31
70,Rodrigo Nunes,https://lh3.googleusercontent.com/-ekFSeU6WpLY/AAAAAAAAAAI/AAAAAAAAAAA/AMZuucnCjWtvwvRvmEgIjrY_VL3ODVezfw/photo.jpg,Muito bom jogo. Parabéns pelo modo como vocês lidam com os anúncios. Até vejo eles feliz de estar ajudando vocês,5,0,4.3.18,2020-04-11 03:04:20
71,Anna Laura Grosso,https://lh3.googleusercontent.com/-iUK_4QfBdDg/AAAAAAAAAAI/AAAAAAAAAAA/AMZuuclt4JiH6SVg3NX9NEsg16Q6VCbANQ/photo.jpg,Amo o jogo só que a coisa a única coisa que me afeta é a de trocar de celular eu tinha quase todos e aí mudei de celular no mesmo chipi e n veio junto.,4,4,4.3.15,2020-01-03 19:45:44
72,Kawaii Army,https://lh3.googleusercontent.com/a-/AOh14GidPsjAfKzM5zbX_XqiJMxJfFNyt5_s3i4U_V38SA,Gostei bastante do jogo gráficos e talz...mas só n gostei muito dos anúncios,4,10,4.3.18,2020-03-19 11:33:20
73,Carolina Lopes,https://lh3.googleusercontent.com/--TujK1g7Wkk/AAAAAAAAAAI/AAAAAAAAAAA/AMZuuclxOVUE1sxLHvVZvhhLZJlaYSPI0w/photo.jpg,Eu gosto bastante deste jogo e principalmente porque é perfeito para passar o tempo.,5,2,4.3.15,2020-02-15 12:48:21
74,MLC slimes,https://lh3.googleusercontent.com/-dFBsfEFV6_M/AAAAAAAAAAI/AAAAAAAAAAA/AMZuuckoLOVVf7J-4-UvAAAe1crfluXF6g/photo.jpg,"Muito bom o jogo, não trava não precisa jogar com Wi-Fi os controles são bons, amei👏🏽👏🏽",5,2,4.3.15,2020-01-27 22:49:11
75,Hélio Gurgel,https://lh3.googleusercontent.com/-ZDhcYD0jzb4/AAAAAAAAAAI/AAAAAAAAAAA/AMZuucn_EUcx_RBfzY2LZozqRTeY8qX8Bw/photo.jpg,"Achei o jogo muito bom e simples porém TIREM AS PROPAGANDASS, dá uma raiva enorme.",4,7,4.3.18,2020-04-04 16:07:23
76,Hyuno San,https://lh3.googleusercontent.com/a-/AOh14Gh7uLqK6o8X_7fUYpMGKjXA2CYJZIBO2g7uwIFxGw,"Esse é um jogo muito fofo, eu adorei ele, mais um daqueles jogos difíceis e que é legal jogar com amigos.",5,0,4.3.18,2020-04-12 12:10:31
77,Thaís Carla Araújo,https://lh3.googleusercontent.com/a-/AOh14GiD7QpeuwWeO2qmEDJtjGDTBu9Vo4DH8qB533HcnAY,"Jogo que sempre tem atualização, engraçado e com mecânica simples. Excelente passa tempo, na minha opinião.",5,1,4.3.15,2020-02-15 00:05:39
78,Vinícius Vc leu kkk,https://lh3.googleusercontent.com/a-/AOh14GiVJthDmSzFeGZdu2g0ACMA0s6TSxvX1Y3YAkEJ,"Muito bom com uma Idea retro mais bem desenhado,boa esperiencia,um jogo,legal, emocionante, com a boa jogatina",5,1,4.3.15,2020-01-17 19:24:39
79,jhonatan442br,https://lh3.googleusercontent.com/a-/AOh14Ghy2WVq8lHfNbv_4Cyh6ZkObT-7M8ctSjaY4Nwjvw,"Esse jogo achei legal os gráficos pixel muito top,jogabilidade,controles,digo parabéns ao criador.",5,1,4.3.15,2020-01-24 01:46:28
80,Friskabelinha Miku,https://lh3.googleusercontent.com/a-/AOh14GharT9JNS4NtRLfzudZ8haEkupLpmMbvzB5__iH,"Esse jogo é ótimo, a única coisa q eu não gostei muito foi... Q várias skins precisa comprar.",5,17,4.3.18,2020-03-01 15:00:25
81,Guilherme Alexsandro Ribeiro de Souza,https://lh3.googleusercontent.com/a-/AOh14Gi3nlDZ3b9hzhc-iK4hpENhwsUGxwItrQxHhAjEDOc,Jogo sensacional muito bom só fico triste que tenham removido a opção de jogar junto na mesma rede em lan :/,4,2,4.3.18,2020-05-28 18:39:04
82,aprendendo com maria,https://lh3.googleusercontent.com/-CQJghv6eh1w/AAAAAAAAAAI/AAAAAAAAAAA/AMZuuck1tNVeqXIQSXCFWwcNFSzNJs3EHA/photo.jpg,O jogo é muito legal mesmo eu achei que era chato mas não eu que se enganei é muito legal kkkkkkkkkkkkk,5,0,4.3.18,2020-05-18 17:32:43
83,Pão com batata,https://lh3.googleusercontent.com/a-/AOh14GiRzNAi_1RnDrnGuRWFzi9GFz8ZuY_vbj7bGZ147g,"Muito bom,porém antigamente tinha como jogar multiplayer via wifi mas agora não tem como mais.O jogo regrediu",4,34,4.3.18,2020-02-29 11:41:54
84,Um usuário do Google,https://lh3.googleusercontent.com/EGemoI2NTXmTsBVtJqk8jxF9rh8ApRWfsIMQSt2uE4OcpQqbFu7f7NbTK05lx80nuSijCz7sc3a277R67g,Jogo incrível. Mas seria mais legal se colocasse o modo multiplayer de novo porque era mais bom,5,0,4.3.15,2020-02-26 11:34:09
85,Darlan Giordani,https://lh3.googleusercontent.com/-XUnle8tIZ30/AAAAAAAAAAI/AAAAAAAAAAA/AMZuuckY4PPVhfe67gaQWdUSi94YpyMMlw/photo.jpg,"Ele é ótimo, os bonecos são caros,mais como o jogo é grátis eles têm que ganhar esse dinheiro",5,4,4.3.15,2019-12-21 21:52:37
86,Laryssa Leão,https://lh3.googleusercontent.com/a-/AOh14Gg7hJw0TC1Vz-DcrotQ-P5OKXh625bQU_nps85WRQ,Desafiador .Ótimo entretenimento .,5,0,4.3.18,2020-05-18 13:16:26
87,João Antônio,https://lh3.googleusercontent.com/a-/AOh14GiSmwGPaHMAvnNb5iCZlIEh0NfF38Gqhs1nM44CMA,Fiz duas compras no jogo e os anúncios não foram desativados. Isso é jogar sujo.,1,43,4.3.15,2020-01-13 14:03:59
88,Guihh Off,https://lh3.googleusercontent.com/a-/AOh14GiQJjJiUW_RDkPa937EIU_dgysUTR8uVQ66yPHPXg,"Aqui estão 4 estrelas, pois ainda não usufrui de todo o jogo, mas já estou adorando, e se continuar gostando vou aumentar para 5😉",4,29,4.3.17,2020-02-23 22:21:26
89,M César,https://lh3.googleusercontent.com/-FnzZf55_jGM/AAAAAAAAAAI/AAAAAAACcZU/AMZuucl6SGKsYEuVYmqfcaVGYFQsOhMVZw/photo.jpg,"Cada segundo SEGUNDO SEGUNDO tem anúncio, o jogo e bom mais o tanto de anúncio e o que estraga",1,0,4.3.18,2020-04-04 20:11:28
90,LFD GAMER,https://lh3.googleusercontent.com/-pah_AYeMgv0/AAAAAAAAAAI/AAAAAAAAAAA/AMZuucl6ruVPhrjDpbmFojmzg_OuzNgoGA/photo.jpg,O jogo é muito bom mas podião deixar todos bonecos sem pagar com dinheiro do jogo mas mesmo assim eu vou dar 5 esterelas para jogo,5,1,4.3.15,2020-01-08 12:31:09
91,Cristian Sthefan,https://lh3.googleusercontent.com/a-/AOh14GhRtRSWd6YEY5M8C6CNcfiUbFMhfDdIGsnk-nR1,"os anúncios continuam mesmo após compra de ""remoção de anúncio""",1,65,4.3.15,2020-01-11 22:16:26
92,Sandra Miranda Lins de Medeiros,https://lh3.googleusercontent.com/-2U3sgsLSwMo/AAAAAAAAAAI/AAAAAAAAAAA/AMZuuclEGTL5Ta19qDQF0TVd5U0_LGyZLg/photo.jpg,"Jogo ótimo,meus parabéns. Não trava e é super viciante",5,0,4.3.18,2020-05-01 20:10:29
93,Camila Oliveira,https://lh3.googleusercontent.com/-nINJn86rM-A/AAAAAAAAAAI/AAAAAAAAAAA/AMZuucmytbqqZtKOMB1l6g1iJKjJCm_fTw/photo.jpg,o jogo muito muito muito muito muito muito muito muito muito muito muito muito...legal e qusando eu jogo o tempo passa RÁPIDO...😉😉🤗🙂☺,5,1,4.3.18,2020-03-28 18:45:26
94,Nathan Bodnar,https://lh3.googleusercontent.com/-X0D_6hXXL4k/AAAAAAAAAAI/AAAAAAAAAAA/AMZuucndmEUrwCQDTvTW6LjuXcKReL_rZQ/photo.jpg,"Kkkk kkkk muito bom quando estiver cagando ou no ônibus porque não precisa de Wi-Fi,então eu não gasto me 4g",5,4,4.3.18,2020-03-14 18:58:35
95,Juliane Alves,https://lh3.googleusercontent.com/a-/AOh14GhtUcBNvc9UqGTtiJHKPVM1Vz8paTHAmqefehEWKw,O jogo e otimo mais as propragandas vicão aparesendo toda ora e è muito tivisio pasar as fases intão eu otiei e amei o jogo que se dane e ferre,5,4,4.3.17,2020-02-22 11:16:14
96,canal 0k,https://lh3.googleusercontent.com/a-/AOh14GiTKcsje-fhKWNRT40qta-tzsaAJGCb94BWu_CuHw,Vocês podiam colocar um modo batle royale iria ser incrível 100 jogadores juntos batalhando até o último jogador ganhar,5,3,4.3.15,2019-12-22 10:50:01
97,Reginaldo de Souza,https://lh3.googleusercontent.com/-CsFwCUXmj70/AAAAAAAAAAI/AAAAAAAAAAA/AMZuuclYBmxBcnQua18At9gULsfiwBEU2g/photo.jpg,"Jogo bem legal, só que é meio complicado mas ele é muito legal adorei o jogo.",3,0,4.3.18,2020-04-16 08:08:12
98,Sandra Sousa,https://lh3.googleusercontent.com/a-/AOh14GgzvaZCsS_ZvPpdLh65luXh4T5ZNuTGFYyVFCdrBg,"Eu gostei o jogo é classico não tenho nada a dizer mas eu gostei do jogo a app é muito boa é classica tem varios bonecos,eu ameiii😍",5,0,4.3.18,2020-04-12 07:55:08
99,Maria Tereza Almyjneida,https://lh3.googleusercontent.com/-h1-bahD1HMA/AAAAAAAAAAI/AAAAAAAAAAA/AMZuucnwsNyES0exAmjGa2vAyduIcNlmrA/photo.jpg,Jogo bom jogabilidade legal e gráficos otimos,5,0,4.3.18,2020-05-07 12:09:53
