,userName,userImage,content,score,thumbsUpCount,reviewCreatedVersion,at
0,Dailton Caldas,https://lh3.googleusercontent.com/a-/AAuE7mBF9iGZBeAQv6tmjST-KyZMi8upeYaFamt-EpAH6Q,"Nessa ultima atualização comprei varios pocotes de ouro, tinha na minha caixa 14 pacotes os quais não abri e para minha surpresa todas sumiram, o atendimento ao cliente não funciona no aplicativo do jogo e a central elex simplesmente não responde... que maravilha!!! eu mandei varias mensages para o desenvolvedor e para o atendimento ao cliente( do jogo) inclusive contendo os dados do castelo e varios prints com os pagamentos via google play e não resolvem o problema e nem dão retorno ás reclamações. jogo bom porém deixa muito a desejar que lastima!!",5,4,5.20.0,2020-02-07 10:18:07
1,William Zorzal,https://lh3.googleusercontent.com/-24AilXfbDnI/AAAAAAAAAAI/AAAAAAAAAAA/ACHi3rfr3UhBnbboh3fkSuJtAAIfoLmvZQ/photo.jpg,"Jogo muito bom recomendo o melhor de estratégia,jogo alguns anos parei um tempo e voltei,a única coisa que eu não gosto é que o jogo ñ da diagrama como vo forja equipamentos,isso desanima, espero que o servidor faça eventos como o mar misterioso de 2019 que deu diagramas outros itens bons, os pacotes são caro,ñ cabe no bolso de todos só compro os mais enconta.",5,1,5.20.0,2020-02-09 13:33:15
2,Alexandre Santa B De Sousa,https://lh3.googleusercontent.com/a-/AAuE7mDGs2yuNFastJFlU9XTg2XcTukMlLiICrZiBLNTDw,"Esta atualização me prejudicou, dia 17 jan 20, tinha 22 pedras de evolução douradas após sintetizar meu anel arcanjo para +4 e reiniciar o jogo, anel não mudou e ainda me furtaram as 20 pedras. Vcs sabe como é difícil conseguir essas pedras? Mandei várias mensagens para suporte e me respondem nada que perguntei. Já desinstalei jogo e instalei e nada. Reino 65. Nick: 《Xandy●》. Central de atendimento só responde pra trocar minha internet.",1,6,5.19.0,2020-02-02 16:10:30
3,Bruno cp,https://lh3.googleusercontent.com/a-/AAuE7mC9psV-0O-l0ubMUBIQbqcRHxU4b1-6oOWPC7nBubU,"Estou jogando o jogo a 1 ano com problema, já mandei mensagem para os mod só que não consegue resolver o problema, mandei mensagem para o GM não foi obtido nenhuma resposta. Infelizmente o jogo caiu muito no meu conceito em relação ao atendimento ao cliente. Já desinstalei o jogo para ver se voltava ao normal, já limpei o cache de e não adiantou.",1,13,5.19.0,2020-02-04 12:48:51
4,Rosemery Leite Oliveira,https://lh3.googleusercontent.com/-K6zdWBu1FZg/AAAAAAAAAAI/AAAAAAAAAAA/ACHi3reJlz1TXvhBWTeoY-IG2Gq7O0o0kQ/photo.jpg,"Amo COK, mas tenho me aborrecido com algumas coisas. O jogo tem avatar femininos vestindo roupas lindas e sexy, mas quando usamos avatar com roupas que mostram o abdômen, o avatar é excluído e recusado quando tentamos usar. E agora se paga 3k para usar um avatar personalizado. Também tem muitos bug no mapa, Fortalezas de alianças que não podem ser derrubadas, pois envia as tropas de volta. E assim o mapa fica impossível de usar.",3,6,5.19.0,2020-01-30 13:44:49
5,Marco Sena,https://lh3.googleusercontent.com/a-/AAuE7mDlWU1DdC27burBJhQHeaTkyLagjM9r_D9iub-j,"Serviço aí cliente e terrivel. ruim, além da demora pra responder, não resolvem o problema gerado por eles, você reclama pelo serviço contate nós do jogo não resolveu, você explica aqui que está com problema recebe uma msg dizendo pra entrar em contato com o jogo, e não se resolve nada, sinceramente estou decep., e não recomendo a mais ninguém, muito difícil pra desenvolver, e quando você desenvolve , usa os recursos corresp., e o no final mandan uma msg dizendo que não foi desenv. Frustante.",1,8,5.19.0,2020-01-21 18:32:25
6,Cledison Souza,https://lh3.googleusercontent.com/-k8WvhPEtMT0/AAAAAAAAAAI/AAAAAAAAAAA/ACHi3rcDlT5Ehx7nJRWuGRWnlskk_fYAqw/photo.jpg,"Esse jogo é a piada, já faz 12 dias que não consigo entrar em meu castelo principal, hoje a Cok me mandou pedindo os últimos 3 pagamentos de pacotes, eles estão preocupados em saber se sou um gastador, é brincadeira, Eu só quero meu castelo P6, depois de atender tudo que me pediu, disseram que poderia entrar em meu castelo novamente, mas nada aconteceu Só estão me prejudicando, meu castelo acabou de ser zerado no kvk e eles não me devolve.",1,7,5.20.0,2020-02-07 23:23:10
7,Ana Neves,https://lh3.googleusercontent.com/-NveaRazNsfE/AAAAAAAAAAI/AAAAAAAAAAA/ACHi3rdQELk2rLekX-dtg9GWDNZZA1mKKA/photo.jpg,"Muito ruim muito bug não adianta reclamar pois o jogo responde sempre o mesmo é sistema automático, estava com um erro que não pegaca baus de ouro no dragão do mundo e responderam o mesmo de sempre, agora ficou pior fui no dragão do mundo gasto stamina e não pego nada, cada vez pior em cada reclamação, muito triste mesmo chega a desanimador",1,233,5.20.0,2020-02-09 13:24:29
8,Loren Darkness,https://lh3.googleusercontent.com/-wCgyb7Fovo0/AAAAAAAAAAI/AAAAAAAAAAA/ACHi3rfgI79j_mX8eeqOc0oV2X33DpVu4g/photo.jpg,"Cok a 6 dias meu e-mail foi hackeado, meu castelo hackeado e minha senha de segurança foi modificada, o email de recuperação da senha foi modificado e até agora nenhuma resposta do suporte. Já falei com diversos moderadores. A senha de segurança é falha, o suporte não moveu uma palha para me ajudar. O hacker destruiu o meu P6 e nenhuma resposta de cok. Vocês estão de parabéns pelo suporte. Obrigada Puro descaso com o consumido. Quem sabe uma ação judicial resolva.",1,2,5.19.0,2020-01-31 08:42:59
9,Wendel Bastos,https://lh3.googleusercontent.com/a-/AAuE7mCEBYR9byO5BQOg6INlNuyO6XZ97nTGyldT5nbrwGo,Este jogo está um lixo muita propaganda toda hora mensagem reino que ganho prêmio não quero saber disso deveria ter como desligar estás mensagens atoa isso atrapalha para mexer em outras coisas no jogo . Arruma isso pessoal o jogo e bom mais são estas coisas que deixa o jogador chateado.,1,7,5.19.0,2020-01-16 16:30:49
10,Triste Vida -a felicidade não existe-,https://lh3.googleusercontent.com/a-/AAuE7mDILF9Fqx1nTrOPzH1CrBfhh4F04QV0cAZdXJa2,"o jogo anda bem bugado, mando as tropas para coleta e envés delas partir do castelo estão partindo muito atrás de outro reino, fora a contagem de marcha que não termina nunca, tenho que reiniciar o jogo para ver se as tropas já chegaram no destino ou já voltaram.",3,18,5.19.0,2020-02-05 01:01:07
11,Ailton Douglas,https://lh3.googleusercontent.com/-GICLkT0LdIY/AAAAAAAAAAI/AAAAAAAAAAA/ACHi3rdSIfOxAIQ3qplMkp0aKGZfFzDhBA/photo.jpg,O esse jogo tá ficando nojento de mais.. Nem as foto que agente tenta por não consegi.. E bom a cok dar um jeito nisso o se não vai perder cliente.. Melhora o jogo ae tá difícil não poder por as foto de herói que agente quer.. Não vou dar estrelas até melhora 👍,1,1,5.19.0,2020-01-23 08:05:11
12,ever everick schulham,https://lh3.googleusercontent.com/a-/AAuE7mDvF7gz63K9V4xiC6CVj8hnRxH33VF4QMfE2WAA,"NÃO RECOMENDÁVEL Fui zerado devido a bugs do jogo Não aparece um relatório de ataque recebido no meu castelo Fiz reclamação no suporte, atendimento ou Cliente, Bug de jogo e na pág oficina não tive nenhuma resposta Já gastei muito dinheiro não jogo e na hora que precisar de uma assistência eles não te dá",1,20,5.19.0,2020-01-23 19:58:31
13,Richard Peterson,https://lh3.googleusercontent.com/a-/AAuE7mAf61Ib9a3JZSknYg48jKzXUtRJSFoCvTeOLc2R9g,"Eu já fiz outra conta e estou a mais de uma semana esperando uma resposta, enquanto isso outra pessoa acessa minha conta já gastou tudo de valioso que eu tinha na conta, o jogo vai resetar meu castelo pra antes de ser hackeado, pôs é o mínimo né pela demora e o justo pôs sempre fiz tudo certo pra não ter problemas, oque quero é resolver isso logo, aguardo resposta e se preciso me manda email que passo meu telefone para que possamos resolver logo tudo isso",1,106,5.19.0,2020-02-02 17:37:41
14,Luana Lavezo,https://lh3.googleusercontent.com/-xAZEKvaAMD0/AAAAAAAAAAI/AAAAAAAAAAA/ACHi3rcN94j7xjt2f7V49P5ZoFBtXdilZQ/photo.jpg,"Esse jogo só que seu dinheiro, até pra trocar a foto agora tem que pagar .. jogo mercenário .... Em vez de melhorar só piora cada vez mais .... Cada vez mais pesado, cada vez mais tem que gasta. Lixo",1,19,5.19.0,2020-02-04 10:36:20
15,Marcos Engler,https://lh3.googleusercontent.com/a-/AAuE7mC_nLVMfUx1naAgVXUM9xHfDO5cgyoPK93Pwk1y,"""Pay to Win""... Um bom jogo, porém, elex deveria respeitar mais os jogadores e resolver o problema de bugg... Jogo à 5 anos.",5,0,5.20.0,2020-02-10 04:29:00
16,JONATA RIBEIRO,https://lh3.googleusercontent.com/a-/AAuE7mAwjLz7tq2syt5cmkEYQRa4pnGqVLtHPKD1WEvOJA,Jogo Já foi bom mais os 2 últimos anos vem mais bugado que tudo some coisas do inventário ! Estou com sérios problemas com isso coisas que adquire e some do inventário ! Cada atualização fica pior !,1,12,5.19.0,2020-01-20 18:05:41
17,Natan Dias,https://lh3.googleusercontent.com/-nQNzEUf8v48/AAAAAAAAAAI/AAAAAAAAAAA/ACHi3rcqiHUcl9vAk78UWVBWzlJKMnFm1Q/photo.jpg,Jogue totalmente de estratégia e tem que ter paciência pra poder upa as coisas dentro do castelo o legal é que da pra conversa com pessoas do mundo todo em tempo real e o jogo traduz,5,16,5.19.0,2020-02-05 00:17:37
18,Sandra Lucia Correa Christino,https://lh3.googleusercontent.com/a-/AAuE7mCshzKRjc8PTDkpKlEfTGMTKhhK4Cae3i0jbhgWWg,"O jogo é ótimo, dinâmico e proporciona o conhecimento de vários países e boas amizades. Mas tenham cuidados pois existe um apelo comercial muito grande induzindo os jogadores a gastar muito dinheiro no jogo. Então se você não quiser se endividar e acabar com seu cartão de crédito fique atento.",5,10,5.18.0,2020-01-10 00:08:46
19,Luizgustavo Souzaalmeida,https://lh3.googleusercontent.com/a-/AAuE7mBLUkyB_Dq-YenqhymydnXyFaVaqKRuTZSduEAK,"Gostei do Jogo, Más os preços das skins poderiam ser mais barato, Poderia ter mais tipos de eventos também.",4,5,5.19.0,2020-01-31 22:01:21
20,Laura Gimenes,https://lh3.googleusercontent.com/a-/AAuE7mCCWveEDQ9xSwuw2J43jkUY08tDW8iPsVN7zXTgEQ,Essa última atualização está muito ruim! O mapa não carrega e não consigo mais ver as construções da aliança.,2,1,5.19.0,2020-01-17 23:13:55
21,Lidia Mara,https://lh3.googleusercontent.com/a-/AAuE7mBXTdurnrBfP8QqpJ0ZbhI1lGyIVSnKR3KQpp94Fg,"Gostei bastante ,só que tem muitas coisas complicadas para mim ,as vezes tem objetos que nem sei pra o que serve 🤨🤨, o símbolo nunca é aceito pra poder forjar a roupa do soberano , as construções são um pouco demoradas e depois do nível 35 demora uma eternidade pra conseguir subir mais de nível ... No demais eu gosto do jogo....",3,3,5.17.0,2020-01-06 12:19:23
22,frantiesco bernardes,https://lh3.googleusercontent.com/-UF4CQ3PbBJ4/AAAAAAAAAAI/AAAAAAAAAAA/ACHi3rcI-6soHOZeU909A_idRPKm30oIRQ/photo.jpg,"Bom dia jogadores , bom minha experiencia no começo foi muito boa mas, deixei de jogar durante um tempo por motivo de saude ,e quando fui voltar a jogar minha conta que do play games que era vinculada ao clash of kings ,simplesmente zerou ,eu perdi todo meu progresso que naquela epoca era bastente pelo menos pra mim como , castelo nivel 22 ,inumeros itens, mais de 1,000 mil reais investidos na conta e entrei em contato com desenvolvedor pelo e-mail e pelo At.ao cliente,nao esta adiantando nada.",1,42,5.12.0,2019-12-05 10:50:06
23,pablo Henrique,https://lh3.googleusercontent.com/a-/AAuE7mC75FaglAw7Dh6fLcUOIxzbVeGjXwtO0U1T-rqg,Parei de jogar tudo caro no jogo .dez de 2012 Continua tudo pago os recursos para subir pede muito pra ir para o nível 30. Tá osso parei de jogar tô no nível 29 cheguei ese ano joguei muito .tá muito difícil e tem muito hack no jogo com 999999 milhões de soldados . prestígio 5 .parei de jogar. melhora o jogo Clash of king. E uma lenda rara.boa noite .bom trabalho. Com Deus,5,15,5.12.0,2019-12-11 03:03:41
24,Bel Dimas,https://lh3.googleusercontent.com/a-/AAuE7mBgRo5bC2O2rNbXTnp0ixgNLS7P5wq5aR0Mxuxq,"Passei 3 anos trabalhando para chegar a P5 em 2 castelos no reino 2034. Alianças como GLG, SON,G45,SKY,Cap e outras. praticam abusos nesse reino contra jogadores ativos como eu. Esse jogo chegou ao ponto de interferir até na escolha de seu avatar personalizado. Passei 1 ANO tentando e meu avatar era sistematicamente reprovado. O jogo se tornou uma ditadura onde a elite de alianças querem te recrutar na MARRA. Ou você aceita ou... fiz logout em 2 castelos P5 suporte NÃO EXISTE. DESINSTALADO!",1,9,5.17.0,2020-01-07 12:48:50
25,Alexandre batista,https://lh3.googleusercontent.com/a-/AAuE7mDE7f8vjpmjoumRezYCptiUzcmOuA6oSgzH4o43FN0,"Jogo parece ser bom,mas eu assim quê acabei de entrar no jogo, já comprei o teletransporte de Reino,o ouro foi descontado com sucesso,mas meu deslocamento não, só pq eu subi de nível. Já entrei em contato e nada do pessoal do suporte resolver,jogo lixo. (Já entrei em contato e não fizeram nada, já desintalei o jogo, não atendem as pessoas igual dizem aí não) JOGO É UM LIXO",1,3,5.15.0,2020-01-03 13:11:02
26,JEOVÁ SEGUROS,https://lh3.googleusercontent.com/a-/AAuE7mCWDByN7zeIVa86Uno8nJeeLIeNq_2NNgCcKV_QDw,"Esta todo mundo reclamando no jogo, voxes nao para de enfeitar, para de fixar atualizando o jogo, ...nao deixa nem o jogador se recuperar....esta tod mundo ateasdo no jogo e sem vontade de jogar.....Continua atualizando ....cada vez mais chato .....o que era brincadeira virou coisa seria...tinha que pagar para jogar esse jogo...de tanto tempo que leva logado...esse jogo não vai para de atualizar não é....Deus que me livre...já foi muito bom...Agora tá ficando é trabalhoso demais",1,23,5.18.0,2020-01-09 10:44:09
27,Gabriel Silva,https://lh3.googleusercontent.com/-Pxp7xtbNZis/AAAAAAAAAAI/AAAAAAAAAAA/ACHi3rfOZQK_2lxbHIw4V1Kl4cClzCZXSQ/photo.jpg,"Gostei muito desse jogo!.Porém gostaria de pedir aos criadores do jogo para possibilitar o envio de ouro de um soberano para outro,e que os pacotes de 10.000 ouros não sejam tão caros(já que na China esses pacotes são bem mais baratos e eles acabam tendo bastante vantagem nesse jogo)por que praticamente tudo no jogo se compra com ouro e quem não o tem se dá mal.",4,38,5.13.0,2019-12-09 12:03:06
28,Um usuário do Google,https://lh3.googleusercontent.com/EGemoI2NTXmTsBVtJqk8jxF9rh8ApRWfsIMQSt2uE4OcpQqbFu7f7NbTK05lx80nuSijCz7sc3a277R67g,"Tem três dias que não consigo jogar por causa de buggs, ganho prêmios nas missões, mas não vai pra mochila, o novo evento de ação de graças eu ainda não consegui participar, está congelado, só corre o relógio, não consigo entrar, já gastei maior grana nesse jogo, e pelo visto foi em vão, vou perder tudo sem poder me divertir. O jogo está cada vez com mais bugs",1,342,5.13.0,2019-12-05 04:54:46
29,Leandro Ribeiro,https://lh3.googleusercontent.com/a-/AAuE7mCZJFPShmbaNVe9HRcOucYqTYTJgwyUi-bUtLhd8fA,"O melhor jogo desse estilo foi retirado do ar seu nome CALL OF DUTY OPERATIONS e até hoje não entendi o real motivo disso , nesse tema de guerra épica de espadas e dragões etc ... Tem vários por aí , eu não encontro nada de guerra atual como o call of duty Operations , por esse motivo eu imploro que retornem com o game",1,4,5.13.0,2019-12-12 17:16:56
30,Pedro Curi,https://lh3.googleusercontent.com/a-/AAuE7mAolITOXbTzw2Md-J-bRbCt6KjCNwpXwDC9Wl_9,"O jogo é muito bom só que eu coloquei o meu nome ai desde ontem esta dizendo que o nome do soberano esta sendo analisado, mas é so isso que tenho a reclamar o resto esta incrivel",4,0,5.19.0,2020-02-02 18:21:07
31,motoG4 Motorola,https://lh3.googleusercontent.com/-FQfejvqbJ2k/AAAAAAAAAAI/AAAAAAAAAAA/ACHi3rdl46xNeT8zEPtjD8EYju635cKqsg/photo.jpg,"Jogo muito bom, sempre tem algo para vc investir e sempre te dando oportunidade para acelerar o tempo de espera sobre algo(construções, médico e entre outros), so acho que poderia melhorar a troca de reino pois vc quer jogar com alguem conhecido e as vezes nao pode.",5,5,5.16.0,2019-12-27 00:21:51
32,Um usuário do Google,https://lh3.googleusercontent.com/EGemoI2NTXmTsBVtJqk8jxF9rh8ApRWfsIMQSt2uE4OcpQqbFu7f7NbTK05lx80nuSijCz7sc3a277R67g,"A paz! Olá, comesei a jogar hoje! Já tinha jogado antes, porque nunca consegui uma aparência do Dragão vermelho permanente, Eu desinstalei o jogo!... Eu, gostaria de poder obter uma aparência do Dragão vermelho permanente! Não sei como vão fazer pra poder me ajudar, mais gostaria de poder me ajudarem nisso, é que não tenho condições de poder gastar numa aparência de Castelo permanente!! O jogo vale apena, mais umas melhorias como essa ajudaria mais pra quem não tem condições como Eu😊.",1,1,5.15.0,2019-12-19 16:59:13
33,Andre Borge,https://lh3.googleusercontent.com/a-/AAuE7mBqWunBHC5a-2KJXACnGReukzQhV1B1OquCT1xo,O chato do jogo é você chegar no Reino já evoluído E não saber quando abre outro reino Ea questão do hospital da aliança Se é da aliança Tinha que ser curado por todos Vejo vários desistindo do jogo Porque perdem muitas tropas até vc fazer todas pesquisa sobre cura Hospitais isso fãs muitos desisti,5,2,5.20.0,2020-02-08 23:36:03
34,Ernane Souza Lima,https://lh3.googleusercontent.com/-VZnhcKQbXKA/AAAAAAAAAAI/AAAAAAAAAAA/ACHi3rfKrGI5h49E1dElpzy2VGadDSarLg/photo.jpg,"Suporte horrível, e muitos bug. Além do roubo de castelos acontecer com frequência.",1,1,5.19.0,2020-02-04 00:09:16
35,Wellerson Silva,https://lh3.googleusercontent.com/a-/AAuE7mCOqknYF-_HB3tFQr6VoiJSXHklLQyQHIEnDvPy33M,Olha a 5 anos atrás quando descobri o jogo era demais um jogo top Hoje só serve pra travar telefone e pra recursar conexão com as contas do Google Além de fechar sozinho quando troca de conta Se querem mesmo adicionar coisas ao jogo tire as velhas coisas que não teriam ido O tamanho do jogo está só aumentando mas a jogabilidade está decaindo r muito,1,21,5.13.0,2019-12-06 14:47:42
36,Everaldo F. Gomes,https://lh3.googleusercontent.com/-BKPU-0qJPQs/AAAAAAAAAAI/AAAAAAAAAAA/ACHi3rfXzr5k5-wHeRoejCdPyxqywQGyUg/photo.jpg,O problema do jogo é os chineses que não deixa outros castelo menor crescer !!!eles compra praticamente todo o jogo e atacam todos os castelos com menor poder com uma diferença de poder muito grande .,4,6,5.17.0,2020-01-06 21:39:59
37,Sabrina Menezes,https://lh3.googleusercontent.com/-UJ3R82uxw1Y/AAAAAAAAAAI/AAAAAAAAAAA/ACHi3retQtVx9xLCytlHSPx8902OUHn4Eg/photo.jpg,"O jogo ja foi melhor , hoje em dia e o verdadeiro Pay to win so pensam em dinheiro Colocaram um monte de herois , dragoes e varias atualizacoes desnecessárias onde fica praticamente impossivel acompanhar Os que gastam dinheiro vencem, mesmo que vc lute na raça",1,20,5.11.0,2019-11-27 21:13:23
38,Lady Malu DaSilva,https://lh3.googleusercontent.com/-arwjbZsVwDA/AAAAAAAAAAI/AAAAAAAAAAA/ACHi3remxZxq5soMaCMrJ6HAuhIj9IgqqQ/photo.jpg,"Jogo há 5 anos, amo o jogo, porém nossa aliança foi bem prejudicada e o cok não resolveu o bug, que ocorreu há uns 9 meses então tivemos que começar outra aliança com bem pouco poder. Que pena alguns membros já estão desanimados.",4,2,5.14.0,2020-01-02 14:37:16
39,Hugo Lima,https://lh3.googleusercontent.com/-ZmKakEvXDMY/AAAAAAAAAAI/AAAAAAAAAAA/ACHi3rc-dPSieQSp5LGk2qSEWhaO-w1xqA/photo.jpg,"O jogo é otimo, porém acabei de perdi 3.000 ouro, tinha 5962 foi para 2962 e não sei como faço para recuperar, dentro do jogo não consigo falar com nenhum responsável, quero meu ouro de volta. Estou no reino 142",3,1,5.17.0,2020-01-05 18:00:49
40,Rei TREVAS,https://lh3.googleusercontent.com/a-/AAuE7mC2FylHSPP4kr-PxwQCXAvA5HtoEzKWgb5DChfk,joguei anos atraz e agora retornei levando grandes amigos estamos no reino 2080 sou o rei treva o jogo só melhorou desde então pois hoje podemos ter um castelo bom mesmo com ataques de outros que quero acreditar que gastam muito apesar de existir muitos raker poderiam nos ajudar com os pergaminhos são muito difíceis e necessário para o equipamento fora isso Parabéns 👏👏👏,5,16,5.12.0,2019-12-03 17:51:14
41,تشارلز روبرت,https://lh3.googleusercontent.com/a-/AAuE7mCDhMlIWcz8P01jScmNZTe5d8y-_bFWoC6-JmOJqg,"Existe bugs na opção de confirmação de código de proteção da conta do jogo, o email com o código de confirmação nunca chega até meu email que eu acrescento para receber o código de confirmação",1,11,5.17.0,2020-01-05 11:56:22
42,Marilia de oliveira,https://lh3.googleusercontent.com/a-/AAuE7mDEyOPLVjI6KViDGITOZcK14r7fsiIN5xKQHiofWuU,O jogo era bom. agora tem muitas invensões que só serve para o jogo ficar travando. Sem falar que fica falando que não tem tropas no castelo quando vou matar mostros ou colocar pra coletar recursos.😤,2,7,5.17.0,2020-01-07 07:47:51
43,Felipe Santos,https://lh3.googleusercontent.com/-59z-bG6ZzAc/AAAAAAAAAAI/AAAAAAAAAAA/ACHi3rfE20GJsH9Zc5LdCj88yfgQY30tJA/photo.jpg,"Estou com bug no meu correio a mais de duas semanas, já fiz inúmeros protocolos mais até agora nada, nenhuma resposta. Não recomendaria esse jogo pra ninguém no momento!",2,8,5.11.0,2019-11-27 12:57:55
44,Anderson Fernando,https://lh3.googleusercontent.com/-Mfuw2Wv1uaE/AAAAAAAAAAI/AAAAAAAAAAA/ACHi3rev7SGal9iH_qYkZfcrQfLSGIQFGA/photo.jpg,"Amei jogo A3 anos e muito bom mesmo , mas no evento de retorno de castelos parados dava para coloca pacotes de ouro nele também para o que retorno e para o amigo , obrigado pelo maravilhoso jogo Clash off kings ❤️",5,49,5.17.0,2020-01-03 07:29:45
45,Yu-Gi-Oh TCG Duel Links,https://lh3.googleusercontent.com/a-/AAuE7mAxMwWrvBWJm9dGbUh2sle1Gi2H3fBOshM0sKAgAg,"Instalei o jogo hoje e até agora não me mostrou nenhum problema e está rodando suave no meu celular,algumas travadas,mas isso depende do celular que vai rodar,o meu roda sem nenhum problema,Gostei do jogo",5,44,5.14.0,2019-12-11 23:50:44
46,Carlos DANIEL,https://lh3.googleusercontent.com/a-/AAuE7mDk3PfWG4pH9akqobm-qmf-3kKx0-sDKXmhiN7S,Meu jogo e de uns amigos ficam fechando e travando do nada. E não é o celular. Poderiam resolver esses problema? Desde já agradeço. Vou dá 5 estrelas porque acredito que isso será resolvido.,5,1,5.18.0,2020-01-11 02:53:28
47,Joao Fabiano,https://lh3.googleusercontent.com/-83EML8DrR9g/AAAAAAAAAAI/AAAAAAAAAAA/ACHi3rdsLuoPQh1LNutxFhz_HJNRsHV1LA/photo.jpg,Muitas tropas inúteis mas isso porque lançam outras em cima das mesmas e tudo que vc evoluiu em uma tropa acaba sendo inútil com a chegada de novas tropas .parem com tropas inúteis e apenas foque em melhorias das que já existe no jogo po,4,15,5.11.0,2019-11-21 14:56:24
48,Leonardo Alves Ruiz,https://lh3.googleusercontent.com/-v6viM84qve0/AAAAAAAAAAI/AAAAAAAAAAA/ACHi3rfjieOyd8dFz4zESfCPNMku15q-gg/photo.jpg,"Este jogo é excelente, mas gostaria que na próxima atualização voltasse o tema do mapa de batalha antigo (cyberworld x-ray dog), é muita nostalgia",4,3,5.18.0,2020-01-14 23:42:30
49,Joice Tainara,https://lh3.googleusercontent.com/-UYVWVs4oELU/AAAAAAAAAAI/AAAAAAAAAAA/ACHi3refa9maM_5LKabrL-jujPtG8Ja7Lw/photo.jpg,"Depois dessa atualização só te bugs, até na colheita, do reino mais forte, vc manda coleta cristais as tropa não volta te atacam vc perde poder as tropas mostra coletando e não tem nada nos hospitais.",3,3,5.18.0,2020-01-10 22:30:51
50,Luis Henrique Souza Noia,https://lh3.googleusercontent.com/-CkO0PYbywdw/AAAAAAAAAAI/AAAAAAAAAAA/ACHi3reptor4Ptq4BDN9JGBJ-oQmiIgTlg/photo.jpg,Vcs desenvolvedores podiam dar escudo de 24 horas pelas missão do Castelo. Para esse que não gasta ter chance de crescer. Porque o reino todo fica em guerra é aqueles que não gastam sofre .melhorem isso .,5,17,5.13.0,2019-12-08 16:19:58
51,Gilmar Carvalho de Souza Souza,https://lh3.googleusercontent.com/-cKPVQN1tCcM/AAAAAAAAAAI/AAAAAAAAAAA/ACHi3rcuWwXGMynEIHYUNVWcmSUThWoYWg/photo.jpg,Meu castelo já está em p3 com o mesmo formato de castelo nível 30 o sistema esqueceu de por azas já desinstalei o jogo já reiniciei já reclamei para os mod já fiz de tudo eu vejo isso com uma grande falha do sistema por favor corrija isso.,1,0,5.17.0,2020-01-04 04:09:06
52,Juliane Alexandra,https://lh3.googleusercontent.com/a-/AAuE7mDg61VJpfgF79Zdjx4lSEasPv8YPOdzcjByqlYzQZQ,Cara me ajudem .como faço pra. Denunciar um dos jogadores q esta usando minha foto e meus dados pra jogar esse jogo nunca nem ouvi fala desse jogo e agora tenho ate um print de um perfil q está usando minha fotos To sem sabe oque fazer,1,6,5.12.0,2019-12-03 05:17:10
53,Lucas Santana,https://lh3.googleusercontent.com/a-/AAuE7mAw4Qbg-i2xW8GRQne4ASdVY8er9PcVCBu-_TSYJg,"Amo esse jogo ja faz mais de 3 anos que jogo, meu passa tempo do dia dia obrigado a todos que fazem parte do clash of kings.",5,0,5.20.0,2020-02-10 12:36:14
54,osvaldo neto,https://lh3.googleusercontent.com/a-/AAuE7mAWCGQBc1MLhZ552eL4kahejSu0EZD0SVGoMjKm,"Muito ruim,, se a pessoa não gasta dinheiro serve de fazenda pra outros,, os coreanos tem mais oportunidades de evolui que os estrangeiros... #muitoruimmesmo#",1,14,5.18.0,2020-01-19 08:39:29
55,ANTONIO CARLOS ALONSO FERREIRA,https://lh3.googleusercontent.com/-xZpRFZWsaDA/AAAAAAAAAAI/AAAAAAAAAAA/ACHi3rfFSGqWNmA2H-vLyveG56HSqlgSQA/photo.jpg,"Este e um jogo muito divertido e raivoso,quando um Soberano muito forte nos ataca,sem piedade e nos rouba;sabendo que ele e tao forte e nos nao vamos ataca-lo.",5,17,5.13.0,2019-12-17 22:11:17
56,Felipe Gamer,https://lh3.googleusercontent.com/a-/AAuE7mB3wRRwHMdj7op9CwL-UH6JZLJZHNILMkXkVltP,O jogo é ótimo tem muita gente que reclama porque é atacado mais isso aqui é um jogo de guerra e estratégias então pensem numa maneira de manter suas tropas seguras!,5,7,5.12.0,2019-12-03 00:42:48
57,"Luska, o Peixe",https://lh3.googleusercontent.com/a-/AAuE7mA2UHsXw5f6liE-jyD1s8-CVGYbJD88mCcDJoqHdg,"O jogo não é alto sustentável, ou seja, ganha quem gasta mais dinheiro e não a melhor estratégia.",1,0,5.18.0,2020-01-16 12:20:39
58,Ed Old,https://lh3.googleusercontent.com/a-/AAuE7mCBYC0CJCVPEOkZkpIZ2ZuW-yiUmboy5wwPG_Fzhg,"Vocês ganham uma fortuna com o jogo nos pacotes comprados por nós, porém, para os chineses são bem mais baratos ..... difícil assim né .",1,2,5.16.0,2020-01-03 04:07:40
59,Marcelo Pedro,https://lh3.googleusercontent.com/-PCk8cbDI9oU/AAAAAAAAAAI/AAAAAAAAAAA/ACHi3rcOne9nPmhfPrksDFAw3UK4dVzfEw/photo.jpg,"Por favor não deixe o jogo pesado ,gostei muito do jogo ,solte atualização leve ,não pesada para que aqueles que tenha celular ruim ,possam jogar",3,7,5.12.0,2019-12-03 09:49:44
60,Marcio Moreira,https://lh3.googleusercontent.com/-cNKjLFHGHqU/AAAAAAAAAAI/AAAAAAAAAAA/ACHi3reXkJR2ITTzzR_6zyxxy9nGMfgkQQ/photo.jpg,Gostei muito. As vezes a gente vira alvo de vários jogadores o que torna impossível evoluir Mas tá de boa.,4,0,5.14.0,2020-01-03 18:09:51
61,Douglas Santos,https://lh3.googleusercontent.com/-OB2Ob-L9A4g/AAAAAAAAAAI/AAAAAAAAAAA/ACHi3reHFzlYhoAtcuzQsLE6LHI1bI8mvg/photo.jpg,"Atualizei o jogo e acabei perdendo a conta,preciso de ajuda. Sou do reino 1045 e o jogo fez criar um novo castelo com o qual não tenho acesso ao castelo principal.",1,0,5.17.0,2020-01-05 23:23:49
62,Sergio Brito,https://lh3.googleusercontent.com/a-/AAuE7mDsYVfs2NiVoGfLSAI7b9D3uQ7VYJk2_SF19wyt,"Negativa. Este jogo deixa muito a desejar... Desde sexta-feira á noite que não me deixa acessar a minha conta em altura de kvk final... Só hoje e agora consegui acessar.. como já era de esperar fui atacado. vão devolver o que perdi por vossa causa??? O jogo até está bom, mas estas falhas tiram a boa jogabilidade. Aguardo a vossa resposta",3,1,5.14.0,2019-12-15 16:34:30
63,Anthony Gulart Uchaki,https://lh3.googleusercontent.com/-NKEvy1SRryo/AAAAAAAAAAI/AAAAAAAAAAA/ACHi3rewNHT4HAk19k-XLfYOONiktAe-5g/photo.jpg,No jogo no Reino mais forte eu completo as missões do jogo na hora de pegas as recompensas ouro some não vai para minha pasta de recompensas o que vcs então fazendo eu quero meu ouro de uma semana pra cá o Reino mais forte sumiu,1,4,5.11.0,2019-12-16 20:32:38
64,YOUTUBE JORGINHO,https://lh3.googleusercontent.com/a-/AAuE7mB3SMxJmsJFZ1NCCHHin-iotZBmM3BvCmqfzqxCWA,Ótimo jogo único defeito maioria dos reino são chinês quê reina .pela vantagem de compra pelo cartão de crédito assim upa os Castelo p5 aí sai destruindo alianças estrageira com facilidades. Ser jogo ótimo tem ser mais relativo,4,0,5.14.0,2019-12-13 19:26:57
65,Junges Johan,https://lh3.googleusercontent.com/a-/AAuE7mARp08bpREcqqFbjA2MUB0H72BgXc_NW5bxXGft,"Conceito do jogo gaste todo o dinheiro que tiver no jogo se não vc vai se ferrar, simples.",1,2,5.13.0,2019-12-10 22:13:23
66,Kensey NIL,https://lh3.googleusercontent.com/a-/AAuE7mCCwk_hiCLwuHKZU01wwIp3Oi6tyU46c0qkfdiS,O jogo está melhor doq alguns anos atrás mas ainda possue muito bugs repetitivos que acabam atrapalhando nas batalhas.,4,5,5.13.0,2019-12-09 12:37:55
67,Gleen Frey,https://lh3.googleusercontent.com/a-/AAuE7mBm8ViUi_ZFc4tufFCJLuwl5s9Fn2LbE0OfJBcw,"Jogo muito bom jogo a muito tempo, mas o preço das moedas são ridículos pro Brasil tomar o crescimento inviável comparado as chineses.",4,0,5.18.0,2020-01-09 16:42:48
68,PCdroiD Games,https://lh3.googleusercontent.com/a-/AAuE7mD6rz2YLWrOlxz_amUhVJ05BBYSJjgXLmlDmXvhvw,"O jogo está muito ruim, com muitos bugs, está difícil até para conseguir fazer login",1,21,5.12.0,2019-12-03 21:15:38
69,Silvio S,https://lh3.googleusercontent.com/-X61PoTTc_ak/AAAAAAAAAAI/AAAAAAAAAAA/ACHi3rfgzcl0AYS1VouCoGdxuwfRYPkZRg/photo.jpg,Não consigo mudar de conta no Google play games preciso de uma solução estou perdendo tropas.,5,0,5.14.0,2019-12-18 03:47:40
70,Geova Rodrigues JúnioR,https://lh3.googleusercontent.com/a-/AAuE7mCqh13gpwIwWu00kp0PRs4THXKPHERRRRh2qF5ztg,"A 4 dias estou sem jogar.. devido a um bug No reino 2081, não tem como teleportar para este reino,mesmo castelo estando abaixo lvl5. Crie logo reino 2082",1,15,5.12.0,2019-12-03 22:09:10
71,anilton silva freitas,https://lh3.googleusercontent.com/-cp6TaMXY698/AAAAAAAAAAI/AAAAAAAAAAA/ACHi3reL0FfuGjbmhqHn-VWPnslUfIMWsA/photo.jpg,O jogo é bom porém tem muitos bugs não consigo ter acesso au centro de eventos pq está cheio de bugs,1,12,5.13.0,2019-12-10 22:43:32
72,Jéssica 22,https://lh3.googleusercontent.com/a-/AAuE7mDrLk9Ce0HzUqXum1rHE7w7Oo26uaMyzprrepbz,E um jogo muito bom e complexo só os pacotes q são caros poderia ser um pouco mais em conta.,5,11,5.14.0,2019-12-12 12:35:25
73,AlieGaming,https://lh3.googleusercontent.com/a-/AAuE7mDN83B2MXqNejNDMSYnfoK7b3I2wHY9dcSyzH4KDw,"Eu jogo COK à 3 anos, já mudei de aparelho muitas vezes, mas nunca deixei de jogar, recomendo, só falta aquela recompensa de 4 anos kkk, o jogo é top 😉",5,1,5.17.0,2020-01-04 01:22:27
74,noob famil frendili,https://lh3.googleusercontent.com/a-/AAuE7mCA4eRKUDaN1uPb-GnJKYt8gu_cFSW4s63RAt-sTA,Após última atualização não consigo mudar de contas vinculadas.,4,0,5.14.0,2019-12-14 04:04:08
75,ricardo silva,https://lh3.googleusercontent.com/-_El2JS50y2U/AAAAAAAAAAI/AAAAAAAAAAA/ACHi3rdZUSrnzLz5VyAUzhyDhnt6KRtl8Q/photo.jpg,"Jogo excelente, mais essa semana começou a bugar e está horrível de jogar, você entra e o jogo caí.",2,2,5.16.0,2019-12-28 22:22:07
76,conexão esfiha,https://lh3.googleusercontent.com/-bpRE6kXqtvI/AAAAAAAAAAI/AAAAAAAAAAA/ACHi3reJNiF36L8YD_hDpqGlOZ4KjbV_Uw/photo.jpg,Tá muito melhor que antes antes de 2mês tô p2 não foi necessário gastar dinheiro. Mais é obrigado pra não leva piza dos chias,5,1,5.11.0,2019-11-24 19:09:12
77,Vercrow_Trooper,https://lh3.googleusercontent.com/a-/AAuE7mCX_9KIn9c-fidwmpt889DoLYi6mb63igkhH1ua2Q,"No meu teclado nao aparece a opção de confirmar quando eu colo o codigo de ativação de um jogador antigo,aparece somenteo botão 'enter'",1,1,5.13.0,2019-12-10 15:52:26
78,Alguém UwU,https://lh3.googleusercontent.com/a-/AAuE7mB82E6TXVpac3NMc8itdIERTKQQiZA10s4osQFe,"Um jogo muito bom, mas tem de corrigir alguns bugs. Tirando isto é um ótimo jogo.",4,0,5.14.0,2019-12-11 18:51:06
79,Breno Henrique,https://lh3.googleusercontent.com/a-/AAuE7mCbDLIy8BHOCOK2ILiEkgzCqxIC2dQQLSn3tAFs,"Não estou conseguindo entrar no meu castelo. Está dando erro de rede constantemente, porém estou com acesso a internet. Por favor resolvam.",3,2,5.12.0,2019-12-03 19:39:38
80,Silvio Gomes,https://lh3.googleusercontent.com/-OzHXKn5EOtw/AAAAAAAAAAI/AAAAAAAAAAA/ACHi3rcRWbRbpI9T8nd01T-MeiLehdhxbA/photo.jpg,Só pode está de brincadeira né pede agente pra começar o castelo em um reino novo do zero quando você chega lá a maioria são p5 aí agente tem que começar do zero. Tá de brincadeira né que servidor novo é este,1,0,5.15.0,2019-12-25 10:55:34
81,Guilherme Silva,https://lh3.googleusercontent.com/a-/AAuE7mAQbHVMzUdLowT_TLu45aq3eZmBYp2gTC2neOY3,Olha o jogo é bom mais esses soberanos mais forte sempre tem mais privilégio de tudo.,3,1,5.19.0,2020-01-23 10:03:27
82,Rodrigo Ribeiro correa,https://lh3.googleusercontent.com/-tTLXU0eMTtA/AAAAAAAAAAI/AAAAAAAAAAA/ACHi3rduIAAwCyfnEOmHZzqYykI4TtqbbQ/photo.jpg,Experiência muito boa... Adoro esse jogo... Apesar de ser muito difícil ser top...,4,0,5.19.0,2020-01-26 09:41:22
83,Orochinho Gamer,https://lh3.googleusercontent.com/a-/AAuE7mBBa9Zx6w_xXn0WInqi3HnVA_HEvZOvzj51HweJ,Tá muito ruim tá tudo Difícil de pegar madeira etc..e ainda tem os fortes que sei lá se e te ataca quando vc tá crescendo AAA que ruim issso,1,3,5.15.0,2019-12-21 20:54:32
84,clemilton ossame,https://lh3.googleusercontent.com/-44BCICeUtkw/AAAAAAAAAAI/AAAAAAAAAAA/ACHi3rcmpTq1U2LYY6EYCwRzEneUuA8wSg/photo.jpg,"Travando direto, o que fazer? Não consigo atualizar e o jogo não reinicia, o que devo fazer?",5,0,5.15.0,2020-02-03 17:34:17
85,Éder player Mine,https://lh3.googleusercontent.com/a-/AAuE7mAAjl6CO2C8yGSAHsZ6pC-4m8wGJrU8d4fm03HS,Instalem esse jogo é muito muito bom .mas tem uma coisa que eu queria que mudasse que ficasse mais fácil para guerrear melhorem isso pô favor ...,5,63,5.13.0,2019-12-09 17:57:31
86,Guilherme Henrique,https://lh3.googleusercontent.com/a-/AAuE7mA3A099RKsyMgKTnfd9gQITtLOQ61dDxS7YwsIePg,Jogo muito ruim ele trava tem muitos bugs e o pior eles excluem sua conta depois de um tempo,1,0,5.14.0,2019-12-17 08:27:37
87,Davy Plamplona,https://lh3.googleusercontent.com/-LG06fMJvMAI/AAAAAAAAAAI/AAAAAAAAAAA/ACHi3reDqW7dY47rpJwzYTzOBnQvxFCFAg/photo.jpg,Jogo muito bom mas quando eu vou doar material de construção parece que não conta e eu ainda perco os materiais,5,0,5.16.0,2019-12-27 07:22:09
88,Rodrigo Ballego,https://lh3.googleusercontent.com/a-/AAuE7mBvU2nrtKGsZub3z_ixYx1fatRqzdbIUia8FxXi,O jogo e bom jogo a muito tempo só preciso de recursos para atingir o nível do pessoal se puder ajudarem agradeço,5,126,5.12.0,2019-12-03 14:50:59
89,Kesio De Jesus Carvalho,https://lh3.googleusercontent.com/a-/AAuE7mACHK841pcGrwm-794BlKZ0upfQrPqYeNL8-XL2,Amei muito top muito bom esse game gostei muito.Esse jogo é ótimo galera vocês tem que baixar é jogar esse game e muito legal.,5,0,5.15.0,2019-12-23 11:45:38
90,Paulo Geovani,https://lh3.googleusercontent.com/-m-8_UkdHHrY/AAAAAAAAAAI/AAAAAAAAAAA/ACHi3rcMp74xnUMIdDcictjZO7-HewrU1Q/photo.jpg,Vo deixar com uma estrela.porque desapareceu 40k de gold e até agora não me devouverao .,1,21,5.19.0,2020-01-27 16:28:12
91,RatoEspacial,https://lh3.googleusercontent.com/a-/AAuE7mDK5SKz5MImpI1PswOMKCva9SAD8yNTGZTQiFD1hw,"O jogo é extremamente bom, super divertido e bem interessante, o único problema que eu não gostei, foi a desigualdade, infelizmente quem gasta no jogo está anos luz a frente de evolução, chegamos ao ponto que quem não gasta só joga de escudo, o lema é o seguinte "" Tem quem joga e tem quem assiste""",3,61,5.10.0,2019-11-15 10:53:34
92,leidiane Viana,https://lh3.googleusercontent.com/a-/AAuE7mC4Hrja61p8-O_n2o2lFaPACp9paXRE8lHDaReCqA,"Hoje vou dar uma estrela! Quando vocês tiraram os bugs e ,pararem de pedir atualizações o tempo todo. vou dar cinco estrelas ok.",1,0,5.13.0,2019-12-14 17:55:29
93,Maycon Jean,https://lh3.googleusercontent.com/a-/AAuE7mBn9Rnw8pp5UGc8RyqqU5MLXx0rs5T9cV8F99DVMA,"Impossivel de jogar, travando demais, façam a orreção.",1,0,5.12.0,2019-12-03 23:36:11
94,Ston Bleid,https://lh3.googleusercontent.com/-He94FuINKmU/AAAAAAAAAAI/AAAAAAAAAAA/ACHi3rfIU4ynK7EUsiMk4mP0tTvTt9Omjg/photo.jpg,Meu jogo está com problema. Não estou conseguindo ver o evento guerra de reino,5,0,5.17.0,2020-01-07 06:09:52
95,Sandro Martins,https://lh3.googleusercontent.com/-PADWMMPntWU/AAAAAAAAAAI/AAAAAAAAAAA/ACHi3rdZalXvTgFfbePMQRJb4J9etVeKwg/photo.jpg,"Cadê o meu ouro? Perdi duas recompensas de 5.000 ouros, cliquei para receber e elas sumiram! Está difícil hein! Me ajuda aí cok!",3,0,5.12.0,2019-12-02 14:23:30
96,Alexjunior Jaldi,https://lh3.googleusercontent.com/a-/AAuE7mD-qBXcfJtTsgB07ZFJ2VJ6EIBfe7v9CPZlvws4wA,"O jogo é muito bom , o único problema é o preço dos pacotes e que os eventos não são desenvolvidos por questão de participação, mas sim em maneira que sempre favorece quem gasta mais e se mantém muito forte por gastar muito. Mas o jogo em si é bom , só deveria ser menos capitalista, proporcionando divertimento a todos, antes que muitos parem de jogar para ir para outros jogos similares.",4,176,5.01.0,2019-09-01 21:12:11
97,Antônio Coppolla,https://lh3.googleusercontent.com/a-/AAuE7mBUmb1LzRbl3Co3djP4IckhOZv6bOJjL7aL3N8m-A,"Não continuem jogando o COK. Este jogo é completamente PAY TO WIN (Pague Para Vencer) Mesmo se você decidir gastar seu dinheiro, nunca será suficiente. Não há equilíbrio. Você tem que dedicar praticamente 24 horas por dia ao jogo para cumprir as tarefas e poder evoluir. Eu caí na idiotice de gastar 1 mil dólares no jogo. Não façam isso. Não percam tempo da vida de vocês com este jogo.",1,98,5.09.0,2019-11-08 16:46:19
98,Fernandes Fernandes,https://lh3.googleusercontent.com/a-/AAuE7mApQ9EYIaKOzSx5dUOAl7hvKL3Zskies8cSqBSKyg,"Reino 595 p6 Greg Almighty, o jogo é bom apesar das falcatruas contra os jogadores nas roletas que dão prêmios, o cara nunca ganha o melhor prêmio, pvp é bom!",3,16,5.17.0,2020-01-02 16:04:07
99,Mateus Galanti,https://lh3.googleusercontent.com/-A66zBDp0mPA/AAAAAAAAAAI/AAAAAAAAAAA/ACHi3reES97F2eKH8QuLlyMqeWT4EtW2mg/photo.jpg,o jogo é muito bom mais depois de cada atualização o jogo fica sempre mais pesado,2,56,5.17.0,2020-01-03 20:49:51
