,userName,userImage,content,score,thumbsUpCount,reviewCreatedVersion,at
1,josiany rodrigues,https://lh3.googleusercontent.com/-JBJTYXb_H9k/AAAAAAAAAAI/AAAAAAAAAAA/AAKWJJOhSdt6oh2jqbW2ZmQHj-BwTZHk3g/photo.jpg,"Concordo plenamente com a opinião de que o jogo favorece os que compram fichas. Jogo esse poker a mais de 4 anos e ja comprei várias vezes no cartão de crédito e o app mim favorecia ao ponto de chegar a ter mais de 2 bilhões em fichas na carteira... Lamentável, Mais é verdade",1,0,21.92,2020-04-28 15:53:19
2,José Guilherme Magalhães,https://lh3.googleusercontent.com/a-/AOh14Giq91H8hMzXZCjqGpYP_jIbbnx5BgOjR_eFcWlm,Excelente entretimento,5,0,21.92,2020-04-28 15:34:28
3,Eduardo Pinto,https://lh3.googleusercontent.com/-Pj1u6bji3b0/AAAAAAAAAAI/AAAAAAAAAAA/AAKWJJOJbM3g65zANbsU4OJvSxniV38KDA/photo.jpg,Este jogo é muito bom tem um defeito os organizadores so dão fixas a quem querem ja jogo isto faz tempo e nunca sai jogos para poder apostar esta td feito perder sempre na última carta na se admite jogo controlado pela administração obrigado se continuar assim vou acabar com o jogo e denunciar nas redes sociais grande abraço ainda fazem pouco dos jogadores põem bônus extra de 1 milhão o jogador vai abrir a recompensa e não tem nada obrigado pela atenção,5,0,21.92,2020-04-28 12:59:06
4,Leandro Guerreiro,https://lh3.googleusercontent.com/a-/AOh14GinVwmTun5lANVhZ7LGPqGPY2VSEcb18Y7PKXcM,Tem q ser mais realista !,4,0,21.92,2020-04-28 11:22:30
5,Julia Nascimento,https://lh3.googleusercontent.com/a-/AOh14GgX_5ADZjDoGqdNx67iv5Zue22zQXhL0COakBwAOA,Melhor poker,5,0,21.92,2020-04-28 04:48:17
6,Felipe Albuquerque,https://lh3.googleusercontent.com/a-/AOh14GiY7PU2Dpi6oyKuCkF30FmTetg9qlZj_ST-5rBX,O melhor!!,5,0,21.92,2020-04-28 03:01:42
7,Kelly Salua,https://lh3.googleusercontent.com/a-/AOh14GjYJvYep3MK-8-cd2y09duTTH62ewSLhDDiFirkyBA,Bom,2,0,21.92,2020-04-28 01:36:13
8,Linda Souza,https://lh3.googleusercontent.com/-KSZvIfCp_ts/AAAAAAAAAAI/AAAAAAAAAAA/AAKWJJOmDgdbZuNSDHmvjSQcMJ8zlZc7ZA/photo.jpg,Bom site de jogo de poker,2,0,21.92,2020-04-28 01:13:43
9,Priscila Silva,https://lh3.googleusercontent.com/-lp-4DTXK0Jg/AAAAAAAAAAI/AAAAAAAAAAA/AAKWJJMIo1ss5aoJDkH09PJt3A26MDuIXQ/photo.jpg,Bom,5,0,21.92,2020-04-28 01:13:37
10,Gustavo Pereira Pinto,https://lh3.googleusercontent.com/-Yon8GHfXVEY/AAAAAAAAAAI/AAAAAAAAAAA/AAKWJJMgTRtD3qIh09B9DVH4gLmJ3U_z4w/photo.jpg,Legal,1,0,21.92,2020-04-28 00:46:38
11,Mardoni Baima,https://lh3.googleusercontent.com/-1qCtNmQySfM/AAAAAAAAAAI/AAAAAAAAAAA/AAKWJJOxsD-3n6iVP8jXo1f_RSvF1qcbAA/photo.jpg,To apredendo muito no jogo,5,0,21.92,2020-04-27 22:41:13
12,Gabriel Souza,https://lh3.googleusercontent.com/-Bug4X1UjHgI/AAAAAAAAAAI/AAAAAAAAAAA/AAKWJJPAPEBGDizKfOZy2dYvBuUF8Nihhw/photo.jpg,É bom,5,0,21.92,2020-04-27 22:35:33
13,Everton Haas,https://lh3.googleusercontent.com/-MRNwaiAo3Nc/AAAAAAAAAAI/AAAAAAAAAAA/AAKWJJM4XVxmebnfBbA0PqsIB-ZZHvPXYQ/photo.jpg,"Muito ruim, só trava no meio do jogo.",1,0,21.92,2020-04-27 22:22:05
14,Alipio Nunes,https://lh3.googleusercontent.com/a-/AOh14Gjyo-pfg6qbs8SXqibEsgAHE67TY61Ei1Ew-rrS,BOM,5,0,,2020-04-27 21:32:34
15,Hernâni Pereira,https://lh3.googleusercontent.com/a-/AOh14GiG4wWHsPdzwbSWqDrEWLG6FJyFzCHTuLccEHJ1mQ,"Gosto! Cliente certo! De certo a Cliente Certíssimo!!! E continuo!!! 😎😎😎 Com esta actualizaação vou comprar uma pipa e uns suspensórios, para ir para casa com alguma coisa em cima do corpo!",5,0,21.92,2020-04-27 19:47:45
16,Bruno Ascencão,https://lh3.googleusercontent.com/-69KTTMS_YaA/AAAAAAAAAAI/AAAAAAAAAAA/AAKWJJOj-4lBjrtPOD-62J7MsURZDCMVuQ/photo.jpg,Muito bom,5,0,21.92,2020-04-27 17:32:45
17,Rose Lugo,https://lh3.googleusercontent.com/-4GCHwReS84g/AAAAAAAAAAI/AAAAAAAAAAA/AAKWJJNlKDEhTOUitG3p3_ZgKMwkIp2NFg/photo.jpg,Boa,5,0,21.92,2020-04-27 15:31:02
18,Mairon David,https://lh3.googleusercontent.com/a-/AOh14Gj8lrBSlGtcO2pPis28tHkM6JCKSx2k2vkB6Pbm,"Muito bom. Sem anúncios indesejados, fácil de jogar, ótimo gráfico...o jogo é top.",5,0,21.92,2020-04-27 01:07:32
19,Ivonesteixeira56@gmail.com Teixeira,https://lh3.googleusercontent.com/a-/AOh14GgQ3jAmlTbKhqh_Y3E8AmLCu4d5-QuXRxhXwGcuWQ,Gosto muito...,5,0,21.89,2020-04-26 23:52:02
20,w.j Insulfilm envelopamento,https://lh3.googleusercontent.com/a-/AOh14GiR9P1WTn7E5XImJwWpnSwBtik9T76dv4wKjAtnqQ,top,5,0,21.92,2020-04-26 19:52:25
21,Carlos Damasceno,https://lh3.googleusercontent.com/a-/AOh14GigTSkATjFp2wsvsO_zGM_OC_FTByN-6RctYh9CWg,Muito bom,5,0,21.92,2020-04-26 19:50:30
22,osvaldo azevedo,https://lh3.googleusercontent.com/a-/AOh14GiEp8ROU09k-5nXRbbUFKcTV_fZ72ZQnntiv5rV,Não val nada não se vê as mãos dos adeversarios.,1,0,21.92,2020-04-26 17:38:31
23,Wallace Berdejo,https://lh3.googleusercontent.com/a-/AOh14GhPqCNlkGYS7cprBpVnNSbd722yv42D-mbh7l75VA,"Ótimo jogo e jogabilidade espetacular, aprendi tudo q sei por esse app.",5,0,21.92,2020-04-26 17:23:30
24,As Pattroas,https://lh3.googleusercontent.com/-feH6zJiFe84/AAAAAAAAAAI/AAAAAAAAAAA/AAKWJJNUjEEYUvbDmIn0vMHLu0GwVyIX1Q/photo.jpg,Muito bom,5,0,21.92,2020-04-26 17:18:30
25,Josemar Guimarães,https://lh3.googleusercontent.com/-V36CPdYtoqU/AAAAAAAAAAI/AAAAAAAAAAA/AAKWJJPirbreMpRmp52DL625mkJjU3o60w/photo.jpg,Muito bom pra pasa o tem,5,0,21.92,2020-04-26 14:49:52
26,JONAS M MACEDO,https://lh3.googleusercontent.com/-3CJAfc_DbIY/AAAAAAAAAAI/AAAAAAAAAAA/AAKWJJNMXNMG1le7s6Tk6beyZWAEdF2_bg/photo.jpg,🎆🎆🎆,5,0,21.92,2020-04-26 14:37:01
27,Ricardo Augusto,https://lh3.googleusercontent.com/-kK1QZP5GSkU/AAAAAAAAAAI/AAAAAAAAAAA/AAKWJJMFw15eNAF0pB2Ln_tKZIsNzXv7Pw/photo.jpg,Bom,4,0,21.92,2020-04-26 13:14:23
28,Nairam Xakal,https://lh3.googleusercontent.com/a-/AOh14Gj8b5d2O2_p9fGV6ZZWLM4UaOYsNFFwt2SO2I9SvQ,Jogo CHAVE,5,0,21.88,2020-04-26 12:01:00
29,Vladimir Magalhães Noronha,https://lh3.googleusercontent.com/-4c0hCOSBA74/AAAAAAAAAAI/AAAAAAAAAAA/AAKWJJMYT7e_avWo41gJ7BkLMI6yWyq-bw/photo.jpg,Muito bom,5,0,21.89,2020-04-26 09:06:14
30,Renato Luiz Carvalho da Silva,https://lh3.googleusercontent.com/-jjiIam1bVdk/AAAAAAAAAAI/AAAAAAAAAAA/AAKWJJMGcwXJNraTrkPXlkHLj0oWT4KNgA/photo.jpg,Muito legal esse jogo parece bem realista muito bom e bem fácil de jogar e todos pôde jogar com muita facilidade chama os amigos e vamos jogar,5,0,21.92,2020-04-26 07:52:27
31,Nadia Carolina Lares,https://lh3.googleusercontent.com/-ef0vb2xO1hc/AAAAAAAAAAI/AAAAAAAAAAA/AAKWJJMjc73sq9jJV0xKZ-Uh_0sG3L5H0Q/photo.jpg,E o pior jogo do mundo,1,0,,2020-04-25 21:17:20
32,Hugo Carvalho,https://lh3.googleusercontent.com/a-/AOh14GhHcgF9Egk6ff4UNaNPoZywYjp8Y0R-843s0Yiwkg,Muito bom,5,0,21.66,2020-04-25 17:35:04
33,Um usuário do Google,https://lh3.googleusercontent.com/EGemoI2NTXmTsBVtJqk8jxF9rh8ApRWfsIMQSt2uE4OcpQqbFu7f7NbTK05lx80nuSijCz7sc3a277R67g,Esse é ladrão... o pior e mais picareta vários mediadores que tiram seu dinheiro,1,0,21.61,2020-04-25 17:01:08
34,Hudson Henrique,https://lh3.googleusercontent.com/-8i0zdvB6ujo/AAAAAAAAAAI/AAAAAAAAAAA/AAKWJJPWOuiKXiXrktRvXYLBZNkcJLWD6w/photo.jpg,Bom,5,0,21.92,2020-04-25 14:40:31
35,Videos Malucos,https://lh3.googleusercontent.com/a-/AOh14GiDNdiZ20UhKO7-uwyrVRiulo5tZN32mRcBXPHD,"Jogo horrível ladrão sem caráter eliminatório e classificatório, que não tem nada a ver com isso não significa dizer que a borda da Rua São Francisco Xavier da Rua São Paulo para que não tem nada a ver com isso não é verdade ou mentira que não tem nada a ver com isso não",1,0,21.92,2020-04-25 12:59:57
36,Atemir Souza,https://lh3.googleusercontent.com/a-/AOh14Ghv5SpG4EXzW2DxUvJTT63xs3Ai2xBRbNYFJ3-35Q,Jogo super recomendado para quem quer de aprofundar em poker. Recomendo,5,0,21.92,2020-04-25 12:02:11
37,Fatovani@gmail.com Tovani,https://lh3.googleusercontent.com/a-/AOh14GgrjF7RX-FBCO0b68uPnkpDSCsS54TTEKOjPvEadg,"Ótimo, para.passar o tempo",5,0,21.89,2020-04-25 10:42:40
38,leonardo sena,https://lh3.googleusercontent.com/a-/AOh14GjpmOEXeQWHkjcmMwdYnOFnkp5ne3cHtPCAiv_Z,Ok,5,0,21.92,2020-04-25 03:36:43
39,Michelle Naimo,https://lh3.googleusercontent.com/-2KInIkMuATs/AAAAAAAAAAI/AAAAAAAAAAA/AAKWJJPkbsTZBSbJQrs_S_OJPCldKCfwnA/photo.jpg,Maravilhoso 🤪🤙,4,0,21.89,2020-04-25 01:40:45
40,Sergio Eduardo Astolfi Mendes,https://lh3.googleusercontent.com/-qg218jUPPkU/AAAAAAAAAAI/AAAAAAAAAAA/AAKWJJNwrLIoJy5Ph4KLLCf0oyt56z9xfg/photo.jpg,"Manipulado. Uma mão saí com KK, virou 7KK e o cara deu all in, adivinhem se ele fez straigth flush. Podem esquecer, mais um jogo manipulado.",1,0,21.86,2020-04-25 01:10:18
41,B S,https://lh3.googleusercontent.com/-RxGGTUL26co/AAAAAAAAAAI/AAAAAAAAAAA/AAKWJJMzhN45waLTzPU7kQGvYDc3J23cAA/photo.jpg,Bom,4,0,21.92,2020-04-25 00:21:02
42,Daniel Ferrao,https://lh3.googleusercontent.com/-tgoRabTTGYU/AAAAAAAAAAI/AAAAAAAAAAA/AAKWJJNjgwLUWuu_NvVr1GhkLDBPmoYycQ/photo.jpg,Da hr esse jogo surreal!,5,0,21.89,2020-04-24 21:30:39
43,Milla Lamborghiny,https://lh3.googleusercontent.com/a-/AOh14Gj59MaS2s_yr6aBQekT61Agp1mhr-OEzqjxueVBxw,Não tenho do que reclamar muito bom mesmo olha o conona vírus fique em casa jogando zynga poker 👏👏,5,0,21.92,2020-04-24 14:34:28
44,jonas ludwig,https://lh3.googleusercontent.com/-rIV7S8zhz_Q/AAAAAAAAAAI/AAAAAAAAAAA/AAKWJJNCvo7nKhWbffTP76JfP_md0eDrMQ/photo.jpg,"Jogo bom, de esperteza e viciante",5,0,21.92,2020-04-24 14:31:02
45,Rodrigo Picelli,https://lh3.googleusercontent.com/--mZ15_pbRak/AAAAAAAAAAI/AAAAAAAAAAA/AAKWJJMevUzR-_zQ7Lu8Qq_NNVyfICv2-g/photo.jpg,Muito bom,5,0,21.89,2020-04-24 13:24:33
46,Toco Foda,https://lh3.googleusercontent.com/a-/AOh14GgiVwSIuRN9kMUNkIwtVS1YWbZCA1jQjcgAwGOQ,Top,5,0,21.92,2020-04-24 10:57:56
47,Guilherme Strassburger,https://lh3.googleusercontent.com/a-/AOh14Ghwq0mwt2HxQp4vp4JaG68Roi5r9RYBgk2kFFnU,MUITO BOM!!!,5,0,21.92,2020-04-24 09:40:09
48,Michelle paula Evangelista dos santos,https://lh3.googleusercontent.com/-t9DO8rhzlls/AAAAAAAAAAI/AAAAAAAAAAA/AAKWJJOR4EZ6MmlIQMmkJMjHUJ7ovD6LCA/photo.jpg,Muito bom o jogo,5,1,21.92,2020-04-24 07:55:14
49,Tiago Nunes,https://lh3.googleusercontent.com/a-/AOh14Ggh0maY6eY8AFbPoyULXJMXKRKt9Zm_qd1xVSF5Uw,Muito bom,5,0,21.92,2020-04-24 07:41:25
50,Rogerio Alabi,https://lh3.googleusercontent.com/a-/AOh14Gi3WpMS3SWvb1_PMrfj8b6WkNxFUIc6bVHVSxXZc5c,Cada vez pior . . .,1,22,21.92,2020-04-23 12:49:51
51,Alex fonseca,https://lh3.googleusercontent.com/-sCyk93Rywrc/AAAAAAAAAAI/AAAAAAAAAAA/AAKWJJO2zNgHZkywXdyxWcfXXSxHC8WQnQ/photo.jpg,Muito bom,5,0,21.89,2020-04-23 12:05:59
52,Alexandre Galantini,https://lh3.googleusercontent.com/a-/AOh14Gju3c6AUTGk7uiUGHjWQdzR51Es4BncTFQT1sAxjQ,Muito bom,5,0,21.92,2020-04-23 00:48:37
53,Gilmar Freitas,https://lh3.googleusercontent.com/-nLk1C1UGYJg/AAAAAAAAAAI/AAAAAAAAAAA/AAKWJJN6l6Dvp_GU0wMG2n8N4-4LIKgdgA/photo.jpg,"Você senta na mesa para jogar, daí o seu adversário se levanta, daí tu pega e sai da mesa, e vai lá no lobby, e coloca jogados recente, daí seu aniversário que saiu da mesa, está lá no lobby te denunciando ou te bloqueando Com certeza, jogo muito top, só que, é muito boot é muito boot é muito boot é muito boot, que chato isso, Eles não conseguem ganhar da gente, sem ser com algum boot Muito obrigado Tchau até logo, só jogo Zynga Poker para me divertir com os boots , gosto mesmo Poker Star..,. ..",5,91,21.67,2020-04-23 00:27:06
54,Amauri Claudio,https://lh3.googleusercontent.com/a-/AOh14GiiKcgKe2Ls0PTkn5ssMRm96GtQmfq685oLqajN,Ótimo! Poderia ter torneios com troféu tbm,5,0,21.33,2020-04-22 22:43:59
55,Anselmo Salas,https://lh3.googleusercontent.com/a-/AOh14GhmqEiZVOY1NCYeuhFTkhyGvKD0GHY5SUDS-A3v,Mt bom parabéns !,5,0,21.13,2020-04-22 19:37:31
56,Emanuel Guerreiro,https://lh3.googleusercontent.com/a-/AOh14GiLHPyk8LrnzOVOoy8iwoZ6OcO0ddYVBalPlcDz9A,"Top!!! Mas encrava tooooodos os dias, pois todos os dias tenho que desinstalar e voltar a instalar já começa aborrecer.",5,0,21.92,2020-04-22 19:25:42
57,JOÃO PEDRO,https://lh3.googleusercontent.com/-gT5KKm4D5mw/AAAAAAAAAAI/AAAAAAAAAAA/AAKWJJNkBrAbb9IEoviHttZk3ohli_tz6w/photo.jpg,Ótimo,5,0,21.92,2020-04-22 19:17:54
58,Jovan Ramos,https://lh3.googleusercontent.com/-_QVO78h3pds/AAAAAAAAAAI/AAAAAAAAAAA/AAKWJJPUEpvqVgwp7Oy1nM81jH7TbyW6eg/photo.jpg,Muito bom,5,0,21.89,2020-04-22 16:25:16
59,Bruno Vezula Pirovani,https://lh3.googleusercontent.com/-DmYB8RwppxI/AAAAAAAAAAI/AAAAAAAAAAA/AAKWJJOthSjYfK9LukVlwmTYC4Q39XllVQ/photo.jpg,Acho o jogo um pouco rápido.,4,0,21.92,2020-04-22 15:14:37
60,Divino Guedes guedes,https://lh3.googleusercontent.com/-3C7tRK1G940/AAAAAAAAAAI/AAAAAAAAAAA/AAKWJJPXD_CxsXPv7Dnf8hc-b1XphudYrw/photo.jpg,Estou aprendendo muito é um ótimo jogo,5,0,21.89,2020-04-22 12:04:50
61,Adriano Silva,https://lh3.googleusercontent.com/-hQdlzcAaKf4/AAAAAAAAAAI/AAAAAAAAAAA/AAKWJJNzRVqLeMmTpMnATZL4f7dDQOIeDQ/photo.jpg,Recomendo muito bom o jogo.....,5,0,21.92,2020-04-22 08:50:10
62,Nailsondantas Naziazeno,https://lh3.googleusercontent.com/-Pk_olRipq3s/AAAAAAAAAAI/AAAAAAAAAAA/AAKWJJNBFKJ2gHIpfKQo_kFOvfHnERxZHw/photo.jpg,Bom divertimento e janhar fichas muito facil,5,0,21.89,2020-04-22 05:41:57
63,renato leitao,https://lh3.googleusercontent.com/-9ilhtAG-GZY/AAAAAAAAAAI/AAAAAAAAAAA/AAKWJJPIv_Liol0cQKRdQWZRCOBlR5BINg/photo.jpg,Muito bom gostei,5,0,21.89,2020-04-21 23:01:54
64,Edson José Benetti,https://lh3.googleusercontent.com/a-/AOh14GhFQDH2BXJ4H2FewaAqIIUBqDzukxI__yhllfLBUQ,"Excelente! Eu utilizo de forma recreativa... Não profissional, sem cash...",5,0,21.89,2020-04-21 21:39:33
65,Fernando Wagner,https://lh3.googleusercontent.com/-1fEOjaAr2Dc/AAAAAAAAAAI/AAAAAAAAAAA/AAKWJJM9LxCX2HMQNNnWkiaWVdPySXQJEA/photo.jpg,Pior jogo que existe jogo mais ladrão impossivel,1,0,21.89,2020-04-21 17:15:52
66,Silvio Mtz,https://lh3.googleusercontent.com/a-/AOh14Ghv88KjJFO9UqRR21w8NPYiS6F_dy00FTCLyxVErA,divertido,5,0,21.89,2020-04-21 17:05:04
67,PAULO FRANCISCO GALVÃO SANTOS,https://lh3.googleusercontent.com/a-/AOh14GgKiW7jcvYDT3NK6Gal9G34z1g7Ge9-EqQRzbT5,Muito ruim pois te dá fichas mas o sistema não permite você ganhar além de sempre ter um jogador que ganha pelo menos 85% das mãos!,2,48,21.89,2020-04-21 14:42:40
68,Gerson Behling,https://lh3.googleusercontent.com/a-/AOh14GgWjgOecRbkDK1PfpfT5WyS71dXSl6GcE4S8RB8_w,Top jogo muito bom era bom só tá travando não está funcionando todo bugado,5,0,21.89,2020-04-21 13:40:42
69,darvin fachini,https://lh3.googleusercontent.com/-Uktsukvyrmo/AAAAAAAAAAI/AAAAAAAAAAA/AAKWJJN6AFqWnSDeBMrpJP7GvFLepSgaKQ/photo.jpg,Está horrível... Fica travando a cada 5 segundos... Cheio de bugs,1,0,21.92,2020-04-21 11:59:47
70,Datena Kavaco,https://lh3.googleusercontent.com/a-/AOh14GiaNsJaSSrCEtUohNIb-n2z7IkCjjDtTTXWDA-c,Facil de jogar..ja avaliei,5,0,21.89,2020-04-21 08:53:25
71,Roberto Mota De Almeida,https://lh3.googleusercontent.com/-D0DpRt1hgAs/AAAAAAAAAAI/AAAAAAAAAAA/AAKWJJPFXJ3WH7C9U2advnYmZevtFfyVag/photo.jpg,Lixo lixo lixo lixo lixoooooooooooooooooooo,5,0,,2020-04-21 08:44:08
72,Maiara Denize,https://lh3.googleusercontent.com/-JBV2RLDJyPM/AAAAAAAAAAI/AAAAAAAAAAA/AAKWJJPwHIWBvGMTYvREqmRjOcVlxlyd9g/photo.jpg,"O jogo é ótimo, se vc não tomar cuidado, vicia 😂❤",5,1,,2020-04-21 01:04:34
73,Victor Cesar,https://lh3.googleusercontent.com/-AGGm61goEYU/AAAAAAAAAAI/AAAAAAAAAAA/AAKWJJPCLHFvd4GaJPWsoImjLh2MoLsLhw/photo.jpg,Esse jogo é um lixo as vezes vc está com as mesma carta q o cara e ele ganha ! Sem conta q mesmo vc tando com a mão boa isso não impor vc sempre perde,1,1,,2020-04-20 22:46:53
74,Aldeir Policarpio,https://lh3.googleusercontent.com/-m_HdXozY8ug/AAAAAAAAAAI/AAAAAAAAAAA/AAKWJJODYnkuM1Kz6YohPh88GpZDk4FHSw/photo.jpg,Ótimo jogo,5,0,21.89,2020-04-20 22:05:16
75,dante felipe,https://lh3.googleusercontent.com/a-/AOh14GhgQluKHl4BCcBdZCL-IziTxp1jWEzrC5Fm48RknA,U um dos melhores,5,0,21.92,2020-04-20 21:56:51
76,Alexandre Borges,https://lh3.googleusercontent.com/-h9rHoK2HHXA/AAAAAAAAAAI/AAAAAAAAAAA/AAKWJJOQNhOoWMnHFPLayy6dbYbq0diqEQ/photo.jpg,Grafismo muito bom!!!!,5,0,21.92,2020-04-20 21:19:45
77,Joseilton Romão Silva,https://lh3.googleusercontent.com/a-/AOh14GjwWHIykonr7FOJ52PkjYEjhAr2lsy5E_LJXujYyg,Jogo viciado e a Zinga nem se presta a responder...,1,0,21.92,2020-04-20 19:15:10
78,Maria De Lourdes Lordes,https://lh3.googleusercontent.com/-W3uy-1_Wv10/AAAAAAAAAAI/AAAAAAAAAAA/AAKWJJMtt5DsM04yhJ6XT73hzwPaRb-msw/photo.jpg,Bom,5,1,21.89,2020-04-20 19:01:25
79,Daniel Fernandes,https://lh3.googleusercontent.com/-umTq1PTdexg/AAAAAAAAAAI/AAAAAAAAAAA/AAKWJJPkt6lDp333-cbj449Fp1HCi_zQYQ/photo.jpg,"Jogabilidade muito boa, mas o jogo tem não na sorte do jogo, tanto tens muito € como perdes tudo numa ultima carta...",5,0,,2020-04-20 18:33:55
80,Cristiano Apostólico,https://lh3.googleusercontent.com/a-/AOh14GgkT45wccaMkO9krMgcFjyY8SOHfNARnn7_iNt9hQ,Lixo...quer passar raiva instale...,1,0,21.89,2020-04-20 16:35:48
81,Guilherme Garcia,https://lh3.googleusercontent.com/a-/AOh14Gjjy-_42loFMPtfGISu-9f4LYZTQLTlf6BoHvpK,Muito bom recomendo,5,3,21.89,2020-04-20 12:57:16
82,Debora Isnaine,https://lh3.googleusercontent.com/-eY6_Kn5jI6w/AAAAAAAAAAI/AAAAAAAAAAA/AAKWJJPPHt28DLjAENmx6SIoGhu308P-Og/photo.jpg,Ótimo,5,0,21.89,2020-04-20 12:23:54
83,JOSÉ ROGÉRIO DE LIRA,https://lh3.googleusercontent.com/a-/AOh14Ggna13MBEvyGlmaNp9OGZj72blcd7ac5COwRQ7-,Muito bom!,5,0,21.92,2020-04-20 00:11:28
84,BATALHA DA MATRIZ ZN BH Matriz zn,https://lh3.googleusercontent.com/a-/AOh14GjUF_bg7vXDXJenAtq_aR8_MkbvXp0cJ-CkIzhP,Otimo,5,0,21.89,2020-04-19 23:59:21
85,Valdir Nunes,https://lh3.googleusercontent.com/-uJcSowAuEh0/AAAAAAAAAAI/AAAAAAAAAAA/AAKWJJNvNWutQj19HFuangRBoGD30RQ5bQ/photo.jpg,Eu sou canpião ven jogar pra ver,5,0,21.86,2020-04-19 22:04:08
86,Nando Dias,https://lh3.googleusercontent.com/a-/AOh14GhZcVu32yJ56HC812M_dH7jkPqIeHnNOD2DJGjEXg,😍👍,4,0,21.89,2020-04-19 21:53:36
87,Ailton Bernardo,https://lh3.googleusercontent.com/-mB613dMmSNs/AAAAAAAAAAI/AAAAAAAAAAA/AAKWJJPMhsNdum53HXYzUc5j4E-l209YVw/photo.jpg,Ótima diversão,5,0,21.89,2020-04-19 21:52:25
88,Jeferson Henrique,https://lh3.googleusercontent.com/-gea6vQk6Bu0/AAAAAAAAAAI/AAAAAAAACOA/AAKWJJMutswcmYbbnY8rqkp5Y-V03iL_tg/photo.jpg,Zica,5,0,21.89,2020-04-19 20:44:51
89,luis fernando eckert,https://lh3.googleusercontent.com/a-/AOh14Gjd_cVKiDVI13N4VX81coJd_NAP2W_PbzsorCgEjA,Ótima,5,0,21.89,2020-04-19 20:38:42
90,Jorge enrique Navarrete,https://lh3.googleusercontent.com/-7cpZuhMw_tU/AAAAAAAAAAI/AAAAAAAAAAA/AAKWJJPEziBU9WIiAySBYwmh8WRwjsSvoA/photo.jpg,Bom de mais,5,0,21.89,2020-04-19 20:30:47
91,Cláudio Cabral Cabral,https://lh3.googleusercontent.com/-wxTeD6Q4HWI/AAAAAAAAAAI/AAAAAAAAAAA/AAKWJJOl3fbGSm7-SFO0Wn9U1cQzVFAdwg/photo.jpg,Muito bom,5,0,21.89,2020-04-19 19:04:44
92,Natalio Guimarães Teixeira,https://lh3.googleusercontent.com/a-/AOh14Gj15sl3ZQcWDFVReDpD5Z78gPzuoxzo8man5s2H,"Bom, bom.",5,0,21.89,2020-04-19 17:28:37
93,ᾤῙῖῖῙᾴῇ ꞖꞦ,https://lh3.googleusercontent.com/a-/AOh14GiWKqZLwZ3DdiU9p4EZLRWqPwOfYr0dVlrIfSxKGw,Jogo muito roubado n tem graça jogar n!!! Pior jogo de Poker de todos os tempos!! Parabéns para o desenvolvedor.....,1,1,21.89,2020-04-19 16:41:33
94,dani screed,https://lh3.googleusercontent.com/a-/AOh14GgxGMbgCZWej-H_X68AvfCyjYAkl-TA8XfckcF2Xw,Muito bom!,5,0,21.89,2020-04-19 14:21:00
95,Diego Vargas Mello Diego,https://lh3.googleusercontent.com/-t8JKm1ZEsXA/AAAAAAAAAAI/AAAAAAAAAAA/AAKWJJOu7NPtXqB2QoGiEX5lpf82BZmwFg/photo.jpg,Top,5,0,,2020-04-19 13:24:12
96,Mataloto Norberto,https://lh3.googleusercontent.com/-SmTWmDE8Svc/AAAAAAAAAAI/AAAAAAAAAAA/AAKWJJOUBkQh6RF_LZpqlNTvqff14CYwCQ/photo.jpg,👍,5,0,21.89,2020-04-19 12:51:56
97,Emanuel Costa Silva,https://lh3.googleusercontent.com/a-/AOh14GibP9tvu9wo6r4oIzNenTqCJyLGLV-JwU6M8d6iow,Delícia de brincadeira,5,0,21.92,2020-04-19 11:57:46
98,Othon Armada,https://lh3.googleusercontent.com/a-/AOh14GgFvcwVgdlfWz6Eppoqd1VNpO5yIrleLyGvoprQYw,"Para quem quer aprender a jogar Poker, um ótimo jogo e existente distração.",5,0,21.92,2020-04-19 08:05:04
