,userName,userImage,content,score,thumbsUpCount,reviewCreatedVersion,at
0,Bárbara Tiemi Moraes,https://lh3.googleusercontent.com/a-/AOh14GiNgVBe4b3urqyIJlEdjXp5i28rRxC9aa7hOoYo5_E,"O jogo é muito bom e divertido. Porém depois da última atualização, está bem difícil de jogá-lo, pois do nada trava e o app fecha sozinho. Já perdi inúmeros baús, prêmios, inclusive em altos andares do elevador (depois de gastar gemas), tive que reiniciar fases do chefe, batalhas... Sem contar com as diversas propagandas (enganosas) de jogos como homescapes a cada 3 minutos. Por gentileza, analisem as avaliações, pois vi vários jogadores insatisfeitos pelos mesmos motivos. Aguardo retorno. Obg",4,352,2.41.0,2020-05-23 11:42:56
1,Rayssa Santos,https://lh3.googleusercontent.com/a-/AOh14GjPis31pB6k7WqSiff09OO2QygUGbX29FZLukMV,"O jogo em si, é muito divertido, o tempo passa voando quando jogo ele,as como nenhum jogo é perfeito ele da uns bugs na hora de carregar os anúncios, eu sei que não é o meu celular pois ele é novinho, mais de qualquer jeito vcs fizeram um jogo muito bom! Vcs deviam aproveitar a oportunidade e poderiam adicionar mais personagens, um urubu, o mega águia e etc. Esses personagens poderiam ser desbloqueados com duas chaves, mais isso é escolha de vcs, e é só isso, obrigado pela atenção.",4,307,2.41.0,2020-05-24 17:36:23
2,"Denis de Franca, As Toiçinhas Torradas.",https://lh3.googleusercontent.com/a-/AOh14GiHKICaF2s6n5JZCRXV3X17Q_lZ0DLI241tVR26,"Eu acho esse jogo muito legal já não é de hoje que eu jogo ele, porém ele tem alguns defeitos, aparece vídeo desnecessário toda hora até depois de realizar o nível, as recompensas não estão tão boas assim, a quantidade de gemas das missões é escassa o desafio diário tem muitas fases que são bem difíceis, até no nível aonde tem o chefe e depois dessa atualização ele dá muitos bugs até no meio da jogada, e eu peço que vocês corrigam esse problemas.",3,429,2.40.4,2020-05-15 15:29:28
3,Pedro Lucas Carvalho,https://lh3.googleusercontent.com/-qDWRQT6NeVc/AAAAAAAAAAI/AAAAAAAAAAA/AMZuuclQKk0MNb-cjx24L4IHJoNBm2agjg/photo.jpg,"Olha,o jogo é muito bom só que poderia ter personagens lendários como:um gavião,o mega águia,um grifo,uma phoenix,um hipogrifo,um abutre,um urubu e uma coruja.Ah!e também,poderia colocar galinhas,patos,perus,pavões,e capotes.E também esses animais estariam nos poderes ou nos personagens.E se vocês quiserem ROVIO,eu posso até ajudar vocês a criarem novos personagens e poderes.",5,206,2.40.4,2020-05-19 17:38:04
4,Gabriel Paiva,https://lh3.googleusercontent.com/a-/AOh14GiytHXoVLnzZ095aUpx-ORPOIuJXvV7l1odPusg2g,"Mto legal! Ainda lembro do 1º jogo, mas esse agora tá muito legal! Gostei muito do Prateado (ou Prateada, o nome muda em algumas partes do jogo, mas Prateada seria legal, tá precisando da mais mulheres)! Eu também gostaria muito de poder usar fotos de minha galeria em meu perfil, pq eu queria usar um Bubu, mas a única foto disponível que achei desbloqueia muito longe de onde estou. Fora isso, muito legal! Desejo muita sorte pra vcs que fazem o jogo e que vcs consigam sempre melhorar! Parabéns!",4,17,2.40.4,2020-05-19 13:26:25
5,duda lima,https://lh3.googleusercontent.com/a-/AOh14Gie_slx0PjLeCBHx7LhcD-CMxP7tnIGdUUqwpWcNQ,"Eu simplismo amo esse jogo. Porém os valores dos pacotes com pedras é muito caro! Seria mto show também, se fosse possível acumular as armas que não fossem usadas,já que elas nos custam mto!! Se não fosse esses detalhes, daria 5 estrelas.",4,54,2.41.0,2020-05-19 09:33:55
6,Raquel Argolo,https://lh3.googleusercontent.com/-X5SMS2z6P4g/AAAAAAAAAAI/AAAAAAAAAAA/AMZuucmTunhKb_9HiACWlpD1uM_hqAv8kg/photo.jpg,"Eu amo esse jogo... mais eu acho muito injusto que a arena coloque oponentes que tenhas um poder de pássaro muito maior do que o meu,desse jeito fica impossível ganhar...e também quando chega em uma determinada fase do jogo vc precisa ganhar mais de 30 mil plumas pra subir o passar o de nível, sendo que o máximo de plumas que vc ganha é 2.000 e olhe lá... fora isso o jogo é viciante... quando resolverem isso eu dou 5 estrelas",3,10,2.40.4,2020-05-21 16:30:32
7,Dani Braga,https://lh3.googleusercontent.com/a-/AOh14GixhzM3G8P-574MUZckfc9OoBk27KxaBe83munKLYE,"O jogo é ótimo! Mas só é possível jogar pagando! Mesmo que fique jogando o dia inteiro, é praticamente impossível juntar todas as maçãs necessárias para alimentar o filhotinho... Isso é frustrante! Aumentem as chances de se conseguir maçãs no jogo, por favor! Obrigada!",3,8,2.41.0,2020-05-28 23:25:27
8,KATHYLLY Luiza,https://lh3.googleusercontent.com/-8mmjuTToCE0/AAAAAAAAAAI/AAAAAAAAAAA/AMZuuclPTbAkGfyxvmtYUritBvvg5vhAHA/photo.jpg,"Realmente a ARENA está muito frustante o poder do meu bando as vezes e maior q o adversário mesmo assim quando lançado a carta dele com o poder menor q o meu ele ganha 10× q mais q o poder do meu pássaro ,sem falar nesses vídeos q aparecem do nada e sempre volta a tela inicial aí se perde o jogo por completo 😒 e outra coisa prq em menos de 20 dias pede pra atualizar o app em aff atualização q só credo",3,27,2.40.4,2020-05-19 10:46:27
9,Pedro Luís,https://lh3.googleusercontent.com/a-/AOh14GgBZmDDFo7BPGqCE4fY08UeBgv9Zm-GKP_wD-WNVQ,"Está atualizando demais. E nessas novas atualizações os vídeos dão bug, e isso atrapalha demais na jogabilidade, um monte de vezes na arena PvP eu fui ver anúncio e não carregava, eu quero que vocês melhorem isso! E eu gostava mais mesmo era do primeiro Angry Birds. Esse sim era bom",3,31,2.41.0,2020-05-19 08:56:49
10,Marina F.,https://lh3.googleusercontent.com/a-/AOh14GhzffAnfrfaAIu8PshCSYRu_KISEVSEx6T4ENt6,"Muito cheio de coisas... Fica abrindo mil atividades diferentes, juntar chapéus, juntar maçãs, alimentar pássaros... Eu só queria o básico, um jogo que carregasse o estilingue e os porquinhos e você ia passando de fase, como era na versão número 1. Agora fica cheio de firulas e se torna entediante esperar tudo acontecer pra poder finalmente jogar.",1,83,2.41.0,2020-05-23 23:12:35
11,Julia Brenda Miranda Araújo,https://lh3.googleusercontent.com/a-/AOh14GhWOfv9v4VCv4tfYBGZNPaiPWftoe6UrOkCLNyo,"Os vídeos depois da atualização não aparece a opção [x] para clicar, principalmente nos vídeos do Tik Tok 😑, e aquele vídeo de um jogo de um avatar com uma arma na neve, fica repetindo várias vezes. Sem contar que depois que assiste o vídeo o jogo fecha sozinho.",3,38,2.40.4,2020-05-18 23:06:13
12,El Espanholo,https://lh3.googleusercontent.com/a-/AOh14GijYrU_GMP-BXdiR10AstY-0NJBZpW-afetOpLgbg,"Voltei a jogar depois de muito tempo, é aparentemente o jogo melhorou muito e é mais divertido. O único ponto ruim é a quantidade de anúncios que agora aparecem em quase todos os jogos da Rovio (jogo Bad Piggies e Angry Birds transformed também), apesar de que nesse aparecem uma quantidade menor.",5,66,2.40.4,2020-05-18 19:16:30
13,Eduardo Amorim,https://lh3.googleusercontent.com/a-/AOh14GhBFCwikObdCHNFyG25NIQBHI55GlaQE2zc9jVPMg,"O jogo é bonito mas se tornou um caça-níquel, muita poluição visual e muitas regras, fugindo da simplicidade dos jogos casuais anteriores. O som para de funcionar de repente, sendo necessário reiniciar o jogo para que funcione novamente.",3,2,2.41.0,2020-05-24 09:14:47
14,Maria Antonia,https://lh3.googleusercontent.com/a-/AOh14Gh7LTjG77Ii2ksYnlcT2czN4NB7m32NN7egNdsEZA,"O jogo é bom e não é de hoje que eu jogo,mas tá dando bug, na antiga atualização eu perdi a inscrição do clã, perdi 250 maças, o meu filhotinho que estava em um ótimo nível, o nível que era 180, os perfis, as jóias que eram 110 e as pérolas, por favor arrumem isso por favor....",3,30,2.40.4,2020-05-19 13:14:47
15,Laura Souza,https://lh3.googleusercontent.com/a-/AOh14GiZrAGPC1M3uYB-Tn-h2XQJtc0fOIcyxjPdmwJ1Zw,"Gosto do jogo, mas ele tá travando. Qndo sai do anúncio, trava, se eu minimizo, trava. O som às vezes sai tbm. Pensei que fosse só no meu celular, mas pelo q vi, não é.. Agora, pela segunda vez vou perder meu pássaro, pq não consigo juntar maçãs suficientes pra alimentá-lo, não tem como conseguir maçãs..",2,35,2.40.4,2020-05-14 17:13:59
16,Arthur Bernardo Messias,https://lh3.googleusercontent.com/a-/AOh14Gh-KenR1MdoZtoFOLZL55KTRWpHi2ssRPKDzA88,"Perdi meus dados, abri tópico no próprio jogo como indicam, pedindo ajuda e até agora nada. Mandei email entrando no site da rovio (mandei email em português e inglês) até agora nada. Faz um mês que não posso jogar e ajudar meu clã porque a empresa não presta suporte... Complicado Resolveram meu problema e tive minha conta de volta 👏🏻👏🏻",5,4,2.40.4,2020-05-18 18:36:24
17,Felipe Lima,https://lh3.googleusercontent.com/-v_hCfV4dk2I/AAAAAAAAAAI/AAAAAAAAAAA/AMZuucmbS8AsknLvqaq3BEUJ1JolmbqLPw/photo.jpg,Ate que eu gosto desse jogo mas pra mim ele tem um problema que me deixa muito chateado. O passarinho do nivel 2 para o 3 aumenta 15 maçãs. E infelizmente pela segunta vez eu vou perder todo o meu progresso pq nao consegui o tanto de maçãs que preciso 23/25 pq o jogo te da poucas maçãs comparado ao tanto que vc precisa,3,9,2.40.4,2020-05-12 18:44:01
18,Rui Figueiredo,https://lh3.googleusercontent.com/-SoyQT3YBxgA/AAAAAAAAAAI/AAAAAAAAAAA/AMZuucm9j7w5VmuxdMpbZh40S_InpfbYsA/photo.jpg,"Cai constantemente... a cerca de dois anos a minha avaliacao era de 5 estrelas. Atualmente é de 2 estrelas..... A tendência é ir abandonando o jogo..... Demasiada publicidade. Bloqueio do jogo a meio dos torneios, torna-se ingrato continuar a jogar..... ja vi dias melhores no angry birds 2",2,6,2.40.4,2020-05-11 14:51:27
19,Ana Clara,https://lh3.googleusercontent.com/-inUXUnzxWK0/AAAAAAAAAAI/AAAAAAAAAAA/AMZuuclgJufnLAPv9idpt6HEddxcPgoOHA/photo.jpg,"Bom,no começo ele deu alguns bugs ,mas daí em diante não aconteceu nada mais. Ele é um jogo excelente,tem chapéis pra comprar pros pássaros, também pode criar um passarinho e vc dá um nome pra ele .....etc. Resumindo:é o melhor",5,11,2.40.4,2020-05-08 09:26:54
20,Frank Junio Oliveira,https://lh3.googleusercontent.com/a-/AOh14Gh5sLw-jV932r_1zd2PJhIVT1OgEgu59h4FKRUFZQ,"O jogo é bom sim, mas na minha opinião as fases são muito fáceis, vocês deveriam dificultar mais as fases para não conseguir 3 estrelas sem muito esforço, mas o jogo é ótimo assim mesmo.",5,0,2.41.0,2020-05-31 21:53:33
21,Didi Marques,https://lh3.googleusercontent.com/a-/AOh14GiUJrJJE7S1O_TLmZHGfqymj8-CJqO53IZNiZo4tw,"Já perdeu a graça esse jogo, até gostava dele bastante, mas toda semana tem que atualizar, toda semana, sem falar que agora trava mais que tudo, as vezes tô em uma batalha e acabo perdendo sem á partida nem terminar por conta do celular travar. Tá muito chato. Podiam parar de atualizar toda semana...",3,21,2.41.0,2020-05-20 00:55:26
22,Leonardo Telles,https://lh3.googleusercontent.com/-eCy7mH24pdQ/AAAAAAAAAAI/AAAAAAAAAAA/AMZuucmA1-4Ks5l8_0_oxedBQvQFIaPeWg/photo.jpg,"Comprei um pacote promocional e não recebi o produto. Comprei um segundo, mais barato, e esse entrou no jogo. Qualquer um que tiver o azar de travar a tela enquanto efetiva a compra vai acabar tendo prejuízos com esse bug.",1,20,2.40.4,2020-05-09 02:35:27
23,Paulo Monteiro,https://lh3.googleusercontent.com/a-/AOh14GiXjVqLkApX2fJUQoBPal_VJa9vfIYPwftxxPAM,"Muito bom, divertido, gráficos excelentes.Só gostaria que as armas não desaparecessem, mesmo quando não as utilizamos. Também acho excessivo o preço de alguns pacotes. Caso apresentem essas melhorias darei 10 estrelas...",5,6,2.41.0,2020-05-22 16:42:34
24,Gabriel Poncio,https://lh3.googleusercontent.com/a-/AOh14GieeY1z7T5P8-EbPzIazNsstWkrx-fayVtkhX0X0g,"Belo entretenimento ! Jogo bem desenvolvido, com gráfico bacana, métodos de evolução tanto dos personagens como dos estilingues, desafios e torneios ... Parabéns ! Eu que venho da época do Mega Drive fico impressionado de como as coisas avançaram .",5,87,2.40.4,2020-05-08 09:08:51
25,Wallison Costa,https://lh3.googleusercontent.com/a-/AOh14GjFVh4uV3t-05-XnZkk2qydlXjSgeu8eoXzZvc8,Estão pedindo para atualizar com muita frequência e cada vez que é atualizado o jogo fica pior já ganhei em batalhas mas na hora o celular trava e quando volta diz que o adversário ganhou e eu perdi por enquanto não merece nenhuma estrela,1,0,2.41.1,2020-05-28 11:04:35
26,Martin Simas,https://lh3.googleusercontent.com/a-/AOh14GhuUtDLapV4rsieO2qiZNjRy29x4vCwRHPpKXTv,Propagandas de 30 segundos a todo momento e te obriga a baixar atualizações. Diminuí mais ainda a avaliação pois o jogo não tem fim. Passei da fase 1000 e ainda tem jogo. Mais do mesmo.,1,4,2.40.4,2020-05-17 13:39:39
27,Leonardo P.Manfroi,https://lh3.googleusercontent.com/a-/AOh14Gi2rMFxDeZUguvpbH4TPMHGU4Fd5w9qDCjUPE3qqA,"O jogo é bom, porém, eu estava nas recompensas dos andares aí eu cliquei pra assistir o vídeo pra continuar jogando. Acabou o vídeo, o jogo ficou numa tela preta e não sai até que eu saia do jogo e entre novamente.",3,6,2.40.4,2020-05-13 19:49:08
28,Eliane Campelo,https://lh3.googleusercontent.com/-UwC3YINL3i0/AAAAAAAAAAI/AAAAAAAAAAA/AMZuuck3t_AgG5Cb15LNtJ-oUbq4iGSRYg/photo.jpg,"Esse jogo era bom! Ele sempre dá bug com esses anúncios, principalmente quando vc está ganhando algum prêmio...(como na ronda da fortuna, sempre dá pau aí vc perdi tudo o que ganhou)aff...",1,2,2.41.0,2020-05-26 16:13:48
29,Pedro Paulo WalkeR,https://lh3.googleusercontent.com/-XyE33e6n-u0/AAAAAAAAAAI/AAAAAAAABQs/AMZuuclNWw_QfxyL9SgD78Z1ZH9cEJCYLQ/photo.jpg,"Jogo programado para fazer as pessoas não ganharem e deixarem elas frustradas para que assim elas gastem dinheiro. Não percam tempo com esse ""aplicativo"". Dando uma estrela apenas porque sou obrigado.",1,8,2.40.4,2020-05-12 13:53:14
30,Cade Onde,https://lh3.googleusercontent.com/-4EKpOUXgKE4/AAAAAAAAAAI/AAAAAAAAAAA/AMZuucm9_D55GviEpGOZsiTmieGZ7e639A/photo.jpg,"Muito bom e divertido, sem a gente ter q fica gastando dinheiro real, e n é tão complicado de entender o jogo e como evoluir nele, e tmb n fica mostrando muita propaganda, muito bom!",5,4,2.40.4,2020-05-16 16:49:29
31,cleyton luz,https://lh3.googleusercontent.com/a-/AOh14GibkyFobrSr67v4C8vcJgSqubmsj7NasmsVqTZuw2k,"Os pássaros que sobram, deveriam ir para a próxima fase, os poderes deveria poder usar também na fase do porco rei e pra conseguir mais moedas, no mais o jogo é excelente",4,6,2.40.4,2020-05-08 10:03:14
32,Letícia e Guilherme Rocha,https://lh3.googleusercontent.com/a-/AOh14GjmKBRhDKB0feIsvXzpKM_zFdVNWDFlntjckD4S,"Eu gosto muito desse maravilhoso jogo! Mas, gostaria que na torre da fortuna tivesse um andar com porco e um sem porco! Já tenho um clã com 50 jogadores e este jogo, com um milhão!!!",5,6,2.40.4,2020-05-07 14:20:52
33,Rayca De Sousa1234,https://lh3.googleusercontent.com/a-/AOh14Gi1kvrARGfzcJw1mJLllMEovutsg3oZUa3sS0F3,"É muito legal mesmo ! Pra mim, eu mesmo avalio este jogo! Gráficos super ótimos e o espaço + ou -. Super recomendo vcs jogarem ! 🌸 Gostei desse jogo..🤞🏻",5,0,2.41.1,2020-05-27 12:07:10
34,Lucimara Agrella,https://lh3.googleusercontent.com/a-/AOh14GilaBe7FdKcRMuLdcbkzRMxiC38Ut_FrA6d6fw-6w,"Toda semana tem atualização agora?? O QUE ACONTECEU COM O JOGO?NÃO QUER ABRIR MAIS Eu adoro esse jogo Pena que não está abrindo, fora que consome muito a bateria.por favor estou pedindo ARRUMEM isso, pra que eu possa jogar.",3,4,2.40.4,2020-05-19 15:51:10
35,Eduardo Araujo,https://lh3.googleusercontent.com/a-/AOh14GimBqKLS6-EODEz4eULjWEy-qHjYe9YW1eVeJr2,Vários Adversários Fazendo Trapaça na Pontuação dos Pássaros e Não vê isso?? Jogador Com todos os Pássaros Com poder acima de 130 Eos pássaros nem estão com Chapéu de Força. Jogo Bugado. Várias vezes Joguei Peguei Maçã e não Foi Contado. Tá na Hora de Melhorar o Jogo,1,11,2.41.1,2020-05-28 21:44:05
36,Bruno Eduardo,https://lh3.googleusercontent.com/-KTPNZfOuKhY/AAAAAAAAAAI/AAAAAAAAAAA/AMZuuclW5rvwqGe1OcdMFTJcwHVFCQ2yfg/photo.jpg,"Jogo muito bom, super recomendo! Porém ele é lento para carregar as fases e até mesmo para abrir o menu. O que acaba desgastando um pouco a vontade de continuar jogando .",3,3,2.40.4,2020-05-19 06:04:40
37,Wellington Dodge,https://lh3.googleusercontent.com/a-/AOh14GjfMrweiRrC598u04hW3Dy-ugfABJv332lCf9gDAA,"O jogo é bom, mas de um tempo pra cá começou a travar, reiniciar, e até mesmo chegar ao ponto de ter de reinstalar, um jogo q já foi o maior da loja agora é só relatório de bug.",2,3,2.41.0,2020-05-19 11:19:58
38,BIELZEXPERT Tutoriais,https://lh3.googleusercontent.com/a-/AOh14GgBUqGm75zmUvfPzcCy3dQeDfAclTy1DNH7kkqzsg,"Muito bom esse angry bird o problema é que tem o sistema de energia e que você não pode jogar sempre,tem que esperar mas fora isso o jogo é sensacional",5,0,2.41.0,2020-05-25 23:01:38
39,Édrian Alisson,https://lh3.googleusercontent.com/a-/AOh14Gj-UhhAT-zIReBdlSgsrE8VhzmQ694yy8aUZ0jm,"Jogo mt bom pra passar o tempo , o esquema d evoluir os pássaros é devagar, mais é disso q curto , quando mais lento mais trabalho precisa. Única coisa q qria q melhorasse era os confrontos de Clãn , pra tipo ps player do mesmo clã pode trocar algo ou ajuda sla",5,2,2.40.4,2020-05-13 23:26:49
40,Chrys Lopes,https://lh3.googleusercontent.com/a-/AOh14GgMNvSZODqzxEDMf7ExSwYiqXq0Ds-SE5X0tnNSDw,Atualizações totalmente desnecessárias vidas que vão se perdendo e não se pode recuperar estão modernizando afim de fazer o jogador gastar dinheiro para conseguir vidas A ultima versao isso não acontecia Minha opiniao essa atualização ficou horrivel não recomendo que baixem!,1,5,2.41.0,2020-05-19 12:37:33
41,Geovana Rodrigues,https://lh3.googleusercontent.com/a-/AOh14GhmNK2DMyx8sPNfa9bgmv9TaYpMA5CPJ2emzOZcTQ,"Ja tentei atualizar varias vezes ,mas fica carregando. Tem espaço na memoria no celular e a conexão com a net ta otima. Gosto muito do jogo mas desse jeito fica dificil né",3,0,2.41.0,2020-05-30 00:14:59
42,Rocha Silva,https://lh3.googleusercontent.com/-arVXQfdx-vA/AAAAAAAAAAI/AAAAAAAAAAA/AMZuucnf7zyOx9hYmX7NZ7I046CuQbtZ5A/photo.jpg,Já perdi meu progresso três vezes tendo que começar do início e mesmo comunicando o suporte não resolveram e as vezes não dá o prêmio conquistado na disputa de clãs.,2,3,2.40.4,2020-05-18 15:12:03
43,Luís Felipe Morenno,https://lh3.googleusercontent.com/a-/AOh14GhLtMw3NNIuoI7XNKvdNqq-2Wg_ahmvxMDugW5rzw,"É divertido, inteligente, mas os valores para você obter progressos são exorbitantes e beiram o ridículo.",4,3,2.40.4,2020-05-08 12:47:24
44,Emerson Marques,https://lh3.googleusercontent.com/-S0WQVrCX6D0/AAAAAAAAAAI/AAAAAAAAAAA/AMZuuclSEJ8uNH16xbk6BJ5UKDS8CiYEPQ/photo.jpg,"o jogo é bom , gostei muito da jagabilidade e dos graficos, porem apos uma partida ele fica sem som , espero que vcs desenvolvedores ageitem isso.",3,0,2.41.0,2020-05-24 23:54:08
45,Lorraine Avelino,https://lh3.googleusercontent.com/-zB03xAlaafg/AAAAAAAAAAI/AAAAAAAAAAA/AMZuucmrwVo6mwMBbOfd4Gbne8aGoRZPyw/photo.jpg,"Triste, mas tenho que deixar minha opinião aqui antes de desinstalar o App. O jogo em si é magnífico mas as propagandas travam o jogo... Aí não dá pra jogar! Toda hora tem que fechar o App e abrir de novo, fica chato",4,3,2.40.4,2020-05-17 02:44:29
46,hrnq games,https://lh3.googleusercontent.com/-bRtPFT1IXBg/AAAAAAAAAAI/AAAAAAAAAAA/AMZuucmMhqYKDbKzYKs0S0kYbtso5HFU-w/photo.jpg,"Muito bom mas tem um bug/Gligh que quando desbloqueou um novo pássaro a tela fica estranha. Como não consigo mostrar a imagem do print, Mas testem no jogo de vocês",5,0,2.41.0,2020-05-24 20:43:45
47,Paulo Businaro,https://lh3.googleusercontent.com/a-/AOh14Gg-B8Ad1ex5RrnupdP0XTVaYyODXmIHlHKUL3g_1Q,"Em algumas salas não existe estratégia possível para derrotar o chefão, a nao ser gastar diamantes, que são muito caros. Deixa a desejar nisso, o resto ta bom!",3,0,2.41.0,2020-05-19 06:42:28
48,Debora Franklin,https://lh3.googleusercontent.com/-jJI7ntvceT8/AAAAAAAAAAI/AAAAAAAAAAA/AMZuucklA3EkB0socpHY_TY896zokLRUHQ/photo.jpg,Atualização sempre pede mais e mais espaço! Que saco!!! Muito video de propaganda que não fecha.. Um jogo bom que poderia ser muito melhor,2,0,2.41.0,2020-05-28 22:14:33
49,Leo Schettini,https://lh3.googleusercontent.com/a-/AOh14GhmdKLjolnji80hOZf4F1fjdC5-LW8qHf8PG8GvBw,"Muito poluído visualmente a tela de entrada. Eu gostava do antigo sem muita burocracia. Depois de 10 segundos procurando onde joga a próxima fase, desisti e desinstalei.",1,0,2.41.0,2020-05-23 10:59:28
50,Marcelo Antonio,https://lh3.googleusercontent.com/-zPCPnLXucn0/AAAAAAAAAAI/AAAAAAAAAAA/AMZuuckgXfeXwaYNzZjfR8xh9HPXLjKS6A/photo.jpg,"Eu sempre fui muito fã de angry birds,jogo a maioria dos jogos da franquia,por isso meresse meus parabéns,é simplesmente ótimo com gráficos bons que lembram o seriado,é até melhor,recomendo a todos jogarem",4,0,2.41.1,2020-05-31 18:10:22
51,paulo batista,https://lh3.googleusercontent.com/-i7UhonwM9Qs/AAAAAAAAAAI/AAAAAAAAAAA/AMZuucmjGXdHKLaq6oYl6KqitNO_o4H0tQ/photo.jpg,É um jogo q faz pensar e divertido ao mesmo tempo. Gosto também porque é bem dinâmico. Ruins são os vídeos que do nada aparecem.,3,0,2.41.0,2020-05-28 23:14:37
52,Douglas Monteiro,https://lh3.googleusercontent.com/-yOUFFPby99Y/AAAAAAAAAAI/AAAAAAAAAAA/AMZuuck1EpARR3e5A7SeJLFkepWyAb4aEw/photo.jpg,"Essa travação , depois da atualização e uma maneira de obrigar a gente há utilizar dinheiro no jogo ? Pq vc tem momentos que para do nada quando vc vai ver perde as coisas que tinha ,!",2,4,2.40.4,2020-05-20 06:30:56
53,Fafá ka,https://lh3.googleusercontent.com/a-/AOh14GgUdQAQeZLf1V32M38UPDu6omh90pNZ5IOz4ZVu,"Gosto do jogo, acompanho dês de 2014, poderiam adicionar pássaros novos, e tipos de vilões mais difíceis de derrotar, obrigada pela atenção!!! Atensiosamente: FABIANA (eu)",3,0,2.40.4,2020-05-12 13:21:14
54,Daniel da silva,https://lh3.googleusercontent.com/-oXALp0bWvKU/AAAAAAAAAAI/AAAAAAAAAAA/AMZuuckh30JriZnBc2nbn3atl_PxBPE0lQ/photo.jpg,O jogo realmente é bom gráficos lindos jogabilidade incrível pra ganha prêmios e muito facil só liga o Wifi o q deixa o jogo bom e o modo offiline você pode joga sem ta conctado isso e o ponto forte do jogo baixem não vão se arrepende,5,5,2.40.4,2020-05-09 10:15:51
55,rubens oliveira,https://lh3.googleusercontent.com/a-/AOh14GjDINxFdCscvdVfyB4s5Fg6BRMiAsHFzM05hMqEjQ,Odiei o novo algarismo do desafio diário da águia enorme está praticamente impossível alcançar um bom lugar no ranking existem mais jogadores do que lugares na tabela de classificação em longo prazo você quase não consegue moedas e se torna fútil tentar o desafio,1,3,2.41.0,2020-05-26 17:10:02
56,Ana Cláudia,https://lh3.googleusercontent.com/-Qxm0dO52RjE/AAAAAAAAAAI/AAAAAAAAAAA/AMZuuck2M0EiaXs1D2eAwUFH-uCicHSRmA/photo.jpg,Ótimo Embora que demore pra entrar e as vezes o som some do nada... E tbm prq quando a gente destravar pelo menos 2 pássaros extras não dá pra usar os 2 só um que pode? Isso e um roubo,5,0,2.41.0,2020-05-29 07:27:43
57,Fabiano Rezende,https://lh3.googleusercontent.com/-CridLag9_Xo/AAAAAAAAAAI/AAAAAAAAAAA/AMZuucm3C2MzJbSoZrd0AXUNEA8CISxttw/photo.jpg,O jogo está cada dia pior. Sempre reseta e faz você perder sequências de jogo além de perder bônus adquiridos. Realmente está uma péssimo.,2,1,2.41.0,2020-05-24 14:09:19
58,Pedro Melo,https://lh3.googleusercontent.com/-h_hW8QTsReo/AAAAAAAAAAI/AAAAAAACMDY/AMZuucn4Qr1F5pmiOrTHnqej1OWV5x8Emw/photo.jpg,"O jogo é bom, mas os anúncios estragam! Com uma franquia gigante como a Angry Birds, a Rovio não tem justificativa nenhuma para por anúncios! Deixa o jogo muuuuito pior!",4,1,2.40.4,2020-05-13 01:26:14
59,Maria elisete,https://lh3.googleusercontent.com/-k-FY2T6NGwU/AAAAAAAAAAI/AAAAAAAAAAA/AMZuucn3vN5MrZh1HBGwK9IS9IbYzJDHXA/photo.jpg,"Esse jogo é muito bom adoro ele min interte tanto que nem vejo o tempo passar, só sei que é um dos melhores jogos do que eu já joguei, só não vou dar cinco estrela 🌟 porque de vês inquanto fica direto travando às vezes é o meu celular só que na maioria das vezes é o próprio jogo que trava.... Tirando isso o jogo é ótimo de verdade gostei muito dessa nova utilização é maravilhoso 🌞🌞🌞🌞🌞🌞🌞🌞🌞🌞🌞🌞🌞🌞🌞🌞🌞🌞🌞🌞🌞🌞🌞🌞🌞🌞🌞🌞eu daria milhões de estrela 🌟 se não fosse esse probleminha",4,1,2.41.0,2020-05-25 11:15:55
60,Diógenes Ferreira,https://lh3.googleusercontent.com/-HUD_2_GcW-0/AAAAAAAAAAI/AAAAAAAAAAA/AMZuucl5A4meXyQCpX8VPs-2tFLu1UYvEA/photo.jpg,Muito bom esse jogo ainda mais nessa fase de pandemia está sendo muito útil. Demora pra responder mais quando inicia o jogo é muito bom mesmo....,5,1,2.41.0,2020-05-22 01:45:49
61,Luzinhas Augusto,https://lh3.googleusercontent.com/-zD0iBuhKyqM/AAAAAAAAAAI/AAAAAAAAAAA/AMZuuclE_u7bJQUdl5fk92NY1cGntX0vJw/photo.jpg,Muito bom ele é um jogo bem legal cada fase e os pássaros mas os que ficam por último deveriam ser os primeiros mas na hora que ganha chaves de pássaro e o libera da bug,5,0,2.41.0,2020-05-28 14:52:08
62,Miguel YTP,https://lh3.googleusercontent.com/-bvCFDy_iOp8/AAAAAAAAAAI/AAAAAAAAAAA/AMZuucnQF5e4go1BH45KGVhduGtb_YruAg/photo.jpg,"Finalmente pode escolher qual pássaro vai lançar, bom pra falar a verdade tem 3 pássaros para serem lançados! E com mais poderes maneiros! Angry Birds 2 é o melhor jogo do tema! A única coisa que eu não gostei é que quando você passa muitos níveis o jogo começa a travar, travar e travar! Fora isso: Jogo maravílhoso",4,3,2.40.4,2020-05-18 10:24:34
63,Maria Leopoldina Patriani,https://lh3.googleusercontent.com/a-/AOh14GhmcdRMFrWi7p3LXvSOitQT3SaoBvvjpLc3CKrcig,"Muito divertido e competitivo, mas a cada nível dos pássaros eles dificultam para compras no app.",4,3,2.41.1,2020-05-28 10:55:06
64,Raposa Aquática,https://lh3.googleusercontent.com/a-/AOh14Ggs64YwjZlLBgvIV_aLLm5pv_NC3QIRvS6p7E9U,"Muito bom, mas eu prefiro a silver do filme do que a do jogo, eu achei a silver do filme mais fofinha, mas isso é de menos então dei 5 estrelas! Mas se puderem mudar a silver eu agradeço muito! A silver é minha favorita. Vcs tem instagram? Para eu mostrar minhas ideias. O meu é samuelmonteirorosa_miu_miau.",5,0,2.40.4,2020-05-11 23:33:45
65,Thiára Santana,https://lh3.googleusercontent.com/-z_5vMW0aVq4/AAAAAAAAAAI/AAAAAAAAAAA/AMZuucnqdtolQfkXwJZvqkjR3Uw_HxB5TQ/photo.jpg,Muito Bom Acho que vocês deveriam fazer um jogo 3D Mundo Aberto do Angry Birds Iria Se tornar muito famoso! Porque todos gostam de 3D mundo aberto que podemos controlar o personagem!,5,2,2.40.4,2020-05-09 19:39:32
66,anderson santos,https://lh3.googleusercontent.com/-J-o65sN4Eao/AAAAAAAAAAI/AAAAAAAAAAA/AMZuucn3OJX_BBr0iK5NNGcEfyzH4jD-8g/photo.jpg,Minha carta do perfil tava avançada pro epico e hj quando entrei tinh voltado a carta baunilha. concertem iss .eu evolui e o jogo zerou por isso to dando 2 estrelas agora .quando concertarem dou 5 novamente to muito triste pq iss desanima a continuar jogando,2,1,2.40.4,2020-05-23 17:20:51
67,Idy Nhafuma,https://lh3.googleusercontent.com/-aHCQT0CeDtY/AAAAAAAAAAI/AAAAAAAAAAA/AMZuuclcpj-uZjVqRRloCP6nRqnmjsYaJA/photo.jpg,Quando pedem avaliação não deixa a pessoa jogar eu acho que tinham que mudar isso pois pois a pessoa tem a opção de actualizar ou não.,4,0,2.40.4,2020-05-19 17:45:25
68,Clélia Verissimo,https://lh3.googleusercontent.com/-f6BOAwS3HvM/AAAAAAAAAAI/AAAAAAAAAAA/AMZuucnOKDSrMcW3JO1nju_J93qCdlNQKQ/photo.jpg,"A cada nova atualização está ficando mais difícil de jogar. Bugs a toda hora, vi é passando o jogo sozinho. Tá ruim hein",2,0,2.40.4,2020-05-19 10:49:29
69,BR JOGOS,https://lh3.googleusercontent.com/a-/AOh14GgZGWDOeaaq5vx0jHTglBGrpZLrZYxBGCns3WHR,"Este jogo é muito bom pois é uma versão melhorada do Angry Birds original, além disso o jogo está constantemente atualizando-se por isso eu tenho certeza de que é um dos melhores jogos que já baixei!!!",5,0,2.41.1,2020-05-28 10:32:16
70,Marcelo Onorio,https://lh3.googleusercontent.com/-mkj4F0l00i0/AAAAAAAAAAI/AAAAAAAAAAA/AMZuuclWNKLryy5Ni0BqpraLGdHzrLzKOw/photo.jpg,O jogo é muito bom a jogabilidade é nota 10 é legal também que nos outros angry birds não tem como a gente subir de nível mais aqui dá eu sei que ainda tô no meio no início do jogo mas ele é muito bom por causa que mesmo por esse pouco tempo que eu joguei eu percebi que ele é muito bom,5,0,2.41.1,2020-05-28 00:05:43
71,Danuse Nascimento,https://lh3.googleusercontent.com/-FVwr5slQcvE/AAAAAAAAAAI/AAAAAAAAAAA/AMZuucmcITEq6kgwd3aZYiBgAvqk3PBqAw/photo.jpg,"Pra que atualizações toda semana? 👎 Atualização dia 19/05 , hj menos de 10 dias outra atualização pqp, e não resolvem, continua sem poder diminuir o poder, independente do chapéu, palhaçada.",1,150,2.41.0,2020-05-28 12:00:02
72,Leonardo Martins,https://lh3.googleusercontent.com/-R-KBuboQdVk/AAAAAAAAAAI/AAAAAAAAAAA/AMZuuckIiszwLnVtEbt0GpblJ_4g4ta4Lg/photo.jpg,Ficou muito bacana o jogo e mto mais divertido o pássaros com novos poderes recomendo para suas horas de intervalo!!!,5,0,2.41.1,2020-05-29 06:48:08
73,Fabi Oliveira,https://lh3.googleusercontent.com/a-/AOh14GjZPnMFBIdZC9R-im__tfXZSAMy_utqKx0ZF9a_CQ,"O jogo em sim é bom , mais as atualizações são muitas e todas as vezes que atualizo tenho que ficar excluindo outros aplicativos do meu celular ... Isso é muito chato.",3,0,2.41.0,2020-05-28 12:45:28
74,Daltro Melara,https://lh3.googleusercontent.com/a-/AOh14GhFO9_d9AAy8aeklUMwN_Ys86WTlV9WBBWbZQ1_,Eu poderia ter dado cinco estrelas por que o jogo é bem legal o único problema é que todo o mês tem uma nova atualização que ocupa muito espaço então só para atualizar esse jogo eu teria que tirar muita coisa ( a atualização é de 204 MB) por isso pretendo desinstalar o jogo mas irei esperar para ver se o problema irá se resolver. Outra coisa péssima é que tem uma moedinha que é muito difícil de consiguir e eu depois de muito esforço consigui formar um clã e por isso não quero desinstalar. Obg,3,0,2.40.2,2020-05-24 19:33:11
75,tiago balduino,https://lh3.googleusercontent.com/-042SL44SoY4/AAAAAAAAAAI/AAAAAAAAAAA/AMZuuckD2JK2WohKN8exJqDxGI8zuw2TRw/photo.jpg,"Jogo muito bom, gráficos ótimos, jogabilidade excelente, mais poderia melhorar a escolha das cartas na hora de jogar os pássaros, poderia haver uma forma de escolher o pássaro que você quiser para joga - ló nós porcos, tipo as cartas extras, poderia ter como escolher o pássaro que está nelas também...",3,3,2.39.1,2020-04-09 13:24:53
76,Rodrigo Vieira,https://lh3.googleusercontent.com/a-/AOh14GiB6XwRqvmsg4cgQhKXCmw23kqJPZiscYXWzMG6,"É muito divertido, principalmente no começo. Mas é Pay to Win (pagar pra vencer). Se vc procura jogar sem internet e sem interesse de competir com outras pessoas, eu recomendo. Porém na hora de competir com os outros, quem gasta mais dinheiro tem muito mais vantagem. Por isso não recomendo se seu objetivo for competir.",4,243,2.40.0,2020-04-14 15:17:12
77,Kelly Leite,https://lh3.googleusercontent.com/a-/AOh14GhkYBZWlIxGiQmESdnwEUzHUyegLhGj0U7lAObMwBg,"A temática do jogo é ótima, passa -se a hora jogando e nem se percebe. Mas cara já está estressando os Bugs desse jogo, é a culpa não é do provedor da minha internet, pq ela está funcionando perfeitamente. Leva -se muito tempo carregando, acabei de perder um baú pq o jogo resolveu travar do nada, já perdi chave de pássaro pq o jogo simplesmente travou. Tá chato já! Desestimula à jogar assim. Por favor, analisem e acertem esse erro, para que o jogo tenha pelo menos 99% de eficácia.",3,586,2.40.1,2020-04-22 22:46:36
78,Gustavo Lorenti,https://lh3.googleusercontent.com/a-/AOh14GhCTsrpNbfnu3DJspdOhqZJPBJAhohgpKOCeYGgcA,"Jogo é divertido, mas com a nova atualização o treinamento diário ficou muito mais difícil. Antes eu sempre ficava entre os 5 primeiros no diário... Agora estou em 50°",3,0,2.41.1,2020-05-31 10:58:06
79,Leandro Guedes,https://lh3.googleusercontent.com/-egkgwbmZ1OU/AAAAAAAAAAI/AAAAAAAAAAA/AMZuuckbsPk-PgRSsTHhYLA9_JLH7Zh7YQ/photo.jpg,"Jogo super divertido,muito bom, porém depois da última atualização,o jogo trava do nada,e depois dos anúncios não volta mais,ajeitem isso por favor!!",4,0,2.41.1,2020-05-28 10:45:34
80,rosicleide martins,https://lh3.googleusercontent.com/a-/AOh14GgZE3D0SApK-b2M65xAMpE0ZVz_IYAGbRpKDPTp,muito bom n pressisa melhorar porem a parte do porque que pega todos os items que ganhou tipo eu ganhei na carta o chapeu da raridade vermelha mais eu perdi pelo porco isso pode faser a criança chora mais tirando isso ta bom de mais,4,0,2.41.0,2020-05-24 14:24:41
81,Mafê Br,https://lh3.googleusercontent.com/a-/AOh14GjhJ8x5HZfJpXX9v_hUgx-IhoGI7cgeLtFoq2fi,GEENTEEEE!!! ESSE JOGO É MUITO LEGAL (por mais que eu sinta um pouco de falta do jogo original) Mais os gráficos são muito bonitos,5,0,2.41.0,2020-05-23 18:49:12
82,BlackBelt The Ninja,https://lh3.googleusercontent.com/a-/AOh14GgaFbtpO-ud746_27lNwMZbkdoehocQuFgK9VB6sw,"É muito divertido. O jogo tem uma boa qualidade. Para ficar melhor basta adicionar mais pássaros como a Stella, Hal e até o passaro pequeno laranja que aumenta de tamanho igual ao jogo original. Seria muito bom. Além de fazer mais fases e novos cenário diferentes que sejam criativos. Mas parabéns a tudo e o trabalho que estão fazendo.",5,841,2.39.1,2020-03-13 15:19:12
83,Rômulo Almeida,https://lh3.googleusercontent.com/-9TSoWFpqLw0/AAAAAAAAAAI/AAAAAAAAAAA/AMZuucmX8nzWiibFs4TFbkvxzODeJDMKsg/photo.jpg,"Boa tarde, curto muito o jogo em si. Porém precisa de verificações, já venci batalhas de clãs, as quais não consegui captar as recompensas, já venci partidas na arena, a qual bugou no final, e perdi todo o progresso das vitórias consecutivas, e não está contabilizando meus feitos, tipo: contagem de aberturas de Baús comuns, Baús Raros e Lendários, contagem de vídeos entre outros.",4,279,2.40.1,2020-04-19 13:06:33
84,predro benone,https://lh3.googleusercontent.com/a-/AOh14Gj-CdiyVJo31BNqJJg62RGw_xHOBeUzEzD6xTNYWg,Jogo divertido com graficos impressionantes mas poderiam deixar os premios que a gente ganha na roleta nao acha? Mas tirando isso o jogo esta perfeito,5,1,2.40.4,2020-05-09 18:37:07
85,Janderson Santos,https://lh3.googleusercontent.com/a-/AOh14GghgOJulzzHYpwpgr3iJNw2jtRZnvHzmoTz0iQ1xg,"O jogo em si é muito bom, diversas formas de passar o tempo. No entanto, quase toda semana tem atualização, toda semana e isso é chato. Toda hora corrigindo erro. Tem que dá uma diminuída com isso. So n ganhou 5 estrelas por esse motivo e com isso vou desinstalar a aplicação.",4,62,2.40.3,2020-05-08 13:07:36
86,Viviani Esteves Gonçalves Leal Soares,https://lh3.googleusercontent.com/-uqRgYv5YssU/AAAAAAAAAAI/AAAAAAAAAAA/AMZuuclv1f8siaOzGW_TOsTkvrhBMgd5WQ/photo.jpg,"Depois da atualização do jogo os alguns vídeos estão com problemas, fazendo o jogo paralisar, agora mesmo acabei de perder uma chance de matar um porco Rei, depois de sete salas complicadíssimas, fui assistir o vídeo e o jogo bugou. Aí, tenho que entrar de novo. Isso tá muito ruim. Acabei de fazer a atualização. Fui jogar a torre da fortuna, veio o vídeo, quando abri...deu BUG....ARRRRRHHHHH....QUE RAIVA, TÔ TOMANDO TRAUMA DESSES VÍDEOS....",3,252,2.40.2,2020-04-23 19:54:36
87,Ranani Filipe,https://lh3.googleusercontent.com/-w7LwF4_aPk8/AAAAAAAAAAI/AAAAAAAAAAA/AMZuuclbEenygH8m5Ly7RgI748hRBcG1iA/photo.jpg,E bom mais poderia ficar melhor Fica sem áudio e às vezes lento e percebi q não e muito fácil pra atualizar os bichinhos novos não e sempre que têm,2,1,2.40.4,2020-05-19 21:27:23
88,James Harison,https://lh3.googleusercontent.com/a-/AOh14GhGlCVegDbrrMOAkqSB6lYJUQatV8UYJ13YhBEW8g,Melhoram e muito o jogo está com gráficos incríveis comparado ao antigo além de muito mais novidades e animações e interações,5,0,2.41.1,2020-05-28 19:35:26
89,Douglas Nogueira,https://lh3.googleusercontent.com/-kHucKW5g2dg/AAAAAAAAAAI/AAAAAAAAAAA/AMZuuck_qhD-aggIz_1tyWtcw8Sbi3bQOA/photo.jpg,Muito divertido. Um ótimo geito de passar o tempo nesta quarentena.,5,0,2.41.1,2020-05-26 20:55:46
90,Mestrado Ensino,https://lh3.googleusercontent.com/-m1Cc_LBj-Ms/AAAAAAAAAAI/AAAAAAAAAAA/AMZuucmR_UuiuMNfae3Qr8bpc_XGt9gz0Q/photo.jpg,"Em comparação com Angry Birds I - o 2o é muito mais complicado e menos dinâmico... contando que já paguei para continuar a jogar - (diamantes cor-de-rosa) que não são suficientes para nada... as batalhas com os ""Boss"" é difícil - contando que matá-lo já não é fácil, ainda por cima com número limitado de passaros ao fim de 4 níveis... e considerando que jogá-lo fora da arena é um desafio por vezes a jogadores profissionais... Ainda por cima poderes especiais não se usam contra ele...",3,93,2.40.0,2020-04-15 05:31:58
91,Beatriz Zanzini,https://lh3.googleusercontent.com/-dr6WLOTSQws/AAAAAAAAAAI/AAAAAAAAAAA/AMZuuclw5c6i0qfNM1ePXQsk9lkfwIwjAQ/photo.jpg,"Gosto muito do jogo, mas trava com frequência, principalmente depois de vídeos que aparecem quando você vence uma fase. Acabei de passar em uma fase difícil e o jogo simplesmente anulou a vitória porque travou depois do vídeo. E isso sempre acontece!",3,6,2.40.3,2020-05-07 21:49:18
92,Igor Silva,https://lh3.googleusercontent.com/-SkeiQ_qd2l0/AAAAAAAAAAI/AAAAAAAAAAA/AMZuuclRKmF7uOGM3xHeRZQB4tf6HNJynA/photo.jpg,"O jogo está ótimo ,mas ele demora muito pra começar a jogar e segundo eu pensei q ele fosse offline .Mas por enquanto gostei é divertido .",4,0,2.40.4,2020-05-17 17:08:31
93,Filipe Chagas,https://lh3.googleusercontent.com/a-/AOh14GhLSE5D58dum0QKIET0W6baQ6Himup1Q8aTnz5oZw,"Muito pesado, trava bastante e gasta muita bateria. Trava no final da fase e tudo que você fez é perdido",2,3,2.41.1,2020-05-29 10:58:01
94,Thiago Medeiros,https://lh3.googleusercontent.com/a-/AOh14GjipOQ3D4tqX5uihHvqBe39NP0z0ApcT3lNPHOPcg,"Faz tempo que joguei algum jogo da franquia, mas tá muito divertido, além de não ter bugs",5,0,2.40.4,2020-05-09 09:22:56
95,Vinicius Fortunati,https://lh3.googleusercontent.com/-9_lo4DmyYe8/AAAAAAAAAAI/AAAAAAAAAAA/AMZuuclW7UXIcykZtoX5s9cjJVcVKSCF1Q/photo.jpg,"Eu adoro o jogo. Queria só dar uma sugestão pra torná-lo ainda mais legal. Eu acho que a parte mais satisfatória do jogo é ver quebrar as coisas e destruir tudo. Entao com base nisso acho que seria interessante ter umas fases como se fosse de recompensa, por exemplo, vc conseguiu vencer essa fase difícil por isso vai ter acesso a essa fase extra, com torres bem altas, fáceis de quebrar, de desabar, com algumas maçãs, só com intuito da pessoa sentir o prazer de ver quebrar tudo.",5,213,2.39.1,2020-04-07 15:55:50
96,Geiza Melo,https://lh3.googleusercontent.com/-0k9-8l6Msew/AAAAAAAAAAI/AAAAAAAAAAA/AMZuucm8VFRmbtqmJLp07yq4VhqFUfmmlg/photo.jpg,"Perdi mais 900 joias no elevador por que o jogo travou do nada! Absurdo isso, essa atualização só trouxe problemas!",1,3,2.41.0,2020-05-20 13:22:05
97,Fabiana Lima,https://lh3.googleusercontent.com/-nrNBKFgp7Zw/AAAAAAAAAAI/AAAAAAAAAAA/AMZuucmlhHAkEPANqBCDSbYY4F0AqeCP5A/photo.jpg,"Desde sábado a tela está travando ao sair da partida, assistir vídeo e após abrir o baú, clicando no prêmio. Ontem, não foi contabilizado uma maçã para ganhar 20 jóias da missão diária. E ainda por cima, ao retornar do travamento perdi 80 joias, pois o dedo estava na mesma posição da maçã que o botão da compra do baú. Hoje vendo, na partida diária, não ganha mais maçãs. E na missão diária que antes ganhava 60 jóias, agora são 45. O que está ocorrendo Rovio? Assim é desanimador!",2,214,2.40.0,2020-04-07 15:18:37
98,Cristiano gustavo Paes oliveira,https://lh3.googleusercontent.com/-m-JOQW2KajU/AAAAAAAAAAI/AAAAAAAAAAA/AMZuucm9saOL3GW4uNy5CHsXDY7TwSiMhA/photo.jpg,"O jogo é muito bom, os graficos e tau mais tem um bugui qui acontece comigo, quando eu começo jogar o jogo fica sem som",2,0,2.40.4,2020-05-10 14:19:17
99,Janiele Honorato,https://lh3.googleusercontent.com/-EserVZLZvMI/AAAAAAAAAAI/AAAAAAAAAAA/AMZuuclCuVVQI1l2d_LIVR9FnK2NxQXnpg/photo.jpg,"Adoro o jogo, no entanto é preciso verificar e consertar muitas falhas a exemplo do aplicativo fechar antes mesmo de concluir os prêmios do baú e com isso não contabiliza; fecha entre as fases da arena e do clã, não contabilizando os pontos; falhas para garantir mais um pássaro assistindo uma propaganda tendo que usar as pérolas...",1,112,2.40.0,2020-04-10 13:14:36
