,userName,userImage,content,score,thumbsUpCount,reviewCreatedVersion,at
0,Agnaldo Barbosa,https://lh3.googleusercontent.com/-XGiqgwMJ-1c/AAAAAAAAAAI/AAAAAAAAAAA/ACHi3rcOWGwZiJntTHvWGX5HVKsnrkdvzQ/photo.jpg,liberdade leudade monitorando mas pro tudo ótimo guina bolsonarinho enquanto vivemo na terra querido monitora para entra no buraco é 2 palito fácil ou quer é bom de Deus segui total não consiguemo por quer samo imperfeito a vedade liberta pedimo força á Deus poderoso ? Obrigado querido presidente ótimo guina bolsonarinho monito abraço bora obrigado Vitória monito tamo junto mim ajuda ora por mim tentações todo lado nu vi volto nu ou melhor é ou coração no senhor Jesus Cristo amo voceis nossa fam,5,0,2.26.1,2019-12-17 22:14:01
1,Leandro Pereira,https://lh3.googleusercontent.com/a-/AAuE7mCvm1e0C0I2dqVSyleY4cDGqNSFzyniN3DZH1Rm,Fica atualizando direto e demora um século pra atualizar.,4,1,2.26.1,2020-01-09 17:51:47
2,rogerio Caetano,https://lh3.googleusercontent.com/a-/AAuE7mDzGmRrQuEwrgBGf83INCkm821awmYBa5E7DTx_Pmo,Deveria melhorar.. pra dar mais créditos.. Por q jogamos nas apostas máximas perdermos muito rápido... e outra melhorem pra poder pagar.. e não só roubarrrrr😡😡,5,4,2.23.2,2019-09-03 16:35:23
3,Maria Maciel,https://lh3.googleusercontent.com/a-/AAuE7mCTfMggQ5rND02RS7cY3dAHlC68xofy5aJi0_xx,Se pagasse mas seria otimo jogo todos os dias,5,11,2.25.0,2019-12-04 18:01:41
4,ramon santos santos,https://lh3.googleusercontent.com/a-/AAuE7mA8q5YmZzs7OCJokCqxIF6iEpqEm8YZoWv1kdz8,Muito bom precisa melhorar o pop slots porque as moedas Chips são poucas poderia colocar mais moedas,5,1,,2019-12-28 11:49:34
5,Um usuário do Google,https://lh3.googleusercontent.com/EGemoI2NTXmTsBVtJqk8jxF9rh8ApRWfsIMQSt2uE4OcpQqbFu7f7NbTK05lx80nuSijCz7sc3a277R67g,desculpe mais ninguém merece boto crédito direito nesse my Vegas uma roleta que não paga nada pra aumentar então só come meus créditos gosto de jogar mais não está valendo a pena,3,23,2.20.0,2019-04-18 10:47:17
6,Jurandir Filho,https://lh3.googleusercontent.com/-kb6CVev_JaM/AAAAAAAAAAI/AAAAAAAAAAA/ACHi3rdj3Fs6FiU_NasYbI9-uSfvikcdyg/photo.jpg,"bom, mas pode melhorar. jogo está lento, dando erro",4,0,2.23.1,2019-08-16 13:46:52
7,Paulo Scalzilli,https://lh3.googleusercontent.com/-51Lkrk5CC3k/AAAAAAAAAAI/AAAAAAAAAAA/ACHi3rfWHsHC2B2S9aJx_vZ4Y7OmqdCUjw/photo.jpg,único problema é que ocupa muita memória do telefone,5,9,2.24.0,2019-10-03 21:37:11
8,Vanderson Mota,https://lh3.googleusercontent.com/a-/AAuE7mDrX5ePym-y1yuopo2qA9X4xcYQmBI2g3L-Ro8xoYE,Desing esta de parabéns os detalhes muito podem abaixar muito bom,5,0,2.26.1,2020-01-23 12:55:55
9,Vinicius Rudge,https://lh3.googleusercontent.com/a-/AAuE7mBhanfGjoOQSSVBI-2xu0gJrLBWM9H2bcmvD04jSg,Melhor jogo! Vai para vegas baixe e terá vários benefícios.,5,5,2.20.0,2019-04-25 14:19:47
10,Paloma Fonseca,https://lh3.googleusercontent.com/a-/AAuE7mAt8AS4AgGbrB4IG6ewA6Dk-q1GF0rLKFcUW9WpBg,Olá. não tem opção de prêmio em dinheiro?.,4,0,2.22.0,2019-06-27 11:57:41
11,Burguesa Vu ツ,https://lh3.googleusercontent.com/a-/AAuE7mB0_zy-MnXvW21Zw7g-txZJ_TR0-d1coyZvSKrs4g,"#VimpeloAvakin eu amei graças a oferta da tapjoy,conheci esse jogo incrível!!❤😊",5,0,,2018-09-15 16:46:23
12,Reginaldo Nascimento,https://lh3.googleusercontent.com/-W5DaVfW751Y/AAAAAAAAAAI/AAAAAAAAAAA/ACHi3rdrWAq0wauVtSSJnW4r054P06rXHA/photo.jpg,Bom muito bom mesmo,5,0,2.26.0,2019-12-11 13:45:07
13,lucio mateini,https://lh3.googleusercontent.com/a-/AAuE7mAInuvDmen9Xxx1f5CLkNi_gXiboSmmJC31O7gL,eu vou começar agora porquanto eu não posso falar nada mas pelo o gráfico me parece muito bom vamos ver o que acontece,5,7,2.21.1,2019-06-11 18:50:35
14,solange helena,https://lh3.googleusercontent.com/-5nDOv1dRCKI/AAAAAAAAAAI/AAAAAAAAAAA/ACHi3reRIrH3hRbP3nfi4TxVY76nlQ6vPw/photo.jpg,"ótimo e muito bom mesmo, ótimo para se divertir amei.",5,1,2.18.2,2019-01-05 00:05:20
15,Um usuário do Google,https://lh3.googleusercontent.com/EGemoI2NTXmTsBVtJqk8jxF9rh8ApRWfsIMQSt2uE4OcpQqbFu7f7NbTK05lx80nuSijCz7sc3a277R67g,jogo Super fácil e legal,3,4,2.20.0,2019-03-27 16:03:42
16,Sandra Assis Bento,https://lh3.googleusercontent.com/-oxqtuH3DLZM/AAAAAAAAAAI/AAAAAAAAAAA/ACHi3rf7mW6vyjEDsHr3RYy4pIG4W-tIBQ/photo.jpg,Jogo muito bom eu recomendo,5,0,2.25.0,2019-12-13 13:36:57
17,Daniel Paulo Da Silva Franche,https://lh3.googleusercontent.com/-jpk7e_cFfx0/AAAAAAAAAAI/AAAAAAAAAAA/ACHi3rcx8AY8WhL5OghrPw788kVYqioxHg/photo.jpg,Muito Bons Esses Jogos!🥰,5,0,2.25.0,2019-10-17 07:26:08
18,warley ferreira,https://lh3.googleusercontent.com/-VfRft-bKxTg/AAAAAAAAAAI/AAAAAAAAAAA/ACHi3rfpE2fgK3RJJcauxp-IVD6Ty_Ea5Q/photo.jpg,Muito legal! E ainda dá prêmios de verdade!!! Top!!!,5,3,2.17.0,2018-11-21 19:20:59
19,Um usuário do Google,https://lh3.googleusercontent.com/EGemoI2NTXmTsBVtJqk8jxF9rh8ApRWfsIMQSt2uE4OcpQqbFu7f7NbTK05lx80nuSijCz7sc3a277R67g,Amei mais so vou baixar pra ganhar credits. No imvu,4,0,,2018-10-08 13:45:29
20,cristiane mayumi nakamura teruya,https://lh3.googleusercontent.com/a-/AAuE7mCCUlTwwliQgRn-k6lnBkPYKF7zLUSOu2_Nq-UrYQ,Melhor jogo para resgatar prêmios reais em Vegas!!!!!!,5,4,2.15.0,2018-09-29 08:38:15
21,Um usuário do Google,https://lh3.googleusercontent.com/EGemoI2NTXmTsBVtJqk8jxF9rh8ApRWfsIMQSt2uE4OcpQqbFu7f7NbTK05lx80nuSijCz7sc3a277R67g,E um passa tempo muito legal....,4,0,2.18.1,2018-12-19 19:43:11
22,Guilherme De Mendo Garcia,https://lh3.googleusercontent.com/-CuL3uJzZ0i0/AAAAAAAAAAI/AAAAAAAAAAA/ACHi3rfUfRVTfCkVLmU-khYBNffKvMpv9A/photo.jpg,"jogo muito bom , distrai e prende a atenção.",5,2,2.18.3,2019-02-07 18:30:56
23,BARBARA REGINA LOPES COSTA,https://lh3.googleusercontent.com/a-/AAuE7mC2MAv8aXycu7av8EGxvHBIZV7D_zMdf0sGyXt7oQ,"interessante, estou entendo como funciona.",5,0,2.22.0,2019-06-28 18:00:08
24,Pablo mendes nascimento castro,https://lh3.googleusercontent.com/-Gjo88yhKu6Y/AAAAAAAAAAI/AAAAAAAAAAA/ACHi3rdN7K_874wIuJznDoEhAsaeRlnOFg/photo.jpg,"vale a pena, muitos brindes",5,2,2.18.3,2019-01-22 09:26:33
25,Osni Jacinto,https://lh3.googleusercontent.com/a-/AAuE7mBVCSG1ga_6PI_6aJdHpTLJqY2w9nmbJwN1OeZQrg,"otimo jogo,parabens!",5,1,2.23.0,2019-08-06 01:47:47
26,Gilberto Carmona,https://lh3.googleusercontent.com/a-/AAuE7mDUI6JAtXLgOyt0qWM8wLoFqvfQExo-00J8POCTug,bacana! Parabéns pelo jogo.,5,0,2.21.0,2019-05-21 07:13:16
27,Michael Jackson Ferreira,https://lh3.googleusercontent.com/a-/AAuE7mDrDr_8fKZUOMv7hlh_NAetCE9sFKQlF04kvqcK,é muito bom,3,0,2.22.0,2019-06-26 20:50:05
28,QUIRINO2912,https://lh3.googleusercontent.com/a-/AAuE7mBvYyqv28b8DiMiCrNEwWWa0UD0FnBAvgC_9reytA,ótimo jogo de cassino,5,0,2.20.0,2019-04-22 18:52:59
29,Sophia falheiros,https://lh3.googleusercontent.com/a-/AAuE7mATfSHUWikb-5xKJk5yLQajbzfg0JChqFWkdxqcCA,não fale em uma estrela,1,10,2.21.0,2019-05-07 00:03:05
30,ricardo fiuza,https://lh3.googleusercontent.com/a-/AAuE7mBBQ7OXE6TVPEgwKM3_AQZ-4sbVd0qWZAC9XAol7A,Muito bom jogo!,5,1,2.22.0,2019-06-22 21:49:21
31,Amabili Pesce,https://lh3.googleusercontent.com/a-/AAuE7mDFb3Mq8wMg3cUM6hqv05pks5QOabyHkbGqJcZ8,passa tempo muito bom,5,8,2.19.0,2019-03-17 11:53:29
32,reginaldo barbosa,https://lh3.googleusercontent.com/a-/AAuE7mAJfPZJmZMVhZMYa1lVjye1n2Vgf15t9od2KJrOLQ,otimo jogo recomendo.,5,1,2.19.0,2019-03-15 17:49:00
33,Um usuário do Google,https://lh3.googleusercontent.com/EGemoI2NTXmTsBVtJqk8jxF9rh8ApRWfsIMQSt2uE4OcpQqbFu7f7NbTK05lx80nuSijCz7sc3a277R67g,otimo jogo muito viciante,5,5,2.20.0,2019-04-03 20:00:08
34,Leandro Marques,https://lh3.googleusercontent.com/-djh9eC1O82o/AAAAAAAAAAI/AAAAAAAAAAA/ACHi3rcPyoh_NNpMjpbXAxGTnj_Ea8_Mtg/photo.jpg,gostei vários jogos,5,2,2.21.0,2019-05-15 19:33:54
35,Rodrigo Oliveira,https://lh3.googleusercontent.com/a-/AAuE7mDV1nzNlSVpVSzNAYVkZPrU4DDyyo-QTeCo8BlP,otimo passa tempo,5,0,2.22.0,2019-06-27 22:47:13
36,Guilherme Matioli,https://lh3.googleusercontent.com/-HVKPSsvXWIA/AAAAAAAAAAI/AAAAAAAAAAA/ACHi3rc6VlmQzm_B4ZEOYHEmThzlgGbQGg/photo.jpg,legal e viciante,5,1,2.21.0,2019-05-14 23:55:36
37,Um usuário do Google,https://lh3.googleusercontent.com/EGemoI2NTXmTsBVtJqk8jxF9rh8ApRWfsIMQSt2uE4OcpQqbFu7f7NbTK05lx80nuSijCz7sc3a277R67g,Vim pelo 30000 mil no avakin,5,0,,2018-09-16 16:31:36
38,José Ramon,https://lh3.googleusercontent.com/-qBZWk5nrZV0/AAAAAAAAAAI/AAAAAAAAAAA/ACHi3redH_lWXDc0-_0Ah5s_XTxPJJzj6A/photo.jpg,nen joguei e ja dei treis estrelas,3,0,2.20.0,2019-04-25 16:33:28
39,Rogério Caetano,https://lh3.googleusercontent.com/-L9tcVxlYBcc/AAAAAAAAAAI/AAAAAAAAAAA/ACHi3re_wq1zQknapyWeeQLuaIKPRTH9kQ/photo.jpg,Poderia pagar mais o bônus.. para que aposta alto,5,3,3.0.7,2020-02-11 21:29:04
40,Mireli Della Valle,https://lh3.googleusercontent.com/a-/AAuE7mDVUajoTJ_sbR2Cho1Wyjm648XVPmrCe27shSyz,"Excelente, otimas recompensas.",5,0,2.26.1,2020-02-08 21:35:26
41,Alexandre Carvalho,https://lh3.googleusercontent.com/a-/AAuE7mD8J4V9o31t_Q3Qsu-dLv0Aj5ZiSD5Y1xPdUEgPng,Muito bom!!!,5,0,2.26.1,2020-01-13 22:44:24
42,Jean Amaya,https://lh3.googleusercontent.com/-RdoVzdX9ea8/AAAAAAAAAAI/AAAAAAAAAAA/ACHi3rc0yYpgu8XuIGFzj6GeQerT91SE7g/photo.jpg,Nice slots,5,0,2.26.1,2019-12-26 13:54:35
43,Walans Matias,https://lh3.googleusercontent.com/a-/AAuE7mAq_Qk_HiKV_QMnWSi40OTIC5vgSXgKcfPH37LpXw,Muito bom,5,0,2.26.1,2019-12-28 08:14:51
44,Guilherme Barreira,https://lh3.googleusercontent.com/-5MuWmqFqPK0/AAAAAAAAAAI/AAAAAAAAAAA/ACHi3rfXyx1ce4foqNNm3Simi3zkdOYIlg/photo.jpg,Otimo app,5,0,2.26.1,2019-12-27 23:19:57
45,Aparecido Jorge,https://lh3.googleusercontent.com/a-/AAuE7mCTBuvRN2b_9yxy1O4aS4vS6nJIszTQqQMthEoR,Muito bom,5,0,2.26.1,2020-02-05 10:58:52
46,Vagner Messias,https://lh3.googleusercontent.com/a-/AAuE7mBK3EbY-xHwQ8umL4Khn6TBQ6Se4FhFG-vSqbm2ow,Bom,4,0,2.26.1,2020-01-08 10:25:38
47,Gilberto Lima,https://lh3.googleusercontent.com/-S8pXnhbJc0k/AAAAAAAAAAI/AAAAAAAAAAA/ACHi3rcsQ60R9C4B0IpREKB4GxAAfbRFeA/photo.jpg,Bom!!!,5,0,2.25.0,2019-11-20 14:36:04
48,Eduardo Alvarez,https://lh3.googleusercontent.com/a-/AAuE7mA6rnJ0MXSPJMXZ_oBjeTbAM6_XBUXmACi7gIISvQ,Top demais,5,0,2.25.0,2019-10-21 22:04:59
49,Jose Queiros,https://lh3.googleusercontent.com/-Au_mnNSbaL4/AAAAAAAAAAI/AAAAAAAAAAA/ACHi3rd1oAQ3vhhM8pphygg_UV1DLjC_5g/photo.jpg,Muito bom,4,0,2.25.0,2019-12-03 08:05:40
50,Sueli Cartaxo Lima,https://lh3.googleusercontent.com/a-/AAuE7mA-wSLOSLcBpw_qkk2DcMHSDH6culvCdSCPIETNlZo,Muito bom,5,0,2.25.0,2019-12-03 23:46:10
51,wilbert rogerio,https://lh3.googleusercontent.com/a-/AAuE7mABti8T9v9R6AE-umoOgWhrUWHAvEL_dRaIyhOFqA,Muito bom,5,0,2.25.0,2019-12-07 17:29:13
52,Um usuário do Google,https://lh3.googleusercontent.com/EGemoI2NTXmTsBVtJqk8jxF9rh8ApRWfsIMQSt2uE4OcpQqbFu7f7NbTK05lx80nuSijCz7sc3a277R67g,Belezinha,4,0,2.25.0,2019-12-13 03:00:56
53,gilcilene valerio,https://lh3.googleusercontent.com/a-/AAuE7mC01v_J4fBfXIax2YNHoPkOE4UfW6BSzzlbkxBnhx0,Ótimo,5,0,2.25.0,2019-10-22 09:06:56
54,marcio arandas de souza,https://lh3.googleusercontent.com/a-/AAuE7mDPKm9rpuP-I-qoN1fINdb9lR4f5FwWB1RyUDeJJw,Legal,5,0,2.25.0,2019-10-24 21:21:38
55,sergio morales,https://lh3.googleusercontent.com/-iKNsYx3MkCo/AAAAAAAAAAI/AAAAAAAAAAA/ACHi3reGrIRQsLrtIA3xyLxSWy862UsKmg/photo.jpg,Top,5,0,2.25.0,2019-10-28 19:52:17
56,As cabeça de ET Hurmann de souza,https://lh3.googleusercontent.com/-z0TRUFq-vWU/AAAAAAAAAAI/AAAAAAAAAAA/ACHi3rffe3_mqaHbLq8Ee8GEU9vqWm3GPg/photo.jpg,Fasinante,5,0,2.25.0,2019-11-21 09:59:42
57,filmes completos e dublados HD,https://lh3.googleusercontent.com/a-/AAuE7mB6fbKJsW4UyjgcgJEmWwj8uTxKAIGZP9Cr_uDmbos,Bom,5,0,2.25.0,2019-12-08 21:21:09
58,mar0802,https://lh3.googleusercontent.com/-rX7kkRjLInE/AAAAAAAAAAI/AAAAAAAAAAA/ACHi3rfOTyL6VRM-UdRRSdASRoCYHHqBDA/photo.jpg,Vale muito,5,0,2.24.0,2019-10-03 22:21:25
59,kelariana lima,https://lh3.googleusercontent.com/-hajzMsWMlPQ/AAAAAAAAAAI/AAAAAAAAAAA/ACHi3rdhDVDt-BJWsGBTNQXt6xhCK78Psw/photo.jpg,Muito legal,5,0,2.24.0,2019-10-17 18:27:03
60,Joyce Mara,https://lh3.googleusercontent.com/-5Q8oqlAgCq4/AAAAAAAAAAI/AAAAAAAAAAA/ACHi3reHImtpaR2QiJ8aCZMx2TRn73LeVw/photo.jpg,Bom,4,0,2.24.0,2019-09-24 12:32:22
61,Claudio roberto rocette,https://lh3.googleusercontent.com/a-/AAuE7mA1prSxiPydUS3NU8PHKFfWvBG0nWooS9kd0Z0j,Ótimo,5,0,2.24.0,2019-10-02 21:40:20
62,sandra matuta do nordeste,https://lh3.googleusercontent.com/a-/AAuE7mCnRZ_7qXocXNp92tBbyENmUC6jCE93EmHivT_tfQ,🤑🤑🤑🤑,4,0,2.24.0,2019-10-08 18:16:30
63,Leandro Jaques,https://lh3.googleusercontent.com/-PPvV_8RNFm0/AAAAAAAAAAI/AAAAAAAAAAA/ACHi3rek1thMOis-XGACIofQpromVQX_wA/photo.jpg,muito bom.,5,0,2.23.2,2019-09-04 09:01:16
64,Aluízio Herculano Silva,https://lh3.googleusercontent.com/-Y78AHzKYyJA/AAAAAAAAAAI/AAAAAAAAAAA/ACHi3rdPbK93HeJM6zLAMlDNgAyrtSyoeA/photo.jpg,Very good,5,0,2.23.2,2019-08-24 20:43:21
65,Adelson Moura,https://lh3.googleusercontent.com/a-/AAuE7mDzORT7lc-_jjW6CDwWaplW0CAvfZX2sNhQqfEC,Ótimo,5,0,2.23.2,2019-09-05 08:29:55
66,Rodrigo Santos,https://lh3.googleusercontent.com/a-/AAuE7mAHqkWtiyXgVG5h0WZsl_G0YA_mVBxFB43J3RiyRA,Top,5,0,2.23.2,2019-09-06 09:50:23
67,Paulobyspo Bispo,https://lh3.googleusercontent.com/a-/AAuE7mBe5jrA4d-erMqpvayXofwy5Owca8KI_nWvreSTiw,Boa,5,0,2.23.2,2019-09-26 17:10:03
68,Danizita,https://lh3.googleusercontent.com/-E94Escbi9Wg/AAAAAAAAAAI/AAAAAAAAAAA/ACHi3rcg-EG37mMplzQQZ6dp7OjaScwLQw/photo.jpg,"I adore it but for the last 3 days it started freezing the game ,3 times when I has free spins very disappointing",4,0,2.22.0,2019-06-21 13:31:53
69,Wellington Aparecido de Melo,https://lh3.googleusercontent.com/-2J9RA6hHuis/AAAAAAAAAAI/AAAAAAAAAAA/ACHi3rdw6pL8C2w-RQEkzpZBI71imj7GhQ/photo.jpg,bom jogo,4,0,2.22.0,2019-06-22 22:21:21
70,Soraia Lopes,https://lh3.googleusercontent.com/-FBNwi0FepfY/AAAAAAAAAAI/AAAAAAAAAAA/ACHi3rdKu4J2dDtvzkfY_bvyL6AEKty83A/photo.jpg,muito bom,5,1,2.22.0,2019-06-23 16:39:59
71,Regianee Diass,https://lh3.googleusercontent.com/-oUonJzmCW7o/AAAAAAAAAAI/AAAAAAAAAAA/ACHi3rf2Rs8F40036mkQnrjtKIzkZocsXg/photo.jpg,Bom jogo,5,0,2.22.0,2019-07-12 09:09:19
72,LUIZ HENRIQUE ESPIRITO SANTO,https://lh3.googleusercontent.com/a-/AAuE7mADq57eGQ_YUgIqfq5KwU3wKNQvIBZzMwjeTLv4,bom,5,0,2.22.0,2019-06-24 19:36:58
73,Deborah Silva,https://lh3.googleusercontent.com/a-/AAuE7mCkHqthXYZBO2XcN0jezluAOAZkmKuOmVHH9oX-,legal,5,0,2.22.0,2019-07-15 10:28:49
74,Derivaldo Silva,https://lh3.googleusercontent.com/a-/AAuE7mAJslsMiQbrHVv2somFeqXNq7Fbm3M7_XqGojxx7w,uma destracao,3,0,2.22.0,2019-07-31 16:34:53
75,Janaina Souza,https://lh3.googleusercontent.com/-1-AS0EZkq9Q/AAAAAAAAAAI/AAAAAAAAAAA/ACHi3rdfKYPK52GSIgSAOabKnUHTs9icxQ/photo.jpg,😍😍😍😍😍,5,0,2.22.0,2019-07-08 10:51:28
76,Afonso Barreiro,https://lh3.googleusercontent.com/a-/AAuE7mBCr8SvzUI1Q2zabpemgfhBJpkT4vS-uXOn6a5_pg,"Funny game, but if you want to use your rewards be aware that its close to impossible to take most of them, for exemple, Im waiting for 4 months to issue vouchers at MGM Macau, and nothing is available, so play but remember that prabably you never will use your points in rewards.",1,1,2.21.1,2019-06-16 10:32:39
77,Alexander Santos,https://lh3.googleusercontent.com/a-/AAuE7mBH3RFM8NNbK0fzsy1nGWqjMoWWHc10kn-EUYKf,muito bom,5,0,2.21.1,2019-06-18 18:11:38
78,Um usuário do Google,https://lh3.googleusercontent.com/EGemoI2NTXmTsBVtJqk8jxF9rh8ApRWfsIMQSt2uE4OcpQqbFu7f7NbTK05lx80nuSijCz7sc3a277R67g,otima,5,0,2.21.1,2019-06-21 17:20:32
79,Joaquim Nunes,https://lh3.googleusercontent.com/-nc8Br-XlSuQ/AAAAAAAAAAI/AAAAAAAAAAA/ACHi3reNouNR_zilpZK5TzTkuNGWXyDPrw/photo.jpg,bom,5,0,2.21.1,2019-06-10 16:45:09
80,Fabiano Duarte,https://lh3.googleusercontent.com/-wKvCnfieoNI/AAAAAAAAAAI/AAAAAAAAAAA/ACHi3rcHoo7FVWTam_IzbYhEloGV_RPh0g/photo.jpg,muito bom,5,0,2.21.0,2019-05-13 17:33:01
81,Edmundo Kasnowski Neto,https://lh3.googleusercontent.com/a-/AAuE7mDNS-LsT6FWgxY9nuKACaj722Hl7UXLKVWNOu53,muito bom,5,0,2.21.0,2019-05-09 15:09:24
82,Marcelo Sforza,https://lh3.googleusercontent.com/a-/AAuE7mB5eulgn1GqouxEz-d0Bex7V8i1qHthNTW8W8nc4Q,show,5,0,2.21.0,2019-05-17 21:03:04
83,Guga Xavier,https://lh3.googleusercontent.com/-gI02sPhllLc/AAAAAAAAAAI/AAAAAAAAAAA/ACHi3reaMb-Mae6Hm2ZUOhhVWVBNRD-_8w/photo.jpg,BACANA,5,0,2.21.0,2019-05-09 16:32:07
84,Luiz Garcia,https://lh3.googleusercontent.com/-FQij2EHvs9E/AAAAAAAAAAI/AAAAAAAAAAA/ACHi3rexh3U4xCCDygIp0dD6Ags2MF7ZOw/photo.jpg,sensacional,5,0,2.21.0,2019-05-23 21:25:03
85,Nanny Viana,https://lh3.googleusercontent.com/a-/AAuE7mAaSnfWbLL_2ieoM9r17XU6CdC7uLhCtIfAJmZmZg,tooop,5,0,2.21.0,2019-05-12 15:49:31
86,Tollare Biombos,https://lh3.googleusercontent.com/-kzThcq9Np3g/AAAAAAAAAAI/AAAAAAAAAAA/ACHi3rd0h9RMbe3RXu-1VQ4rr3a0r8cvEw/photo.jpg,bom,5,0,2.21.0,2019-05-12 12:19:06
87,Alexandre Parissentti,https://lh3.googleusercontent.com/-JebdgspWLvk/AAAAAAAAAAI/AAAAAAAAAAA/ACHi3rc-WXyowG0PezGO-RuzK1Fx_7-5IA/photo.jpg,Bom jogo,4,0,2.20.0,2019-04-27 18:00:01
88,Nerli Soares,https://lh3.googleusercontent.com/-JA5EscbSJ8o/AAAAAAAAAAI/AAAAAAAAAAA/ACHi3regaSDAeJev1fOaduNwMMuc5Ylfpg/photo.jpg,muito bom,5,0,2.20.0,2019-03-27 18:31:29
89,Mauro Machado,https://lh3.googleusercontent.com/a-/AAuE7mDsk4Za5nHxEMxY3fMjE9OQ7QStq7Jj9aI8r_NZ6xM,Bom jogo,5,0,2.20.0,2019-04-12 19:09:23
90,Jozoel Ferreira,https://lh3.googleusercontent.com/-DKHnEVMrNCo/AAAAAAAAAAI/AAAAAAAAAAA/ACHi3rfzWlSxVmQU-jfGysUyrU9y6IJJmA/photo.jpg,boa distração,5,0,2.20.0,2019-04-22 17:30:35
91,Wandson Felipe Neto,https://lh3.googleusercontent.com/a-/AAuE7mDh_szRco5B2rye7nyiYry2OUvOAhnRW5DPtC6YVw,ótimo passatempo,5,0,2.20.0,2019-04-21 20:00:26
92,Eduardo Portela,https://lh3.googleusercontent.com/a-/AAuE7mB5oOCREXIlJPXSPNwSCn1kLJ5g7B34MWYkNk4,muito bom,5,0,2.20.0,2019-05-03 13:02:27
93,Patricia Coelho,https://lh3.googleusercontent.com/a-/AAuE7mDco7byaTa9s8LHshRWGmuc3zoJoCKIwYa8VW5bwmk,Excelente,5,0,2.20.0,2019-04-20 21:50:11
94,Paulo Moreno,https://lh3.googleusercontent.com/-eUt_R1wwi5E/AAAAAAAAAAI/AAAAAAAAAAA/ACHi3rePi1UjAMdwXnlJEW9Hc6Kh_cg2CA/photo.jpg,ótimo,5,0,2.20.0,2019-04-12 11:59:09
95,Alex sales Barbearia,https://lh3.googleusercontent.com/a-/AAuE7mDPerL0bfhKKAmU6SPiTDnYLc3Jt5cvqqEdd7pRsQ,kkkkk,3,0,2.20.0,2019-05-03 22:17:16
96,Rodrigo Souza,https://lh3.googleusercontent.com/-LbcWP4FJq2g/AAAAAAAAAAI/AAAAAAAAAAA/ACHi3rfycUAi9bgOhAa85KbyHLiMSA2WlA/photo.jpg,bom,5,0,2.20.0,2019-04-12 10:57:54
97,Renan Felipe Valentim Rodrigues,https://lh3.googleusercontent.com/a-/AAuE7mBmjsmhpuRXfthABk9lMTPRjYN1U0NE_5tpxRd_0Ko,top,5,0,2.20.0,2019-04-02 14:41:20
98,Silvia Regina De Oliveira Gomes,https://lh3.googleusercontent.com/-uxoZF-aK2rs/AAAAAAAAAAI/AAAAAAAAAAA/ACHi3rd6LdYFRXLpFe4md8GkqsHcM7pH5Q/photo.jpg,gostei,5,0,2.20.0,2019-04-02 01:21:32
99,Eduardo Martins,https://lh3.googleusercontent.com/a-/AAuE7mAoxlRz3VsexgE-02Ac3hFYTBctelUhC9OURfsw8w,the best game!,5,0,2.19.0,2019-02-08 15:31:53
