,userName,userImage,content,score,thumbsUpCount,reviewCreatedVersion,at
0,Isabelly Rodrigues,https://lh3.googleusercontent.com/a-/AOh14Gj6ekevJyRzHJjGShPS_j49FfoqeGuRWA48c9UwBAM,"O jogo não cobre toda a tela (sobram espaços ""pretos"" em cima e em baixo) e eu não consigo logar no Google Play Games, nem manualmente pois o botão não funciona, não consigo recuperar uma conta antiga. Não tem nem como falar com uma equipe de suporte, já que não tem. Abandonaram o jogo, faz muito tempo que não há atualizações. Tudo isso fez com que eu desinstalasse o app, horrível!!!!",1,56,1.31.0,2020-05-29 12:33:07
1,Sah Sazinha,https://lh3.googleusercontent.com/a-/AOh14GgdKx5bPNMKXm93ZhLcZ9__o86RegQ_TdZW5NlSBw,"O jogo é muito bom!!! Eu adoro ver as fotos e a histórias que elas tem! É muito divertido e o melhor é que não tem anúncios!!!Apenas acho que para ficar ainda melhor poderia ter tradução para outros idiomas, assim seria mais fácil de entender tudo. E uma crítica: algumas tasks que a gente tem que fazer utilizam objetos que ainda nem foram desbloqueados! Eu acho que deviam colocar umas tasks depois de subir de nível.",4,429,1.31.0,2020-03-08 16:33:01
2,Rebeca Ferreira,https://lh3.googleusercontent.com/-00DSTpyFf6Y/AAAAAAAAAAI/AAAAAAAAZUk/AMZuucl-3ACEnriEN1B0rioHfr39NWH3Kw/photo.jpg,"O jogo é bem legal, gráficos legais, uma história legal. É divertido mexer com o ninja. Estou dando três estrelas pois o jogo não se adapta a tela do meu celular, e não consigo clicar nos botões na parte inferior da tela, o touch está desregulado, gostaria muito que consertassem porque gostei bastante do jogo.",3,189,1.31.0,2020-04-21 11:28:57
3,Rafael Hipolito,https://lh3.googleusercontent.com/a-/AOh14GgcxO2QbZDEV6j3HLPKYkhczzSjn06JUr0f7XG9gw,"O jogo é muito bom , bem divertido. Porém ele não ocupa toda a tela do meu celular , pois quando eu clico em algo na tela , ele não funciona. Por causa disso que estou dando 3 estrelas , se conseguirem arrumar esse problema , dou 5 estrelas... Meu celular é um Moto E6 Play",3,34,,2020-05-09 10:26:55
4,Asfalprint Porcelanato,https://lh3.googleusercontent.com/a-/AOh14GgT06EKJZp-2odiKfRaLXvQ6TnYhrelXPRx2g3Q,"RESOLVENDO O PROBLEMA DA GALERA! Gente, o jogo não é atualizado faz tempo. O problema é que o click está um pouco mais para cima. Clique na tela um pouco embaixo do botão ""CONTINUE"" Que dará certo. Espero ter ajudado!",3,5,,2020-05-10 00:10:55
5,thayna correria,https://lh3.googleusercontent.com/-EH3L4mEhWP4/AAAAAAAAAAI/AAAAAAAAAAA/AMZuucnOGD2C03LsxEXHfGzZdMA-OSD4AQ/photo.jpg,"Eu daria nenhuma estrela mais não dá o jogo e muito ruim trava muito,ficam aí falando que é tudo de mais mas não é 👿👿👿é muito bugado e sem sentido não instale é sério podem ficar falando que eu que tenho mau gosto e que eu falo isso só por que não tenho nada pra fazer mas eu amo jogos e sou muito gentil mas também sou sincero se vc estiver lendo até aqui obrigado😃 mas eu só estou sendo sincero 🙄👍 A e meu nome na verdade é Marco",1,6,,2020-05-15 12:39:19
6,Dimitri Arydes,https://lh3.googleusercontent.com/-semDECIRvdo/AAAAAAAAAAI/AAAAAAAAAAA/AMZuucmoUYsH4sVJdU2Ic381i7re3-KpuA/photo.jpg,"Eu baixei o jogo e apareceu para eu clicar no ""continue"" para ver as coisas de segurança,eu li e apertei o X para sair da tela e o jogo n tira a mensagem, assim eu não posso jogar, isso está me deixando frustrado!",1,7,,2020-05-10 15:21:20
7,Luana Gomes André,https://lh3.googleusercontent.com/-WpdqGgdDHbA/AAAAAAAAAAI/AAAAAAAAAAA/AMZuucnAIHaO9__zaS1sBryWLEmxk-UVSg/photo.jpg,"Eu entrei no aplicativo e ele ficou pedindo para eu deixar ele ter acesso aos meus contatos , e quando eu permiti eu fiquei tentando entrar no jogo e não entrou , tive que desbaixar",1,2,,2020-05-25 22:56:22
8,Maria Amparo,https://lh3.googleusercontent.com/-8z302ayRD00/AAAAAAAAAAI/AAAAAAAAAAA/AMZuucmW7Q0A_CNkwohtYqGYwAcb9AiiSw/photo.jpg,"Eu não sei o q tem q fazer pra entrar,fica aparecendo um texto enorme quando aperto continue,depois daí,não sei o que fazer,eu aperto ""X"" mas volta pro continue,e tudo de novo,me ajuda",2,3,,2020-05-27 17:04:50
9,Mary Souzah,https://lh3.googleusercontent.com/-LbuSLMxSGdw/AAAAAAAAAAI/AAAAAAAAAAA/AMZuuclca54RPKRw7ZbbLqiyjK5TPC9LAg/photo.jpg,"Bom, o jogo e ótimo e tal... Mas não consigo entrar porque toda hora aparece um aviso de termo de privacidade e Privada eu tento de todos os jeitos fazer ele funcionar mas não vai, por favor me ajudem a resolver esse problema",5,106,1.31.0,2020-03-26 19:12:53
10,Gleyce Marquez,https://lh3.googleusercontent.com/a-/AOh14GgkZms6B06vi5PTwm2PKOe7X2RKZYPuliGAi5W9aQ,"Eu não consigo entrar no jogo por causa da politica de privacidade, simplesmente aparece para eu clicar em continuar, ai aparece a politica e não tem nada dizendo para eu concordar e enfim seguir com o jogo. Estou presa a bastante tempo tentando entender o que eu tenho que fazer para poder jogar, já li aquilo de cabo a rabo e mesmo assim não consigo logar. Por favor arrumem isso, eu gosto bastante desse joguinho😞",1,166,1.31.0,2019-12-14 03:26:55
11,MARCELO SEVERINO,https://lh3.googleusercontent.com/-bK9funwq3Vc/AAAAAAAAAAI/AAAAAAAAAAA/AMZuucnK6FEMeNzgmUmg-wqYuTDKlDcSFA/photo.jpg,"O jogo é bem bom só q tem uma coisa q está me atrapalhando , quando eu aperto pra fazer uma missão ou coletar recompensa o meu click demora muito pra validar então eu fico lá 1 minuto só pra conseguir fazer a missão , então por favor melhorem isso , porque se melhorarem , com ctz vou continuar a jogar",2,44,1.31.0,2020-04-04 22:03:51
12,gloria latorre,https://lh3.googleusercontent.com/-WbeilmY71So/AAAAAAAAAAI/AAAAAAAAAAA/AMZuuclDgXYx5wHtKPkWQDnTk8jVwZGyMg/photo.jpg,"Super,super,super mega incrivel eu que nao sou muito de jogo eu fiquei visiada instalam sei que nem todos tem o memos gostos mais tentam instalar esse jogo é muito legal e os personagem sao muitos fofos eu estou no nivel 11 criam porfavor clumsy ninja 2 por favor",5,8,1.31.0,2020-04-20 17:05:05
13,Gutt Antunes,https://lh3.googleusercontent.com/-DxNZqMnx63w/AAAAAAAAAAI/AAAAAAAAAAA/AMZuucnROhj9us0Goe5bXHnF0K8Eh4NJFQ/photo.jpg,"Ele é muito bom, mas podia viajar para qualquer lugar mas não interessa é muito engraçado você pode bater na perna e ele bate a cabeça no chão e muito engraçado instala o jogo rápido 🖒🖒🖒🖒🖒🖒🖒🖒🖒🖒🖒🖒🖒🖒🖒🖒🖒🖒🖒🖒🖒🖒🖒🖒🖒🖒🖒🖒🖒🖒🖒🖒🖒🖒🖒🖒🖒🖒🖒🖒🖒🖒🖒🖒🖒🖒🖒🖒",5,9,1.31.0,2020-04-29 21:07:09
14,luana renata,https://lh3.googleusercontent.com/a-/AOh14Gh8OleYcE5JGi1NLINs_xEq_xlYWpP6Vbt99-If8Ek,"Eu não sei o que houve com a plataforma, mas agora aparece só pra acessar os termos de privacidade e não dá pra sair disso, aperto continuar e só direciona pra lá ... Peço por gentileza que arrumem pq gosto desse jogo e sua jogabilidade",1,28,1.31.0,2020-04-29 20:22:32
15,Cleudivan Júnior,https://lh3.googleusercontent.com/-1Oij3c7aevM/AAAAAAAAAAI/AAAAAAAAAAA/AMZuucmmtNUYEMrWnXt3d9T2151tFAhucw/photo.jpg,"Eu amei o jogo ele é ótimo para destrair, e ainda e offline, só não gostei muito porque não tem a opção de idioma eu espero que um dia tenha",4,1,1.31.0,2020-05-07 18:36:03
16,Jaime Batleground,https://lh3.googleusercontent.com/a-/AOh14GiuP93A1GfYYaDXemreJPcLBghLkSEyx7PXJSqdbw,Gente para de reclamar que vcs apertam em continuar ai aparece uma coisa la e vc aperta o x mas o jogo nao funciona oque vcs tem que fazer é simples e so baixa o aplicativo de play jogos ou play games alguma coisa assim,5,0,1.31.0,2020-05-30 14:03:02
17,Mateus Schulz,https://lh3.googleusercontent.com/a-/AOh14Gh8syTrKcOyLShLu_fq0e0B7nztITroyRKLxovYbw,Não funciona bem no moto g7plus. Jogo não cobre proporção da tela. Dificulta a jogabilidade. Lamentável,1,0,,2020-05-23 04:13:07
18,joãozinhohz,https://lh3.googleusercontent.com/a-/AOh14GgTqiNbXKtv0RpJICE28E4xuo872aAJBb_N3ZTRoQ,Pra mim está bugado quando eu toco na tela aparece que eu toquei em cima da onde eu toquei e está muito ruim de jogar podem arrumar isso pra mim jogar de novo pq adoro esse jogo,4,0,1.31.0,2020-05-17 21:44:45
19,Um Urso Preguiçoso,https://lh3.googleusercontent.com/a-/AOh14GjOA5YA6gdLIGwFQ2byhmk8tBuIv1jcZE1Q2HHb6w,"Assim mnw, o jogo é simplesmente incrível, porem eu jogava em um celular com uma tela menor..., Mas quando troquei de celular, e w tela aumentou, os controles do jogo ficaram bugados, por causa da tela infinita o jogo fica mais pra cima, fazendo que as hit box ficam todas erradas :/",2,99,1.31.0,2019-12-24 22:35:22
20,Bianca Zanini,https://lh3.googleusercontent.com/a-/AOh14Ggv8LCPMkfSuBtQTc_W1dQcLcrKuXe3KE_LIwNvfg,"Antes de eu ganhar um celular novo , eu tinha este jogo no qual eu amava . Mas agora que eu ganhei outro celular, eu abaixei Clumsy Ninja . O jogo não abre . Aparece política de privacidade e continuar , depois que você aperta em continuar e fica falando sobre Zynga e nada do jogo começar . Por favor arrumem isso !",2,223,,2020-01-21 18:39:52
21,Kime Martins,https://lh3.googleusercontent.com/-4DDDAGQdNp8/AAAAAAAAAAI/AAAAAAAAAAA/AMZuucmZ0qn54AFrCdTGVdaEyK5Q0QccEg/photo.jpg,Eu já tive esse jogo antes e era muito legal mas eu instalei ele e apareceu várias coisas de negar e de permitir mas nisso ele ficou travando a e eu gostaria que vocês deixarem a opção de edi omas,4,6,1.31.0,2020-03-23 18:30:15
22,白い悪魔ShiroiRozu暗い嵐,https://lh3.googleusercontent.com/a-/AOh14GiRunc2QcC2RU3x3Hgzk8rJjDFoxrOYQxOq1AZR0g,O jogo não fica em tela cheia e além disto 3 estranho que o toque na tela não responde Sério um jogo mobile que o toque na tela não funciona direito que lixo,3,0,1.31.0,2020-05-22 22:59:47
23,Richard.F,https://lh3.googleusercontent.com/a-/AOh14GizUoYp8xKUsrfBcuND_OyuTRrnd_ZuPC_m-uTtXf4,O jogo e bom mais não ocupa toda a tela do meu celular (moto one) e quando Clico nos botões inferiores não vai. Pfvr consertem isso,2,1,,2020-05-13 13:49:07
24,Vitor sellera games 867,https://lh3.googleusercontent.com/-yY2akoKIdqo/AAAAAAAAAAI/AAAAAAAAAAA/AMZuucm-wtuLjonpPOwZ8nruZ8sD4vjPjg/photo.jpg,Uma estrela pq no jogo aparece uma mensagem totalmente eu inglês e eu sou br e quando eu aperto continue apetece um negócio lá que é totalmente em inglês TB é o pior jogo do mundo já sei atem um nome pra esse jogo clumsy pior jogo do mundo ninja,1,0,1.31.0,2020-05-17 00:42:54
25,Maria start,https://lh3.googleusercontent.com/a-/AOh14GhKvu2hi29s_OMtJ42njt74-rvWRUP8trsO9C4EWA,"Jogo maravilhoso, minha única tristeza é que o jogo não tem opção de idiomas, não tem opção português é tudo em inglês, e como para passar de fase é necessário a leitura do desafio é um saco ficar abrindo o google tradutor direto, isso me fez perder o interesse no jogo e dar apenas 1 estrela.",1,307,1.31.0,2020-02-21 00:32:52
26,CAETANO REIS,https://lh3.googleusercontent.com/a-/AOh14GgLMqbQz7Q17S6-egEitVlpvpYNXQSe-w76zfCAeA,"Curto demais o jogo,jogava muito lá pras 2015/16 e AGR q baixei denovo pra matar a saudade o jogo não entra só fica e política e privacidade e continuar,eu aperto em continuar e o jogo não entra fica travado!por favor arrumem isso pq eu gosto demais do jogo!",2,3,1.31.0,2020-03-31 00:16:56
27,LEONY TUBER,https://lh3.googleusercontent.com/a-/AOh14GhKuXN7iSgjmQfM0A6EDiP7WpZ9iTsaD086rfPKNw,Antes eu amava esse jogo mais agora fica aparecendo um negócio de política de privacidade e quando eu colocava minha conta do Google dava erro como se a minha conta não existise então por favor tire o melhore isso.,2,11,,2020-04-13 15:32:06
28,the puppet,https://lh3.googleusercontent.com/a-/AOh14GjWSEeXWAckKX7suDQyi28kts27vUkQMl_S5CmD,parabéns! é um jogo simplesmente incrível!boms gráficos e uma história legal(mesmo com os bugs de o clumsy grudar no trampolim),5,1,,2020-05-18 11:37:20
29,Thi & Jeh,https://lh3.googleusercontent.com/a-/AOh14GjYpAWgkbZH66qxB9dEd7ha31Y8d2CKDSShcgSLMg,"Jogos que pedem permissões para acessar fotos, permissões para fazer ligações, e acessar contatos pessoais, nao deveriam nem estar na play store, e por este e outros motivos que são considerados um belo meio de espionagem... nao a necessidade de tais permissões para um jogo...",1,31,1.31.0,2019-12-27 15:21:52
30,Samuel,https://lh3.googleusercontent.com/a-/AOh14Gi_5fluQI70p3Z1zE6wkwb_fEORe1-pmDitJLS2hQ,Antes não deu para entrar no jogo por causa do da política agora por causa que a tela tá pequena e não encaixa no telefone,3,0,1.31.0,2020-05-21 15:52:39
31,Luis Fellipe Garcia da Silva,https://lh3.googleusercontent.com/-Ks7duGgdbcU/AAAAAAAAAAI/AAAAAAAAAAA/AMZuucllBADPYmGipe29kMoZOigWKr5D7A/photo.jpg,O jogo e bem legal o único problema e a falta de escolha de diomas só isso tirando isso os gráficos são otimos o som tam bem e o jeito que vc interage com os personagens.,4,4,,2020-04-30 14:20:23
32,cida jesus,https://lh3.googleusercontent.com/a-/AOh14GjbGcdVcIJDqenbYi_ZSqlSlKi6Tq3mLBkwco1oOQ,Bem poderia colocar levels tipo uma criança ninja até o adulto e TB poderia ter mais idiomas tipo português ou espanhol e tAmBeM Ter uma casa que todos os dias vc sai da casa e ia trabalhar como ninja a noite 👁️👄👁️,5,1,,2020-05-19 16:32:30
33,Larissa keller,https://lh3.googleusercontent.com/a-/AOh14Gi7gpEdL9zWAoEybgLWQAMvb9W1BDB-SIn6liGPxQ,"O jogo em si é bem divertido, o problema é que onde eu clico quando termino uma missao nao vai, tenho q clicar abaixo do OK ou eu tenho qie ficar caçando o canto da tela que vai fechar o OK ou qualqer outro afazer. Arrumem isso, o jogo é bom dms pra estragar assim",2,4,1.31.0,2020-04-02 18:36:28
34,Huanderson Díaz,https://lh3.googleusercontent.com/a-/AOh14GjqHbkCEuRD-Zj1_XO-lyKK8RchO8iKrHaJckk87A,Horrível. Fiquei horas lendo INFORMAÇÕES LEGAIS achando que tinha que aceitar os temos e nada de confirmação. Não gostei!,1,3,1.31.0,2020-05-14 10:51:58
35,MariaDarlangeAlves Darlange,https://lh3.googleusercontent.com/-53vruNyzoPI/AAAAAAAAAAI/AAAAAAAAAAA/AMZuucmTqmdCcJf4ylULIZlBnmYIez-5cQ/photo.jpg,Muito bom divertido da para brincar de varios jeitos da para pintar o boneco tipo a faxa dele a roupa i até o sexo tipo feminino ou masculino más e por level então demora más puriso q dou 5 estrelas,5,2,,2020-05-22 13:55:42
36,Victor gamer 360 9k mna,https://lh3.googleusercontent.com/-v8hS251aVKA/AAAAAAAAAAI/AAAAAAAAAAA/AMZuuckwXwVPTmI3hjhs_IAnw2LvEqwsfA/photo.jpg,"cara, é legal esse aplicativo, e também pode joga ele pra cima e gira,parece aqueles falsos em parkor e melhores parkor mano mas eu vou 4 estrelas,porque também não é tão legal,guando você começa a jogar você fica com a cara de normalmente é depois fica ficando chatinho então eu vou dar 4 estrelas.😉 mas, eu gostei também",4,245,,2020-01-22 20:56:35
37,Geam Carlos,https://lh3.googleusercontent.com/a-/AOh14Gibx0_n_28R3pSIv6VN9hRR2YAFsJtpT-RDk_bZfg,"O jogo é simplesmente ótimo, só que teria que ter tradução pra outros idiomas, seria bastante interativo.",3,4,,2020-03-19 11:32:29
38,Jorge Rubens :3,https://lh3.googleusercontent.com/a-/AOh14Gg9UZhBhH3LzXFd-1YxEeUzCOTXlJAVwr0FKVxLlg,Quando vou entrar no jogo apareceu para apertar em continuar para concordar com o termos mas ai abre uma pagina do Zynga e nessa página n aparece nada para concordar ai o jogo fica preso nisso e n da pra joga,1,19,1.31.0,2020-03-05 19:26:39
39,Ian Sonic Ouriço Alves,https://lh3.googleusercontent.com/a-/AOh14GjGQkj5pyH6oZ0Z7kpO7Ha14w9UCMWqZnOuPxwBkw,"Eu gostava bastante desse jogo antes, era legal. Mas agora eu não consigo mais jogar ele, infelizmente. Toda vez que eu entro, aparece as regras de política de privacidade, que é bem importante para o desempenho do jogo, é claro, mas o real problema é que não à como sair das indicações da política de privacidade, e isso afeta a não poder jogar o jogo. Por favor, coloquem uma opção de concordar com as regras de política, por que sem isso não poderemos ter o acesso ao jogo. Obrigado pela atenção.",2,549,1.31.0,2019-04-17 12:29:11
40,Deeplay Games,https://lh3.googleusercontent.com/a-/AOh14GjXhlcpTEk-VPqbatuR5IT964K02WKUvp8dbXj3pQ,"Eu adorava, porém quando troquei de celular o jogo fica falando de política de privacidade e um monte de coisas sobre quem fez o jogo e não consigo jogar",2,8,1.24.0,2020-04-13 21:24:25
41,Fabiano Lino,https://lh3.googleusercontent.com/a-/AOh14Gjti1DABeS7ZTMrJruqpLGOngq0TcSANK1_cQfF,"Mano e muito engraçado,por que do geito que eles se arrebentam e muito bom e o grafico e demais para mim,nao tem erro, baixe pfv e bom,dou 5 estrelas.",5,3,1.31.0,2020-04-15 10:44:43
42,Vitória Medeiros,https://lh3.googleusercontent.com/a-/AOh14Gi5hUKIdxFo7xmdWFguZrGvBm7pYmu7NtC8wSN-KA,"Gosto muito deste jogo, troquei de celular para poder joga-lo, comprei o novo celular da Asus o Zenfone 5z, mas estou com problemas para selecionar os botões como ""ok"" ou clicar na seta para escolher o treinamento. Acho que pela tela do Zenfone 5z ser muito grande não está batendo com as configurações do jogo. Peço que analisem isso e façam uma atualização pois não quero parar de jogar, e esse é o único problema visível, os gráficos são ótimos!",5,443,1.31.0,2019-02-16 18:56:38
43,player J,https://lh3.googleusercontent.com/-zAcT2Lzc2SU/AAAAAAAAAAI/AAAAAAAAAAA/AMZuucmcdw89DV4I8ypSO2V4JW1KzMfkeQ/photo.jpg,Eu vou dar 3 estrelas por que o jogo é bom mas ele não tem a opção de colocar na língua portuguesa e não é atualizado desde maio de 2018 e tem missão que não é de acordo com o meu nível e tenho que evoluir mais rápido por que sinal não vou conseguir dinheiro e não irei evoluir,3,4,1.31.0,2020-03-03 19:10:06
44,Gabriel Henrique,https://lh3.googleusercontent.com/-R9k0-rk20AY/AAAAAAAAAAI/AAAAAAAAAAA/AMZuucnKJI-rWtOfzz3k9uxnqy3_nGICQg/photo.jpg,"Gosto muito do jogo,mas ele não se adapta a tela do meu celular(moto g7)",4,0,,2020-05-08 17:54:29
45,Guigo Rur,https://lh3.googleusercontent.com/a-/AOh14GgSDYQBfntbwnCCIL8M4YY410WGse-RnzYzSCFP,Tirem está permissão de fazer chamadas telefônicas e aumentem a versão de recomendação do celular tipo até 8.6 ou postor ou superior e tirem a permissão de entrar nos contatos,1,0,,2020-05-09 15:55:20
46,Regiane Angélica,https://lh3.googleusercontent.com/a-/AOh14Ghv0PwmyRClt9bEkOXWWEA0xmmjJ8tic2TTsKHRhg,"Não consegui abrir o jogo,termo de privacidade e termo de serviço não libera e não saí da tela.",1,5,1.31.0,2020-04-06 00:27:19
47,Aline Kircchinbauer,https://lh3.googleusercontent.com/a-/AOh14GjhMMyFGkz5ZNsn7UqNMIUz8PqD_hRYdh5XiNB0,Olá.  Eu gostaria de saber de algo que se possa fazer a respeito da falha do sistema do jogo. Eu cheguei até o nivel 40 e do nada voltou para o início. Eu amo o jogo e fiquei muito triste.,1,11,1.31.0,2019-12-20 22:15:05
48,Jovens Aleatórios,https://lh3.googleusercontent.com/a-/AOh14GglmsCSHmvo9QRxgA2IYLwkBCWRN0MABTT1dWum2w,"Muito bom! Os gráficos são muito bonitos e as missões são bem divertidas. Você fica empolgado para progredir no jogo, e é bem viciante. Recomendo!",5,16,1.31.0,2020-01-23 21:53:02
49,underpressury,https://lh3.googleusercontent.com/a-/AOh14GjNjJLTOudyNisSVB6zD6Dy1-1xUsxAQ2a5uXCuqA,"gostei muito desse jogo por ser divertido, mas quando clico nas opções não funciona, então tenho que clicar um pouco mais embaixo pra funcionar. tirando isso o jogo é ótimo.",4,13,1.31.0,2020-01-24 10:39:14
50,Neiafreitas Freitas,https://lh3.googleusercontent.com/a-/AOh14GiMY2bkCltTNbKC170kDLq73e84HlZMJWT8-BSE,Aquele negócio de entrar no jogo de privacidade politica a única coisa que tem de ruim é que eu não conseguiu entrar por causa que tinha que fazer um texto lá,1,3,1.31.0,2020-03-19 10:12:01
51,shoosh _,https://lh3.googleusercontent.com/a-/AOh14GhvZ5CMY_NTlxXzFvDb7iGIwre3O-muLRyqf1AxuQ,"o jogo, em geral, é ótimo, cativante, bonito, com certeza, um dos melhores jogos de Pet Virtual, porém, hoje tive um problema com o jogo, entrei, e percebi que todo meu progresso havia sido perdido, lamento muito, mas com o risco deste problema, não há mais vontade de continuar a jogar",3,16,1.31.0,2019-05-14 20:39:13
52,GuiZaum09,https://lh3.googleusercontent.com/a-/AOh14GjB8YWVOQjhwCFJYWDWceMJ6LsMMDRkUS51rrwtOg,"Impossível de Jogar,instalei o jogo e coloco pra jogar,leio os termos e coloco em continue e coloca o termo de novo, impossível jogar",1,5,1.31.0,2020-04-09 00:22:45
53,Enriquito Piriquito,https://lh3.googleusercontent.com/a-/AOh14Gj9H6B40w2TbtbIgiDb0amZwd_t2Ph2b0DZzzp5eA,"Já joguei e é mt bom, mas eu tentei jogar denovo e a única coisa que aparece são os termos de privacidade. Além do mais, o ninja nem se mexe.",2,1,,2020-04-28 02:52:28
54,Priscila Costa De Paula,https://lh3.googleusercontent.com/a-/AOh14GheVwzUv9N-Yq3oWIihAn2AgtiJ_sL6GLa5OEGavoo,"Não acho certo, que pra poder jogar vcs tem que ter acesso a fotos e mídias e aos contatos ... pra que isso?? É uma invasão de privacidade....Eu não aceito, e meu filho não consegue jogar ... simples um jogo a menos .",1,5,,2019-12-06 07:03:30
55,Milenna Sweet,https://lh3.googleusercontent.com/a-/AOh14GgXwRYRz1TUpE4K5dUhAnsOrAZjYubpm5OmWHpj,"Não está entrando, quando eu clico em continuar ele entra nas políticas privadas de novo consertem por favor eu gosto muito desse jogo, e outra coisa vcs podiam adicionar outras línguas no jogo português por exemplo",2,58,,2020-01-14 23:29:17
56,Mateus Gonçalves Nunes,https://lh3.googleusercontent.com/-WFKF0iAwE8c/AAAAAAAAAAI/AAAAAAAAAAA/AMZuucmFYq7GxieXF9pgVp0z7bwj3Iktuw/photo.jpg,"Mano eu amo esse jogo mais aí quando eu entro pra jogar ele aparece sobre a política de privacidade e eu n tem nd pra mim concordar aí n dar pra jogar se n tivesse esse problema eu daria 5 estrelas, mais com esse problema eu dei só 1 estrela, pfv arrumem isso pq como eu disse eu amo esse jogo ☹️🙁😕",1,15,,2020-01-17 14:15:55
57,Filipe Machado,https://lh3.googleusercontent.com/a-/AOh14GgQWmgmz5RONijTLQTqSXglPDsC6eIQprumxL0kdw,"O jogo não se adapta ao tamanho do ecrã do meu celular e nem os comandos respondem nos locais corretos... Exemplo: Um balão está flutuando, mas se quero tocar nele eu não consigo, tenho que tocar bem abaixo dele pra ter a sorte do toque funcionar no balão. Resolvam isso que mudo a minha avaliação. Gosto muito desse jogo ): (Meu celular é um moto G7 Pluss)",2,44,1.31.0,2019-10-04 20:40:50
58,Nikolas Caio,https://lh3.googleusercontent.com/a-/AOh14Gjbpa6i20qHxXiBAeESmbKfpzztQ8X538K0tHlt,Muito legal e engraçado!hahaha!o jogo tem graficos otimos e jogabilidade incrível!,5,1,,2020-04-15 21:24:42
59,Mayara Flor,https://lh3.googleusercontent.com/-AXoGz5UTAvA/AAAAAAAAAAI/AAAAAAAAAAA/AMZuucmN5KUG3l61MCcvRUaH-fDpqMmEzQ/photo.jpg,"O jogo e horrível, quando a gente entra no jogo fica aparecendo uns negócios em inglês e não dá pra entender,e embaixo tem quit e not nopt não sei, por isso dei uma estrela 😡😡😡😡😠😠😠😠😠, não baixem",1,3,1.31.0,2020-03-17 10:59:39
60,Clark Kent,https://lh3.googleusercontent.com/a-/AOh14GgvwoL3oF-1yAsw5fEgPtfovU6tRfSQf2uuLYHs6A,Quando eu entro no jogo aparece política de privacidade aí eu clico em continue e aparece um texto grande e o jogo não começa,2,4,,2020-04-19 10:17:43
61,Herivelton Silva,https://lh3.googleusercontent.com/-G0Jw4FSc1Fk/AAAAAAAAAAI/AAAAAAAAAAA/AMZuucn7lNd6PbGKKolvAkhWvfFEBy43uA/photo.jpg,"Divertido! Porém jogo não é atualizado desde maio de 2018 ,e isso afeta o desempenho e se torna um jogo obsoleto ,sem novidades. E é um jogo bem legal ,poderiam dar continuidade as atualizações. Vocês não responde a ninguém. E como salva o perfil para podermos guardar nossa evolução no jogo",5,74,1.31.0,2019-12-02 10:36:04
62,bielzyn,https://lh3.googleusercontent.com/a-/AOh14Ggg_KGd9SbdXfUCvzMOYn41T7rIkzXTS1ijtYA_cg,"Eu estou muito triste com o jogo porque quando eu entro no jogo aparece as políticas e privacidade e eu não consigo entrar no jogo,quando eu tento clicar em continuar ele entra na política e privacidade e eu não consigo jogar o jogo então consertem esse erro porque eu amo esse jogo",1,117,1.31.0,2020-01-11 11:15:27
63,Henrique de Paula,https://lh3.googleusercontent.com/a-/AOh14Ggze0cfZSkvRnEcW4ztw13UMrzFYBur-ucYz5kg,Problema na troco de telefone. Tela maior controle fica desconfigurado.,4,2,1.31.0,2020-03-15 13:27:47
64,Knotz,https://lh3.googleusercontent.com/a-/AOh14GjpeHEUC_Qt5B8CBiWNBulfl7lb4Uq8JfFyMUAqOg,"O jogo não sai da tela das políticas de privacidade, eu aperto em continuar, e volta pra onde tava, injogavel",1,0,,2020-05-03 13:14:31
65,Vitor Almeida,https://lh3.googleusercontent.com/-QbaIPlvMyO8/AAAAAAAAAAI/AAAAAAAAAAA/AMZuuck3veaR2IjeEZiYAmdCthgr96ddww/photo.jpg,"O jogo é bom, mas não consigo jogar porque aparece na tela ""política de privacidade"".",3,0,,2020-03-27 09:21:20
66,saulo vlog 3,https://lh3.googleusercontent.com/-0J6KY5nGtBc/AAAAAAAAAAI/AAAAAAAAAAA/AMZuucntHzGnByBbBxsA4LhDlP9N4wrogQ/photo.jpg,Jogo incrivel roda lisinho o grafico e otimo e as goros que te histoeia e bem legal minha meta e chega no nivel 52 que eu libero a lyly,5,1,1.31.0,2020-05-12 13:55:17
67,Um usuário do Google,https://lh3.googleusercontent.com/EGemoI2NTXmTsBVtJqk8jxF9rh8ApRWfsIMQSt2uE4OcpQqbFu7f7NbTK05lx80nuSijCz7sc3a277R67g,"Bom demais !! Eu jogava antes ,agora q senti sdd eu baixei de novo , mais quando eu tinha que tocar nas coisas (missões) não ia , eu tinha. Que ficar clicando um monte de vezes em volta até ir o negócio , por favor mereçam essas cinco estrelas que eu quero dar, mais vcs só ganharam se melhorarem ississ❤️",3,10,1.31.0,2018-09-14 19:55:24
68,Konake0122 Limao,https://lh3.googleusercontent.com/-LBBqC5nCnJ8/AAAAAAAAAAI/AAAAAAAAAAA/AMZuucmh9viFaktFN6KvY_Kbn2SyJi81VQ/photo.jpg,"incrível o melhor jogo que eu já vi na play store muito bom mesmo gostei pra caramba recomendável pra todas as idades mais seria muito bom se pudesse customizar o personagem tipo poder customizar o corpo de qualquer forma tirar ou colocar a máscara customizar cabelo,braço,perna, seria incrível",5,660,1.31.0,2019-07-13 23:42:22
69,ҡaɨօ ʍastɛʀ,https://lh3.googleusercontent.com/a-/AOh14GiCJBxdVb4sdioQlxx3vuIue6iz0yV3gN10wLPteA,Meu celular é um note 7 da e quando entro no jogo aparece uma tela de politica de privacidade e não tem nenhum botão pra eu aceitar e por isso não consigo passar dessa parte pra ir pro jogo.,3,32,1.31.0,2020-01-12 22:32:08
70,Ermesson Silva,https://lh3.googleusercontent.com/-7TWh0FiuBgY/AAAAAAAAAAI/AAAAAAAAAAA/AMZuuckJ_q56IBb0AIiZj82LAyrq4eBvrQ/photo.jpg,O jogo é bom mas q po* tá acontecendo q eu abro ele e sai enquanto todos os outros apps abrem normalmente mas fora o jogo é bom,3,0,1.31.0,2020-04-16 11:02:38
71,Neko Lobín,https://lh3.googleusercontent.com/-OrvYMpIPZKI/AAAAAAAAAAI/AAAAAAAAApg/AMZuucnoDlDwBNrH0a025WxVQJfI2KVZWQ/photo.jpg,"O jogo é super d+, mas tem um problema que acontece em qualquer celular que baixo o jogo: entre o levels 6 e 12 o jogo não inicia, fica na tela de carregamento dizendo que não foi possivel conectar-se à internet, e mesmo que eu conecte, não funciona :|",2,24,1.29.0,2019-07-23 06:36:24
72,Carlos Eduardo,https://lh3.googleusercontent.com/-6jG4xQPU68E/AAAAAAAAAAI/AAAAAAAAAAA/AMZuucnNbS3wCr4DsiOMfe5iZFWtLXUMMA/photo.jpg,Esse jogo é legal a única coisa ruim e que tem que ter nível para comprar coisas com moedas por isso que eu dei 4 estrelas,4,1,1.31.0,2020-04-12 17:31:26
73,Duda games,https://lh3.googleusercontent.com/-YrP58h31b_o/AAAAAAAAAAI/AAAAAAAAAAA/AMZuucn5qNN-JlmGktrUwqLz1C2A3Sk8UA/photo.jpg,"O jogo n entra só aparece uma pergunta ai vc aperta ""ok"" e volta aí pergunta vc aperta ""ok"" de novo e volta a pergunta o jogo n vaii n recomendo nadaaa eu tinha 12 jogos no meu celular tive q desinstalar 3 jogos agora vou instalar eles de novo e se n instala vou reclamar com os donos deste jogo n instalem😡😡😤😤#chateada",1,17,1.31.0,2020-01-28 15:57:37
74,Denilson Francisco,https://lh3.googleusercontent.com/a-/AOh14GgPTNRu-KPxqbPc4tbZBWI19MN82N3M0znOVRHP,Nao consigo jogar peco para o desenvolvedor arrumar fica vindo politica e o jogo nunca entra dou nota 0 ao jogo ele nao entra vcs escreveram traine e o into dep web o desenvolvedor arrumou o ploblema do jogo facam o mesmo,1,2,1.31.0,2020-03-09 12:57:34
75,Larissa Barboza,https://lh3.googleusercontent.com/a-/AOh14GjSAOAGQ-WzoOAZybJpNpTpT2u8nU5c7z-WnvYd,"bom, os personagens são fofinhos, o cenário é bem chinês, mais eu queria que tivesse como dar comida para o ninja, tipo hora do intervalo dele, o bixin só fica treinando e num come,e mais coisas tbm, o ninja poderia ter uma casinha de treinamento iria ser muito kawaii,poderia personalizar o personagem tipo:escolher o tamanho se é menina menino e etc.",5,207,1.31.0,2020-04-04 20:47:30
76,Laurinda Sousa,https://lh3.googleusercontent.com/-xg1CgtoD9cc/AAAAAAAAAAI/AAAAAAAAOj0/AMZuucnmkRZyJWJ3InrEYaJgZki_eNLKjg/photo.jpg,"Eu não consigo entrar no jogo ates ele deva para entrar mas não dá eu clico no ""continue"" aquilo não da para entrar juro ele não era assim, mesmo eu tô muito triste 🥺🥺🥺=( concordo com a bielzyn",1,34,1.31.0,2020-02-04 16:47:26
77,Wallyson ian Castro Monte,https://lh3.googleusercontent.com/-NY5nTpi4BiQ/AAAAAAAAAAI/AAAAAAAAAAA/AMZuucn4g4dBBwA2B5qitZwdIAQ2G89uwQ/photo.jpg,"Muito top amei,graficos otimos a jagabilidade incrivel,so podia ter missões no começo do jogo,tirando isso muito bom meus parabens para quem criou esse jogo, já tava mais do que na hora de inventarem um jogo assim",5,16,1.31.0,2019-01-09 13:31:08
78,wiky,https://lh3.googleusercontent.com/a-/AOh14GhurSaGJvTRt5Clh53UYfMOoa_anIJIDGzI7rMZDQ,"O jogo e muito bom eu jogava muito, o poblema e que agora ele tem uma política de privacidade que não deixa eu entrar no jogo 😞.",3,0,,2020-03-27 19:59:53
79,Samuel Russo,https://lh3.googleusercontent.com/-7KwNO2Aku1A/AAAAAAAAAAI/AAAAAAAAAAA/AMZuuclWztZduLb794uOx_FgWnzuRB_HPg/photo.jpg,"e horrível não consigo entrar no app porque fica com uma mensagem que eu não posso pular, se tivesse nenhuma estrela eu colocaria",1,0,1.31.0,2020-05-11 19:06:06
80,BrunaUni08,https://lh3.googleusercontent.com/a-/AOh14GjNwwgoufPADEYBhSbbpX5J793Y-B1-hM5M_aYUHw,"Muito bom, mas demorei um pouco pra aprender a usar os controles corretamente, e eu acho o ninja muito fofinho!",5,5,1.31.0,2020-01-13 01:46:57
81,Leticia Izzo,https://lh3.googleusercontent.com/-Gxqz_sFXDr8/AAAAAAAAAAI/AAAAAAAAAAA/AMZuucm-b6G--M-F2ho9Y799A6HB7nAA-g/photo.jpg,O jogo é muito engraçado e divertido gosto de fazer as atividades que o mestre pede para ele ou ela mas é legal bater nele hehe 😆,5,4,1.31.0,2020-01-18 19:27:40
82,Jenyfer Sousa,https://lh3.googleusercontent.com/-MNT542WOC0E/AAAAAAAAAAI/AAAAAAAAAAA/AMZuuckMtmujiqlSdwNClrCGlmGaoaqErQ/photo.jpg,"olha eu amei muito muito o jogo mais ,quando eu Tava jogando eu tive que sair dele para outra coisa aí quando eu voltei tinha reiniciado sozinho! eu Tava no nivel 11 e agora vou ter que recomeçar tudo de novo aí não da,por isso dei 4",4,459,1.31.0,2019-01-02 18:27:03
83,Um usuário do Google,https://lh3.googleusercontent.com/EGemoI2NTXmTsBVtJqk8jxF9rh8ApRWfsIMQSt2uE4OcpQqbFu7f7NbTK05lx80nuSijCz7sc3a277R67g,"o app e otimo ajuda o jogador a ter responsabilidade para poder treinar um ninja eu amei, consegui jogar , todas as fases sao otimas , nao trava, nao demora nada, e nao tem comercial para atrapalhar o jogo obs: eu super recomendo para a criançada , para os adolescentes e adultos esse jogo ta de nota 1000000",5,43,,2019-01-10 23:29:30
84,Um usuário do Google,https://lh3.googleusercontent.com/EGemoI2NTXmTsBVtJqk8jxF9rh8ApRWfsIMQSt2uE4OcpQqbFu7f7NbTK05lx80nuSijCz7sc3a277R67g,"Muito bom parabéns a vocês mas será que vocês poderiam trazer um game só de test do ragdoll sabe uma mapa consideravelmente grande ou médio a escolha e de vocês, onde o player possa andar livremente caindo em fim um jogo só para demonstra o belíssimo e realista ragdoll de vocês peguem exemplo pelo (ragdoll arena) um jogo aqui mesmo da playstore mobile",5,28,,2018-09-15 07:44:22
85,Pro noob,https://lh3.googleusercontent.com/a-/AOh14GjUthpE_rXZwOElCOT7BASfTAailXftFnEnqZiEqw,"Eu não consigo jogar, pq toda vez que eu entro, aparece uma mensagem escrito ""legal information"" eu não consigo jogar!",3,0,,2020-04-19 20:04:02
86,GÁLO FRITO,https://lh3.googleusercontent.com/-ekC3isGH5q4/AAAAAAAAAAI/AAAAAAAAAAA/AMZuucnGsc_Ri1QUN0gZG-9oiX2b_e2wrg/photo.jpg,Assim o jogo e bom quando vc hackeia aí sim fica top se pula a missão que não entendeu e fica tudo fácil e também roupas de graça,5,1,,2020-04-04 14:11:51
87,Guilherme sales,https://lh3.googleusercontent.com/a-/AOh14GjV0GdI-2o3H-hTm8sB3xKYQyYVy2ito6bE_gqBMg,"O jogo em si é muito bom, os gráficos são ótimos e a jogabilidade muito boa. o que deixa a desejar é que o jogo esta completamente em inglês. Podia ter alguma outra língua.",3,25,1.31.0,2019-08-18 15:24:35
88,Maybe Naldo,https://lh3.googleusercontent.com/-gU6lb4RuT7o/AAAAAAAAAAI/AAAAAAAAAAA/AMZuuckJRVndvwBur5bDWfm5RZ0BLE-jOw/photo.jpg,"Esse jogo é muito bom e legal mas, eu quero que esse jogo tenha para outras línguas como português, espanhol,etc... Não só inglês",4,0,1.31.0,2020-04-30 12:24:22
89,Alice Miranda,https://lh3.googleusercontent.com/-N0h4SZimzB0/AAAAAAAAAAI/AAAAAAAAAAA/AMZuucnReeXlXc7IjQIB4lbsxc8pApNrKw/photo.jpg,O jogo não exprementei jogar mas ao início pede asseder aos contactos e pergunta se pode fazer chamadas sozinho por isso pense bem antes de instalar e se recusar e por não perguntar outra vez não consegue entrar😞 então pesso para não usar isso,1,20,,2020-02-19 15:25:03
90,Emanuelle,https://lh3.googleusercontent.com/-NQNLNTGiT1A/AAAAAAAAAAI/AAAAAAAAAAA/AMZuucmIq06gvg9BjRSo6OBsvNIowz-J6w/photo.jpg,Pô cara jogo é muito bom mesmo mano eu sempre quis um jogo desse que poderia coisar entendeu mas ele tem um probleminha então eu vou dar 5 estrelas mesmo ele tendo um probleminha eu dou cinco estrelas então eu dei cinco estrelas porque porque o jogo tá com ele tá muito bom mas tem um tem um pouquinho só quando eu entro nele tem muitos anúncios mas eu gostei dele ele é muito legal e eu não quero mais instalar porque o meu celular dá vírus aí não dá Entendeu,5,16,,2019-10-02 13:14:35
91,Adriel C.S,https://lh3.googleusercontent.com/a-/AOh14GgdrGFzxuADJ3ymxc3ykvaA7x6AI7sDsWgBLXNuIDY,"O jogo é muito bom, divertido, os gráficos são bons, já estou no level 26. Eu gostaria de parabenizar os criadores, e pedir que possibilitem girar a tela ao redor do personagem (ficaria agradecido)",5,15,,2019-12-04 14:19:09
92,valdir junior,https://lh3.googleusercontent.com/a-/AOh14GhVXaIiiMc5Hhf2hKe5hcqvZTc1MflgmpeppM5zcQ,"Eu ia dar 5 estrelas pois sei que o jogo é ótimo! Mas não consigo mais jogar ele, pelo fato das políticas de segurança, não consigo entrar no jogo, alguém arruma ISSo.",4,3,1.31.0,2019-12-10 08:08:36
93,Pacifista Games,https://lh3.googleusercontent.com/a-/AOh14GjTjorqtPkyF6ooPwDlWmDaLPeVzhfvAKwly1GtFQ,Jogo este game a muito tempo é ele continua cendo um otimo game nunca tive nehum problema jogo em um Alcatel a3 xl max,5,1,,2020-03-05 12:43:51
94,OliviaGamesBr,https://lh3.googleusercontent.com/a-/AOh14GitvAH6KyTMMJrnCZhlfVJBPxAej8OOVl9YpirE3bQ,"quando eu entro, aparece os termos de privacidade, e aí o botão de ""continuar"". mas, quando clico nele, aparece os termos e um ""x"" clico no x mas não tem botão de continuar, complicado!!!! (desinstalei e fiquem com raiva). ARRUMEM ISSO!",1,114,,2019-07-07 13:53:28
95,Igor Massami,https://lh3.googleusercontent.com/a-/AOh14GjxUmx1Tn35jaXIwUzgV9GASIAlEt-B_Qu_B6fw,"Adoro esse jogo, porém não consigo recuperar o meu progresso, porque o botão do Google play na parte de configurações não funciona, e não consigo conectar à minha conta...",4,13,1.31.0,2019-11-08 00:56:35
96,Pietro Bione,https://lh3.googleusercontent.com/-LZMhjDqkCYE/AAAAAAAAAAI/AAAAAAAAAAA/AMZuucmV2ozTDSRU1bpV1-UMux-zvlLRcw/photo.jpg,Muito Bom muito bom mesmo so que Poderiam ter mas áreas e Tbm Aventuras e um modo online ou um modo corrida e luta online e luta normal mas do mesmo jeito o Jogo e Top👌👌👌👌👌👌👌,5,6,,2019-12-13 13:17:07
97,Kanonico Daszueira,https://lh3.googleusercontent.com/a-/AOh14GjWfTL5kvo87QwiFr3a1Hn5j4E8S4N-twu5IpRB,Esse é o melhor jogo que já vi para Android de física em tempo real foi uma idéia genial trazer uma experiência da física euphoria incrível mais por favor atualizem botem costumização aonde nos costumizamos os nossos próprios personagens e botem skins ou nos mesmo mudamos os personagens porfavor botem isso,5,15,,2019-10-24 03:34:10
98,Gabriel Salles,https://lh3.googleusercontent.com/a-/AOh14Gj0bW-_ROq4xC47HhPl-QXcWV5UsftIPKM3SmrB,Cara e muito bom incrível parabéns me deixou de boca aberta era o jogo que eu sonhava perfeito gráfico sensacional muito bom eu fiquei muito feliz quando eu troquei de faixa,5,3,,2020-02-25 09:53:03
99,Gospel &&&,https://lh3.googleusercontent.com/a-/AOh14Gjp6xazr1cJzBoKsOYYRs-UKIB_yN05U-HuHgLpGw,"Consegue ser divertido como o ""Tom"". É ótimo para quem procura algo virtual",3,0,,2020-01-08 23:55:47
