,userName,userImage,content,score,thumbsUpCount,reviewCreatedVersion,at
0,Michelle Vieira,https://lh3.googleusercontent.com/-7lXlnzVWRHo/AAAAAAAAAAI/AAAAAAAAAAA/AMZuucl0weIuT6rutLcGDFJE6mvWHEHkhQ/photo.jpg,"A nova atualização é boa, bons modos de ganhar moedas e chaves, porém, tem vezes que trava do nada, quando tem uma propaganda do tik tok também quase não dá pra voltar a jogar, o recorde agora só da pra mudar quando conectado a internet e o jogo agora gasta mais bateria e super aquece o celular e mesmo com o login do Facebook não aparece os nomes.",5,2058,2.0.3,2020-05-22 21:35:17
1,dvc is my name,https://lh3.googleusercontent.com/a-/AOh14GjY6CH3QBN1ilDqpXSLCJOR_H503fOoFml6Ky1bwQ,"Um jogo simplesmente incrível, pena que é dificil de ganhar moedas no jogo jogando-o, eu acho que ganho mais rápido a assistir anúncios, talvez seria mais interessante se houvesse algum power-up, sem ser o íman, que desse mais moedas. Também não dei 5 estrelas porque acho um pouco absurdo o preço de alguns surfers.",4,1736,2.1.0,2020-05-24 14:07:37
2,ozi mariano,https://lh3.googleusercontent.com/a-/AOh14Ght1w2c3msEIZBJb6WbA2pNIsfUEjnMNmdPlTwA4G4,"Tirei 2 estrelas da avaliação porque infelizmente a nova atualização está travando muito, principalmente no final de uma corrida na hora de abrir as caixinhas, trava e acaba perdendo todas as recompensas porque a gente acaba tendo que reiniciar o jogo, conexão com o Facebook não está funcionando, meu nome e meus amigos não aparece, ranking do Facebook não existe mais, só resta o Top Run isso se na próxima atualização eles não estragarem tbm!",3,766,2.1.0,2020-05-28 21:07:06
3,MASTER,https://lh3.googleusercontent.com/a-/AOh14GhNBxdPmXq-QpM3N6X8pJYylRmyPksh9g_K4JaumQ,"Um dos melhores jogos mobile que já joguei, mas depois da atualização de marraqueche 2020 que veio os novos menus todas as pranchas que tem aceleração, todas as veses que vocé vai usar ela o jogo para e a tela fica preta.",5,11,2.0.3,2020-05-30 14:02:30
4,Adriano,https://lh3.googleusercontent.com/a-/AOh14GjEaQX4tgMhy0iKjIEozgHA3bL9CKgqcgwm5-fs,"Vejo que ouviram os jogadores e voltaram a jogabilidade de antes dessa att q ninguem gostou, mas o layout de escolha de jogador de antes era bem mais legal. O jogo reinicia quando pausamos e isso irrita muito pq perdemos toda pontuaçao e por ultimo, tem muita propaganda demorada!",3,42,2.1.0,2020-05-29 00:43:03
5,light Yagami,https://lh3.googleusercontent.com/-CkXGuLLlJUo/AAAAAAAAAAI/AAAAAAAAAAA/AMZuucmXVYDCCmNSTs31fYfo-USoK6lU3w/photo.jpg,"Enquanto não atualizarem o game vou continuar dando uma estrela, se fosse possível dar 0 daria e com gosto, mt falta de respeito com o público!!!, gostaria que a kiloo tivesse no comando de novo, pelo menos não atrasavam mais de uma semana para lançar uma atualização, isso é ridículo de mais! #volta kiloo",1,502,2.1.0,2020-05-28 11:56:20
6,Roger Santos,https://lh3.googleusercontent.com/a-/AOh14Ghokwwp6QnjEVsEibYjfDxLmspay_HkWkP1HeA,A última atualização estragou um jogo que era perfeito. Travando demais. Desafios concluídos que não são contabilizados. Tela escura do nada. Lamentável.,1,2,2.1.0,2020-06-01 00:24:02
7,Suellem Almeida Gualdi,https://lh3.googleusercontent.com/a-/AOh14GgtY3lVfw3otTacOtOz2upDKSE8z7zuAtfEoqqu0-4,"O jogo é maravilhoso, a nova atualização ficou muito legal. Porém na hora de dobrar o prêmio trava ou não entra no vídeo e as imagens de bolo quase não aparece, a maioria das vezes passa de 500 mil pontos e ainda não apareceu nenhum",5,203,2.1.0,2020-05-25 10:08:37
8,Miguel Patricio,https://lh3.googleusercontent.com/-GqfrBIb904k/AAAAAAAAAAI/AAAAAAAAAAA/AMZuucnmU7NxLMSgM4L4jtV-tju54QeJ8Q/photo.jpg,"A nova actualização estragou tudo, embora tenha pontos positivos, como oferecer mais chaves e caixas douradas, o novo desafio semanal é muito bom. Mas não compensa, o jogo gasta mais bateria, trava muito, sem motivo perdemos, movemos o boneco e ele não obedece e mesmo com o Facebook conectado, não aparece o meu nome nem os meus amigos, o desafio do fim de semana piorou, e o comprar caixas à 3ª feira leva muito tempo, a caixa fica bloqueada. 1 estrela, no global mudou para pior.",1,781,2.0.3,2020-05-19 19:24:04
9,Fernanda Guimarães,https://lh3.googleusercontent.com/-gx2o_8qIaNs/AAAAAAAAAAI/AAAAAAAAAAA/AMZuucmsCDVdqEAVnGrPgbrynaUP1v6jeg/photo.jpg,"Depois dessa atualização o jogo está muito ruim, o áudio desliga do nada, trava na hora de abrir a caixinha, quando aperta para ver vídeo pra ganhar moeda ou outra coisa só aparece aguardando...... Arrumem ou vão perder muitos jogadores",1,57,2.1.0,2020-05-25 12:10:59
10,Marko Antolini,https://lh3.googleusercontent.com/a-/AOh14GhKztFO8pfi9JG-CfjbFtPStFOjCjNzb6ZDiT8ps_A,"Está dando bug. Tipo quando eu perco, aparece a opção de usar a chave ou ver um vídeo. Eu clico e não acontece nada. Isso para ambas as opções.",2,0,2.1.0,2020-05-31 15:13:26
11,Gabriela Souza,https://lh3.googleusercontent.com/a-/AOh14GhAFmyK01i0Vj6LgNLjw-BmuHUXSpdAba-FaPoOyg,"Não estão ocorrendo novas atualizações, o jogo ficou chato, não tem mais promoções diárias, sem vontade alguma de jogar. Além de estarem fazendo descaso com usuários de Android, deixando a gente sem atualização alguma, enquanto o IOS está desfrutando de atualizações, depois que mudou a empresa o jogo perdeu credibilidade. Espero que vocês resolvam o quanto antes, porque estão perdendo jogadores.",1,1,1.118.0,2020-05-31 13:33:30
12,Elói Lucas,https://lh3.googleusercontent.com/a-/AOh14GgdP8dIY2d2QWZe6WnistP19Ty5YdbfXA-mgKexPQ,"Eu adorava o Subway Surfers até essa ultima atualização, mas agora o jogo fica só travando e dando bugs e o problema não é com meu dispositivo pq meu dispositivo é um Samsung S10. Por isso estou revendo minha avaliação e dando 1 estrala por conta dos problemas.",1,489,2.1.0,2020-05-27 09:42:40
13,Marcello Rondhi Gonçalles,https://lh3.googleusercontent.com/a-/AOh14Ghq-gb57psyhD0SOzO053942YmF0EfriWZaCIqxQMo,"Um dos melhores jogos sem sombra de dúvidas! Gráficos perfeitos, divertido, muita interação e estratégias no jogo e indicado para todas as idades. Não é daqueles jogos que você sofre por uma simples recompensa Não. O jogo oferece muitas opções, bônus, personagens e outros Vale a pena brincar, se divertir e distrair Super recomendo!",5,373,1.118.0,2020-05-21 01:11:44
14,Ana Clara morales,https://lh3.googleusercontent.com/-OvI637hdJcM/AAAAAAAAAAI/AAAAAAAAAAA/AMZuuckvfbbWbMb_FriJM5QoXYE9EbFW6w/photo.jpg,Um jogo muito legal mas poderia ter uma forma de logar a conta do Google no jogo mas infelizmente só tem a opção do Facebook se puderem me ajudar nisso eu agradeço e muito obrigada pela atenção boa noite,5,3,2.1.0,2020-05-30 22:20:40
15,Larissa Andrade,https://lh3.googleusercontent.com/-ufNPj_1d8NY/AAAAAAAAAAI/AAAAAAAAAAA/AMZuucmDcoRIDBdQOL7T31OrR45lnSYWDg/photo.jpg,"Amo esse jogo, jogo todos os dias. Tenho 2 observações: 1°: As propagandas do tiktok são longas e desnecessárias, acaba sendo cansativo ficar vendo aquelas chatices. 2°: Acho que a atualização de mudança de cidade/pais demora muito, deveria ter um espaço curto de mudança, até para estimular mais o jogador. Está em Buenos Aires há um tempão, mudem de cidade, por favor. Quero personagens novos!!!",4,189,1.118.0,2020-05-22 04:13:01
16,Ducarmo Coelho,https://lh3.googleusercontent.com/-2dHbFIh3YyM/AAAAAAAAAAI/AAAAAAAAAAA/AMZuucnddolSwnrPCZukvrNCK-GqiKMuUA/photo.jpg,"Ele é perfeito porque é um jogo legal que você se destrai mais o melhor dele que você pode jogar sem internet então isso faz ele ser um aplicativo bom . Primeiro : Ele é um aplicativo que você pode ficar brincando . Segundo : Ele funciona sem internet que é uma qualidade desse jogo perfeito . Terceiro : Esse jogo você pode ganhar medalhas em : Normal , bronze , prata , ouro e DIAMANTEE . Abaixa e se devirta com esse jogo maravilhoso . BEIJOS PEGA ESSA DICA . TCHAUUU",5,32,1.118.0,2020-05-23 21:44:30
17,Jhow Jhow,https://lh3.googleusercontent.com/-PALBWhcMrq8/AAAAAAAAAAI/AAAAAAAAAAA/AMZuucl1wOx0NOr0xo3vNXCAUkrnymzHkQ/photo.jpg,"Adoro esse jogo o gráfico é sensacional a jogabilidade muito boa tbm muito fácil de conseguir moedas as missões muito legais pra realizar , só tenho uma crítica, a falta de atualização , já faz mais de um mês que não atualiza, queria saber quando é que vai atualizar pq sempre quando acabava um país já atualizava para outro pq sem atualização não tem como comprar mais personagens, e o jogo acaba ficando chato, gostaria de um feedback dos organizadores dizendo quando será a próxima atualização.",4,33,1.118.0,2020-05-23 11:33:19
18,Talita Santos,https://lh3.googleusercontent.com/-eRLxo8rhmEo/AAAAAAAAAAI/AAAAAAAAAAA/AMZuuclYz7OUscbl2rSkkULDtC4gM0ze6Q/photo.jpg,Otimo pena que so esta um poico lento de mais e demora muito lra gente conseguir achar chavinhas e pra desbloquear é muito tempo ate consrguir dinheiro suficiente e quase nao tem as caixas especiais entao podia melhlrar isso fora a isso maravilhoso .mais ve se melhoram isso pf !!! Entao voi continuar a jogar . Bjs!!!!!!!!! A mudei dr idea nao voi jogar ahora so deposi maos melhorem isso logo,5,3,1.118.0,2020-05-30 12:35:10
19,Gaby Alves,https://lh3.googleusercontent.com/-FpFO6l0q5eA/AAAAAAAAAAI/AAAAAAAAAAA/AMZuucn0lJB9R1LrD38asbv_ZRekH9JVHg/photo.jpg,"Eu dou 5 ⭐ com toda certeza, pq é o melhor jogo do mundo, gráficos muito lindos e um jogo completo, pois da muitos prêmios, melhorou muito de um tempo p cá, pq antes só achava uma caixa misteriosa nas corridas e era bem raro vim chaves, agora vem bastante chaves e caixas misteriosas durante as corridas. Só q, quero saber qnd chega a atualização pra quem tem Android né, pq ja tá demorando demais. Como smp, quem tem Android é + desvalorizado do q quem tem iOS. Sendo q Android é muito melhor.",5,28,1.118.0,2020-05-24 00:13:25
20,arthur drey,https://lh3.googleusercontent.com/-qnlHhKPeZ7Q/AAAAAAAAAAI/AAAAAAAAGNk/AMZuucmuNRW-ngzbZnWeSG9e6Y0nNPxo-A/photo.jpg,"O jogo é muito bom muito mesmo , mas eu estou achando que nessa atualização está ocorrendo muitos bugs, o personagem demora pra se mecher , os anúncios são muitos , as vezes trava demais entre outros bugs.... acho que isso não é erro do meu celular pq ele é novinho! Não estou criticando o jogo nem nada mas não dá pra jogar em paz assim... pfv melhorem isso",3,16,1.118.0,2020-05-26 10:14:57
21,isabelly vitoria,https://lh3.googleusercontent.com/-0YOfyDrqggA/AAAAAAAAAAI/AAAAAAAAAAA/AMZuucmko66yyy-eOXstshYEVAVNa5Zkew/photo.jpg,Muito bom no dia que baixei pensei que só tinha como jogar em modo inglês só que da pra colocar modo português fora isso ele é muito legal também não me arrependi de baixar acredite e muito legal beijo tchau,5,0,2.1.0,2020-05-31 15:10:46
22,lucas venâncio,https://lh3.googleusercontent.com/a-/AOh14Ghcfv0L0jacIG3EzcT44vrvtcWIY7T_yDU9Lxop4w,"Oi gostaria que vcs parecem de colocar os personagens por dinheiro real pois não é todos que tem condições de comprar os personagens, gostaria que os personagens voltassem a ser como antes todos por ouro por favor, obrigada pela compreensão.",4,16,2.1.0,2020-05-27 02:38:50
23,Gabriel Alves,https://lh3.googleusercontent.com/-bpbr040sBsE/AAAAAAAAAAI/AAAAAAAAAAA/AMZuuclo2Pq22L9t63Yvm3fD77dsKqn1wA/photo.jpg,Essa atualização deixou o jogo feio e lento! Como os botões e o novo visual do jogo de ir escolher personagens ou a tecla de seleção de coisas no geral ficou muito feio! Consertem isso por favor!,1,276,2.1.0,2020-05-25 10:39:25
24,irmãos games,https://lh3.googleusercontent.com/a-/AOh14GioIYCoza4EBrMHgdv_yD2YV5YAGvnjeIlgNz6rRMk,"Muito bom mas podia ter o modo multiplayer aí seria bem legal ter tipo motos,carros,etc ter super poderes tem muitas coisas ai que precisa melhorar não só eu quero essas coisas como milhares de pessoas mas podia ter o modo multiplayer se der para vcs colocaram isso muita gente vai gostar. E da pra baixar o preço dos bonecos e colocar mais bonecos obg bjs obg por mim ouvir e me respondam tá ♥️♥️♥️",3,53,1.118.0,2020-05-20 18:42:38
25,davizinho gamee,https://lh3.googleusercontent.com/a-/AOh14GidPczk7VuBVALQNM4u15Yj__z-DMBC9D2Aiatnhg,"O jogo e bom,tem aquela animação muito boa,gostei,só não gostei que não tenhe todas as skins liberadas, mais tirando isso o jogo e muito bom.🎇🎇",5,1,2.1.0,2020-05-30 13:39:10
26,AMAR não é mico,https://lh3.googleusercontent.com/a-/AOh14Gj-NVAyI8rWSk-cO-iWpQ3pORyrjBWlFQA3a5-K-w,Após a atualização a propaganda do tiktok são constantes e praticamente uma lavagem CEREBRAL. Estragando um bom jogo. Absurdo desnecessário. As propagandas poderiam ser de apenas 10 segundo inves de 30 segundo,1,252,2.0.3,2020-05-19 22:25:16
27,Dayana Chaves,https://lh3.googleusercontent.com/-v1b_KtfuNRE/AAAAAAAAAAI/AAAAAAAAAAA/AMZuucmnI0bP1IMXOZUoQ7pP5QybvS7SXQ/photo.jpg,"Ja tem quase 3 semanas que não aparece o findes prolixo no meu jogo não sei pq...alguém pode me informar? Além de estar travando,mesmo estando conectado ao Facebook não aparece a foto dos meus amigos e nem a minha... Eu me destraio bastante com o jogo e minha filha tbm,amamos jogar,só quero que dê pra eu atualizar o jogo e que volte os findes prolixo,os vídeos tbm são muito extensos,a gente perde a concentração do jogo",5,22,1.118.0,2020-05-23 23:44:13
28,zenilda nunes,https://lh3.googleusercontent.com/-Yp-CJAKGRhE/AAAAAAAAAAI/AAAAAAAAAAA/AMZuucl9g_xQQ9z-uYipVI6mVs5evgPwQw/photo.jpg,"Esse jogo muito legal, deveria ter campeonato e investir nos jogadores, seria muito legal e também deveria ter clãs, partidas online, seria legal esse jogo tem tudo para crescer igual free Fire ou ate maior, então e isso acredito se vocês me ouve vocês vão crescer igual free Fire ou até maior do que o free Fire esse jogo pode faturar em campeonatos então investe os jogadores faz parte do online vocês vão faturar muito pode ter certeza.",5,279,1.118.0,2020-05-20 08:21:51
29,Vera Nascimento,https://lh3.googleusercontent.com/-9SpuIf4Ifhc/AAAAAAAAAAI/AAAAAAAAAAA/AMZuucmgkC8wIOF9Skp_0QeoUogcZXYnSQ/photo.jpg,"Eu amo o subway surfers menos o anúncio do tik Tok mesmo e chato quando trava a gente morre no jogo mas na verdade eu quero a miss Maya, ela e bonita a eu já desbloquiei o Dino conectei no facebook ganhei 50000 moedas muita coisa pra mim legal né minha mãe me ajudou. Muito legal mesmo só que e100. Chaves. eu só tenho 10. Chaves falta 90 presido. Juntar Chaves mesmo assim o subway surfers e legal mesmo só que o bunbote precisa pagar e minha mãe disse que feio pagar chato né não tchau bjs",5,0,1.118.0,2020-05-30 21:04:22
30,Marcel Carvalhal,https://lh3.googleusercontent.com/a-/AOh14GgztWwmtX63nuaaCi5sgAH6aj7DZ7F54LMBroeZRA,"Depois de três anos em altíssima pontuação e quase sempre estando entre os três melhores na top run, o jogo deleta todos o meu progressos e o pior, apaga juntamente os benefícios comprados. Frustrante.",1,308,2.0.3,2020-05-18 13:24:21
31,Lilia Medeiros,https://lh3.googleusercontent.com/a-/AOh14Ghh8JbRyIYJsuOvv5KmUDLr7IMzSVkxPxQP6IrVQ2w,"Muito bom dá pra jogar sem internet ! Eu quase sempre estou sem internet, os tipos de controle são bons e não atrapalhão(minha opinião) Nota final: O Jogo É Bom !!!!",5,179,2.1.0,2020-05-24 13:11:38
32,Lucas Gabriel,https://lh3.googleusercontent.com/-kiV8k5E5oGQ/AAAAAAAAAAI/AAAAAAAAAAA/AMZuucnJm4_eRMhqM5015k7dgRHTW_-pMQ/photo.jpg,"Não tem multiplayer a tempos,não trás inovação a tempos ,só repete atualização, personagem quem não muda nada na gameplay por dinheiro real,faz tempos que não sai a nova atualização e entre outras coisas,se pudesse dar 0 estrelas eu daria com toda certeza desse mundo,a desenvolvedora só pensa em dinheiro e não no jogador ,precisa melhorar muito msm",1,192,1.118.0,2020-05-21 13:59:15
33,Sara Raquel Silva Santos,https://lh3.googleusercontent.com/a-/AOh14GjBWDbRyTDDnl7XG0HSKeJ_1Nz2N4B_SmtBOib6kQ,Mais legal também! Mas eu amo vcs demais da conta! Amo vocês subway surf! Vocês são lindos obrigada pelo jogo! Perfeito para uma criança jogar! Gostei demais minha filha amo ela tem 10 anos ela gosta de vocês um tanto eu sempre falo para ela largar o celular por que fica o dia inteiro no celular. Me escrevam aqui embaixo se eu acertei todas as pergunta tchau amo vocês demais!,5,0,1.118.0,2020-05-30 10:22:11
34,Pedro Alcântara,https://lh3.googleusercontent.com/-Ofi2WwWF_ts/AAAAAAAAAAI/AAAAAAAAAAA/AMZuucnRmVGw9SInjqqzk-Z2MGQ8OSNR2w/photo.jpg,"Atualização Demorada Demorando muito tempo para atualizar o jogo para novas versões. Antigamente era bem mais rápido. Já são dois meses nessa atualização de Buenos Aires, já abusou e não atualiza.",1,0,1.118.0,2020-05-31 18:21:40
35,lara games Platão,https://lh3.googleusercontent.com/-0GdFB2fKAjY/AAAAAAAAAAI/AAAAAAAAAAA/AMZuucl99zZv6WAPAjQjiUl79LV2YfnrQw/photo.jpg,Olá olá tudo bem Eu gostei muito do Subway Surf é um jogo muito bom só que você poderia colocar mais um mapa maior uma atualização nele melhor mas personagens e assim as coisas iriam para frente aí o Samber Surf ia ser o jogo muito bom é um jogo muito bom só que Vocês poderiam atualizar a colocar mais personagens,5,1,1.118.0,2020-05-30 10:14:33
36,Os irmãos Marcella e Marcelinho,https://lh3.googleusercontent.com/a-/AOh14GjE7zxjiaKA3iIjrrTx-LteIKya-yckbCvoDd8w,"Eu comprei a promoção boombot, mas quando fui instalar de novo, o meu boombot sumiu. Fui restaurar minhas compras e disseram que, não tem compras para restaurar. Fiquei muito triste espero que eles resolvam este problema, para isso não acontecer com mais ninguém. Obrigado pela atenção.",4,6,1.118.0,2020-05-29 09:35:41
37,Debora Priscilla,https://lh3.googleusercontent.com/-uuibjm48FXM/AAAAAAAAAAI/AAAAAAAAAAA/AMZuucljN4gI7tLO6jhxryvO92IkQbv0pA/photo.jpg,Eu acho este jogo muito bom mais não dou 5 estrelas porque ele tem os skates muito caro.eu vi alguns comentários dizendo que este jogo trava mais eu já sei como não travar mais voces tem que desligar o Wifi ou os dados móveis assim ele não trava. Pelo menos no meu celular não travou mais o meu é um j2 prime.,4,0,1.118.0,2020-05-31 22:52:49
38,Emmily Cosmo,https://lh3.googleusercontent.com/-4_eO8SVHYMQ/AAAAAAAAAAI/AAAAAAAAAAA/AMZuuclTPyU7DJogt60hLMul2FcyZvdKmA/photo.jpg,"Amo esse jogo. Eu estou juntando moedas para comprar vários personagens e vários modelos de pranchas. De personagens eu já consegui 5, e de pranchas já consegui 2. Eu amo muito, muito, muito, muito, esse jogo. É um dos melhores jogos para mim.",5,496,1.118.0,2020-05-16 20:06:37
39,Janaina Lanes,https://lh3.googleusercontent.com/-vCiaACSvVOY/AAAAAAAAAAI/AAAAAAAAAAA/AMZuuck82uSBdAy-ngTfqizlTZ6M7KTt_A/photo.jpg,"O jogo e muito bom , mais esta ultima atualiçao com tour para buenos aires , depois qie a caçada semanal terminou nao esta disponivel o Findes Prolixo ao fins de semana, e ate agora nao teve a nova atualizaçao e quando entro em contato con a central do jogo eles me respondem em outro idioma na qual nao consigo entender. O que podem fazer pra me ajudar ?",3,280,1.118.0,2020-05-16 10:02:17
40,Tayane Santos,https://lh3.googleusercontent.com/a-/AOh14Gi6N0xD6ULTb4W5wBcDytD4wJU2riW5Zi9xbyqPfw,"Eu gosto muito do jogo... Mas essa semana está meio estranho, o jogo fica sem som e não dá para reproduzir os vídeos para dobrar os prêmios. Espero que melhore.",4,26,2.1.0,2020-05-22 23:27:05
41,Ivanice Lima,https://lh3.googleusercontent.com/a-/AOh14GhM95G7saM170Cflbboj_Fzxv-7Y-9laY91vtniBw,"Sem atualização nova, alguns falam q já atualizaram pra eles (por ser IOS), mas tá cheio de bugs, pra outros nem sinal.... Decepcionado é a palavra. Desde o início do ano só com decepção... Vou nem me estender, só deixar aqui o registrado que até essa estrela q tá aí vcs nem merecem, mas n tem como deixar nenhuma... 💁",1,255,1.118.0,2020-05-21 16:59:22
42,C Mundundi,https://lh3.googleusercontent.com/a-/AOh14GgGlJzY_J-2KRGUVbNPmNXeXG5G8An7E1NUYmHG,"Eu gosto de competir no #Top Run, este jogo é top, com amigos do Facebook, peço que melhorem mais, que haja nível, embora a cada actualização representa uma cidade, e o cenário é cada vez mais atraente.",5,0,1.118.0,2020-05-30 12:06:24
43,Joanne Nunes,https://lh3.googleusercontent.com/a-/AOh14Gi2-XFhWzgeD-lFEhQxpTAViW-w67cPRC_e5LW19w,"O jogo é ótimo, mas a nova atualização está travando muito no final da corrida e acaba perdendo toda a pontuação da corrida.",5,13,2.1.0,2020-05-25 14:20:43
44,Diana Miranda,https://lh3.googleusercontent.com/-Eyzp6Q7-kQw/AAAAAAAAAAI/AAAAAAAAAAA/AMZuuckVeknkSWO4ouqXGJ1LS9ozaHs-CQ/photo.jpg,Amei😊 o jogo muito criativo e ele também ajudar no desenvolvimento🔢 das pessoas Por que existe números no jogo mais eu amei agora não troco esse jogo pro nada então não perde tempo correr e abaixa o jogo ele é grátis😇 não pagar nada não fiquei de fora dessa e aproveite pessoal bom jogo bom sorte!!!!!!@🙂❤kkkk,5,1141,1.118.0,2020-05-03 16:15:10
45,samella maria,https://lh3.googleusercontent.com/a-/AOh14GhCl13HwN6mDJi-svPPl4nuAkWAJbZRJ_FPuthd,Este jogo e incrível pois vc pode comprar pode ganhar e vc se vicia nele exatamente por ser competitivo eu por exemplo sou competitiva e tentar passar o recorde dos outros jogadores e o que Me vicia o jogo e ótimo mais seria perfeito se não precisasse comprar os bonecos novos com dinheiro real por isso eu dei apenas quatro estrelas sei que não vão mudar isso mas eu não gosto desse detale .E quanto mais dinheiro eu tenho no jogo mas bonecos eu posso comprar bom e só isso baixe o jogo agora bj,4,70,1.117.0,2020-05-11 15:05:33
46,Erineth Luanda,https://lh3.googleusercontent.com/-unYpYw46pcc/AAAAAAAAAAI/AAAAAAAAAAA/AMZuucl7A8UmyKWmxMkSNJuBZtbu7eH-rg/photo.jpg,"Eu queria dizer que nem todo o jogo é perfeito e que há sempre alguns erros, mas os mini errinhos do Subway Surfers não me encomodam. Por isso ⭐⭐⭐⭐⭐, amo esse jogo. Você que está lendo o meu comentário não tenha mais dúvidas. Instale agora, jogue agora.",5,68,1.118.0,2020-05-18 18:21:49
47,Mellyssa Silva,https://lh3.googleusercontent.com/a-/AOh14Giwyetib_FptKO4rgb3K3WO5bDM3rXc3yzwRd0tfA,"O jogo é ótimo Amo muito e não me canso de jogar Única crítica é que eu tive que pausar e sair da tela para pesquisar uma coisa para minha mãe, quando voltei não estava mais em pausa tinha voltado pra tela inicial do jogo, e eu estava perto de bater meu recorde",4,25,1.118.0,2020-05-19 15:17:58
48,Juliano Frazao,https://lh3.googleusercontent.com/-9gGeB0e7WgM/AAAAAAAAAAI/AAAAAAAAAAA/AMZuucmZ5k1_ueKefKSFYgdqSw5vdA-50g/photo.jpg,"Jogo muuuuito top! Acho que os personagens deveriam ser comprados apenas com moedas do jogo, nunca em dinheiro real. E as megaboladas não saem nem a pau. Já cheguei a gastar mais de 100.000 outro dia e não saiu! Fora isso é show!!!?",4,130,1.118.0,2020-05-18 10:45:44
49,ely Lourenço,https://lh3.googleusercontent.com/-k-muVunKTvk/AAAAAAAAAAI/AAAAAAAAAAA/AMZuucnNDtfWTguoy_wNPtJ9mjVsdY2k5w/photo.jpg,Precisa melhorar ! Era dia de atualizar o jogo para ir para outra edição más nao aconteceu nada ainda continua na mesma edição! Estava ansioso para a proxima edição más infelizmente tem que ser a mesma coisa!resumindo PIOR JOGO DO MUNDO!!!!!!!!!!!!!!!!!,1,15,1.118.0,2020-05-29 12:46:15
50,Marcelo Rodrigues,https://lh3.googleusercontent.com/a-/AOh14GjSV2fp_H5EV9vUEH0Y5JbeGfdgbwFEh78aFeMscA,"O jogo é incrível e acompanho a evolução dele há anos. Tenho uma sugestão aos desenvolvedores! Acredito que se vocês disponibilizasem poderes especiais para os personagens assim como as pranchas possuem, a busca pela conquista de novos surfers seria ainda mais empolgante!",5,111,1.118.0,2020-05-07 02:14:09
51,Laura carreiro,https://lh3.googleusercontent.com/-1DLHAPtHps0/AAAAAAAAAAI/AAAAAAAAAAA/AMZuucms-uIUwuoDm5Kn8LoaCSADv859VQ/photo.jpg,"O jogo é muito bom mas as atualizações são usar todas iguais, e quando é uma atualização que é para comprar um boneco, à s veses é muito caro para ter esse dinheiro todo numa só semana, por exemplo: bonecos de 95 000 :/",4,49,1.118.0,2020-05-13 21:03:11
52,Carla Mahara,https://lh3.googleusercontent.com/-FhuRHvbxNCY/AAAAAAAAAAI/AAAAAAAAAAA/AMZuucl4jpolW2JhArYIWe5SyMPlKERWjg/photo.jpg,Eu gosto experiência foi muito boa a experiência foi muito boa. Mas poderia vir mais coisas disponível poderia vir mais personagens disponíveis e eles poderiam ter mais roupas os poderiam andar por cima das pontes e limpar o lado ter reflexos poderiam fugir poderia ter diamante toda vez que bateu o recorde poderia desenhar um novo personagem,5,12,1.118.0,2020-05-21 18:17:58
53,Carla Queiroz,https://lh3.googleusercontent.com/-neZykfu6qyM/AAAAAAAAAAI/AAAAAAAAAAA/AMZuuck_buHJQllmzIcLozt4LbOTgBAVEQ/photo.jpg,"Olá, a nova atualização não está disponível para mim. Não tem nem como dizer que é pelo meu aparelho porque isso não tem nada a ver,meu aparelho é novo também. Eu já desinstalei pra ver se quando reinstalasse o jogo ,viria a nova atualização, e nada...",1,10,1.118.0,2020-05-25 12:04:40
54,Gabriel Massaro,https://lh3.googleusercontent.com/a-/AOh14Gi_bFEcSzYf7_pig8TOV5Ed2weTHa__Si2heUiC,"Acho o jogo maravilhoso, mas só dou 4 estrelas porque tem personagens lindos por dinheiro real e são muito caros ( Buddy, Elf Trick, Zombie Jake, Scarlet, Manny) e não são todas as pessoas que tem condição de ficar comprando personagens por dinheiro real, os personagens poderiam custar chaves e moedas do jogo que seria bem melhor daí todo mundo poderia ter esses personagens, ( não fiquem comprando personagens por dinheiro real que talvez os personagens fiquem por moedas e chaves do jogo)",5,83,1.118.0,2020-05-13 06:39:26
55,Nayara Pedrosa,https://lh3.googleusercontent.com/-wHyyeWEyiNw/AAAAAAAAAAI/AAAAAAAAAAA/AMZuuckp-IJALtOlEw3aCppS06Cwu2XgQw/photo.jpg,O Tagbot é muito barato para comprar é os outros trajes são mais baratos e eu tenho 27 mil moedas e eu tinha 25 chaves mais gastei elas pois comprei o traje brinquedo e antes eu tinha 31 chaves mais gastei elas pois comprei o traje espaço e gosto das caixas surpresas.Francisco Pedrosa Subway Surfes é um jogo muito bom também gosto das pranchas voadoras não vou ainda desinstalar o Subway Surfes é bom pegar uma prancha voadora pois tem vida dupla.Tchau! E o Starbord é muito bom também,5,0,1.118.0,2020-06-01 00:03:36
56,Edineuza Gonçalves Mota,https://lh3.googleusercontent.com/-QFlF5fzRtkE/AAAAAAAAAAI/AAAAAAAAAAA/AMZuuckCGcQRq51u-FgFhXcw0ngS0Q80QQ/photo.jpg,"Mano,o jogo e muito bom . Mas eu acho que vcs poderia ter o modo de vender os personagens . Porque ontem 05/04/2020 eu fui comprar um personagem , aí eu acabei comprando outro personagem sem querer . Um exemplo : Os personagens de cada atualização custam 95.000 . Aí eu fui e comprei um personagem da Iceland ""um exemplo"" . Aí se nós quisermos vender um personagem da Iceland ""exemplo"" ele tem que ser vendido por 95.000 OBS : Os personagens que desse para ser vendidos seria só os da atualização",4,1723,1.117.0,2020-04-06 10:27:29
57,Joel Dos Santos Nascimento,https://lh3.googleusercontent.com/-vELcUVWQYgA/AAAAAAAAAAI/AAAAAAAAAAA/AMZuucminplw9zebAygyq2WiQnfQBJz3rg/photo.jpg,A empresa do jogo poderia botar pelo menos no jogo 80 MB porque isso acaba travando o celular mas tirando isso o jogo e ótimo vocês estão de parabéns,5,3,2.1.0,2020-05-28 13:06:56
58,Duda Modler,https://lh3.googleusercontent.com/-4pJvCWlUJlQ/AAAAAAAAAAI/AAAAAAAAAAA/AMZuuckpE2zkYmmXMd6ExrzLamssbhnDVw/photo.jpg,Este app é ótimo mas poderiam colocar menos anúncios afinal se instalaram o app foi pra usar e não pra ver anúncios de outros app. Afinal isso faz até mal pro app pois isso faz as pessoas querem desinstalar e colocar o app do anúncio.,5,4,1.118.0,2020-05-23 14:41:04
59,Pedro Luís Montesso,https://lh3.googleusercontent.com/a-/AOh14GgRgMnqrSG51DQ4V5qEXdbLzRLcqkoLgVu7RDHV_QY,"Gosto do jogo há anos, mas nas últimas atualizações sumiram meus amigos do Facebook e estão ocorrendo vários bugs e travamentos, principalmente pra ver vídeos",3,119,2.1.0,2020-05-24 10:08:38
60,curiosamente,https://lh3.googleusercontent.com/-CmUKQAQbIys/AAAAAAAAAAI/AAAAAAAAAAA/AMZuuclPMcNMjlqPndVjAZeEntOo-1PZsQ/photo.jpg,"Apesar de ser um jogo extraordinário que, particularmente ,gosto muito ele exerce alguns problemas. No meu app, eu não consigo ver meus amigos do Facebook ,pois se quer consigo conectar, ficaria muito feliz se vocês conseguissem me ajudar com esse problema.",4,5,1.118.0,2020-05-25 02:52:43
61,Ramon Vieira,https://lh3.googleusercontent.com/a-/AOh14Gi8gsVNx-uWSpCQCkELD4IgoHmotmpC1fXBtWJgi2w,"Cara agora sim em, quero ver como sou bom, ser precisa hakear. Vendo o jogo e o jogando e fazendo tudo como era antes, só que agora em português e com anúncios",5,34,2.0.1,2020-05-10 21:42:31
62,Sofia :-D,https://lh3.googleusercontent.com/a-/AOh14GjPc_R-u6msIDz2EbVxYbm3IJUZws4WFXg1zl8kXw,"eu acho esse jogo mto legal e jogo a mto tempo inclusive, mas tipo (eu sei q isso faz parte da ideia do jogo) eu acho q seria melhor se o personagem da tour ficasse mais tempo disponivel, mas tirando esse detalhe, o jogo em si eh mto bom e eh simples de jogar.",5,75,1.118.0,2020-05-20 22:36:51
63,Jasson Silva,https://lh3.googleusercontent.com/a-/AOh14Gi5jQJOGX9cHtj4b_yFPNjE3Z9CYhhEVgGGcD2W,"O que está ruim nesse jogo, é quando vc está tentando tirar um Record, vc dá uma pausa, e quando vc vai retomar o jogo, ele reinicia, e quando reinicia não continua de onde vc parou. Não é questão do processador, e eu configurei o aparelho, pra esse jogo não ser mantido em segundo plano. Meu processador é snapdragon 655. Outra coisa, a Mega bolada não vem + prêmio nenhum Faz tempo que todas as vezes que chega o dia da Mega Bolada, passo o dia todo tentando e nada de vim. Vou acabar desinstalando",1,478,1.117.0,2020-03-26 11:22:07
64,Sayonara Goulart,https://lh3.googleusercontent.com/-uu9VcQzWCac/AAAAAAAAAAI/AAAAAAAAAAA/AMZuucmUz8Dw_vpBIMHZLA4cWm_fZ4YjEA/photo.jpg,"Olha eu gostei! meu telefone não tá travando, e tá muito fácil de mexer na nova atualização . Só que oque eu não, gosto e que os personagens são muito caros, aí fica difícil se poder botar um pouquinho mais barato eu agradeço muito !",3,24,1.118.0,2020-05-13 22:11:46
65,Lurdes Ribau,https://lh3.googleusercontent.com/a-/AOh14GhkIz2GgVKGrgzlB3lgDwQQa2B9a11kUrZT9cYU7w,"Não consigo actualizar o meu jogo e por esse motivo não consigo fazer os desafios de fim de semana, nem pegar os símbolos para o prémio da semana. Por favor vejam o que se passa pois adoro o jogo e sem actualizar não consigo progredir como devia",3,16,1.118.0,2020-05-20 07:10:16
66,Santos Vivian,https://lh3.googleusercontent.com/-SNdd_1nYwkE/AAAAAAAAAAI/AAAAAAAAAAA/AMZuuckd3JUWH4FcvZXxCENQVj5WENKkhg/photo.jpg,"Amei o jogo muito recomendado , eu adorei o App, muito fácil de se joga , e na minha opinião eu amei adorei muito, melhor jogo que eu já joguei na minha vida adoro Parabéns pra quem criou a mente s Dessa pessoa estava muito criativa amei parabéns!!!!! Melhor jogo do mundo , e mais do que vc imagina",5,2,1.118.0,2020-05-26 14:40:39
67,Canal do Boteco,https://lh3.googleusercontent.com/a-/AOh14GjSsnF6hcTUCXUblco-coUBj0vu1R5jbL1UJMzw,Estou na atualização em Buenos Aires!mas por um acaso não está aparecendo para desbloquear a Sofia queria desbloquear ela mas não consigo infelizmente!quero informações sobre isso! Um beijo Caetano de 8 anos,4,1,1.118.0,2020-05-28 23:09:51
68,Luana Ferreira,https://lh3.googleusercontent.com/-ROtx65ao9-k/AAAAAAAAAAI/AAAAAAAAAAA/AMZuuckcCt0JTC8-HnMew-hK1JVJ2MCXaA/photo.jpg,Eu amo muito esse jogo e um dos melhores meu celular não trava mais ser trava e pq tem bastante coisa esse jogo e muito bom depois do Free fire mais e um dos mais melhor meu celular e novo ir bateria tbm mais o jogo não faz nada deve ser o celular desse pessoal que não presta ir fica falando coisa que não presta eu amo esse jogo por isso que vou dá 5 estrela,5,30,1.118.0,2020-05-15 01:49:39
69,TEK FOX,https://lh3.googleusercontent.com/a-/AOh14GjPZKDbvyQgU3E_tri0H1kbyeQZxvaVhH83fR6VKg,Quase que apaguei meu progresso! jogo desgraçado pq não coloca o sever da gente automaticamente? Como o Clash of clãs ?,3,10,2.0.3,2020-05-20 20:33:25
70,Anah Rocha,https://lh3.googleusercontent.com/-VQOLhGlSZUQ/AAAAAAAAAAI/AAAAAAAAAAA/AMZuuckN_ngBbMMZ4iGOwr9lV0sRPBB0Xg/photo.jpg,Adorei o App! Eu gosto desse tipo de jogo! Mais uma crítica... o jogo deveria ter fases! Porque aquela música quase ninguém aguenta! Eu so queria que vocês melhorassem isso! Mais mesmo assim adorei o App!,4,4,1.118.0,2020-05-24 17:59:36
71,Cristiano Goulart,https://lh3.googleusercontent.com/a-/AOh14GgFLPduOcfrzf_rcKCCPXgiJDPAMZmeGLbYOcYGlA,Muito bom mais contém muitos anumsios mais as vezes eu ganho bastante moeda na corrida eu também concordo com você que veis o jogo que capricho e demoro bastante dias tem umas pessoas que não gostam dese jogo porque a música da vergonha no começo do jogo sentia vergonha mas agora não tenho mais vergonha já me acostomei parabéns estou orgulhosa desse jogo então 5 estrelas,5,1,1.118.0,2020-05-28 10:00:17
72,P3dr0 August0,https://lh3.googleusercontent.com/a-/AOh14Gi7_EH2EcnJpxPtyAbBDY7kjK3alz2uPqL2wZZ_RA,"Esse jogo é muito bom, ele envolve: estratégia e agilidade, eu super recomendo, ele não tá muito famoso hoje mas ainda vale apena baixar",5,14,2.1.0,2020-05-23 22:52:26
73,Gabriel Garcia,https://lh3.googleusercontent.com/a-/AOh14Gjd4kweXMRjGT1Ktes_INWzT0WTgNZtt0pZO9X5,"O jogo tá bugado, fechando sozinho, com queda de quadros, algumas situações impossiveis de passar durante a run (duas barreiras altas para passar por baixo, sem tempo de rolar duas vezes), denora para realizar algumas ações prejudicando a run. Não tem premios para os top runners da semana, baiscamente nada demais para quem tenta ficar a frente (ao menos uma caixa dourada era bom). A queda de quadros atrasa alguns movimentos que em um jogo de reação rapida, pode prejudicar. Ao concertar, dou 5*.",3,612,1.117.0,2020-04-07 09:29:43
74,Kelly Silva,https://lh3.googleusercontent.com/-_pvpauqlfP0/AAAAAAAAAAI/AAAAAAAAAAA/AMZuucn9WhSih4YYEWwEg4VyLdi6Ead9_Q/photo.jpg,"O Subway Surfers é o melhor jogo do universo, da galáxia, do espaço sideral eu amo e adoro muito. Eu sinceramente não achei nenhum jogo melhor ou mais legal do que ele foram tantos jogos que eu nem me lembro de cabeça , e adoro as skins o Jake é lindo, o recompensa grátis ótimo só não gosto muito que não de para ir para os lados e tal, e quando vc vai para o lado ou bate em alguma coisa que não seja trem o guarda fica atrás de vc e se ele te persigui duas vezes na segunda vc morre eu não gosto .",5,1766,1.117.0,2020-03-29 23:54:34
75,ks off gamer,https://lh3.googleusercontent.com/-p3il_P9zJFs/AAAAAAAAAAI/AAAAAAAAAAA/AMZuucm-BQGZPnv0KhJ1_b7jOW6rzM7-BA/photo.jpg,O jogo é bom mais acho que demora muito pra mudar de cidade se mudasse mais rápido seria super legal se acrescentam coisas de maneira original. Também acho q seria muito bom um modo online inovador ainda preservando a essência do jogo seria muito extraordinário q iria ser ótimo gostaria muito que trabalhassem nisso,1,2,1.118.0,2020-05-24 02:25:36
76,Ivone Martins Rezende Rezende,https://lh3.googleusercontent.com/-SCkJGjoXshg/AAAAAAAAAAI/AAAAAAAAAAA/AMZuucmNer8Z35mDty9Fue4bIISZngJYiQ/photo.jpg,"O jogo é muito legal,só que eu acho que eu acho que ele deveria ter fim esse jogo é infinito. Mas parabéns para o inventor do SUBWAY SURFERS ,é um jogo espetacúlar!Se vocês não se importam darei uma dica colocar um fim ,pois se não, não irá ter graça. Eu dei 5 estrelas pois quando nós começamos a jogar dá à empreção que estamos dentro do jogo,e isso não acontece com qualquer jogo! Tomara que vocês fação outros jogos como esses.Ja estou com as mãos formigando de anciosidade☺☺!",5,623,1.116.1,2020-03-18 11:45:37
77,Otavio Sirotto Pereira,https://lh3.googleusercontent.com/-ymv7TZVwNBE/AAAAAAAAAAI/AAAAAAAAAAA/AMZuucn_aWBUMZCDeYLNTqjIk06v5sDuqQ/photo.jpg,Muito bom dasafiador recomendo tem varios bonecos pranchas bem legais e eu nem sei mais oque dizer é um jogo que eu nunca tive problemas com bugs nem roubos tem skins bem legais e vc pode ser o melhor do mundo é so vc jogar e ficar em primeiro em fim um jogo otimo bons controles e bons graficos entao é so isso que eu tenho pra dizer sobre esse jogo muito bom e recomendo prara quem quer fisafios e como vc só pode enviar isso que eu escrevi eu vou ficar falando coisas aleatorias por que eu só F,5,9,1.118.0,2020-05-24 12:05:07
78,Leticia Moreira,https://lh3.googleusercontent.com/a-/AOh14Gg8v6GUL4w4urpRt51ivJIFE7BvGHzBFuv8DwsnlA,"O jogo é muito bom, ele é bem legal e é um bom jogo para passar o tempo. Eu já tinha baixado antes e ele melhorou muito, só que agora ele as vezes trava e não dá pra entender nada. Espero que esse jogo continue melhorando porque ele muito bom e eu baixei ontem e estou viciada nele é muito bom mesmo as 4 estrelas é só porque ele começou a travar. 👋🏼👋🏼👋🏼",4,66,1.118.0,2020-05-18 18:26:02
79,Felipe Silva,https://lh3.googleusercontent.com/-7mqaI27GOG4/AAAAAAAAAAI/AAAAAAAAAAA/AMZuuckewy-oZkdrJ23bzjm_1ktebAQqeg/photo.jpg,"A nova atualização estragou o jogo, não dá pra conectar o Facebook e a pontuação está devagar, tipo pra chegar há 10 mil pontos você tem que jogar e jogar um bom tempo... desse jeito não dá pra colocar recorde nunca, mudem isso por favor!",1,7,1.118.0,2020-05-25 00:42:05
80,Andressa Figueiredo,https://lh3.googleusercontent.com/-wB32_yB52p8/AAAAAAAAAAI/AAAAAAAAAAA/AMZuucly9D3stuHRcoH_PO4GLzRCI1EDGQ/photo.jpg,Eu amo esse jogo mas ele não tá atualizando e nem mostrando pra atualizar. Ele tá parado na de Buenos Aires. Já desinstalei e instalei de novo e mesmo assim não mostra nada pra atualizar. O que tá havendo ?,5,90,1.118.0,2020-05-16 16:08:20
81,Jacquelinne Ferreira,https://lh3.googleusercontent.com/-DGjoZEo1hPY/AAAAAAAAAAI/AAAAAAAAAAA/AMZuuckiPSnffiXayKeb5sf_IMADLvwYKg/photo.jpg,"Era bem divertido, mas com essa atualização nova, quando você morre as moedas constam como não coletadas e mesmo se você usar uma chave para continuar, reinicia (no lugar de continuar a fase) e trava.",1,6,1.118.0,2020-05-24 15:31:26
82,Jhenyffer Victoria,https://lh3.googleusercontent.com/-Zsak8Eeem0k/AAAAAAAAAAI/AAAAAAAAAAA/AMZuuclwRJyCOrIOj07ifM2v8Fs5c29wRg/photo.jpg,Esse jogo é de mais não tem nada de problema nele e incrível não trava igual os outros jogos quem reclamar precisa comprar um celular novo porque deve estar quebrado por isso não deve funcionar eu sei que cada um tem a suas escolhas mas esse jogo não da 0para reclamar e demais,5,19,1.118.0,2020-05-19 09:56:42
83,Helenilson Ribeiro,https://lh3.googleusercontent.com/-C7cXvoqQHY0/AAAAAAAAAAI/AAAAAAAAAAA/AMZuucl5TymgiDnVqFThiqzYeZPLpHdKgQ/photo.jpg,"Minha gente, vocês também estão com problemas de atualização? No meu celular não aparece a nova versão (se é que chegou) do jogo. Ainda estou em Buenos Aires sem poder atualizar pq ela simplesmente não aparece.",4,3,1.118.0,2020-05-26 11:16:44
84,may oliveira,https://lh3.googleusercontent.com/a-/AOh14GixK2U24xO9naYfmmwVP627VxxyT7hgOIwVQz6ZMA,"Nossa esse jogo era ótimo jogo todos os dias , porém toda vez que eu junto mais de 600mil moedas o jogo deleta sozinho minhas moedas e ainda deleta alguns personagens, o jogo não atualiza o cenário a mais de um mês está travando toda hora e ainda apagando meus progresso o mais frustante é que no top rum eu sempre estou entre os 4 primeiro e agora está apagando tudo sozinho 😡😡",1,10,1.118.0,2020-05-21 10:10:02
85,Bruna Allegro,https://lh3.googleusercontent.com/a-/AOh14GiOxEMcjvwY139-Fq4iRGTHAw1-kgdcf217sU_MWQ,"Esse jogo era maravilhoso, agora com a última atualização, está travando demais, muito mesmo",3,9,2.1.0,2020-05-26 12:20:42
86,José Ilan,https://lh3.googleusercontent.com/a-/AOh14Gj-PogYqWvY5zVinCs9XLJH_9Gazov4rrnMNJUTlQ,"Deveria ter algum personagem com uma deficiência física, tipo cadeirantes etc. Para que todos pudessem se encaixar sem se sentir excluído. E a propósito o jogo é ótimo.",5,52,2.0.1,2020-05-08 01:17:43
87,Eliza Ferreira,https://lh3.googleusercontent.com/-O-j8OrEvWPg/AAAAAAAAAAI/AAAAAAAAAAA/AMZuucnuZn557UER4nA1TRtTR5FsnQiINA/photo.jpg,"Esse jogo é muito interesante, acho muito legal correr com os perssonagens do jogo. Eu fico muito feliz quando jogo este jogo, mas acho que os bonecos são muito difiseis de concequir. Tirando isso, o jogo é maravilhoso!!! Recomendo pra todas as idades 😍😍",5,54,1.118.0,2020-05-06 15:18:21
88,Helen Barbosa,https://lh3.googleusercontent.com/-t545um__VHQ/AAAAAAAAAAI/AAAAAAAAAAA/AMZuuclseHoSuKjBZ_Wkjs3Snyw012Qn9A/photo.jpg,"Acho muito bom o jogo , Mais eles poderiam colocar mais personagens femininas . Por exemplo :Com cabelos longos e pintados pircings e tal , mais também personagem mais simples como, roupa normal cabelos longos sempre , lisos ou cacheados , tbm fazer personagens morenas, na Minha opinião ficaria melhor o jogo . OBRIGADA pela atenção",5,643,1.117.0,2020-04-13 19:06:51
89,Ana Sofia Minegirl,https://lh3.googleusercontent.com/-Biq-V2tOL7g/AAAAAAAAAAI/AAAAAAAAAAA/AMZuucldzDA8JirlxIaRQWCWpucTKLHaUA/photo.jpg,O jogo é o melhor é difícil e eu amo isso eu daria infinitas estrelas e mesmo o incrível e legal a música e incrível os personagens bonito os skates um melhor do que o outro o criador dese jogo você é a melhor pessoa do mundo muito muito muito obrigado por criar Subway Surfers olha crido dese jogo sem você os jogos não terão sentido. Obrigado pela jogo as novas atualizações são incríveis por favor mas atualização ☺☺☺,5,83,1.116.1,2020-05-18 10:20:55
90,Um Noob Profissional,https://lh3.googleusercontent.com/a-/AOh14Gi5UAgbYEOxtb55MeQpzWlQ4Z8ln3aOuAkwc_hlhw,"Sempre foi um jogo bom, mas menor de idade não poder vilcular com o facebook me decepcionou. Na minha opnião vocês poderiam colocar sla, pra +15 anos. Fui ser anesto e colocar minha idade real, e acabei ficando sem o acesso ao facebook ;-; E também não tem nenhuma novidade! O jogo fica só repetindo atualiazações antigas, sendo assim muito facil de enjoar.",3,222,1.117.0,2020-03-26 14:59:38
91,Heloisa e Manoel Sueira,https://lh3.googleusercontent.com/-iBcEsfMqU4o/AAAAAAAAAAI/AAAAAAAAAAA/AMZuucn7umbYWC0t4cpSYltbyY9cMXn9hQ/photo.jpg,Muito bom Incrível Esse é o tempo que a gente pode passar nessa Quarentena o bom é que não precisa de internet para jogar só para carregar assim como posso dizer para divertido mas não o negócio de carregar só para internet se eu gastar um tiquinho assim para abrir o jogo adorei Gente esse jogo é muito bom vocês tem que baixar beijo,5,31,1.118.0,2020-05-10 10:23:19
92,Gabriela Cavalheiro,https://lh3.googleusercontent.com/-pGHBVNUeNWE/AAAAAAAAAAI/AAAAAAAAAAA/AMZuuckfbkw1rV7CJ9-qChUDcYFAtyZACA/photo.jpg,"esse jogo é muito bom, mas quando você para de jogar ele fica toda hora com aviso que você tenque ficar atualizando um negócio , mas o lado bom é que você pode jogar sem internet e você não presissa passar várias fases ou coisa do tipo , obrigada pela atenção. ❤️❤️",5,26,1.118.0,2020-05-08 00:37:23
93,Erivelto Novais,https://lh3.googleusercontent.com/a-/AOh14GhzGYndsjGWT3ALQ_NjUym55Fr6UUJd1XM8EelJ7Q,"Ficou horrível depois da última atualização. Não consigo mais acessar o Facebook. Perdi a lista de amigos que jogam o game. Resumindo: perdeu a graça jogar, uma vez que não tem um alvo, amigo do Facebook, para ser batido. Daria nenhuma estrela pra última atualização.",1,154,2.0.3,2020-05-18 19:59:23
94,Antonio Sergio Da Silvs Sergio,https://lh3.googleusercontent.com/-pPFthZ4eTDI/AAAAAAAAAAI/AAAAAAAAAAA/AMZuucka7D7qMOGSN_n_JrO6hxUHh4UCSw/photo.jpg,Acho que deveria ganha mais moedas mais rapido e acho que as eskins deveriam ser mais baratas!Mas por outro lado da para jogar sem internet e quando vc tá sem nada para fazer também,4,3,1.118.0,2020-05-20 15:30:32
95,FABIO ANJOS,https://lh3.googleusercontent.com/-mFaj_Jul4RY/AAAAAAAAAAI/AAAAAAAAAAA/AMZuucmKHtgYfH67ZHpRU5lTvx2E4NSegQ/photo.jpg,"Essa atualização ficou horrível,não aparece mais meus amigos e nem o meu nome mesmo estando conectado no Facebok!!! O personagem ficou lento.",2,48,2.0.1,2020-05-11 12:57:43
96,renilda Ferreira,https://lh3.googleusercontent.com/-6q6Gagcvwyc/AAAAAAAAAAI/AAAAAAAAAAA/AMZuucnrlnU4cXtBa0Jt-aWtZ11nbLsAqw/photo.jpg,Incrível da para salvar na nuvem e é viciante pois você pode colecionar personagens. Eu já tenho mais de 30 personagens.Amo esse jogo e o gráfico impressiona todos.dica comprem as moedas duplas pois além de tirar os anúncios você fica com moedas duplas e ganha o bombot,5,62,1.118.0,2020-05-07 18:55:44
97,Mário Veira,https://lh3.googleusercontent.com/-Neq_-ztbIFc/AAAAAAAAAAI/AAAAAAAAAAA/AMZuucllGfhfLZ0IsqhA1odwslLr8VHrOA/photo.jpg,"É perfeito, boa jogabilidade ,gráficos, etc.podia ter a opção de mudar a língua, mas dá pra jogar sem perceber muito de inglês.",5,0,1.118.0,2020-05-19 19:37:56
98,Wiliam Cruz,https://lh3.googleusercontent.com/-uiF_7218KHE/AAAAAAAAAAI/AAAAAAAAAAA/AMZuuclVHeYp61Pz37PLAreqI4akOcB7AA/photo.jpg,"Pra alguns já sairam atualizações para Marrakesh e Amsterdã, pra mim e pra outros, ainda estamos em Buenos Aires. Alguém pode me explicar o porquê que estão saindo atualizações para IOS e nada para ANDROID? Jogo de corrida sem fim, sem novos desafios e lugares diferentes, desanima e é entediante. Prestes a desinstalar.",1,1,1.118.0,2020-05-28 13:59:53
99,Bruna Luisa,https://lh3.googleusercontent.com/-0Iq6UXwCBEA/AAAAAAAAAAI/AAAAAAAAAAA/AMZuuckQd81lbr3OLxNRIjnTSZVtsjImhQ/photo.jpg,Subway surf é um jogo muito divertido no qual tem muitas variedades de personagens um jogo muito competitivo no qual você precisa ganhar objetos para liberar outros personagens e também objetos para crementar os personagens é isso que deixa o jogo mais divertido ainda e é bem interessante também que de acordo com as estações do ano e as comemorações do ano ele vai mudandoeu já tenho 11 anos e tenho esse jogo desde quando eu era bem pequenininha então já liberei várias fases eu super recomendo,5,119,1.116.1,2020-03-26 18:03:18
