,userName,userImage,content,score,thumbsUpCount,reviewCreatedVersion,at
0,Demétrio Pinheiro,https://lh3.googleusercontent.com/a-/AOh14GhwzPr1wKxJLBV435PT-xOpVfsF-2ZnYUr5_p7GiQ,"Apesar do jogo ter gráficos bons, a empresa Murka Entertaiment desenvolvedora do game, é muito mercenária. Jogo há bastante tempo e sei o que estou falando. O jogo é feito pra que compra pacotes. Tem fase que o jogador simples fica mais de três meses juntando Coins. Os eventos são os mais injustos de todos os jogos de Casino. Não recomendo!!!!",2,12,1.57.1,2020-04-08 12:14:55
1,Daniel Pereira da silva,https://lh3.googleusercontent.com/-5ZA9-wXbnEE/AAAAAAAAAAI/AAAAAAAAAAA/AMZuuclPPBYHfa_NcoIbcn4tEAZ4aUIdww/photo.jpg,"Muito boa,apesar de não poder comprar créditos,nesta pandemia estamos poupando,poderia ser dado um prêmio em dinheiro para aqueles que permanecessem em casa durante o isolamento social.",5,1,1.58.0,2020-05-13 09:46:50
2,Edward Andrade,https://lh3.googleusercontent.com/a-/AOh14Gh8RR3qZlfX0wn-G4RcectEA4WyXozPrFZeIPw60VE,"Acho excelente quando vcs dizem q é um jogo desafiador , isso foi feito pra não ganhar nada o jogo do dá e tira. É só melhorarem essa tremenda dificuldade de ganhar prêmios altos que será o melhor jogo dentre tantos. Obrigado 👍 E outra o jogo de vcs parou de funcionar tbm👍",1,24,1.57.1,2020-04-28 14:14:43
3,Elisangelarosaporto@hotmail.com estrelas 04,https://lh3.googleusercontent.com/-v39uHAP4Fns/AAAAAAAAAAI/AAAAAAAAAAA/AMZuuclekmYwzvHk3S1QeR-yayOry46wHQ/photo.jpg,"Pra passar o tempo, ótima jogabilidade, pra meu consumo, gostei.",5,0,1.56.0,2020-03-19 09:02:54
4,Orestes Ferreira,https://lh3.googleusercontent.com/-4bLOp97Pmcg/AAAAAAAAAAI/AAAAAAAAAAA/AMZuuclIgwm3sBEk8t1oMDQZhRToMGCcmQ/photo.jpg,"boa tarde e bom trabalho......bom fim de semana.... Boa tarde, desejo a todos os artistas deste entretenimento, Uma Santa Páscoa, repleta de saúde e paz para todos.",5,1,1.56.0,2020-04-09 12:32:56
5,Elli Allves,https://lh3.googleusercontent.com/a-/AOh14GgdN52Plou1hx3X--KZZt6sDTuBCYUQ4_4ZAXIB5w,Gostaria que o jogo fosse mais divertido pós quando a gente se empolga tem que desinstalar eu gosto do jogo mais deveria melhorar isso ok agora o jogo está travando muito mais fazer oq preciso passar de fases,5,7,1.55.0,2020-03-04 14:23:19
6,Nico Samsung,https://lh3.googleusercontent.com/-lVumG2QTxzQ/AAAAAAAAAAI/AAAAAAAAAAA/AMZuucmqqY8xgQWFEP7vB-0lfQFVR77BuA/photo.jpg,Excelente jogo pra passar a quarentena se divertindo gosto muito preciso de mais moedas grátis,5,0,1.58.0,2020-05-07 02:44:19
7,Maria Delfiol,https://lh3.googleusercontent.com/-QmSIuFZf_l8/AAAAAAAAAAI/AAAAAAAAAAA/AMZuucmCIJLyzKFwPmhqbGPSxU7L_FOxHw/photo.jpg,É tão eu adoro jogar slots era só não adoro como eu amo e o meu remédio para a depressão mas estou tentando passar o desafio 135 já faz mais de um meis e meio por não ter moedas para jogar eu jogo com os pequenos bônus que pego de hora em hora tem dias que fico pegando três dias enceguida para ir ajuntando um pouquinho de moedas mas não é o suficiente aí eu acabo ficando desesperada para continuar jogando eu adoro esse jogo o que eu fasso para continuar jogando e consegui vencer os desafios né a,5,10,1.55.0,2020-02-28 17:27:43
8,Sandro Americo,https://lh3.googleusercontent.com/-wkmrsh9oJPM/AAAAAAAAAAI/AAAAAAAAAAA/AMZuuck2em_ul3_ANdGB4kmXs2yw-wi6WQ/photo.jpg,Bom dia desenvolvedores de interatividades...ESSE JOGO MURKA É SENSACIONAL EU SUPER RECOMENDO ...A QUEM GOSTE DE DIVERSÃO E PASSA TEMPO. SEM CONTAR AS FOTOS BONITAS DAS MULHERES QUE APARECEM NA PARTE INICIAL DO PERFIL DO JOGO.. EU SUPER INDICO !,5,1,1.53.1,2020-01-23 14:49:26
9,Talip Halachev,https://lh3.googleusercontent.com/a-/AOh14GinujJX7qkolpDNAdynijSDK8Pxq_C6tawBLhPC,"Uma coisa que falta no jogo é agente poder dar dinheiro aos nossos amigos e receber também, seria bom",5,2,1.54.0,2020-01-31 16:47:41
10,leonardo andrade,https://lh3.googleusercontent.com/-lxp1zgmrTDU/AAAAAAAAAAI/AAAAAAAAAAA/AMZuuckCl5kUBoOgjy2Ll9PELBO-DTgvyg/photo.jpg,É divertido mas é um pay to win direto pois paga quase nada para obrigar a comprar com dinheiro real.,3,1,1.54.0,2020-01-30 01:45:33
11,Luzinete Menezes,https://lh3.googleusercontent.com/-27Wif95gBWY/AAAAAAAAAAI/AAAAAAAAAAA/AMZuuckk7WAZegzKXv3ENs1IbwLVCAFHoA/photo.jpg,Vamos arrumar esse jogo além de ta travando ta péssimo esse spin não tá dando crédito ta pulando ve se vocês se organiza pera às pessoas poder jogar ta travando d não falta de espaços não ok,1,10,1.54.0,2020-01-29 17:04:21
12,Wagner Petrônio,https://lh3.googleusercontent.com/a-/AOh14GiaSwPNeN3QcR0na2TJFSCQ77-t_6jVMsX7FzZoxw,Amei essas modalidades de jogos parabéns,5,0,1.58.0,2020-05-19 10:11:46
13,Moises Placido Ribeiro Junior,https://lh3.googleusercontent.com/-iE-t-vIe0dw/AAAAAAAAAAI/AAAAAAAAAAA/AMZuuckWCCUpvfIB0ce8XwTTYu3ChlwSBQ/photo.jpg,Vocês estão da Murca estão de parabéns é um ótimo jogo de caça níqueis um ótimo passatempo . Muito obrigado por trazer inovação 👍,5,25,1.55.0,2020-02-25 15:35:15
14,Sandro Brasil,https://lh3.googleusercontent.com/-SJ904YQXqxI/AAAAAAAAAAI/AAAAAAAAAAA/AMZuucnRwkPxrJaiaTUpQmd1rey7DCgLbQ/photo.jpg,"O jogo está péssimo pois desinstalei pela falta de moedas virtuais e voltei a instalar e não recomeça ao slot inicial ou seja não dá pra jogar mais sem ser a pôr dinheiro real . O suporte respondeu que dessa forma os dados do jogo não seriam perdidos mas sendo assim deveria ser só pra quem faz login e não pra quem nunca o fez. Dessa forma é impossível jogar, deveriam por de forma que fosse possível recomeçar sem custo, assim não vale a pena .",1,17,1.52.1,2019-12-05 14:15:14
15,Benedito Venâncio,https://lh3.googleusercontent.com/-kOGDeFl0q1E/AAAAAAAAAAI/AAAAAAAAAAA/AMZuucnbdG0vyq709EXKCUItDw_TlsPYPA/photo.jpg,Tá decepcionante esse jogo demora muito para passar de nível aí enjoa jogar vou dar um tempo por favor mandar resposta em português obrigado,1,1,1.53.0,2019-12-28 15:47:09
16,Sérgio Souza,https://lh3.googleusercontent.com/-RgwepCVWxfg/AAAAAAAAAAI/AAAAAAAAAAA/AMZuucnf-_QgCC8566bJwRdkHz786jXxLg/photo.jpg,E um absurdo o que vocês fazem Você vai jogando e acumulando os bonos Quando seus créditos acaba e você vai jogar os bonos eles somem Jae uma dificuldade consegui os bonos O pouco que vocês deixa a gente acumular Tiram ele da gente Acho que vocês tem que por um administrador nesse jogo pra gente não ser roubado,1,1,1.51.0,2019-12-05 09:37:34
17,Ana beatriz gomes de lima Gomes,https://lh3.googleusercontent.com/-t4LTn72UD04/AAAAAAAAAAI/AAAAAAAAAAA/AMZuucnQEwVW0KyDsb2ZT4LIfK-n-fwlgA/photo.jpg,Ótimo jogo tô gostando muito Valeu criadores bem divertido,5,0,1.56.0,2020-03-28 01:38:38
18,Marcelo Medici Metri,https://lh3.googleusercontent.com/a-/AOh14GiPjOenDgpKT2U1SBEdWz41BcdXz9GsRls8gdJELkU,"Estava na fase superior, quase chegando a 100. E simplesmente o jogo me devolve para o início (fase 1) Brincadeira de mal gosto ! Não estou acreditando nisso até agora.",1,1,1.35.0,2018-10-02 20:07:49
19,Um usuário do Google,https://lh3.googleusercontent.com/EGemoI2NTXmTsBVtJqk8jxF9rh8ApRWfsIMQSt2uE4OcpQqbFu7f7NbTK05lx80nuSijCz7sc3a277R67g,"Tem que soltar mais bonos!o que estar acontecendo nao consigo voltar no começo do jogo,mesmo desistalando ele volta na mesma fase!",5,2,1.43.0,2019-12-05 13:30:15
20,Sonia Ortiz,https://lh3.googleusercontent.com/a-/AOh14GiY4grEFwmeFIsdUeFGhscMGXv3MiFSKnJoqw8U,"Eu estava numa fase boa ,entrei por outra conta e quando voltei pra minha voltou desde o início mesmo conectando no Facebook. Quero voltar onde eu estava desde 2017 quando comecei.",1,5,1.51.0,2019-10-23 14:04:41
21,Um usuário do Google,https://lh3.googleusercontent.com/EGemoI2NTXmTsBVtJqk8jxF9rh8ApRWfsIMQSt2uE4OcpQqbFu7f7NbTK05lx80nuSijCz7sc3a277R67g,podia ser mais rápido e dar mais pontos da poucos pontos mas é um jogo que gosto tem garra muito obrigada pela vossa atenção e parabéns pelo trabalho,5,32,1.45.0,2019-06-22 17:20:48
22,Liliana Tavares,https://lh3.googleusercontent.com/-Z4JNAuiqO-M/AAAAAAAAAAI/AAAAAAAAAAA/AMZuuckieKST4NU_Cwbvd---X0fawJRn9Q/photo.jpg,Gostei do jogo por acidente desinstalei e agora gostava de voltar a instalar e não consigo!!!,5,0,1.23.1,2020-01-18 06:53:23
23,Marcos Oliveira,https://lh3.googleusercontent.com/a-/AOh14GgjUKYYFp46JGZA5mDTgPlGiSEak27Qt0tYuyNd,Gostei as vezes fico sem opções de diminuir os valores de jogadas.,5,3,1.35.0,2018-09-27 12:11:02
24,claudio barroso Flores,https://lh3.googleusercontent.com/-PCd4Lm-U8Hk/AAAAAAAAAAI/AAAAAAAAAAA/AMZuucnbyP8Vq_59ZN7LJoyLc_btdCSS_w/photo.jpg,Lixo top 10 não paga nada só tira. Moedas gratas muito poco tô fora não recomendo,1,0,,2020-05-25 12:13:05
25,Hugo Silva,https://lh3.googleusercontent.com/a-/AOh14GiMb5fBRgcz9qu0_IIacoikl9B1mn0_HFDBWYS-,Jogo lindo com gráficos espetaculares,4,1,1.55.0,2020-03-07 14:21:11
26,joelma_game Mendes Souza,https://lh3.googleusercontent.com/-Cze4THnpBVQ/AAAAAAAAAAI/AAAAAAAAAAA/AMZuucm6J-lYuCXDPZEAicGbIacdNu-9Qw/photo.jpg,Nossa jogo a muito tempo esse jogo. Já desinstalei várias vezes. Nunca consegui pegar um Jackpot.,3,1,1.50.0,2019-09-23 21:42:54
27,roberto Santos,https://lh3.googleusercontent.com/a-/AOh14GiSMwAXxjhRU3fAqZcnra2EUMVCfyFr63yWT0-zsA,E bom o jogo .um dos melhores..mais trava quando chegar no lugar para carregar o jogo cheguei na 3 faze .mais carregou 8 por cento e nao q ir mais .,3,1,,2019-12-30 21:56:20
28,Maria Dalva Dos Santos,https://lh3.googleusercontent.com/-fHRLT4irc_A/AAAAAAAAAAI/AAAAAAAAAAA/AMZuucnIff7fQoL56bh1ih_g5D8bsnM09A/photo.jpg,"muito empolgante, difícil parar mas deveria aumentar os bonus.",5,1,1.42.0,2019-04-20 13:06:58
29,Cláudio Trompete,https://lh3.googleusercontent.com/-cfEvaX0K4XE/AAAAAAAAAAI/AAAAAAAAAAA/AMZuucniElls5rhtIql3YsmNPcB4G6GVxA/photo.jpg,"se vcs liberam outros níveis, ñ tem como dar de premio 500.000... vcs são malucos por isso vou desinstalar",1,16,1.46.0,2019-07-12 01:38:03
30,Jonas Batista,https://lh3.googleusercontent.com/-SgKh3Wg_4xo/AAAAAAAAAAI/AAAAAAAAAAA/AMZuucmWgxBZxqJFNoGmJV4811MfcqMaDg/photo.jpg,O jogo e muito bonito e os gráficos são muito bons e as fases são muito bem feitas,5,1,1.38.0,2018-12-05 17:19:15
31,DANIEL GAMA,https://lh3.googleusercontent.com/-OnySXsEpY1U/AAAAAAAAAAI/AAAAAAAAAAA/AMZuucmik_AS8IOiPu41w5EseSEwwOEMIQ/photo.jpg,Não passo de uma fase e aí acaba os créditos mais E bom,4,0,,2019-12-05 18:44:30
32,Thx Chernobyl,https://lh3.googleusercontent.com/a-/AOh14Gjd-6ubWh16ntokG8GskY7fTdmhFR6ySTZT7XmhEQ,So quero ganhar minhas recompensas do imvu ;_;,4,0,1.54.0,2020-02-10 14:21:31
33,aspire sg1,https://lh3.googleusercontent.com/a-/AOh14Gha5kBIrIg4GrjTkxHi8KWTk_Hq9K-DxlRgWtDP,O jogo é até legal mas sempre jogadas marcadas no início você ganha depois despenca e perde tudo um saco.,1,1,,2019-09-14 20:18:40
34,Borra Pasi,https://lh3.googleusercontent.com/-G0QNg6LZAeE/AAAAAAAAAAI/AAAAAAAAAAA/AMZuucnqxPOpJbKTlyW4ldmU6_YVXbZM1w/photo.jpg,nehuma estrela pois apenas no nivel 30 com 100 mil k nao consegui passar de faze num jogo onde aposto 5 k a jogada em 100 mil k nao sai nenhum bonus sequer.muito dificil e paciencia zerou.desistalando,1,17,1.43.0,2019-05-11 02:23:23
35,Anderson Verona,https://lh3.googleusercontent.com/a-/AOh14Ggp4v-rKDWUOePQMfRt4ZFrSxZ7ksJP4EviQ-uK,não consigo passar de nível. já fiz diversas apostas diferentes e não paga nada...,1,2,1.44.0,2019-05-18 23:33:47
36,Christopher Teles,https://lh3.googleusercontent.com/a-/AOh14Ghl5cqEuOJuYsROmgG2O_EdBjVCjxjcq0-stGiy,"Ótimos gráficos, excelente jogabilidade!",5,0,,2018-09-18 22:25:59
37,mario gildo u. silva gildo,https://lh3.googleusercontent.com/-rdYkeNOyaLU/AAAAAAAAAAI/AAAAAAAAAAA/AMZuuckid46PvrEnrrEH7_CpOXNiPP5pew/photo.jpg,Ficou muito melhor a nova configuração. Nota 10 Parabéns.,5,0,,2019-09-07 17:39:09
38,Luciano Pimentel,https://lh3.googleusercontent.com/a-/AOh14GgKaLljIyaYRhNipBrpZGxsQ7au7dbqL2K3QZBw,"bom jogo, sem propaganda, bins gráficos.",5,4,1.39.1,2019-01-18 00:50:42
39,Edson Alves,https://lh3.googleusercontent.com/-RQMZKe8E-ro/AAAAAAAAAAI/AAAAAAAAAAA/AMZuuckWo7lp6qCYplw-uHKWSZZHaxSJZQ/photo.jpg,"Bom, porém o jogo cai muito.",4,0,1.58.0,2020-05-05 07:25:12
40,Valdeque Lima,https://lh3.googleusercontent.com/-2GdMiTxSRZI/AAAAAAAAAAI/AAAAAAAAAAA/AMZuucncCRKH9RKOhmTZZSq0jHkvJ85ETQ/photo.jpg,curto muito jogo todos dias pós mi fãs relaxa minha rotinas de todos dia .recomendo a todos jogadores.,5,0,1.45.0,2019-06-20 17:27:08
41,Giannini França,https://lh3.googleusercontent.com/a-/AOh14GgsSbLFyauHQXaehNKorxX6mPlW--VHMbVUKfBqcQ,O jogo é bom mais as recompensas são péssimas... Várias rodadas sem ganhar nada,1,2,1.47.0,2019-08-03 03:31:52
42,helio souza,https://lh3.googleusercontent.com/a-/AOh14GiN4Hb3MP2bxcEExntHFf_aMYUd3ngABVV5Al4X9A,minha filha desinstalou o jogo eu não estou conseguindo instalar novamente!!!!,4,0,1.38.0,2019-01-30 20:02:20
43,Alexandre Sobral,https://lh3.googleusercontent.com/-BJVJQ69iRBc/AAAAAAAAAAI/AAAAAAAAAAA/AMZuuck0ctg31WjvKORJbxmH7tVd_Q8MEA/photo.jpg,Depois da última atualização ficou difícil de jogar,3,0,,2019-09-21 17:48:43
44,Adriano Raimundi,https://lh3.googleusercontent.com/-BkVAb4bXtn0/AAAAAAAAAAI/AAAAAAAAAAA/AMZuucnKzk-0z7ox_Dul2xgwlXNR8arjjA/photo.jpg,a gente compra muitos créditos e poucos bônus.,3,0,,2019-09-13 19:17:25
45,Mauricio Mau,https://lh3.googleusercontent.com/a-/AOh14GhIt4nPajYAQIg0fPsPjq0EHS_e2U7ENBBkoL9r,"Bom jogo, deveria ter mais alternativas nas apostas",4,1,1.52.0,2019-11-25 19:44:34
46,Renata Rodrigues,https://lh3.googleusercontent.com/-ULgVhQYDeYU/AAAAAAAAAAI/AAAAAAAAAAA/AMZuuclBNErIC4BwADa4yx-O5tKqOFdSlQ/photo.jpg,Amo muito esse jogo,5,0,1.57.1,2020-04-27 03:18:05
47,Maria Nadir Ferraz,https://lh3.googleusercontent.com/a-/AOh14GiXicoz71hWJMzvQ7KfRqtE2gwS76YhdMEWyK1B,Adoro todos os jogos mas tenho o meu preferido. Obrigado,5,2,1.39.0,2018-12-15 11:36:07
48,Vitor Fidalgo,https://lh3.googleusercontent.com/-6oEtQ34PIdo/AAAAAAAAAAI/AAAAAAAAAAA/AMZuuclxXVRlFkzfPC5Wrvple7yLTw6FYA/photo.jpg,belos gráficos e sorte que baste pra continuar jogando=),5,4,1.43.0,2019-04-13 20:41:00
49,george silva,https://lh3.googleusercontent.com/a-/AOh14Gj2ILk8I80jKXAPRv5RlfBL529ptnH9I9CD0RcZcw,Jogo excelente passatempo muito bom parabéns nota 100,5,2,1.52.0,2019-11-27 01:47:17
50,Joao Roberto Monteiro,https://lh3.googleusercontent.com/-CaymKH_ePHQ/AAAAAAAAAAI/AAAAAAAAAAA/AMZuucljTOVi2n76yuNpo49GeN8pWuwxkg/photo.jpg,tirei o caesar slot e mesmo assim ele não baixa da erro,5,0,,2018-12-24 16:09:38
51,Josuel Luiz,https://lh3.googleusercontent.com/a-/AOh14GgIDVZZ6W6o2HoRruBRCOStKb5aghfHnoCgL3lg,Muinto legal bom demais,5,0,1.57.1,2020-04-15 12:30:13
52,Airton Marcolino,https://lh3.googleusercontent.com/-JQF5lWimKOM/AAAAAAAAAAI/AAAAAAAAAAA/AMZuucmMa0HpalCnC1Q4uDPahHeABwgPCg/photo.jpg,Um ótimo passa tempo eu recomendo para meus amigos.,5,0,1.55.0,2020-03-04 16:10:44
53,Simone Aparecida Messias,https://lh3.googleusercontent.com/-DCblRzlkAsA/AAAAAAAAAAI/AAAAAAAAAAA/AMZuucmLtePJ6H8R22x-wg8juIIOyURZ3Q/photo.jpg,Mega contagiante.... Adoro esse jogo...,5,5,1.41.0,2019-03-28 10:17:30
54,José Augusto F.da Silva,https://lh3.googleusercontent.com/a-/AOh14Gj7e4zLGwfJ6rB02aMuzVQWjFulIuHI7V1GZPwfrw,"Jogo muito bom, gráficos excelentes",4,0,,2019-04-03 07:21:27
55,Osmar Ferreira,https://lh3.googleusercontent.com/-C_NifhSxpIM/AAAAAAAAAAI/AAAAAAAAAAA/AMZuucljrSxuXQJIX4qaB-r0WA7IS-gE_g/photo.jpg,Jogo safado muita trapaça afff,1,0,1.56.0,2020-03-17 14:10:28
56,Um usuário do Google,https://lh3.googleusercontent.com/EGemoI2NTXmTsBVtJqk8jxF9rh8ApRWfsIMQSt2uE4OcpQqbFu7f7NbTK05lx80nuSijCz7sc3a277R67g,Excelente jogo. Passo a noite jogando,5,1,1.36.0,2018-10-31 16:46:07
57,Max Dalí,https://lh3.googleusercontent.com/-ySW-Uv3OL7I/AAAAAAAAAAI/AAAAAAAAAAA/AMZuucl13lqqRU0SH7mSIbeCYxAmI3yhCw/photo.jpg,elegante e divertido,5,0,1.46.0,2019-07-25 09:12:18
58,Marcelo Rangel,https://lh3.googleusercontent.com/-KnfbYbOwEv0/AAAAAAAAAAI/AAAAAAAAAAA/AMZuuckRVtmLe02VkiQznA_o7W6PTEZ3Sw/photo.jpg,"Gostei muito desse jogo, tira nosso estresse.",5,0,1.34.0,2018-10-02 06:04:24
59,Antonnio Crruz Araujo,https://lh3.googleusercontent.com/-RvDUCzIoN2U/AAAAAAAAAAI/AAAAAAAAAAA/AMZuucnnMaY5I-IrNvd7Iqf5at76oEiMHA/photo.jpg,É um ótimo passatempo,5,0,1.55.0,2020-03-13 14:55:02
60,mario oliveira,https://lh3.googleusercontent.com/-vLidS4LXbNw/AAAAAAAAAAI/AAAAAAAAAAA/AMZuucmhOq74KeEj7CR1wtItPgZMuohLxw/photo.jpg,Muito bom me deixa calmo,5,0,1.54.0,2020-01-30 10:02:16
61,Marcelo Cruz Pereira,https://lh3.googleusercontent.com/-X7FSjTsxhJs/AAAAAAAAAAI/AAAAAAAAAAA/AMZuucn7VmanXmuDZQm7w3k0CYloeVsBrQ/photo.jpg,Show. Muito bom.,5,0,1.53.1,2020-01-23 00:00:59
62,Maria janaina Martins Viana Janaina,https://lh3.googleusercontent.com/-jRVt7wQvjLE/AAAAAAAAAAI/AAAAAAAAAAA/AMZuuckHTWBdHequ_1uYr9ySMCubFMpMIw/photo.jpg,Eu gostei muito,5,0,1.52.2,2019-12-17 20:18:53
63,Silvio Fernando Maranzati,https://lh3.googleusercontent.com/-3S95aWSKXMs/AAAAAAAAAAI/AAAAAAAAAAA/AMZuucledo6biBTswPbVHlVkmCcH4Q7ZjA/photo.jpg,"JOGO TOTALMENTE CONTROLADO PELO DESENVOLVEDOR. GAME COMPROVADAMENTE MANIPULADO. ELE TRAVA QUANDO VAI SAIR ALGUM PRÊMIO ALTO OU DIZ QUE VC NÃO ESTÁ ONLINE. FAZEM MAIS DE DOIS ANOS QUE CONHEÇO ESSE JOGO E JA INDIQUEI PARA MUITOS AMIGOS MEUS. É UMA PENA, CADA VEZ QUE ELES ATUALIZAM SÓ PIORAM. NA MESMA FASE, APOSTANDO ALTO O JACKPOT APARECEU 4X. NÃO PAGA NADA. AÍ SAIU O BÔNUS. EM UMA APOSTA DE 50.000 ELE PAROU NO 20X E VOLTOU PARA O 2X. VCS SÃO PODRES.",1,14,1.45.0,2019-06-19 22:40:35
64,Sandro Sotto Mayor,https://lh3.googleusercontent.com/-AaChTfvnA98/AAAAAAAAAAI/AAAAAAAAAAA/AMZuucm4Jv7gHLFWADTjv0HuP0tICq0A9Q/photo.jpg,Muito bom para passar o tempo.,4,0,1.52.0,2019-11-23 13:28:21
65,wandrey souza,https://lh3.googleusercontent.com/a-/AOh14GgV9MB1rr4T6leTUYab-CtjauCrz4nK8ubGIYIvtQ,Muito bom bom,5,0,1.54.0,2020-02-03 10:58:30
66,Marcio Boulhosa,https://lh3.googleusercontent.com/a-/AOh14GjkiwRXajbX5JwXnLj65OjsdYEtKuYY49WJ34Ri,O melhor jogo,5,13,1.54.0,2020-01-31 00:23:15
67,Um usuário do Google,https://lh3.googleusercontent.com/EGemoI2NTXmTsBVtJqk8jxF9rh8ApRWfsIMQSt2uE4OcpQqbFu7f7NbTK05lx80nuSijCz7sc3a277R67g,"Eu adorei jogar, mas chega num nível que vc não consegue mais o jogo começar a ficar chato!!!",3,14,1.41.0,2019-02-09 21:24:19
68,Wellington Oliveira da Silva,https://lh3.googleusercontent.com/-9UxrefGN5mY/AAAAAAAAAAI/AAAAAAAAAAA/AMZuucmmXOREtX6Ctx2hyyZZzcLBYfqMLw/photo.jpg,Maravilhoso podem abaixa,5,0,1.52.2,2019-12-18 00:45:19
69,Fernando Lourenco,https://lh3.googleusercontent.com/a-/AOh14Gi8Jm_qyhMjUjDH0maPFlGOcfT4sujTpRL6x9A,Muito bom e fácil de jogar.,5,0,1.52.1,2019-12-04 13:14:43
70,Kátia Souza,https://lh3.googleusercontent.com/a-/AOh14GhStocHjZbwEdJFvxp0uFtuEP_OE3c5vzpUQjFxgDQ,"Sensacional,super recomendo",5,0,1.51.0,2019-11-18 14:26:22
71,Marcosteixeiraparente@Gmail.com Marcos parente,https://lh3.googleusercontent.com/-ZPEzz_KtMQ4/AAAAAAAAAAI/AAAAAAAAAAA/AMZuucmLie4u9xgFff9Uv7MaKkS6LCo-UA/photo.jpg,Muito bom esse aplicativo também .,5,0,1.50.0,2020-04-14 23:51:49
72,Mercio Burnier,https://lh3.googleusercontent.com/-vrIrXPn_feQ/AAAAAAAAAAI/AAAAAAAAAAA/AMZuucka69ZiblfM8YLLLP9yWZHiXNbrVw/photo.jpg,Sumiram meus creditos?????,1,0,,2020-05-18 20:16:42
73,Deilton Mario,https://lh3.googleusercontent.com/a-/AOh14Gik4Ml2KRXbP0SgsQj6_-7v2iQJ5TsfTtto5IkfJts,Muito bom eu recomendo. Se fosse em português ficaria muito melhor.👍,4,5,1.35.0,2018-09-28 09:09:13
74,Valdeir Palhares Nunes,https://lh3.googleusercontent.com/-H0B1gHSzq74/AAAAAAAAAAI/AAAAAAAAAAA/AMZuucl7kQ1IqTvJ8O84usaOZ7i8j6hdmw/photo.jpg,Obrigado. ótimo divertimento!!!!,5,0,1.44.0,2019-06-22 18:52:42
75,vilma Martins,https://lh3.googleusercontent.com/-21XVdpMryJE/AAAAAAAAAAI/AAAAAAAAAAA/AMZuucktSjQn9-3uwgH73GnIWLqPiAk8Lw/photo.jpg,"Amei, muito divertido, pena que quem não sabe inglês, fica difícil!",5,0,,2019-06-17 09:37:03
76,Edmilsombicalhodeoliveira Neno,https://lh3.googleusercontent.com/-v16Q3JuBYew/AAAAAAAAAAI/AAAAAAAAAAA/AMZuuclY8DXe4k6VgP6eEZ_exBa5uAqO6w/photo.jpg,Muito bom é muita grana,5,0,,2020-05-18 17:35:10
77,Jose Eduardo Michel,https://lh3.googleusercontent.com/-Jy0mSuxU_nQ/AAAAAAAAAAI/AAAAAAAAAAA/AMZuuckvsznoJboCZvPjqhAzjdUpOQZVCg/photo.jpg,"bom,poderia pagar melhor.",5,2,1.45.0,2019-06-30 12:41:49
78,Um usuário do Google,https://lh3.googleusercontent.com/EGemoI2NTXmTsBVtJqk8jxF9rh8ApRWfsIMQSt2uE4OcpQqbFu7f7NbTK05lx80nuSijCz7sc3a277R67g,Só tinha ser português as fazes para entender tem fazer.,4,0,1.35.0,2018-09-27 20:43:07
79,Gilvan Almeida,https://lh3.googleusercontent.com/-t_KR6BeB3y4/AAAAAAAAAAI/AAAAAAAAAAA/AMZuucmyUfK98LQDKaXF_OTZHX4qNMJNXw/photo.jpg,era bom q assistisse a um vídeo pra ganhar dinheiro,2,0,1.47.0,2019-08-12 19:40:12
80,Adeir Poubel,https://lh3.googleusercontent.com/a-/AOh14Gg1P7f2mhcsPYJCdqwQs8p0Dqz7iKy431QNQWaodQ,não da pra ganhar mas nada,3,0,1.44.0,2020-01-22 17:12:44
81,Anderson Souza,https://lh3.googleusercontent.com/-jtf4ylvcs6A/AAAAAAAAAAI/AAAAAAAAAAA/AMZuucl0bNPgxv8D5DM0Oz9nct4HykPwVA/photo.jpg,deveria ser menor o valor a ser batido dos niveis dificeis,5,1,1.43.0,2019-04-12 19:53:48
82,Um usuário do Google,https://lh3.googleusercontent.com/EGemoI2NTXmTsBVtJqk8jxF9rh8ApRWfsIMQSt2uE4OcpQqbFu7f7NbTK05lx80nuSijCz7sc3a277R67g,Cleopatra e Cesar podiam ser mais humano e fazer nos ganharmos mais,5,0,,2018-12-15 18:00:57
83,Canal Grognak,https://lh3.googleusercontent.com/a-/AOh14GiITGkFRQRg61DnuYVl0JTOJjbB1-0VO8r0l85g,Péssimo não dar pra continuar a jogar horrível.....,1,2,1.37.0,2018-11-13 17:29:14
84,EVERALDO Oliveira,https://lh3.googleusercontent.com/-8bnGqqU6Cqs/AAAAAAAAAAI/AAAAAAAAAAA/AMZuuck-gXyRWprgDi0lCbSK26afxk-UEg/photo.jpg,MUITO TOP. PREMIOS SUPER ALTO,5,0,1.44.0,2019-05-26 17:57:35
85,Chalanaoliveira05 Oliveira,https://lh3.googleusercontent.com/-1dYGlBm98KU/AAAAAAAAAAI/AAAAAAAAAAA/AMZuuckz4FRwFPr9K-wA-8piTdGQVBRY7A/photo.jpg,legalzinho muito pouco dinheiro e pouca diversão,5,1,1.45.0,2019-06-23 17:06:31
86,marcos pereira alvares Alvares,https://lh3.googleusercontent.com/-8P5dpJEua9s/AAAAAAAAAAI/AAAAAAAAAAA/AMZuuclSUlff2qG2s4u1yLvadRNoSKggIw/photo.jpg,.muito bom! melhor se houvesse uma versão em português.,5,25,1.43.0,2019-04-25 12:24:46
87,Pedro Malta,https://lh3.googleusercontent.com/-0iW2vj8lLeE/AAAAAAAAAAI/AAAAAAAAAAA/AMZuucnbNaBKvSC3ghTN_t29Vb5bOXUUqQ/photo.jpg,Por enquanto estou a gostar da experiência,4,0,1.51.0,2019-11-23 12:28:12
88,Deividmac Barbosa,https://lh3.googleusercontent.com/a-/AOh14GggzD30P2rTQzuOEQZAwSMx4YuUHzpEO25QQkivjA,ficaria melhor se estivesse em português,5,1,1.44.0,2019-06-02 22:51:53
89,alberto luiz cruz reis,https://lh3.googleusercontent.com/a-/AOh14Gipe8CcVSgUFvTjsZJkgf8YKV03QR1aPMt-kWqT,gostaria que houvesse idiomas espanhol ou português,3,4,1.42.0,2019-03-22 12:46:42
90,Pedro Ferreira,https://lh3.googleusercontent.com/a-/AOh14GjtfIw9rdIiESO0M1mQvYhPvMYHOBq6jmS8tYLdBA,Jogo muito bom!! recomendo demais baixar!!,5,0,1.45.0,2019-06-30 21:35:03
91,Everton Phelipe Nogueira Felisberto,https://lh3.googleusercontent.com/a-/AOh14GjU0MjsANjpuDj4ScNxUSPc9E2y45cJWwWReB8f,exelente jogo so acho que poderia dar pra voltar e jgr niveis anteriores 👍🏻,5,3,1.43.0,2019-05-08 17:47:20
92,Maria Iraci França,https://lh3.googleusercontent.com/-lfzVUuxOEyg/AAAAAAAAAAI/AAAAAAAAAAA/AMZuuckAwGgZVJ9VBWSqvN4TnBeoY0kPzw/photo.jpg,E muito bom,3,0,,2020-04-25 20:29:38
93,maria isalina mendonça moreira,https://lh3.googleusercontent.com/a-/AOh14GhSxoHuUR3G-0Qr3z7nxN-LNmwtfC-plSIIdp8r,Parabéns! Muito bom e divertido!,5,0,1.35.0,2018-10-16 23:23:04
94,Alexsandro Junio,https://lh3.googleusercontent.com/a-/AOh14GhL3CbVLjK_AD_5KAAoQcu4WsWfn6n8AeQZDj26,Muito bom tá de parabéns,5,0,,2019-12-29 00:34:37
95,AS_MOONLIGHT :3,https://lh3.googleusercontent.com/a-/AOh14GjZsGe4pNnLE17TMYomOWx59Eih7jQSyQn9MOJtnQ,Mt bom o jogo,5,0,,2020-04-08 14:56:20
96,Jean carlos Custodio,https://lh3.googleusercontent.com/-rZ1yz6XpQVA/AAAAAAAAAAI/AAAAAAAAAAA/AMZuuckJ2smU8UHiWy7jVA3jwcJ0vfowoQ/photo.jpg,Muito bom mas eu quero ver outro jogos,3,0,1.48.0,2019-08-27 06:45:18
97,Edson Feliciano de Andrade,https://lh3.googleusercontent.com/-BlU2fQkTj7M/AAAAAAAAAAI/AAAAAAAAAAA/AMZuucl11Jp7VS0kqO40KZZ0I8emycnG_g/photo.jpg,Bom dia dona Lúcia eu.estou jogando muito feliz por quer eu,5,0,1.50.0,2019-10-21 10:49:09
98,Sergio Teles,https://lh3.googleusercontent.com/a-/AOh14Gj_Xj8fKnQs6a-73j6maPDYgS1O-dfSUH9ttm8nNQ,"Apenas começando, até agora tudo bem",4,0,1.39.0,2018-12-19 18:34:16
99,americo jorge costa,https://lh3.googleusercontent.com/a-/AOh14GhOwx1mJf1ZQboPuZUyMsZ6W5kF3oKEasIUAHy2Sw,É um jogo de. alto. Nvel,5,0,1.37.0,2018-11-19 17:04:53
