,userName,userImage,content,score,thumbsUpCount,reviewCreatedVersion,at
0,Irani Martins de souza,https://lh3.googleusercontent.com/-oF9xvuEVvRY/AAAAAAAAAAI/AAAAAAAAAAA/AMZuucmyArwNjuouzRN1_iw3rETXH4iI4w/photo.jpg,"O campeonato real poderia ser um bom passa tempo se não tivesse tanto roubo. Não precisa saber jogar, porquê as vezes nem temos chance de jogar porquê o adversário ganha a partida com duas jogadas. Tá ficando estressante.😵",2,0,2.43.15,2020-06-01 01:12:33
1,Anapaula Oliveira,https://lh3.googleusercontent.com/-JxckgCfoeeY/AAAAAAAAAAI/AAAAAAAAAAA/AMZuucmQzqKVSQ4nGcjkluZRTYGqjDqVdQ/photo.jpg,"Era pra ser um jogo? Porque sinceridade está parecendo mais e uma sacanagem com a nossa cara ,sério ?precisava de tanto tempo assim pra um vidinha?sem falar nas fases absurdas de grau de dificuldade,sem falar que quando a gente vai jogar com a jelly quen out cake car não devíamos ter limites de jogada fala sériooo",1,66,2.42.9,2020-05-20 23:36:11
2,Mr. Kula,https://lh3.googleusercontent.com/a-/AOh14Gi8tqUO4MMYxfXX1BFSGiWTrlLZtJv8hgzFsDmL,"O jogo é bom, mas o campeonato real parece favorecer o adversário. O tabuleiro deveria ser igual para os 2. Hoje mesmo o oponente já tinha um peixe+listrado no tabuleiro, o que o ajudou, já eu tinha quase tudo bloqueado, impossível de pontuar",3,41,2.43.15,2020-05-28 14:11:11
3,Edith Faragó Lima,https://lh3.googleusercontent.com/-o4OZJRvwEng/AAAAAAAAAAI/AAAAAAAAAAA/AMZuucmYwJ6wQXeyTYQgEUxon-MGndNTsQ/photo.jpg,porque vcsss tem que fazer um jogo tão difícil. as pessoas querem se distrair jogando não ficar nervosas. No começo a gente ganhava ajudas agora não ganho mais nehuma ajuda. Jogos são divertimentos. Vou desinstalar esse jogo cansei. Tenho outros bem melhor q esse.,1,77,2.42.9,2020-05-16 20:31:46
4,Evelyne Silva,https://lh3.googleusercontent.com/a-/AOh14Gjry99_cIkiGawNTPAEwSbc_zFMMvCSFF_-wn5w8w,"Um jogo super ótimo, porém infelizmente só colocam jogadas boas quando querem, o jogo é simplesmente personalizado para quê os jogadores ganhe no momento q apenas eles determinar, gosto muito como resaltei a cima, porém deveriam colocar Jogos iguais",1,21,2.42.9,2020-05-20 04:10:44
5,natalia almeida,https://lh3.googleusercontent.com/a-/AOh14GhgpJcTSiijq2rax0CWAznYrSH2_8z73GIFAJG6,Seria um jogo até legal se não fosse tão manipulado. Quando joga contra outros participantes é nítido a manipulação do jogo...,1,3,2.43.15,2020-05-29 13:02:33
6,Ana Claudia Crizoni,https://lh3.googleusercontent.com/a-/AOh14Gil7jScC4bVt0hcL86XR2y9d3G11skMj4MlmPQQ3Oo,Sinceramente eu estava curtindo muito e de repente meu jogo fica invisível? Que chato cara! Vou desinstalar e se vc está procurando um passatempo com certeza esse jogo eu não te recomendo.,1,5,2.42.9,2020-05-25 01:06:46
7,Thiago Rodrigues,https://lh3.googleusercontent.com/a-/AOh14GgjynHWkjJBAp80LhKCdX9bK8MhjCOaFpCUQdjn2xE,"O jogo começa como um bom passa tempo e acaba extremamente irritante pois a IA possui muitas possibilidades e facilidade para executar jogadas. Já o jogador, em certas fases tem que contar apenas com a sorte ou comprar itens que facilite a passar a fase. Por mais que se tente fazer boas jogadas as peças se posicionam de uma maneira que fica impossivel a jogabilidade. Um jogo que deveria ser uma boa distração, acaba sendo estressante.",1,88,2.41.9,2020-05-10 03:05:11
8,Tatiane Batista,https://lh3.googleusercontent.com/a-/AOh14GjZsA5V1fmFKxy5emeCHX38X3x8FtxgRoV9L1gqXw,"Insatisfeita! Porque nos desafios com ""outros participantes"" a nossa etapa é sempre mais complicada favorecendo a vitória do outro.",1,14,2.42.9,2020-05-19 10:41:59
9,༺ Pнσєвє 12 ༻,https://lh3.googleusercontent.com/a-/AOh14GgRPDQbErV4mqC41RoBbnrurG8HjEmBpkipd74-,"Esse jogo da King não é para os fracos! Muitos desafios quase impossíveis, pessoas ficam falando mau deste jogo de que alguns desafios são impossíveis, daí eu quis instalar, é quase impossível mesmo, estou no nivel 59, parabéns King! Ótimo jogo, para esfriar um pouco a cabeça da gente, espero que isso tenha ajudado antes de vocês instalarem, um beijo pro trabalho da King, obrigada pela atenção! Instalem também Candy Crush Soda! Muito bom esse jogo da King também.",5,102,2.40.11,2020-04-22 17:56:32
10,Um usuário do Google,https://lh3.googleusercontent.com/EGemoI2NTXmTsBVtJqk8jxF9rh8ApRWfsIMQSt2uE4OcpQqbFu7f7NbTK05lx80nuSijCz7sc3a277R67g,"Otimo jogo, super recomendo !!!! As atualizacões são otimas as estrategias de jogo tambem, tem niveis super dificeis e com recompensa otimas. Foras os presentes dos BAÚS que sao incriveis e os campeonatos é os melhores, jogo a 2 anos e estou no nivel 1175. E recomendo de mais !!!!! Só não dou mais estrelas pq nao dá.",5,145,2.38.34,2020-03-19 17:18:24
11,dri magro,https://lh3.googleusercontent.com/--EbYwFLa4yg/AAAAAAAAAAI/AAAAAAAAAAA/AMZuucmpiAqDg0fWwdqLsyxaWAWURuRckw/photo.jpg,Não recomendo. Fase 1773 pedido de ajuste do jogo em início de abril. Hoje 15 de maio ainda sem solução é sem resposta no email. Muito sem noção. Fãz 1 mês que não consigo jogar e eles não removem e nem reponde o email. Sem solução. Não recomendado fase sem arrumar faz mais de 1 mês fase 1773,1,7,2.40.11,2020-05-17 22:35:49
12,Pedro Henrique,https://lh3.googleusercontent.com/-Faw9BvO-w64/AAAAAAAAAAI/AAAAAAAAAAA/AMZuucnRA3HAZGa432qHVxjxHaXrRR4qHg/photo.jpg,"Estou na fase 1663 , as fases estão impossíveis de passar . Minha sobrinha instalou o jogo , está na fase 61 e tem um monte de disputinhas lá pra ganhar prêmios . Não acho justo estar jogando há tanto tempo e não ter direito a nada . Aff , vou desinstalar.",1,65,2.40.11,2020-04-18 19:24:45
13,Valdinete Miquiles,https://lh3.googleusercontent.com/-a_FYy5V8Y68/AAAAAAAAAAI/AAAAAAAAAAA/AMZuucmIX4htXDBFOsfBjMbcIOzaxh2RpQ/photo.jpg,Tem fases muito difíceis preciso aprender um pouco mais pra ter uma melhor experiência. Com ajuda seria bem mais fácil Sem falar que as vidas acabam muito rápido E ficamos sem opções Oq vocês mim surgeriam? Digam algo que facilite a nossa vida no jogo Nós ajudamos vocês e vocês nos ajudam Né? afinal somos uma equipe ou não? Respondam alguma coisa pra que possamos entrar em um acordo Vocês podem sim facilita a quantidade de vidas Para que consigamos concluir as jogadas Mais difíceis que tem no,5,52,2.41.9,2020-05-09 21:05:00
14,Lílian Souza,https://lh3.googleusercontent.com/-9I-O0tuIFwc/AAAAAAAAAAI/AAAAAAAAAAA/AMZuucngqNGGcrEeAoLPTGshTk-XP-CfFg/photo.jpg,"Eu estava no nível 1089 desinstalei pra instalar de novo ,tem umas fases muito boas . Só que as vezes as ajudas disponibilizadas nos níveis não ajudam , na verdade atrapalham , não entendo isso.",3,10,2.41.9,2020-05-14 14:24:40
15,Filomena Maria Albino Santos Mena Santos,https://lh3.googleusercontent.com/-6K9-I0-X62o/AAAAAAAAAAI/AAAAAAAAAAA/AMZuuclzG5A-wXwlvJrPff3BQU-Jd-aQpg/photo.jpg,"Adoro este jogo! Mas há níveis em que temos de jogar contra o próprio jogo, e não é que faz batota!! Rouba jogadas não permitindo que jogamos na nossa vez, para cada jogada nossa o jogo joga duas, três e mais jogadas, não permitindo que nós "" jogadores "" alcancemos a vitória! Parem com esses níveis programados para o próprio jogo ganhar não dando chance aos jogadores! Batota é muito frio e ridículo!",1,50,2.39.4,2020-04-07 13:41:34
16,Marianeta Emy,https://lh3.googleusercontent.com/-Txe8Av4Nr54/AAAAAAAAAAI/AAAAAAAAAAA/AMZuucn2hMCuetx29Kk9g_dUjzFrigy7mQ/photo.jpg,O jogo tá muito bom.. agora com essas competições ficou muito melhor..pena q o tempo pra ganhar um bilhete é muito grande .. deveria ser só uns 25 há 30 minutos..mais mesmo assim tô amando os duelos de Titãs.. é bem importante.,5,28,2.38.34,2020-03-22 15:06:11
17,Italo Oliveira,https://lh3.googleusercontent.com/a-/AOh14GgkU8GswV2hj_NLFdNCyflZXaaor3gc1wjYck332Ss,"O jogo é muito bom ,mas não aparece pra mim a opção do torneio real,achei muito mal feito,Porque não consigo jogar? Ja estou na fase 400 do jogo mais o torneio não aparece pra mim,vou desinstalar se esse erro persistir",1,71,2.39.4,2020-03-31 21:20:44
18,Andreia Rodrigues,https://lh3.googleusercontent.com/-12VLywL4fpM/AAAAAAAAAAI/AAAAAAAAAAA/AMZuuck6daYTglO8DIKkSm2WZNeFNyqNVw/photo.jpg,"O jogo em si é ótimo, mais estou com um problema.. Nao consigo sair da fase 1466 o número de jogadas é muito pequena ta impossível passa, se continuar assim vou desinstalar.. estou praticamente um mes nessa fase...",2,54,2.39.4,2020-04-06 15:28:00
19,Maria Goreti Soares,https://lh3.googleusercontent.com/-v6mEAvlcMCM/AAAAAAAAAAI/AAAAAAAAAAA/AMZuucl35d3gVrBvoeV3DWB9g_ZSmhsNnA/photo.jpg,Sai do Facebook e perdi minha seguencia 18 de março de 2020 Estou na fase 1466 e não consigo sair. O número de jogadas é pequeno demais p cumprir os desafios. Para colocar 1 monkey tenho q preencher toda uma coluna e quebrar 2 cookies q levam 8 jogadas p quebrar. Assim tá impossível!!,2,55,2.38.34,2020-03-19 19:09:23
20,Eloina De Oliveira Euzébio,https://lh3.googleusercontent.com/-DyobXJXXKBA/AAAAAAAAAAI/AAAAAAAAAAA/AMZuucmQ9DH1IPm_daeqRKIEBeoDKmFJag/photo.jpg,O jogo é muito bom. Mas podia ter mas coisas eim fim. Adorei o jogo é muito fácil de joga e é isso bejosss😘😘😘,5,0,2.43.15,2020-06-01 00:05:31
21,Valmira Rodrigues,https://lh3.googleusercontent.com/-sRYHtE3loYI/AAAAAAAAAAI/AAAAAAAAAAA/AMZuucm57fsxLGKmK64Rm7clmJJHE_R8yQ/photo.jpg,Muito legal fácil e depois fica muito difícil e se torna irritante no final.,5,2,2.42.9,2020-05-17 11:02:15
22,Laila Salles,https://lh3.googleusercontent.com/-UghIZeS2LJo/AAAAAAAAAAI/AAAAAAAAAAA/AMZuucmo4uEjf08UPxIDvpd1997OMEWHRw/photo.jpg,"Jogo lixo e os criadores deveriam ter vergonha e mudar o jogo! que so pensa em ganhar de forma desonesta fazendo no jogo a maquina ganhar sempre e fazer varias jogadas seguidas, e ainda bem que muitos acordam e desinstalam como eu... o jogo nao necessita de tal ganancia era suposto ser para diversao Horrivel esta Saga destes egoistas",1,25,2.39.4,2020-04-09 15:04:59
23,idilva cordeiro rolim,https://lh3.googleusercontent.com/-BnwzaaMt66c/AAAAAAAAAAI/AAAAAAAAB_M/AMZuuckWFH-2UMAbnJMfsZz1BVfJkutj5Q/photo.jpg,Horrível. Eu instalei o jogo para me distrair e não pra passar raiva. Se eu quisesse jogar com um adversário eu procuraria outro tipo de jogo. Odeio esse tal de Jelly .por isso eu vou desinstalar. Nota zero pra esse jogo.,1,16,2.39.4,2020-04-05 20:42:09
24,Alecma,https://lh3.googleusercontent.com/a-/AOh14GiT9h_uerzlm7802ShxifYLDhhGw80LYxwLtv0Tfg,"RUIM. Querem vender pacotes de ""boosters"" o tempo td, deixa de ser uma diversão.",1,0,2.42.9,2020-05-17 13:32:34
25,Ana Paula,https://lh3.googleusercontent.com/a-/AOh14Gg_qgZ-j53jlZ4QvWHt3pIhQPCOwwrNtxtNCV1MBYY,"Que nível é esse 126? Imaginem quando chegar em 1.226. Há dias que não consigo passar,pelo amor, vamos rever isso. Nem comprando a gente consegue. Estamos em tempos de Pandemia e não vou ficar comprando ouro pra passar de nível e mas nem assim consigo passar . Se não reverem isso, estarei desinstalando ele amanhã!!! Sem contar que o campeonato só favorece o adversário!",1,5,2.40.11,2020-04-24 22:43:19
26,catalina Rodrigues,https://lh3.googleusercontent.com/a-/AOh14GjjX1qSlWVVp6TWJ_94xbdQrgJ7DQ9-lQ5DF28krg,"A gelatina desse jogo parece deliciosa. Mas lambuzar uma gelatina tão gostosa, deve ser muito complicado.",5,0,2.43.15,2020-05-30 06:23:28
27,Aline Nataly Rubbo,https://lh3.googleusercontent.com/a-/AOh14GiJdsIPJkHaTTFLyL7O86QMe25me0yf4rKmKYsGBw,"Gostaria de reiniciar o jogo do zero, excluir todo o progresso e começar do nível 1, já tentei mandar email mas só recebo respostas automáticas....",4,31,2.41.9,2020-05-01 21:40:18
28,Grupo Arallec'h,https://lh3.googleusercontent.com/a-/AOh14GjCT9i07JdMMoyoNG_S3HYyC6ICCuaFFzeFUBBm,"Desde o início, já vai para aquele tipo de fase com buracos no tabuleiro, tabuleiros múltiplos... Achei desnecessário, apesar de não ser difícil.",3,4,2.39.4,2020-03-27 01:19:34
29,Matheus Nunes,https://lh3.googleusercontent.com/-1M5gV8J3FWU/AAAAAAAAAAI/AAAAAAAAKvg/AMZuucnx0zfszErlrX4-BM8AHTChPkODJA/photo.jpg,"Com o tempo fica repetitivo e irritante, em vários níveis a máquina rouba na cara dura, só vai passar quando ela quiser. Os níveis do cupcake e da jelly queen são todos assim",2,9,2.42.9,2020-05-12 22:59:24
30,Evaldo dos Santos,https://lh3.googleusercontent.com/a-/AOh14Gge7xSsOBhrY3Z1xrMNn8T23tIXjNnuXNqFbbGPZg,Muito bom o jogo dia 31032020 cheguei a fase n. 3.485 e passando esta fase n pula pra proxima. É o fim? ????????????? Opa veio mais 20 fases ja passei e estou esperando agora estou na fase 3.505 e esperando... deviam ser mais rapidos na atualização de fases nova....,5,23,2.40.11,2020-04-15 09:25:50
31,Jefferson Ressude,https://lh3.googleusercontent.com/a-/AOh14Gh-tB4S5FG6EB7xrqb8vRRWkrsL1NEsWkQsk7aiWA,"Um dia mais legais da Candy Crush, mas tem umas fases que vc tem que coletar Monklings que são péssimas, detesto, nenhuma outra saga tem essa palhaçada. Se uma fase dessa me irritar mais uma vez vou ter que desinstalar.",4,3,2.39.4,2020-03-30 15:45:52
32,Alexandre Ferreira dê Souza,https://lh3.googleusercontent.com/-mal6EKCbyu0/AAAAAAAAAAI/AAAAAAAAAAA/AMZuucmSBbKSvS_lRbB6qiMbZcFpJXnKjg/photo.jpg,Tem que ter mais desafio e os desafio que tem dá mais prioridade ao adversário eda mais prioridade a pessoa que está ganhando o próprio jogo dar mais prioridade ao adversário,1,3,2.41.9,2020-05-10 17:46:43
33,Leticia Sepini,https://lh3.googleusercontent.com/a-/AOh14Gimrd14FBWmlOvBe_AlJ7XDjc_JHbHQj7dsai5-c4c,O app é péssimo. Conectado ao Chrome cast o programa sempre trava ou para de transmitir. Uma droga,1,0,2.42.9,2020-05-20 12:15:17
34,Leone Leão,https://lh3.googleusercontent.com/-sfa2DbDjAks/AAAAAAAAAAI/AAAAAAAAAAA/AMZuuck4mgwRuqmg5CjNbVNPr2ZyssU_4g/photo.jpg,"Muito divertido, cenários lindos,sons deliciantes, relaxante",5,0,2.43.15,2020-05-29 23:52:39
35,Celia Almeida,https://lh3.googleusercontent.com/a-/AOh14GiGl7EmkfLpA6F0okjB1A0dagEJLunItVLvFRinCg,Demora muito para abrir e fechar as jogadas q sobra deveriam ser acrescentadas na próxima fase,3,13,2.40.11,2020-04-07 21:32:20
36,Stefania Costa,https://lh3.googleusercontent.com/-u7yLSz3MjV8/AAAAAAAAAAI/AAAAAAAAAAA/AMZuucl2IQdEwF-8xQESi0w68wKh9B1QSA/photo.jpg,"Gosto muito ,mas demora demais pra atualizar ,já conclui o nível 3465 e estou na espera.",4,6,2.39.4,2020-03-31 14:54:43
37,martamariadefreitas Freitas,https://lh3.googleusercontent.com/-P9b5JXBXmtY/AAAAAAAAAAI/AAAAAAAAAAA/AMZuucl31nb1lAT_XN8TWJGZKJZ0vqmbFg/photo.jpg,Não dá sequência nos jogos vivem saindo e começa tudo de novo e demora ainda para começar vejam isso o jogo parece ser bom,2,2,2.40.11,2020-04-07 21:29:24
38,Rejane Nobre,https://lh3.googleusercontent.com/a-/AOh14GgDFYNlDn1d5_6bz0EjkHcDAmJITbVDa5__48zk,"Divertido e ajuda-nos a passar o tempo, principalmente nesse período de quarentena.",5,4,2.39.4,2020-03-29 18:54:07
39,lilian dias costa,https://lh3.googleusercontent.com/-yaF2RZt3aM4/AAAAAAAAAAI/AAAAAAAAAAA/AMZuuck1nRx4dJSOev1FU_Rlz4dOcJWBWA/photo.jpg,Desde que troquei de telefone não tenho mais os bonus diários. Resolve isso ai,4,4,2.40.11,2020-04-15 13:44:03
40,ana claudia Ribeiro,https://lh3.googleusercontent.com/a-/AOh14GgJBlcvUbaEiZys1I_D23ei-Mh5HSEDKcT5PWlRXg,Acho que o jogo da uma roubada nós níveis de macaco. Ainda mais de disputa contra máquina. Dá um ódio,1,2,2.39.4,2020-03-29 20:07:50
41,Reinaldo Nogueira,https://lh3.googleusercontent.com/a-/AOh14GjgPEL0Q4tkW6koUCSnVQyoSl2y4fyesTxSpjdYuw,"Não vou dar 5 estrelas pelo fato de todos os jogos da Candy dão vidas ilimitadas por 24h, exceto este. Então.... Vamos se sensibilizar!",4,1,2.39.4,2020-04-30 15:35:02
42,Adenilson Lopes,https://lh3.googleusercontent.com/-x0gG4-5ZbbI/AAAAAAAAAAI/AAAAAAAAAAA/AMZuucnS2Jmd3OE4zpzF7SGss-F5zccAXw/photo.jpg,"Já foi muito bom, porém agora passam muitos dias sem disponibilizar novas fases. Canseira!",1,1,2.42.9,2020-05-11 13:46:38
43,Cristina Schnaider,https://lh3.googleusercontent.com/--wxbG-uCXmo/AAAAAAAAAAI/AAAAAAAAAAA/AMZuucl0SNDpIH74Q3W3jpYcZFQGRwt5tg/photo.jpg,Tem muita propaganda e demora para passar os vídeos.,2,2,2.39.4,2020-04-12 15:41:51
44,Rogério Silva,https://lh3.googleusercontent.com/a-/AOh14GhM00Nlxa2D4YCsaWb1dWvY4ZRq81msCkhV1UGM,Excelente diversão ótimo para passar o tempo e relaxar,5,0,2.42.9,2020-05-16 23:41:55
45,Jucimara Barros,https://lh3.googleusercontent.com/-QD6N0YsTTe8/AAAAAAAAAAI/AAAAAAAAAAA/AMZuucl5EHRGEug2ce3rQnwRjnlEnyq-ng/photo.jpg,Esse jogo é muito bom só que já perdi as contas de quantas vezes eu comprei barras e ouro mais o jogo mesmo nunca me deu uma barrinha se quer tô ficando decepcionada😟,5,0,2.41.9,2020-05-08 09:01:41
46,Maria Amalia Moita De Deus,https://lh3.googleusercontent.com/a-/AOh14Gg6k5fKVfANI2E0L4YNize7kdJrBbetzl67uq6t,"REstou a gostar pq , embora dificil, da- nos a oportunidade de emendarmos os erros k cometemos e podermos realizar uma boa jogada na partida seguinte",1,2,2.40.11,2020-04-13 22:37:02
47,vinicius maia,https://lh3.googleusercontent.com/-zbwmMMkxnjA/AAAAAAAAAAI/AAAAAAAAAAA/AMZuucmxVkIx3ntr4gSN7O78kSR9yhbjsw/photo.jpg,adorei esse jogo é muito legal é o melhor jogo que eu já tive. eu gosto de jogar com Jenny e jelly queen os níveis são desafiadores e eu gosto eu gosto de espalhar a gelatina... e é legal coleta congniwus mais eu não gosto muito que esse jogo só tem 3 objetivos. esse jogo tá dando uma vontade de comer uma gelatina Até mais jellylicious!ï,5,0,2.41.9,2020-05-08 15:34:05
48,Jussara Nascimento,https://lh3.googleusercontent.com/a-/AOh14GiMdTH4BfwfJjpadDouJuswDb-sgKL8I7V7XMvi,Muito tempo para desbloqueio absurdo esse tempo todo 😠,3,3,2.39.4,2020-03-31 11:05:46
49,Willyane Dos santos marques,https://lh3.googleusercontent.com/-dRRLWLwcVyg/AAAAAAAAAAI/AAAAAAAAAAA/AMZuuclmo4ajpAIHT3iUE2MnD7isd6ZJHg/photo.jpg,"Horrível, jogando online no campeonato eu ganhando e o jogo zera o meu progresso me fazendo voltar para a primeira faze 🤬",1,0,2.43.15,2020-05-30 17:02:56
50,Um usuário do Google,https://lh3.googleusercontent.com/EGemoI2NTXmTsBVtJqk8jxF9rh8ApRWfsIMQSt2uE4OcpQqbFu7f7NbTK05lx80nuSijCz7sc3a277R67g,Sim pra mim e o momento que me faz esquecer os problemas Mas quando acaba minhas jogadas volta menos precupasao,5,0,2.43.15,2020-05-27 08:27:18
51,Winicius Loebens,https://lh3.googleusercontent.com/a-/AOh14GiCDZNif8WuzLPifQmHp75MOiL3I4XaL80t1sjt,"Muito bom vários desafios um pouquinho complicado mais é bem legal e ótimo, recomendo muito q vcs baixem.",5,0,2.41.9,2020-05-08 15:07:47
52,Patricia Gomes,https://lh3.googleusercontent.com/-d_oAKKLm2wQ/AAAAAAAAAAI/AAAAAAAAAAA/AMZuucnAOEBe3K7du_bTv0sUN9emnO5xCw/photo.jpg,Muito bom só que já acabou o meu progresso não tem mas cm jogar,5,1,2.39.4,2020-04-05 00:36:06
53,Alice Carvalho,https://lh3.googleusercontent.com/-jNhco_1_HuM/AAAAAAAAAAI/AAAAAAAAAAA/AMZuuclitwZSxGsgmM4uNF9mQ-sWPBZ0gA/photo.jpg,"Melhor jogo do mundo, recomendo muito gente, muito relaxante, e viciante, muito bom mesmo!!",5,2,2.39.4,2020-03-30 14:08:08
54,Regina Aparecida Mayer de Oliveira,https://lh3.googleusercontent.com/-IiKmwP6ujFg/AAAAAAAAAAI/AAAAAAAAAAA/AMZuuckH1CdwVqKnC9qI7_wHWY7TRGoyOg/photo.jpg,"Estou encanada com esse jogo, adoro estratégia, não deixo de jogar nem um dia sequer. Amóoóoooo",5,0,2.42.9,2020-05-23 18:43:49
55,Erenice Ferreira,https://lh3.googleusercontent.com/a-/AOh14GjkiiHbI7XCQTmo_UO5QlIRkqrvkFVGUiEXnqIc9g,"Cadê as fases seguintes 3486. Desde 06-04-20 Estou esperando p está entrada se abrir e eu jogar o nível 3.486 , por favor ñ demore...",5,5,2.39.4,2020-04-06 19:24:56
56,Evellyn Kaylanne Eller,https://lh3.googleusercontent.com/a-/AOh14GjgfJwRNNi-jfiWX7bDrv01ZO-fCZMj2eYEaN2U2A,"Muito legal,divertido e bom pra passar o tempo",5,0,2.43.15,2020-05-30 12:57:24
57,Thais Nobre,https://lh3.googleusercontent.com/-86GkvRcxTZk/AAAAAAAAAAI/AAAAAAAAAAA/AMZuucn5HLvw0gLQWuVgLDJQzL4DVe5fSg/photo.jpg,Top melhor jogo ja zerei ele duas vezes ja criei varias contas de email top top,5,0,2.42.9,2020-05-25 17:23:02
58,Vania Jesus,https://lh3.googleusercontent.com/-3qYlHPDVeE0/AAAAAAAAAAI/AAAAAAAAAAA/AMZuucmvsYrl0_ZG-Go54LAnGLgzJisL4g/photo.jpg,Estou adorando super divertido e colorido,5,0,2.42.9,2020-05-19 20:15:42
59,luz Maveriki,https://lh3.googleusercontent.com/-HYZCCulJ_9k/AAAAAAAAAAI/AAAAAAAAAAA/AMZuuclig9GMb0GcSmjkBTRT-VPH_hl0PQ/photo.jpg,"Não percam tempo todos os jogos king são uma piada no nivel 23 o cupcake tem mais jogadas que o jogador ,nota zero ao desenvolvedor ,fazendo de palhaço os jogadores .Uma banana pra vcs ! Baixem o Forest Rescue muito bom !!! Desinstalado com sucesso ...",1,84,2.37.28,2020-03-04 14:24:13
60,Vamos Aprender,https://lh3.googleusercontent.com/-_GnaaEc3qnU/AAAAAAAAAAI/AAAAAAAAAPI/AMZuuckpguiVzAfkjgfxfZ1WlEt0dCcjCg/photo.jpg,"Gosto muito do jogo apesar de ter muito roubo ,e o campeonato real vcs feveriam mudar a plataforma do campeonato pois os jogadores deveriam continuar com duas chances más deveria ser um contra o outro dentro de um só quadro.quem cobriria tudo de gelatina primeiro. Vcs podem fazer isso? E outra quando sai passa mais de semana pra voltar isso e chato. Não deveria passar mais de um dia pra comessar.e as recompensas sao muito poucas sem contar o tempo pra o próximo bilhete..",3,329,2.37.27,2020-03-02 12:02:39
61,Cristina castro,https://lh3.googleusercontent.com/-M1u1FrYEbkM/AAAAAAAAAAI/AAAAAAAAAAA/AMZuucmxONVRdW4hfcZTRPJokA3JFsraeg/photo.jpg,Adorei estou curtindo muito Obrigado pelos jogos fáceis e divertidos,5,0,2.42.9,2020-05-20 23:33:47
62,Diego Almeida,https://lh3.googleusercontent.com/a-/AOh14GhR-qr9gTBcagdZVpVcpKWNgisrtNvHEHIS2AFWng,"Eu amei este jogo, jogo todos os dias e já estou na fase 199, porém eu queria muito que existisse um modo de criar fases, em todos os jogos; friends, jelly, soda e etc. Eu jogo o friends também e eu já tive inúmeras ideias de fases e doces especiais diferentes, e sempre quis que existisse um ""modo criar"" Que possibilitace você de jogas fases dos amigos e publicar fases, para seus amigos jogarem! Porfavor adicionem isso em todos os 4 jogos! Sempre quis criar uma fase no Candy Crush!! 🍩🍫🍬🍭",5,239,2.33.10,2020-01-06 21:28:21
63,Dinaura Cechinatto,https://lh3.googleusercontent.com/a-/AOh14Gjmedmor8ktWHX0J-ht5M_kGgonZpATz1rc3FpH3w,"Muito bom, quanto mais se joga, mais se quer jogar. Recomendo a todos vocės que gostam de jogo",5,2,2.40.11,2020-04-13 16:51:10
64,Rosangela Borges Cardoso Fialho,https://lh3.googleusercontent.com/-uGTdJUd2omc/AAAAAAAAAAI/AAAAAAAAAAA/AMZuucnLcjB6YWIR8D8kBNcgBUOYqmkQ0Q/photo.jpg,"Divertido!!! Quando você começa a ganhar e se torna mais difícil, mais desafiador fica e você não consegue parar.",5,1,2.39.4,2020-04-22 20:47:29
65,Maria Elizabeth Caldas,https://lh3.googleusercontent.com/-RY37rqME9bg/AAAAAAAAAAI/AAAAAAAAAAA/AMZuuckuygFfAcr0Gmbo2HnaqnC3ddarKg/photo.jpg,Muito bom neste momento de isolamento e uma distração,5,0,2.42.9,2020-05-18 09:03:28
66,Nara Fontella,https://lh3.googleusercontent.com/-T8bvbw7SY6w/AAAAAAAAAAI/AAAAAAAAAAA/AMZuuclVXts2ptwJ-e571XOepGsmVTeFgQ/photo.jpg,"Já joguei outras vez,mas é muito difícil os níveis deveria ser um pouco mais fácil.mas vou tentar seguir enfrente.",3,1,2.39.4,2020-03-30 23:51:21
67,Cristiane Ferreira,https://lh3.googleusercontent.com/-xxvf5qGDyRo/AAAAAAAAAAI/AAAAAAAAAAA/AMZuucmfS-scK63RiqODRNcN7VAnicV2FQ/photo.jpg,Super divertido e destraio muito a mente esquece um pouco do corona vírus,5,2,2.38.34,2020-03-17 22:17:46
68,Francisco Oldnavy,https://lh3.googleusercontent.com/a-/AOh14Gi6yzL6Bi-eVS7M1z2TvVEodQy1QQOK8k9CQf4nxQ,"O jogo é muito divertido, porém a cada nível passado traz ainda mais vontade de jogar, Defeito: o espaço do cofre dos ouros é pequeno de mais. sugestão: deviria haver alguma forma alternativa de aprimorar o cofre dos ouros, de forma a facilitar a compra dos doces 🍬 mágico.",4,18,2.33.10,2020-01-25 20:43:43
69,carla oliveira,https://lh3.googleusercontent.com/-aGMv5F8aZWQ/AAAAAAAAAAI/AAAAAAAAAAA/AMZuuclHMENn0ZbgnR9Qgoh20gwv1U7x7Q/photo.jpg,"Quando chega a um certo nivel o jogo trava e somos obrigados a fechar o jogo espero que resolvam ,pois nao é problema do dispositivo visto que não sou a única a queixar-se. Contudo o jogo e muito bom.",4,62,2.35.16,2020-02-08 17:49:17
70,Márcia Bopp,https://lh3.googleusercontent.com/a-/AOh14GhClZzEl21-TvDRiIy8z1GBqbx3afeu4exPDsLFQA,"Muito bommm Estou gostando muito. Bem divertido e interte. Já tinha jogado os outros jogos da saga, mas esse ainda não e estou gostando bem alegre, cheio de brincadeiras e cada etapa e uma descoberta e divertida. Um jogo bom para qualquer idade.",5,100,2.36.5,2020-02-14 23:32:19
71,G&G Santos,https://lh3.googleusercontent.com/a-/AOh14Ghqr0sOgPJYpzbcVc9s8I8VvrdmdMeMULvX0rd-mA,Muito bom...mas eles poderia melhorar o tempo pra recarregar a vida,5,1,2.39.4,2020-03-31 08:23:15
72,Cristina Candido,https://lh3.googleusercontent.com/-4BrTNoche9o/AAAAAAAAAAI/AAAAAAAAAAA/AMZuucmNqqxQvFdHaGVgahClcJLEKUnyPg/photo.jpg,"Baixei agora e até o momento tá bem legal, espero que seja uma experiência de diversão e não de raiva com nível intransponíveis.",4,2,2.40.11,2020-04-08 08:14:54
73,Cindia Peixoto,https://lh3.googleusercontent.com/-SQCCLoJHQGo/AAAAAAAAAAI/AAAAAAAAAAA/AMZuuckvEGqclTwWETMMmlBBYhVmmt_MBA/photo.jpg,"Eu gostava muito, porém depois da última atualização tenho que esperar vários dias por uma vida... acabei de entrar no jogo sem vida a próxima daqui 224 horas absurdo isso.. (duzentos vinte quatro horas ) arrume isso! Pfv!",1,31,2.35.16,2020-02-10 02:01:51
74,Eliane Queiruja,https://lh3.googleusercontent.com/-L1h0GsU9NXI/AAAAAAAAAAI/AAAAAAAAAAA/AMZuuckN4p2j9naOqEHxmK803340KudgDQ/photo.jpg,"Muito bom ,viciante passo horas jogando. Muito legal.",5,4,2.38.34,2020-03-17 00:43:40
75,Rosane,https://lh3.googleusercontent.com/a-/AOh14GgdbO7CH2-JgS2t_ZR06hDhgRx_LxXXvEwo-aOpyw,Nao gosto quando aparece aquele bichinho para jogar junto. Gosto de jogar sozinha.,4,3,2.40.11,2020-04-13 23:04:38
76,Rosalia Affonso,https://lh3.googleusercontent.com/-LqhFV2j5vjg/AAAAAAAAAAI/AAAAAAAAAAA/AMZuuclGjKqxO7x4BaNBASmbW7WuC3umRQ/photo.jpg,"Dentre os outros jogos, este é um muito fraco e enjoativo de se jogar. Não gostei muito, mas pra variar, estou indo, para mudar um pouco, pois gosto dos mais difíceis que são bem diafiadores e concorridos entre tantos jogadores.",3,20,2.33.10,2019-12-14 11:51:12
77,Paulo Raposo,https://lh3.googleusercontent.com/a-/AOh14GjYh5rW_bM19-5QFEriNU4yujHFUI_aeon3ZiuHmw,"Entretenimento assegurado,para quem gosta de jogos deste tipo. Não muito fácil nem exssecivamente difícil, um bom passa tempo para todos aqueles que têm tempo!!!...",5,38,2.33.10,2019-12-22 06:32:07
78,Maria Oliveira,https://lh3.googleusercontent.com/-pcOzD1yczJg/AAAAAAAAAAI/AAAAAAAAAAA/AMZuucm5KIbgBycoDoVT7ZZZ07tobcMU7Q/photo.jpg,Numa altura de isolamento é um ótimo passatempo,5,1,2.40.11,2020-04-16 12:21:53
79,regina pinto de souza,https://lh3.googleusercontent.com/-yCn4ttBXeCw/AAAAAAAAAAI/AAAAAAAAAAA/AMZuucl7rIxJnXMiBvADKtdfqCKtFI8b6Q/photo.jpg,É muito bom e não tem anúncios Fica difícil mais sempre consigo mudar de fase.,5,14,2.37.28,2020-03-12 07:21:21
80,EMILLE CÁSSIA CARDOSO,https://lh3.googleusercontent.com/-TwxJ0nJNNho/AAAAAAAAAAI/AAAAAAAAAAA/AMZuuckiTsxDvvm8RchYCVMfj38nzQz2aQ/photo.jpg,Legal! Não trava e nem tem aquele monte de anúncios... Ótimo!,5,1,2.40.11,2020-04-23 09:41:01
81,Gii Barbosa,https://lh3.googleusercontent.com/a-/AOh14GgPbz4qer2B4ptNSyzuJmbS2oEjU8xeWGq9g4tzFg,Um ótimo passa tempo o jogo é muito legal e tbem viciante,5,1,2.39.4,2020-03-24 23:29:58
82,patrícia gomes,https://lh3.googleusercontent.com/a-/AOh14Ggtv3170NRnt_v2sf41Tl6Q8NWLqL3CboTwPqpssbs,"O jogo é bom, só não dou 5 estrelas porquê acho muito demorado o loading de uma fase para a outra. Poderiam melhorar e ser mais rápido?",4,22,2.36.5,2020-02-20 20:04:37
83,Luciula Maia,https://lh3.googleusercontent.com/a-/AOh14GiTplAtFOej_xYMqrR1GBOjbgFotfP8Urgg0lgiHA,Estou no nível 3.465 e parou tá bloqueado o resto do nível. 🙄,1,2,2.39.4,2020-03-31 16:45:23
84,Gabrielle Incomoda,https://lh3.googleusercontent.com/-BcpirrOtkhI/AAAAAAAAAAI/AAAAAAAAAAA/AMZuuclS-fa30dZLpedqQHqxx3MS6Ebatg/photo.jpg,Eu acho otimo ajuda a passar o tempo Sou do grupo de risco estou de quarentena. Aguardando a liberacao.,5,3,2.38.34,2020-03-22 18:18:58
85,Pra Alessandra e Pr Marcelo Paradela,https://lh3.googleusercontent.com/a-/AOh14GiPdyPQu6vjybdcEzqlmvPGBr9eOABis-JvCHEH,Amo esse jogo a cada fase mais emocionante,5,0,2.41.9,2020-05-02 10:21:58
86,Valdemir Baiano,https://lh3.googleusercontent.com/-xkEnlrUwubI/AAAAAAAAAAI/AAAAAAAAAAA/AMZuucnePNgxNdoFWkebTiGXPrqu6Asq-w/photo.jpg,Devia ter um jeito de quebrar o porquinho grátis enche e não tem como tirar,4,1,2.40.11,2020-04-12 14:38:52
87,Evandro Emmidio,https://lh3.googleusercontent.com/a-/AOh14GjnRPiES-4T7L7odYNDqqKNf3et2GLU2xA9tzeybw,"Boa tarde ! Estou na fase 3465,passei por ela e não abre a fase seguinte.O que devo fazer?",5,2,2.39.4,2020-03-30 17:06:05
88,- nilfwect -,https://lh3.googleusercontent.com/a-/AOh14Gj2R-WgHd4GbbQXorRuAGcyuV8s4v1V6T4VGLzXcw,"Esse é o jogo mais besta do mundo não instalem é péssimo, não satisfaz, é muito sem graça, eles te cobram muito, você só joga 5 vezes e demora uma hora e meia pra jogar de novo",1,10,2.33.10,2019-12-18 00:17:01
89,Doraci Moreno Sanches Morais,https://lh3.googleusercontent.com/-5oh2dwy5sd8/AAAAAAAAAAI/AAAAAAAAAAA/AMZuuclKo-_aCDzJmHO7e73K3CQven6BVA/photo.jpg,"Amo esse jogo . Criativo e inovador Mas entre os prêmios deveria ter umas barras de ouro , seria maravilhoso",4,94,2.33.10,2019-12-20 20:32:47
90,Luiza Cruz,https://lh3.googleusercontent.com/-64PUeecQcgk/AAAAAAAAAAI/AAAAAAAAAAA/AMZuucmeM47HC0ZEsviHt19X6lqAIMvZ7A/photo.jpg,"Muito legal só que prescisa de mais opções para ter batalha de um contra o outro mais tirando isso, também tem q ganhar mais pirulitos e é só aproveitem esse incrível e vicitante jogo",5,29,2.34.41,2020-01-24 00:11:11
91,Filype brayan Pereira,https://lh3.googleusercontent.com/-lnCIx9OFmp8/AAAAAAAAAAI/AAAAAAAAAAA/AMZuucn5yKNTFqKg3F5nSqOtEy1aEFHRMA/photo.jpg,Aprendi a gostar atraves da minha mulher no fim acabei viciando neste jogo também,5,0,2.38.34,2020-04-01 19:04:00
92,Lorrah Stell Marques,https://lh3.googleusercontent.com/a-/AOh14GjA1fDqE9vbNy01VEVsRaMJRQZuJtLx1RYF5d1pgw,"Eu tenho mais de um ano em uma unica fase,estou desistindo voi desinstalar o jogo,jogo o soda a mais de 7 anos é muito legal porem o jelly não te bosters de premios em torneios como o soda,então está desmotivando.",2,54,2.37.27,2020-03-02 21:41:47
93,Lucimeire Pazin,https://lh3.googleusercontent.com/-b8Til-aUlc8/AAAAAAAAAAI/AAAAAAAAAAA/AMZuuclWUSODbAoP2pSiEteTDxWxJ6fYQA/photo.jpg,Um lixo pq eu até gostei de jogar online mas pra começar sempre é o adversário que começa e a gente nunca ganha e se eu fosse tão má jogadora não teria chegado ao nível que cheguei então vou desinstalar.,1,22,2.36.5,2020-02-11 14:55:46
94,Larrana Vitoria,https://lh3.googleusercontent.com/-ITbvx5V-mHg/AAAAAAAAAAI/AAAAAAAAAAA/AMZuuclPPcyW-PGmcZHyVYNcvVfb_JjEjQ/photo.jpg,E MUITO BOM! e serio edimais eben difisil e que bom comdo o jogo e defisel e bom,5,0,2.42.9,2020-05-23 06:16:33
95,Alesandra H Becker,https://lh3.googleusercontent.com/-r0UfYIStHiA/AAAAAAAAAAI/AAAAAAAAAAA/AMZuucnjkzxknmRG5dB-751_rfNDlIkObQ/photo.jpg,Fica um pouco repetitivo e quando vc tem uma sequência de vitória consecutiva o jogo começa a fazer de tudo p vc perder e não consegui passar de fase,1,62,2.36.5,2020-02-15 22:47:28
96,monique nascimento,https://lh3.googleusercontent.com/a-/AOh14Gi6OTcP75U6ZUzANaY2B7DfsacHfaF-nnc06tLpVw,Amo esse jogo ele é muito bom e ótimo mesmo e não travo nenhuma vez....,5,0,2.39.4,2020-04-02 01:21:22
97,Sonia Missono,https://lh3.googleusercontent.com/-fcuIrtBjiOk/AAAAAAAAAAI/AAAAAAAAAAA/AMZuuckGlXi4ZlaTl6k_T2WpOB_WxPjH6A/photo.jpg,Há fraude na competição com a Jelly King. O jogo efetua jogadas sucessivas. Não são jogadas onde os dois competem no mesmo número de jogadas. Decepcionante! O jogo é para relaxar não estressar!!!,1,5,2.33.10,2019-12-28 12:20:13
98,LDKN_ GAMES,https://lh3.googleusercontent.com/-4Wc0J_stY74/AAAAAAAAAAI/AAAAAAAAAAA/AMZuucmSPNggS24EuJMmfu9Qovn-wI7pLw/photo.jpg,Estou gostando bastante desse jogo. Tô me divertindo.,5,0,2.39.4,2020-04-06 22:32:41
99,Francisco Assis Adelino da Silva,https://lh3.googleusercontent.com/-upQmWOSJK2w/AAAAAAAAAAI/AAAAAAAAAAA/AMZuucl5iWhEwu3qbzOKabWxqxQr_9jk0g/photo.jpg,Comecei a jogar a pouco tempo estou gostando desta versão.,4,1,2.41.9,2020-04-28 22:15:38
