,userName,userImage,content,score,thumbsUpCount,reviewCreatedVersion,at
0,Vicente Cereser,https://lh3.googleusercontent.com/-ZMHOK_O4XGQ/AAAAAAAAAAI/AAAAAAAAAAA/AMZuucml7WK6eMfmsE9FSSTKv4sdED95PQ/photo.jpg,"Este jogo é uma obra prima do entretenimento. Parabéns aos criadores desse jogo incrível. Só uma coisinha minúscula. Quando eu fui pegar a escultura do símbolo da dimensão rifty, tentei levá-lo para a casa do personagem, mas ele desaparece assim que eu saio do templo da dimensão rifty. Na próxima atualização, podem rever este detalhe? Outra coisa igual é que quando eu pego o vaso da segunda missão, também não dá para a casa do personagem. E tem a bola de ouro da mina infestada. Só isso. Ótimo.",5,170,1.4.1,2020-05-21 18:12:35
1,alucard Hellsing,https://lh3.googleusercontent.com/a-/AOh14GiWMhp98vLqX0uVdkmJZqCZ7mUFxJUph7rfYXHU,"O jogo é por si só incrível, tem uma variedade de itens é formas de usá-los, além disso o mapa é enorme, puzzles super bem feitos com segredos incríveis, o jogo tem uma trilha sonora agradável, além de não ser dificil, é uma questão de habilidade é inteligência é não sorte, o que faz desse jogo ótimo, os desenvolvedores dessa obra de arte tem os meus parabéns, recomendo a todo este jogo, desfrutem dessa maravilhosa criação, é terminem este jogo com um sabor de satisfação, simplesmente incrível.",5,134,,2020-05-18 23:58:28
2,MasterProBr009,https://lh3.googleusercontent.com/a-/AOh14GjuXaIz_e8tIufXdGWc4lpRdya4G8k8za6HGN0bfA,"Simplesmente íncrivel , o melhor jogo de plataforma estilizado que já joguei , mecânicas realistas , gráficos cartonizados em 3D , Puzzles dificeis e faceis, sistema de salvamento de dados maravilhoso , e ainda uma historia boa e aventuras épicas . parabéns aos criadores , trabalho sensacional , Swordigo deveria ganhar um prêmio de melhor jogo de plataforma , obrigado por me proporcionarem uma experiência íncrivel .",5,199,1.4.1,2020-05-05 01:07:35
3,ToadBidu ._.,https://lh3.googleusercontent.com/a-/AOh14GjsObTewOoAzKf9QgvcpBy1OcYf0kYNBuyRlM3D,"Jogo muito bom e dificil de se achar.jogo muito bom, gameplay FANTASTICA e muito fluido. Graficos com estilo n64, a historia e lore do jogo muito inspirada na franquia Zelda (Minha preferida franquia de jogos.),então quem gosta da lore de Zelda vai gostar da lore deste jogo. MAS ATENÇÃO esse não é um jogo facil principalmente nos chefes. O jogo tem aspectos de metroidvania e rpg combinação que gostei muito. Recomendo para todas as pesoas que estão procurando um desafio.",5,35,1.4.1,2020-05-10 19:50:19
4,Proud Doctor,https://lh3.googleusercontent.com/-mbrOLicZ4is/AAAAAAAAAAI/AAAAAAAAAAA/AMZuucn-GC8ZZyUjgkLHbgWQVUCCwfw7Wg/photo.jpg,"Gosto muito do jogo, eu troquei de celular recentemente e perdi minha conta, eu tinha acabado de chegar na ""world end keep"", uma semana depois de baixado consegui o progresso anterior e fiz melhor, minha critica é que o jogo fica muito dificil a partir de florennum, a armadura é cara, os personagens são muito apelões e o boss nem se fala, o feitiço ""dragon gasp"" tem uma parte q n funciona direito também, todos esses fatores tornam a gameplay irritante ao invés de interessante, mas eu amo esse jogo de coração..",3,38,1.4.1,2020-05-19 01:53:02
5,nóodh ReversoTM,https://lh3.googleusercontent.com/a-/AOh14GhriVTlIOPQP5aymtAWs9_am-5CcNBmrzHVHE02,"Só vou dizer uma coisa, esse jogo é o melhor jogo do mundo todo, n to zuando, sério instala, esse jogo é MT difícil, estratégia, plataforma, rpg,... Man... Amo... Por isso q nas perguntas ali embaixo eu só botei em todos, 5 🌟... Só mais uma coisinha, façam o Swordigo 2, pq Man, sério se esse jogo é top, n enjoa, ent imagina a continuação, ia ser MT top, pfvr façam, já tem muita gente nos comentários pedindo o Swordigo 2, pfvr",5,10,,2020-05-06 22:56:46
6,NoReap Gameplay,https://lh3.googleusercontent.com/a-/AOh14Gi214Hqg7aYgPJH_QouGNZWv1xoDaH3lPqx8Z__zg,"Gostei do jogo,apesar dos graficos não serem lá aquelas coisas, a jogabilidade é muito boa e é bem simples pra vc aprender a jogar. Um jogo rpg que não é pay2win e te deixa entrentido por muitas horas,claro,se você tiver interesse em terminar. Algo negativo no jogo é que ele tem puzzles,porem em inglês,sendo assim dificulta bastante a gameplay para nos brs",3,257,1.4.1,2020-04-01 17:34:05
7,Victor Azevedo,https://lh3.googleusercontent.com/-32X61RX6mUM/AAAAAAAAAAI/AAAAAAAAAAA/AMZuucmWPaAOOK-yMsCNcdOuri8fMi3xuQ/photo.jpg,"Jogo incrível!!! Parabéns aos desenvolvedores! Amei os gráficos! Coisas simples, agradáveis, jogabilidade perfeita! Chega desses jogos de perguntas de atitude. Coisa chata! Mais lê que joga... Melhor ler um livro! Vá aonde quiser ou aonde conseguir ir! Estava desacreditado que ainda existiam jogos pra mobile de aventura bons, até que este superou qualquer expectativa! Não te obrigam a comprar nada! Apenas jogue, seja feliz e quebre a cabeça tentando achar coisas secretas! Nota 1.000!!!",5,266,1.4.1,2020-04-25 12:17:35
8,iTz ITALO,https://lh3.googleusercontent.com/-TBlGu0FWkpA/AAAAAAAAAAI/AAAAAAAAAAA/AMZuucnQVYgg92eVvz1D_Ttae0YaKTSpRg/photo.jpg,"Mesmo que esse jogo seja antigo ainda vale muito a pena joga - lo. Não tenho nada que reclama, Jogabilidade incrível flui muito bem, Os Boss são muito bem construído, Tem um ótimo final e também o mapa simplesmente bem desenvolvido pelos criadores. Jogo perfeito.",5,0,,2020-05-26 21:57:12
9,Wendel DaBoi,https://lh3.googleusercontent.com/a-/AOh14GibEpMvGYJdB9co981sCnsaLeH59y0fsjpLUh2n,"Voltando aqui em 2020 pra dizer que esse é um dos melhores jogos da Playstore,você é daqueles que gosta de um RPG meio retro? Sem Pay2Win? Esse jogo é pra você! Baixe,não vai se arrepender,eu sempre volto e zero após 1 ano,você mesmo evolui conforme a história além de ficar forte conforme farma XP e Gemas,tem uma jogabilidade boa,história + ou - ,mas mesmo assim,continua sendo um dos melhores jogos.",5,420,,2020-03-24 18:26:39
10,Gabriel Malinowski,https://lh3.googleusercontent.com/-G_CQQtSHALM/AAAAAAAAAAI/AAAAAAAAAAA/AMZuucmLCivLoCM8cV3OagJWZMd1fhA5sg/photo.jpg,"Mano é demais esse jogo, ele te desafia com puzzles, chefes com padrões que poder ser alterados, a história é boa, gráficos em cartoon muito bons, o jogo te surpreende (principalmente no final do jogo, cara fiquei surpreendido), não é Pay to Win, jogo sensacional. Seria até legal fazer uma continuação dele, um Swordigo 2 seria muito top. Parabéns para os desenvolvedores!!!!!!!!!!",5,157,1.4.1,2020-04-22 21:02:21
11,Fallen Moon,https://lh3.googleusercontent.com/a-/AOh14GhdIpCwUPy3-Oxly_a8t8AkpV3VnLJ_cOwFAjLO3w,"Adorei, muito bom. Parabéns aos desenvolvedores. Deveria haver uma extensão, para exploração e aumentar o nível, também novos equipamentos e outros conteúdos, um PvP parecido com a última batalha.",5,0,1.4.1,2020-05-26 09:28:30
12,Max .W,https://lh3.googleusercontent.com/a-/AOh14Gg0n6-HbW--24BSPsK0n7wuEsDK8-8CCACSek2f,Bem ele é um jogo ótimo recomendo muito!! Ótimos gráficos e jogabilidade etc...O problema são certas partes do jogo q acaba deixando vc bem irritado por exemplo sistemas de armadilhas e tbm o fato dele nn ter legendas para o português q é bem chato as vezes...Tirando isso é um ótimo jogo recomendo,4,5,1.4.1,2020-05-04 15:50:36
13,Mateus Neves,https://lh3.googleusercontent.com/-A6tfNYw7Qrk/AAAAAAAAAAI/AAAAAAAAAAA/AMZuucnpiV9c-uiP_jHWIesI8ldZ7dCYzQ/photo.jpg,"É o melhor jogo de celular que joguei ate agora. Jogo de plataforma perfeito com a jogabilidade muito fluida e controles ótimos. Puzzles com uma boa dificuldade que vc tem que pensar de verdade pra resolver, realmente desafiador. Baixando pra zerar de novo, recomendo demais nota 1 milhão. Aviso pra desenvolvedora: façam mais jogos caramba !!!",5,101,,2020-04-10 14:24:03
14,Leonardo Castro,https://lh3.googleusercontent.com/a-/AOh14GgbgfKztTSI-htsqfNGc5Yfk7S5NlukMFvAms8H5A,"Jogo fantástico. O gráfico inicialmente pode parecer estranho, mas o gameplay compensa em muito. Fechei o jogo com 100% e todos os achievements. Se você está atrás de um jogo de ação 2d com progressão bacana esse é o jogo.",5,5,1.4.1,2020-05-12 22:37:23
15,False Zombie 0620,https://lh3.googleusercontent.com/a-/AOh14GiYp-tbnM1Mln4XHowVzaOFQs5GzcEYY7_20q4ftQ,"Muito bom esse jogo! Não apenas por ser gratuito e exclusivo para celulares, mas também por ser muito inspirado e ser praticamente a versão 2.5D, melhorada e de Celular do Zelda 2: Adventure of Link de NES.",5,0,1.4.1,2020-05-26 11:35:37
16,Shinobe,https://lh3.googleusercontent.com/a-/AOh14GiP5uQU5dAjHGnqqYEtmGneXIGDme1v-q0HBUesJw,"O jogo é realmente ótimo, eu recomendo que vocês baixem ele se quiserem julgar por si mesmos, porém eu gostaria que tivesse uma continuação para o jogo pois ele é incrível, e se fizerem a continuação não mudem os gráficos pra mim esse jogo é único e maravilhoso, com dificuldade boa, jogabilidade e claro a música e os gráficos tudo isso deixa o jogo único! O lado negativo é que não tem versão pt-br ou em outras linguagens.",5,0,,2020-05-27 21:09:57
17,MAGO 0709,https://lh3.googleusercontent.com/a-/AOh14GgH0SaJHP4bBJQQTxtLKk7QSnN-OrTxx-GnVX0l,"Eu gostei muito do jogo tanto que zerei ele 2 vezes com todas as fazes e conquista, mas acho que ele deveria ter novas atualizações com mais fazes e mais recursos porque a foi facil comprar a utima armadura e coletar os fragmentos da espada, mas tirando isso o jogo e top.",4,0,,2020-05-31 03:17:39
18,Astrex,https://lh3.googleusercontent.com/a-/AOh14GjtYKmEvMA3DQ3tG9D_t3MITcGMG5QQeBj3oLCZBA,"Se vez quiseram fazer uma obra de arte,meus parabéns vocês conseguiram!Um maravilhoso jogo com gráficos melhorados de um Nintendo 64!Com incríveis lugares para explorar com a mecanica de templos e quebra-cabeças de um The Legend Of Zelda e a de Castlevania!Mesmo jogo sendo curto e já bastante antigo,vale a pena jogar esse jogo até o final e dizer""Esse jogo valeu apena de verdade"" Minha nota final:5 Estrelas 🌟",5,79,1.4.1,2020-03-21 22:09:18
19,cocoa sweet,https://lh3.googleusercontent.com/a-/AOh14GgcdcMB9fHeyGbr1TrJUgaUEEk2HqKkOU4iEoZNFw,"Jogo incrivel! No começo achei que fosse ser chato, mas a história é divertida, as conquistas são difíceis de conseguir, mas não impossíveis ao ponto de fazer a pessoa desistir. Eu gostei principalmente de como os Boss se tornam mais fáceis. Tipo, um Boss que fez você morrer diversas vezes, depois se torna fácil por vc estar avançando de nível e adquirindo novos itens.",5,0,,2020-05-26 11:44:48
20,Verailda Carvalho,https://lh3.googleusercontent.com/-4g1ibgajyOE/AAAAAAAAAAI/AAAAAAAAAAA/AMZuucn5kFYwsIqPOqFMnC01Wy9c1lM2fQ/photo.jpg,"Eu achei o jogo ótimo os gráficos são bonitos, é ótimo para passar o tempo se divertir offline o jogo é muito bom adorei instalei o jogo e comecei a jogar e não consegui mais parar de tão bom que o jogo é😀 Pena que não tem uma parte 2 do jogo😞",5,0,1.4.1,2020-05-29 08:01:59
21,Junio Silva,https://lh3.googleusercontent.com/-sribI7I7VbY/AAAAAAAAAAI/AAAAAAAAAAA/AMZuucm-EswzShyNC99OPjvoBYqDxZ6ebA/photo.jpg,"Eu gostei muito desse jogo! Os controles sao todos bacanas! Varios chefaos pra desafiar! Muitos lugares pra explorar! Gostei e recomendo! So q tem um problema, e as armaduras, era pra ela nao so matar o inimigo, mas sim proteger o personagem, mas msm assim eu gostei! So espero a nova versao do ""swordigo 2"".",4,78,1.4.1,2020-03-19 11:38:58
22,Lu_ MT,https://lh3.googleusercontent.com/a-/AOh14GiJRVh8mdxWdQfU-3R7wRLhQFFPD3VWtssoTsuv7w,"Um jogo muito bom, um dos melhores jogos de plataforma que já joguei. Uma história muito boa e envolvente, uma grande variedade de boss e inimigos, gráficos muito bons, um ótimo sistema de upar atributos ao upar o nível. Recomendo demais!!",5,3,1.4.1,2020-05-16 12:46:48
23,Daniel Melo,https://lh3.googleusercontent.com/a-/AOh14GiuzsLPx5AUBoBgcyqmy_sQ-KHiTVRPKxBkMq6lgD0,"Deviam ter atualizado! Depois que vc completa todas as missões , e alcança o nível máximo de todas as armaduras, vc não faz mais nada. Gosto do jogo, mas deveriam fazer uma continuação dele. ✌🏽😎",3,0,,2020-05-31 22:45:57
24,Lucas Universo,https://lh3.googleusercontent.com/-FNFxalhig8o/AAAAAAAAAAI/AAAAAAAAAAA/AMZuuclGCArCcdNahzek77ho9Hpc5KAsgw/photo.jpg,"Este jogo e maravilhoso,sem erros nem nada,perfeito ao contrário do que dizem,o único defeito desse game é n ter continuação.perfeito,até nós easter eggs,bem escondido e simples,quase ninguém descobriu a passagem secreta atrás da ****** da frore** ******(desculpa mas n estrago o easter egg)",5,5,1.4.1,2020-05-11 15:14:51
25,PETER LOCÃO,https://lh3.googleusercontent.com/a-/AOh14GjfzcmRrfQ49S5o7pNU5ZwADbYKAFR8gTWe_wSUHw,"Muito bom excelente jogo, muitas fazes, lugares para explorar, chefes difíceis alguns deles. Eu gostei muito do jogo zerei ele Full 100% explorei todos os lugares escondidos e estou a espera da continuação desse jogo. Tomara que fassam a parte 2 ou deem uma atualizada nesse jogo mesmo obrigado!!!👍🔥☝️🖐️😁",5,148,1.4.1,2020-03-15 01:49:22
26,KAMIKAZE 1225,https://lh3.googleusercontent.com/a-/AOh14Ghxe6EnQdDZevzBgbvpv663sHWR3qUld_Y0Mn89,"Mt top esse jogo eu recomendo pra todos,e pros desenvouvedores eu deixo meus parabens,o game tem muitos niveis a dificuldade é equlibrada e os inimigos são variados,fora que os efeitos das armas variam no ambiente em que o jogador se encontra,desenvouvedores por favor tragam um jeito de modificar a aparencia do personagem seria muito top e por mais que ja tenha muitas fases o jogo é viciante e faz você jogar dia e noite então por favor tragam mais fases",5,27,1.4.1,2020-04-26 19:02:26
27,Paulo victor Paulo pereira,https://lh3.googleusercontent.com/-L0e9jMbgKiM/AAAAAAAAAAI/AAAAAAAAAAA/AMZuuck-Cf37e2FUhGx-i7DD5llcO2PHvg/photo.jpg,Por ser um jogo legal tambem tem quebra-cabeça apesar dos graficos nao serem aqules graficos horriveis dos outros jogos ele e legal para crianças que gostam de se aventurar ate que e bom para crianças de 5 ou 6 ou 7 mas e divertido jogar esse jogo que eu gostei dou 5 estrelas obrigado dono por fazer um jogo divertido como esse 😀,5,11,1.4.1,2020-04-22 11:44:26
28,Rafael Mateus Tavares Oliveira,https://lh3.googleusercontent.com/-53JQ-Jj3ta4/AAAAAAAAAAI/AAAAAAAAAAA/AMZuucmxTQsuw6nTfA4C7otga8EMSYfCgA/photo.jpg,"Olá meu nome e Rafael,tenho 11anos e este jogo swordigo e ótimo , eu já zerei ele umas 5 vezes , tudo e ótimo os gráficos a jogabilidade práticamente tudo e ótimo mas 1 e pouco ,2 e mais ou menos e todos são ótimos eu quero ver se você o criador do jogo podia fazer o swordigo 2 se over 1000 pedidos do swordigo 2 muito obrigado a todos",5,11,,2020-03-12 21:52:43
29,NARUTO LEGENDADO,https://lh3.googleusercontent.com/-iOaR8fxSq2U/AAAAAAAAAAI/AAAAAAAAAAA/AMZuucnrI0ua7OZv8fl7CQU5kZ4h-ERICg/photo.jpg,"Melhor jogo de aventura da play story. Não te obriga a comprar nada, não te enche o saco com propaganda, ele é simplismente perfeito. Graficos bons, boa jogabiladade, controles faceis, e ele evolui de forma que vc avança no jogo. Merece 10000 estrelas...",5,1,,2020-05-23 19:49:44
30,Antenado 123,https://lh3.googleusercontent.com/a-/AOh14Ghh0i9J6GlfAh_bfWjwZVWPrILzG7GD2My3T_LFGg,"O jogo tem um sério problema: A VIDA, a vida tem um problema imenso: quando vc toma um dano, vc continua vulnerável ex: vc cai em um inimigo e depois cai em outro e depois cai em outro… e isso te toma uma vida imensa, que em calabouços é muito ruim, já que vc quica ao tomar dano. Se tivesse um tempo de invencibilidade, 2.5 segundos, já ajudaria muito, e n me tomaria um tempo absurdo em um chefe. No mais, recomendo muito, é Ó T I M O",3,12,1.4.1,2020-05-27 19:51:38
31,Rapperiz,https://lh3.googleusercontent.com/a-/AOh14GiCRE5tYrYS9BsUIaaVPPjDLNXux2VCmOTcu-cr,"Esse jogo é viciante, eu já tenho 4 saves com progresso 100% feito, já fiz todas as conquistas, realmente é um jogo digno de se jogar, com uma história simples, chefes bem programados, puzzles legais, e algumas partes que fazem a gente chorar de raiva 😂😂😂",5,13,1.4.1,2020-04-04 13:12:25
32,miguiREC,https://lh3.googleusercontent.com/a-/AOh14Gj72Z8oOaZDj-i8U4yYtkg9Nmtej9gFAYN8Mccg,"Simplesmente fantastico, mas gostaria de poder escolher a arma e a armadura que quero usar, seria bom pra fazer desafios consigo mesmo tipo matar algum boss com a primeira arma. Me pergunto se poderiam fazer uma segunda parte do jogo, seria otimo, jogo top demais.",5,8,1.4.1,2020-04-27 21:58:46
33,Jessica Goncalves,https://lh3.googleusercontent.com/-E42sq3Jpxbc/AAAAAAAAAAI/AAAAAAAAAAA/AMZuucnTuxGRv_kt3Ap711FgE8LHFHUd5Q/photo.jpg,Esse jogo é muito top mesmo queria q tivesse uma continuação eu o jogei de ponta a ponta do inicio ao fim e nunca vi jogo mais espetacular q esse eu recomendo pro todos e para os dasagnes e todos os desenvolvedores do jogo aqui vai os meus cinceros agradecimentos e parabens e para os q veem os comentarios baixem realmente o jogo e muito bom eu sempre jogava no off line bastante tempo ele é incrivel e viciante EU RECOMENDO,5,2,,2020-05-16 12:35:33
34,João Pedro Da Costa,https://lh3.googleusercontent.com/a-/AOh14GgqS_dgTYIZ-T-DcLmI7Nvmk7HEGZGqFPfFIT3C,"Caramba que jogo top,parabéns desenvolvedores,sem exagero! Agora,sendo sincero,lembra muito Zelda,a roupa do personagem,a música de descoberta,a arma lendária(referência a master sword de Zelda claramente).Dentre MUITAS outras coisas. ADOREIIIIIIIII!",5,13,1.4.1,2020-03-27 19:54:47
35,Eliezer Rubnick,https://lh3.googleusercontent.com/a-/AOh14Gj1I47cFwEz-J2KfOkL6THq1B39TbbLSYceEOKt,"Swordigo é um jogo plataforma 3D, jogabilidade razoável, enredo simples, aquele velha história de salva o reino, as vezes tem princesa incluída, som razoável, gráficos muito bom. Jogo de graça, minha opinião poderia ser pago uns 10 reais, pq muito bom msm, vale apena.",5,14,1.4.1,2020-04-20 11:37:17
36,Mateus Barreto,https://lh3.googleusercontent.com/a-/AOh14GhmQWdSe1zwnN3pT9O2Kg0rZ9qE4xxQprGbMz1Vlg,"O jogo é muito bom, a jogabilidade é ótima, um dos melhores plataforma mobile que eu joguei, os gráficos em si não são muitos bons, claro se você ligar pra isso o que não é o meu caso, vai se incomodar. Pena que tá em inglês.",5,0,,2020-05-24 10:17:16
37,Gustavo Hamerski,https://lh3.googleusercontent.com/-HdE6SUVKe6g/AAAAAAAAAAI/AAAAAAAAAAA/AMZuuckp6reZ_4BbNsl9btKNiff2y7FIHQ/photo.jpg,"O jogo é Incrível rem um estilo Gráfico mais Poligonal que é Leve, a jogabilidade é Ótima e os Controles são Fáceis. A História é Boa e o Level Design é Impecável um dos melhores Jogos Mobiles que já joguei. Recomendo demais a todos.",5,5,1.3.3,2020-03-16 21:21:45
38,X-Ev3Nt Meliodas,https://lh3.googleusercontent.com/a-/AOh14GjNVEBIYPumsSe5xT2dB8vjCpjBnAkhBW6FIwAa,"RIP SELMA THE NON HUMAN DEVELOPER: des de quando eu era criança eu jogava esse jogo e ele continua bom, se possivel façam parte 2 os jogos de hoje em dia sao ruins em comparação ao de antigamente tipo esse, eu jogava esse jogo des do lançamento e esse jogo marcou muito minha infancia e eu tenho 12 anos em maio completo 13",5,7,1.4.1,2020-04-14 11:43:57
39,Daniel gameblox,https://lh3.googleusercontent.com/a-/AOh14GjCWxsBWGWXbw31-bJ7QKRtTqCT1aut0IqwXWF-,Jogo esse jogo esse jogo faz 4 anos e ele e incrivel eu tenho 9 anos e adoro esses jogos parabéns aos desenvolvedores.adorei😄😄😄:-).mas quero falar 3 coisa.1 coisa voces poderiam baixar o preço da magic armor.2 coisa voces poderiam deixar as pessoas comprar quantas poçoes de vida o quanto qiser.3 coisa voces poderiam colar para adiçionar amigos e as pessoas poderiam jogar no mundo com seus amigos.eu acho que teria assim mas pessoas jogando,5,0,,2020-05-26 19:02:38
40,GuilhermeBrasa 0-0,https://lh3.googleusercontent.com/a-/AOh14GgqLINM6eql_wAjce2aRqa6yeTNdoy1S58E88crDQ,"ótimo jogo, gráficos comuns controles simples poderes simples fases legais bosses legais a história do jogo da o charme, mas alguns fans querem mais fazer novos poderes uma nova história queria que vocês fizessem uma atualização com novas fazes e talvez uma nova história( claro isso na vontade de vocês)",5,5,,2020-03-28 16:52:23
41,Gansozoka Gamer,https://lh3.googleusercontent.com/a-/AOh14GhPis1xS-n-uZoJ6l5CnuhrvO12E1SvEn_pighmHg,"Esse jogo é simplesmente fantástico! Curtir demais o game! A única coisa que eu fiquei triste é não poder entender a história do game, pois não tem legenda português. Queria muito entender o game, só iria deixar o jogo mais Fantástico ainda!",5,7,1.4.1,2020-04-23 20:41:13
42,Frankie Waterson,https://lh3.googleusercontent.com/a-/AOh14GgU7tQrzdw52myMUW1sHFOPH89LKTdeGVpxJcbb7g,Incrivel não tem palavras pra descrever a obra prima que supera qualquer game isso e um jogo god que supera qualquer game isso e um jogo incrível parabéns a todos da família dos criadores e mês esse game e tão bom que já zerei ele mais de 795 vezes e ainda não canso eu conto essas vezes que zerei muito legal parabéns,5,0,,2020-05-27 22:38:50
43,Roanald Lucas,https://lh3.googleusercontent.com/a-/AOh14GgobteAZHbwrp010DO6v6b53jXtZMqHkMt62OKE,"Sensacional o game!!!! zerei duas vezes , trilha sonora incrível , os gráficos agradáveis ,a jogabilidade simples porém muito boa , a história um pouco clixe eu diria mas não deixa de ser legal , meus parabéns aos desinvolvedores ...",5,7,,2020-04-29 21:22:01
44,ELIABE Lopes,https://lh3.googleusercontent.com/a-/AOh14GgrKDf0kWNc5UwxZ1I9tkgzeMDQcp4Ro5f-NqyiOw,"Muito bom, um ótimo jogo, uma história boa e bastante divertido talvez muita gente não baixe por causa do gráfico que é fraco,o que é uma pena pois é um dos melhores jogos da play store.( ATÉ AGORA O MELHOR JOGO QUE JÁ JOGUEI NA PLAYSTORE ).",5,24,1.4.1,2020-03-29 13:58:52
45,Batatanatanael,https://lh3.googleusercontent.com/a-/AOh14GhTyJix8gkAimDZdzk7ReC09JZS5SCZM6qj81tYZw,"O jogo é maravilhoso! Sua jogabilidade é ótima, seus gráficos são bonitos e tudo é bom o bastante pra qualquer pessoa com qualquer celular baixar. Mas só tem um probleminha... Porque não tem continuação?",5,1,,2020-05-19 10:57:15
46,Raimundo Ruan,https://lh3.googleusercontent.com/-xDJgIQcAuY4/AAAAAAAAAAI/AAAAAAAAAAA/AMZuucnCfTE2dis-Il6kMObm8UsRDyk5jw/photo.jpg,"Sem dúvida nenhuma esse jogo é o melhor que já joguei passei o domingo inteiro jogando kkk✌...sem falar nos gráficos e a jogabilidade são otimos, armadilhas, personagens, chefões e muito mas. Cara eu recomendo demais esse jogo vc vai se surpreender. Muito obrigado aos criadores desse jogo sensacional...👍👌.",5,3,1.4.1,2020-04-26 21:51:32
47,Lucas Dresch,https://lh3.googleusercontent.com/a-/AOh14Gj2eieDxJE0ZWCTdXp-1tWKt0eXNUrbQSLHGE63,"Terminei o jogo hoje 100% e super recomendo a todos, é um jogo bem simples, com puzzles ótimos e muito de intuitivos, quanto mais você joga, mais aprende movimentos novos, etc, mais você descobre como desvendar o próximo mistério, as falas dos personagens são ótimas e não entregam de cara o que você precisa pre desvendar o que tem que fazer. Não é um jogo difícil pois quanto mais jogar, mais aprende movimentos pra conseguir passar pelos obstáculos, bosses, etc Aguardo o lançamento do Swodigo 2",5,625,1.4.1,2020-01-04 09:41:58
48,Kazuo Honda,https://lh3.googleusercontent.com/a-/AOh14GhXTIHbFDdUAdmgM4PjiMKQL4ZVkRC2I1qdj7KI3w,Ótimo jogo graficos não tão bons más a jogatina é divertida muitas aventuras e fases legais derrotar os inimigos os monstrinhos é muito legal portais para se teletransportar para outros lugares ótimo jogo conseguir poderes para explodir roxas.Jogava este jogo quando ele lançou era e ainda é muito legal este jogo recomendo muito vai se divertir,5,2,1.4.1,2020-04-06 14:47:44
49,Sad Boy,https://lh3.googleusercontent.com/-Peem8bkn80U/AAAAAAAAAAI/AAAAAAAAAAA/AMZuucnN8VDsg4qaEvMwK_3SY-Umdo72NQ/photo.jpg,"Não tem como falar mal desse jogo ele e incrível os gráficos são ótimos para um jogo mobile , os mapas são grandes tem uma dificuldade boa , mas eu queria q tivesse o modo cooperativo, dou 5 estrelas porq e ótimo recomendo...😁",5,4,,2020-04-14 23:12:02
50,Erick Guilherme,https://lh3.googleusercontent.com/a-/AOh14Gj7fysdInZ_O6muJ70snv5B_dqcctwky6Z6-itB,"Jogo incrivel.Eu nunca imaginei um jogo 2d tão bom graficos cartoonizados lindos,otima historia,o jogo conserteza é muito bem feito.Pena que abandonaram o jogo e espero que os criadores vejam esse comentario pois como podem eles terem abandonado um jogo tão bom.Se eles atualizassem o jogo conserteza estaria entre os melhores do mundo.Espero que os criadores vejam esse comentario.",5,3,,2020-05-03 12:01:53
51,LM ODSSEY,https://lh3.googleusercontent.com/-vCI1lpTOh04/AAAAAAAAAAI/AAAAAAAAAAA/AMZuucmGSLy6KziT5a1_-LEeV0bUuH1Q7Q/photo.jpg,"Ótimo jogo, gráficos bonitos e cartoonizados!! Porém ele é muito curto, deveriam lançar novas atualizações com novas fases e novos produtos dentro do jogo!! Recomendo muito!",5,0,,2020-05-06 13:44:09
52,Slaykiness,https://lh3.googleusercontent.com/a-/AOh14Ggc2iAowfmV9G_e3qfBFLOQwz4x_7nbZVJkjAu-nQ,"O jogo é simplesmente incrível roda em celular fraco, gráfico ótimo, aventura não deixa a desejar ele mistura muito bem os gêneros RPG,Puzzle e plataforma RECOMENDO MUITO MANO!!!",5,1,1.4.1,2020-05-10 19:48:53
53,Maykon Alves,https://lh3.googleusercontent.com/a-/AOh14GgWS6gTK6_KtC4AcMmpPr12zCS6bENtWJrldcY2zA,O melhor jogo de plataforma 2D da Play Store. Infelizmente n tem uma continuação. Extremamente bem feito e jogabilidade muito fluida.,5,0,1.3.4,2020-05-27 21:38:15
54,isabel ferraz,https://lh3.googleusercontent.com/-BpVVsLr5f_g/AAAAAAAAAAI/AAAAAAAAAAA/AMZuucnLUXV_cRd4jEdlc4R8QxS_dX12Gg/photo.jpg,"o jogo é uma maravilha ! Mas sério vocês deveriam fazer uma continuação decente Swordigo 2 usando a mesma base desse jogo , vocês sabem , ( muito difícil , gráficos legais mas talvez com melhorias de gráfico , não estou dizendo que é ruim mas )Opa ! Acabei de baixar de novo estou pronto para jogar . Não esqueçam Swordigo 2",5,49,1.4.1,2019-12-25 20:41:23
55,DKShadow,https://lh3.googleusercontent.com/a-/AOh14Gj8PgYM60z4JRq7tkRDlsDudMWu6JpOa-eVtrS6Gg,"Fazia muito tempo que eu não jogava um jogo tão bom. Nada é perfeito, mas esse jogo beira a perfeição. É Simplesmente incrível! Os Bosses, Espadas, Magias, a Imensidão do Mapa etc... é tudo muito bem feito, e é muito difícil também, eu gosto muito de jogos difíceis, e pra quem também gosta, esse jogo é um prato cheio, ele está cheio de lugares secretos, espadas secretas, magias etc... tem muitas coisas para se fazer. e a História, por mais que seja um pouco clichê, não deixa de ser muito boa!",5,672,1.4.1,2020-02-09 17:56:52
56,josilma xavier,https://lh3.googleusercontent.com/a-/AOh14GisA8jtY0WNzQPZdzhk40Zt-Xjx_tVM6Mh068YgdPA,Eu adorei esse jogo tem vários chefões e 4 deles guarda 1 elemento e quando conseguir os 4 elementos você ganha uma espada poderosa e o chefao final é você vs você do lado sombrio pena que quando derrota ele já vem os créditos do jogo gente que fez tá de parabéns deveriam fazer a parte 2 desse jogo eu me sinto um pouco triste porque o final é tão sem grassa mais eu adorei esse jogo👍👍👍👍👍👍👏👏👏👏👏💚,5,4,1.4.1,2020-03-26 19:47:12
57,Kaleb Soares,https://lh3.googleusercontent.com/-HJj8Hnl9cvY/AAAAAAAAAAI/AAAAAAAAAAA/AMZuucn96AgvP4mOW1aaZ2FQsXXSNRFuTQ/photo.jpg,Já que não é uma mensagem em seu mural se a um tempo pra nada de novo w de uma pessoa muito bom e o que é um dos melhores produtos com frete incluso na minha vida de casado com o que eu possa fazer um comentário sobre o tema da palestra do meu celular é a melhor maneira possível para que possamos fazer o pagamento hoje ainda quero saber como está sendo realizado fazer uma pergunta para a minha esposa informações sobre os outros dois meses depois do trabalho de um dia desses dois dias depois guer,2,1,,2020-05-10 10:03:04
58,Nink,https://lh3.googleusercontent.com/a-/AOh14GhKmd-iyqVq4fDADNbyYwDCv-WwDY5lEO8rBzBTXg,"O jogo é muito bom, podia até lançar um swordigo 2 ,e que quem já finalizou já sabe que e enjoante ficar repetindo sempre a mesma historia,então podia fazer um segundo jogo desse ,cenas , itens ,modas , espadas , modo PvP , pets colecionáveis , e muito mais",5,1,1.4.1,2020-05-11 15:03:52
59,gerson cunha filho,https://lh3.googleusercontent.com/a-/AOh14GjkAYhVj1EbCg6TfK-sz6FUS5ZpeYe8cb3SwBcR,Muito bom Gráficos ótimos. Jogabilidade perfeita. Evolução do jogo prende muito o jogador. Melhor que encontrei em muito tempo.,5,0,1.4.1,2020-05-14 19:13:56
60,Alison Henrique,https://lh3.googleusercontent.com/a-/AOh14GjF4UEIENKJ9YtpiVAUwQaE9SM8k2uFm0JSN4CZBQ,"Simplesmente FANTÁSTICO até hj esse foi o melhor jogo de RPG q já joguei. A Dificuldade dele está em um nível q não é impossível mas tbm não é simples. Ótimo jogo, vale super apena e ainda roda em qualquer celular.",5,1,,2020-05-22 16:47:25
61,Nicollas Richard,https://lh3.googleusercontent.com/a-/AOh14GhXEvjk9e4--MSeD5AQ7W4oNZYorf_MLLUtj5de,"Gráficos belos, jogabilidade fluente, trilha sonora de prender a atenção... É de fato um jogo maravilhoso. Testa muito nossa paciência, mas vale a pena cada segundo. A história pode não ser muito original, mas vamos dar valor ao que realmente interessa aqui. Recomendo para aqueles que gostam de jogos mais focados no combate.",5,82,,2019-12-28 21:35:42
62,Isaac Ramos,https://lh3.googleusercontent.com/a-/AOh14Gg8CPrB7qwGFujDSveYR_Gm06Gp1uSiqppXvsCa,"Gostei do jogo, ele tem ótimos gráficos e uma trilha sonora muito boa, a jogabilidade tambem é, mas poderia ter uma forma de esquivar melhor os ataques dos inimigos como rolar ou dar um dash, não abusa nos anúncios e nem em microtransações. A unica coisa que eu não gostei muito foi da história do jogo, mas gostei bastante das batalhas dele. Se vc for fã de legends of zelda vai notar que algumas coisas do jogo foram inspiradas nele. Recomendo muito esse jogo para quem curte jogos de rpg",4,252,1.4.1,2020-01-23 22:08:34
63,N4ir,https://lh3.googleusercontent.com/a-/AOh14GhkAmyKkf4IF1l-WYNDpxjNRHUSexYuboZSwfzUCw,"O melhor jogo da play store inteira, ele é emocionante tem batalhas épicas,tem um mundo gigante pra explorar uma história fascinante, sem contar que é um dos, se não o único jogo grátis de aventura que tem uma história boa e um mapa gigante",5,4,,2020-04-16 00:24:23
64,Thiago De Souza Gonçalves,https://lh3.googleusercontent.com/-EC11mS4C4XE/AAAAAAAAAAI/AAAAAAAAAAA/AMZuucnSPBodMRVSAN1-06SiFUf4jkSvsw/photo.jpg,"E muito bom ,mas ele pode ter mais coisas ,como um tipo de poder novo ou fazer o 2 seria muito bom mas o jogo ja e bom desse geito nao estou reclamando ,eu recomendo jogaren e as pessoas que jogan zelda isso e muito parecido , eu acho muito bom mas nao sei pra quen gosta e bom e recomendo muito",5,5,,2020-04-26 14:47:09
65,Pedro 444,https://lh3.googleusercontent.com/a-/AOh14GjLv5U1wpls7GNgkFrOupG7EwNv3peQowzTt85pVA,"Esse jogo é sensacional, muito bem feito, a história é boa eo jogo é muito divertido de jogar, já zerei várias vezes, recomendo demais esse jogo e gostaria muito que tivesse uma continuação, talvez um swordigo 2, parabéns a empresa pelo trabalho 👍",5,4,1.4.1,2020-04-28 11:55:26
66,gracieti Vasconcelos,https://lh3.googleusercontent.com/-ovauYKhvndI/AAAAAAAAAAI/AAAAAAAAAAA/AMZuucm3GUKGfP_z4KZuwORdwyn-riU_sQ/photo.jpg,"mano esse jogo é muito top eu recomendo de mais,pra ser sincero eu zerei ele mais de cinco ou mais vezes,só espero que chegue logo o swordigo 2,eu já não canso e nem injou de ficar jogando,meus parabéns para os criadores👏👏👏😊",5,0,1.4.1,2020-05-04 19:10:45
67,Pedro brkbr,https://lh3.googleusercontent.com/a-/AOh14GjV7MAWQBSIVI7WE2lPkC9CF94MkLCRKPrf4H1C,Esse jogo e muito bom ele merece uma continuação eu passava horas jogando e terminei eu recomendo esse jogo para todos os amantes de jogos de plataforma(outra coisa parem de reclamar esse jg só e difícil se vc não souber jg),5,0,,2020-05-11 23:24:22
68,Lorencius1234,https://lh3.googleusercontent.com/a-/AOh14Gjh_lzo6BxYWXojrcv3wJE0xd_R_bOyXjNPh-34kjc,"O jogo é incrível,eu não sei como ou por quem exatamente foi feito,mas para essa ou essas pessoas, parabéns. Eu acho que não seria possível, mas eu sinceramente queria ver uma sequência,ou um outro RPG feito pelas mesma(s) pessoas que fizeram esse, pois é notável o amor por RPG's no jogo,claro que eu nem tenho tanta experiência com os mesmos, mas Swordigo tem uma boa jogabilidade, uma história comum, mas que combina com o próprio jogo, gráficos interessantes e acima de tudo é um bom RPG.",5,7,,2019-12-15 03:03:50
69,Claudio Henrique Carvalho Silva,https://lh3.googleusercontent.com/a-/AOh14Gja97O46THev7yNn6VfXxa0Clf438S9Hu29gJpE3A,"!!! ESPETACULAR !!!! Jogo excelente, te faz engajar na história, tem jogabilidade simples, mas arrumado, a possibilidade de modificar os poderes com forme sua necessidade e o estilo do jogador, adorei, quero mais",5,4,1.4.1,2020-03-26 15:12:54
70,Noob Saibot,https://lh3.googleusercontent.com/a-/AOh14Ghz0In1gCgiwJBWbSsgcEtt_LOG9VscJ-d2wqYp,"Bom o jogo é bem organico embora o game esteja en ingles vc acho oque tem q fazer e aonde ir. Mas um ponto que esta feio sao os crnarios por serem 3d poderiam ser melhor modelados, e poderiam melhorar a jogabilidade q é meio estranha porque o personagem deslisa no chao. Sei que programar jogos 3d é dificil entao obrigado pelo jogo",4,2,1.4.1,2020-04-01 18:12:14
71,Pedro Henrique,https://lh3.googleusercontent.com/-LHOmNK-w4xA/AAAAAAAAAAI/AAAAAAAAAAA/AMZuuck5AfeGY0mOxZMM60jdJCZx-BXhrQ/photo.jpg,O jogo e muito legal eu queria que lançassem swordigo 2 Agente teria a armadura do primeiro com tudo equipado e forte tudo no max a historia ia começar assim um novo inimigo poderoso mais poderoso que a corruption aparecer e ela e se chamar galaxy e vc teria que derrotar depois no inicio na floresta onde ta o mestre do nosso personagem e a corruption e depois disso vc e derrotado mesmo com tudo no maximo então depois vc decide encontra as peças da galaxy sword e depois fim porque vai ser demo *,5,3,1.4.1,2020-04-16 00:05:38
72,Gustavo Luca,https://lh3.googleusercontent.com/-HNyunRsQSs4/AAAAAAAAAAI/AAAAAAAAAAA/AMZuuckxn83FSw7JAplDP37qSWzcG-_qhw/photo.jpg,"Esse é o melhor jogo de plataforma que eu já joguei pra celular, o jogo é bonito, gráficos perfeitos, jogabilidade incrível, puzzles enigmáticos, história incrível, esse jogo é perfeito ❤️ estou só na espera pra que lancem uma continuação ❤️",5,2,,2020-05-15 01:42:26
73,Kcamella Ferreira,https://lh3.googleusercontent.com/a-/AOh14GjiRX9Rh7ZaHlRK7aax5mA-OIB5AYIUKya_0WhFjQ,"Olha o povo que diz que o jogo é exageradamente difícil ,só tem duas opções ou vc joga ou não, se for pra ficar reclamando do jogo então não jogue.... Pq esse jogo é maravilhoso ...se fosse para o jogo se fácil não teria graça alguma,seria muito fácil encontrar as coisas séria intedioso, mas isso é para as pessoas que falam que o jogo é chato e tals... E se o jogo fosse fácil d+,vcs iam querer que fosse difícil neh então não falem besteiras Pras pessoas que gostaram do jogo, vcs são demais rs❤😊",5,73,1.4.1,2020-01-07 16:43:02
74,Jose Luiz,https://lh3.googleusercontent.com/-aOlR499LnRk/AAAAAAAAAAI/AAAAAAAAAAA/AMZuuckaMaKL_fCA176RvmunmzyBShf8Ig/photo.jpg,"Bom,esse jogo é ótimo,nunca vi igual,melhor jogo de rpg que eu já joguei!vi os comentários e disseram que o gráfico não é tão legal,mas pra mim ficou perfeito e eu recomendo de mais!ainda bem que não é pago",5,3,,2020-04-24 16:45:05
75,Planeta PRS,https://lh3.googleusercontent.com/a-/AOh14Gga-ewVEzo7t7RBtbrprUMlgmy1N9RjcoWZJI3Ttg,"O jogo é otimo excelentes gráficos, jogabilidade otima porém acho que deveria ter uma nova atualização com novos itens e tambem modo multiplayer para jogar com ls amigos.",5,1,,2020-05-06 20:16:20
76,alguém aí que respira,https://lh3.googleusercontent.com/a-/AOh14GgCdGDeKxplX5b-CVyIblG7K4dBgyJp-NxDTZH4,Eu acabei de terminar o jogo 100% e com todas as conquistas e depois que você termina o jogo (100% ou não) não tem muito o que fazer e isso me decepcionou muito mesmo sabendo que os desenvolvedores abandonaram esse jogo a uns 3 anos,4,0,,2020-05-19 22:40:54
77,Thiago Henrique,https://lh3.googleusercontent.com/--1ELSKmC9-Y/AAAAAAAAAAI/AAAAAAAAAAA/AMZuuckgH5PFPPXDZdtZn1D1LFAfy3msIA/photo.jpg,"Esse jogo é incrível, já procurei algum igual ou parecido ou sla algum tão bom quanto e nunca achei. Game tem tudo, é completo te mantém preso no game e ainda por cima como não bastasse tudo isso o game funciona off... Mano off-line..... PARABÉNS!!!",5,0,1.3.3,2020-05-22 08:03:45
78,Um usuário do Google,https://lh3.googleusercontent.com/EGemoI2NTXmTsBVtJqk8jxF9rh8ApRWfsIMQSt2uE4OcpQqbFu7f7NbTK05lx80nuSijCz7sc3a277R67g,"Caraca, jogo massa demais, lancem o 2 pq cara, amei tudo os gráficos, os controles são ótimos e são personalizáveis a seu gosto, a dificuldade e boa, mas eu queria que vocês adicionassem novas armas, armaduras, novos poderes, melhorias no personagem principal, mas no geral o jogo é ótimo, atendendo ao q ele aparenta, se sair o swordigo 2,3,4,5... Eu baixo concerteza.",5,202,,2020-02-15 16:53:08
79,Juliana Victória,https://lh3.googleusercontent.com/--bXCy5Z1hFs/AAAAAAAAAAI/AAAAAAAAAAA/AMZuucnktaq7n3NsrMbUhvIxdXlz_Wse3A/photo.jpg,Muito bom adorei o jogo mais atualizem e pacem para português tem uma fase que muito difícil pegar o baú sei também que não pode ser muito fácil mais ta difícil demais atualisem e vejam isso não quero desistalar por esse enprevisto,5,1,1.4.1,2020-05-19 13:46:02
80,Biel 8 ball,https://lh3.googleusercontent.com/a-/AOh14Gg0d4id10HQg3UiITLf0AKTEODGOPnn2smPm-alTQ,"mano esse jogo é muito bom e legal, quando comecei a jogar não quis mais parar, quis continuar até zerar e zerei. Muito Daora os gráficos e jogabilidade muito bom mesmo parabéns pelo jogo que criaram.",5,3,,2020-03-25 23:15:33
81,Mateus Eduardo,https://lh3.googleusercontent.com/-AycXpq0de3o/AAAAAAAAAAI/AAAAAAAAAAA/AMZuucmNoEr7rs-whidXDhse1dLPwzYROQ/photo.jpg,Mano eu zerei 7 vezes ele e mesmo assim não entendo como certas críticas são desnecessárias por que uns falam sobre os bosses e outros de bugs mas eu não encotrei nenhum bug do tipo . Perdi o checkpoint . Mas dica basica o checkpoint é o portal . Eu não achei nada difícil porque você pode reviver quando morrer,5,3,1.4.1,2020-03-27 10:24:50
82,WEleandro Pereira,https://lh3.googleusercontent.com/-rBGHLtPx5Pg/AAAAAAAAAAI/AAAAAAAAAAA/AMZuuckkQAw1Bd4O60KZlslGdl_F22DdXw/photo.jpg,O jogo é incrivel dificil e facil ao mesmo tempo e o chefão final é muito incrivel é dificil mais não é imposivel não tem bugs o grafíco nota 10 finalizei muitas vezes mas não injoa então adorei o jogo continuem assim.,5,0,1.4.1,2020-05-21 13:14:11
83,Matheus da costa da silva TITAM,https://lh3.googleusercontent.com/-p_UN1NwHG4w/AAAAAAAAAAI/AAAAAAAAAAA/AMZuuck5otqW2Nfix-PXG_pCQOsroTcbFA/photo.jpg,"Sinceramente o Jogo é ótimo, ele tem uma jogabilidade muito boa, e o modo que vcs abordaram a dificuldade é partes secretas foi ótimo, tem gente que não gosta do jogo por que quando ele avança e fica mais difícil essas pessoas não gostam, porém é assim que um jogo tem que ser, eu já zerei o jogo duas vezes, e não me considero um jogador excelente, só sou persistente. Por tanto eu dou essas 5 estrelas com muito orgulho do jogo.",5,8,,2019-12-15 03:05:20
84,Jean paulo,https://lh3.googleusercontent.com/-CtwrVCiJl7M/AAAAAAAAAAI/AAAAAAAAAAA/AMZuucmdnAASl8Y1MCZfrwIK9F4JKfsFww/photo.jpg,Por que o jogo tem uma dinâmica boa gostei do da foto da textura do jogo é isso jogo é bomaí o jogo é muito top gostei e merece nota 5 mesmo tem cinco estrela não simples 36 que é bom então e o jogo merece eu ainda não joguei mas ele deve ser o jogo ganha essa dinâmica alguns jogos de ganhar dele esse jogo tá em primeiro lugar para mimentão esse jogo já vou começar a jogar então vou parar de falar agora e eu tava instalando esse jogo ainda já que tá instalando falar mais e esse jogo é muito bom,5,1,,2020-03-21 22:24:26
85,Davi Batista,https://lh3.googleusercontent.com/a-/AOh14Gg6AZfI32UEHub_jJQSJAOzf0Voz1A7BdRkFh_GtA,"(SPOILER) O jogo em si é ótimo. Eu particularmente achei muito fácil, fácil mesmo. O ultimo boss é ridiculo de fácil, o penultimo até q dá pra morrer, mas o ultimo é nojento de fácil. Um dos tesouros (o da casa trancada) eu só consegui pegar depois de pegar o feitiço da dimensão, tomando o dano daquele demoniozinho, não sei se essa é a forma certa, mas se for é ridiculo, não deveria ser assim. Poderia ter mais personagens na história também. De resto o jogo é maravilhoso.",4,31,1.4.1,2020-02-06 04:04:05
86,alexsandra silvaalves,https://lh3.googleusercontent.com/-D5K_RGFMtF0/AAAAAAAAAAI/AAAAAAAAAAA/AMZuucno8NckzFSsZcJrC1UsLOpCeMpJXg/photo.jpg,"É um pouco difícil por causa dos Boses mas o resto é bem fácil não aparece muito anúncio, e tem algumas fases que são labirintos, até me perdi em uma delas e quase não consegui passar, mas tirando isso o jogo é ótimo.",5,2,,2020-03-26 08:40:52
87,Évelyn Leite,https://lh3.googleusercontent.com/-XghrWMEjPCk/AAAAAAAAAAI/AAAAAAAAAAA/AMZuucn5SGtjJEFRhrsneq4o7tXL4jrSqw/photo.jpg,"O jogo é ótimo eu já zerei o jogo três vezes . Acho ele em sim legal , Tem várias fases , poderes legais pra se usar . Amei o jogo. Meus parabéns aos criadores 👏👏👏",5,0,1.4.1,2020-05-11 12:10:18
88,Rubens Rodrigues de Morais,https://lh3.googleusercontent.com/-vstTGom62r8/AAAAAAAAAAI/AAAAAAAAAAA/AMZuuckY1onzC4TGQBtB6zBIFmNxkSyRGQ/photo.jpg,É o melhor Jogo que eu já joguei uma dica para desenvolvedores e assim mais legal se vocês colocasse mais fazes mas mais espadas Poderosas inventário e o quinto poder dou cinco estrelas para esse jogo desenvolvedores põe isso no jogo por favor e a ficar muito mais legal,5,0,1.4.1,2020-05-17 21:46:08
89,Pr.Fábio Henrique Santos,https://lh3.googleusercontent.com/a-/AOh14Ghz2LqMlJnY5s0A39ZfLtLtYV_X9xOU6RC8xoCR3A,O jogo é muito bom Incrível a qualidade muito incrível e mais bom de tudo o jogo é difícil é muito difícil de passar mas eu gosto de jogar esses jogos difíceis Parabéns ao desenvolvedores,5,0,1.4.1,2020-05-23 10:33:17
90,Yasmin Victoria,https://lh3.googleusercontent.com/-fmZCy9BoeZE/AAAAAAAAAAI/AAAAAAAAAAA/AMZuucnd7gE2HHzQTxeodavb2W3xkDlA2w/photo.jpg,"Jogo incrivel,eu ja zerei ele umas 2 vzs,o jogo tem uma historia,conforme os niveis ele vai ficando dificil e isso é mto bom,o jogo é cativante...unica coisa q eu reclamo é q ele é muito escuro sabe,ainda mais pra mim q tenho miopia akakaka sou uma topera!!Mais o resto é perfeito,revomenco pacas mano,Preciso da versão 2 caraa!!",5,7,,2019-12-28 10:17:37
91,yJorjiix_,https://lh3.googleusercontent.com/a-/AOh14GhQ5yPDa5RfK2WZpCJR0v5EK0WMle8y4uXBRF_K,"Mano, eu jogava isso no celular do meu irmão, e sempre queria jogar mais, pois o jogo era muito massa( nessa gíria popular do meu estado, significaria muito legal ), esse jogo pra mim é muito bom, recomendo d+ <3",5,2,,2020-04-20 14:20:37
92,game playr,https://lh3.googleusercontent.com/-cS5L_cFtp9U/AAAAAAAAAAI/AAAAAAAAAAA/AMZuucni0kWfo4FXrRYLkVTJmWWi5aEwRw/photo.jpg,Swordigo: ese jogo e uma maravilha estava procurando esse jogo a anos asisti muitos videos emtreim em varios sites e ele esta aqui que maravilha achei que não tinha para android o brigado por te criado ese jogo não sei como agradeçer obrigado mesmo mesmo obrigado voçes criadores de jogo voçeis são genio obrigado não sei o que falar obrigado tchau:Á recomendo para todos,5,0,,2020-04-28 19:24:00
93,Rafa Lalh,https://lh3.googleusercontent.com/a-/AOh14GjYhE7SXc1P28KneuT9L345UvBqsq3nS0oLp9Rp,"O jogo é muito bom. A trilha sonora é muito boa, jogabilidade, história, variedade de itens... O único problema é que não tem uma continuação",5,1,1.4.1,2020-05-23 03:00:13
94,Aila Loana Nogueira da Silva,https://lh3.googleusercontent.com/-YFI41uFr_VU/AAAAAAAAAAI/AAAAAAAAAAA/AMZuucmZlmnrRf0G39VopeKVckC6ZpiWZA/photo.jpg,"Nossa, esse jogo é ÉPICO. Os equipamentos escondidos, os chefões, a trilha sonora, os inimigos, as magias, tudo é ótimo nesse jogo. Adorei!",5,0,,2020-05-23 17:46:01
95,Zekkin 2332,https://lh3.googleusercontent.com/-zmqYJEJNl5E/AAAAAAAAAAI/AAAAAAAAAAA/AMZuucmwMrg1Jsf-Sxij9a4f4rrrNoBSCg/photo.jpg,"O jogo é incrivel, viciante e tem um hinrredo muito bom mais poderia ter um Swordigo 2. Com legenda em pt br e com uma qualidade maior nós gráficos seria incrível",5,1,1.4.1,2020-05-27 02:43:42
96,TheusGames YT,https://lh3.googleusercontent.com/a-/AOh14Gj48ZkqiafnHijgDolQRfRG2E9hJlOmR8BmsUdiUQ,"Incrível esse jogo é muito bom, um rpg com puzzles muito legais e apesar de tudo isso um jogo difícil e com uma história marcante e escura. Queria muito que tivesse o Swordigo 2 eu baixaria com certeza. Então recomendo muito baixar e zerar esse jogo 100% bem difícil mas se você pegar o jeito fica mais fácil.",5,155,1.4.1,2019-12-08 19:42:31
97,Daniel Campelo,https://lh3.googleusercontent.com/a-/AOh14GiA6EfX402XH3KLgV_fLJ1fhSsljn3EZl_TkN5h_Q,"Jogo muito bom, para quantidade de armazenamento que é exigida. Jogabilidade muito boa, não é um jogo bobo o que deixa o jogo interessante também.",5,0,,2020-05-28 14:16:09
98,Carlos,https://lh3.googleusercontent.com/a-/AOh14Gg9-l16-zAOp7hN9K2G9vxCRDPhYJG7rtEPtuRBtA,O jogo e muito bom mas o que deixa a desejar e não ter a tradução para (PT BR) pois algumas pessoas não sabem entender a língua inglês tirando isso é perfeito aguardo ansiosamente uma atualização desde jogo ou o Swordigo 2 obrigado desenvolvedores,4,4,1.4.1,2020-03-18 10:38:15
99,Juliano Marques da Rosa,https://lh3.googleusercontent.com/a-/AOh14GgCWlEsKDoTWmLOHDljbbA1DHE_XtQZ6gBQu4Z1vA,"O jogo é top. Jogabilidade é muito boa com gráficos excelentes, divertido. Parabéns aos criadores. Fale muito a pena baixar para jogar.",5,4,1.4.1,2020-03-27 13:29:05
