,userName,userImage,content,score,thumbsUpCount,reviewCreatedVersion,at
0,Lina Nardes,https://lh3.googleusercontent.com/-G2Jx50G5-4E/AAAAAAAAAAI/AAAAAAAAAAA/AMZuucnW4cXk_JGh6nV2nC9ym0fsTD4ROA/photo.jpg,"Vc devia mudar o som de ataque quando tem muitas plantas-pulta(nao-palavrao ) a minha mae se enganou quando eu assistia um video do jogo no youtube ela pensou que eu estou vendo video de tiro e fez eu nao assistir mais,e na verdade meu nome é Leonan dei uma estrela e va responder senao eu vou contar tudo pro os jogadores",1,241,2.9.06,2020-05-27 10:07:55
1,Gabrielly Farias Pedrado,https://lh3.googleusercontent.com/-kK22R51wdmU/AAAAAAAAAAI/AAAAAAAAAAA/AMZuuckf43b0Zk5mgBJYeUjGsm1IUqViTA/photo.jpg,"O free é muito ruim, eu fui tentar jogar e quando eu plantei uma planta ele saiu sozinho e aconteceu a mesma coisa com a minha irmã, que foi tentar jogar também, por isso dou só uma estrela, por que também não sei se é do meu celular ou do jogo",1,198,2.9.06,2020-05-23 08:36:22
2,Manuela Lopes,https://lh3.googleusercontent.com/a-/AOh14Gh9egm5yNKmWZJjjIsV3Deu4Z7j4IJh4StODRQR,"Jogo muito, muito bom! O problema dele são as propagandas elas praticamente dobraram. Nunca vi tanta propaganda de tiktok na vida que nem no jogo.",4,376,2.9.06,2020-05-23 03:28:47
3,Pedro Henrique Melchior,https://lh3.googleusercontent.com/-leNqmzp0h5s/AAAAAAAAAAI/AAAAAAAAAAA/AMZuuclzlwZCFrkdnPA9HzqsIVG7Tbz2Cw/photo.jpg,Bom eu já joguei em todos os celulares meu e da minha mãe então o jogo é super bom recomendo enstalaren por q é muito legal sério parabéns aos criadores desse jogo. E e o outro também o planta vs zumbis 2 é legal enstalem os dois esse o dois,5,131,2.9.06,2020-05-26 08:09:05
4,rafael FIORIO,https://lh3.googleusercontent.com/-zio30d7pvbs/AAAAAAAAAAI/AAAAAAAAAAA/AMZuucmNpec395VCsBG48-ZXsxClo7yBKw/photo.jpg,Esse jogo tem uma textura bonita. Ativar o modo avião para parar com os anúncios. O jogo divertido. Dá para jogar no XBox 360. Tem várias fases legais.,5,118,2.9.06,2020-05-27 13:42:34
5,mundo stranger,https://lh3.googleusercontent.com/a-/AOh14Gh1Yqrbn_Q_WnDPwFyAgXCubBTTCy_IudYWyv2LYg,Eu já joguei esse jogo no meu outro celular ele é bem legal! Vi muitas pessoas reclamando que ele tem várias propagandas é só vcs colocarem no modo avião ou desativar a internet do cll aí o jogo vai ficar ótimo sem anúncios. Espero ter ajudado alguém Passem no meu canal no YouTube mundo atranger é a mesma foto dessa do meu perfil,5,949,2.9.04,2020-05-17 17:35:21
6,Fernanda Ott,https://lh3.googleusercontent.com/a-/AOh14Ggjf4-5D7Lc7AHEBqyNhI_i3CTd45yAyuEQGJ1E,"Simplesmente perco todos os dados derrepente. Entro para jogar e tenho q partir do início novamente, frustrante.",2,3,2.9.06,2020-05-28 00:16:57
7,Lipe Ferreira,https://lh3.googleusercontent.com/-8RfMrWuHtqs/AAAAAAAAAAI/AAAAAAAAAAA/AMZuuckB738Sp7tM-As8N_QGlCvcKRy0Vg/photo.jpg,Jogo ótimo e muito legal esse jogo w bom tipo para pensar rápido e a inteligência e muito bom e divertido eu já zerei esse jogo o chefe mal acreditei q ele era o boas o fazendeiro kkkk,5,0,2.9.06,2020-05-30 20:17:15
8,Felipe Rezende,https://lh3.googleusercontent.com/a-/AOh14GiMouVO6w0gTUblxU2yRYzcWERIEx57hxKWFifz,"O jogo é extremamente bom, mais ele não entra no meu celular, antes ele entrava mais agora ele não entra.",2,41,2.9.06,2020-05-20 20:22:54
9,David lucas Do nascimento catarina,https://lh3.googleusercontent.com/a-/AOh14Gj-FwjHKW-a0qAWK6-52HbBwIft0tZycHOUfuU,"Nao permite início do jogo Meu celular eh um moto G2 ( não sei se tem haver, mas...) Ao apertar em play adventure, o jogo trava e não permite iniciar a partida...",1,32,2.9.06,2020-05-12 22:21:50
10,bruna brandao,https://lh3.googleusercontent.com/a-/AOh14Gi9Yu1JSUNkvXCgK4W56J5tw2ZN8n3H11ajNGh_QrA,Má experiencia com perda do progresso no jogo. Joguei praticamente 90% do jogo e do nada sumiu meu progresso. Como seu fosse a primeira vez jogando. Aconteceu duas vezes. Achei que fosse atualização automática. Desativei as atualizações automáticas da play store. Mas aconteceu de novo,3,507,2.9.04,2020-04-23 15:23:14
11,Vinicius Ferrari,https://lh3.googleusercontent.com/-IrxnQblGjr8/AAAAAAAAAAI/AAAAAAAAAAA/AMZuucmoXNRHCXOimZfZMvtThZJBg2TNWg/photo.jpg,"Eu tô na fase 10 do quarto mapa e eu tava jogando e acabou a bateria eu pois carrega depois voltei pra jogar a partida e quando pra jogar a partida que eu parei buga o jogo e ele fecha sozinho olha eu não tô afim de desinstala e instala de novo, eu tô quase chegando na última fase se nao ajudarem ae eu não viro o jogo",4,918,2.9.04,2020-03-29 18:54:22
12,Nilda Campos,https://lh3.googleusercontent.com/-xipbLa9BBP4/AAAAAAAAAAI/AAAAAAAAAAA/AMZuuckqXAwFoq9RQXQxDNLz8iXpFKcFVg/photo.jpg,"Esse jogo é muito bom muito legal mais no meu celular que é o motog2 ela trava no início não posso clicar no play adventure então não posso jogar o jogo, mais ele é muito bom",1,4,2.9.06,2020-05-27 10:52:27
13,Agenor Zapparoli,https://lh3.googleusercontent.com/a-/AOh14GimCewOx7aFI9y1isChrBenQpQaRIFdQYVBD_ec,"Simplesmente demais esse jogo. Muito viciante, tático, perfeito. Vou continuar.",5,27,2.9.06,2020-05-11 01:11:30
14,clayton alexandre,https://lh3.googleusercontent.com/a-/AOh14GhwcTBlNwJuDkQqY5-pwktjRKgtjGLLm_jUJj4,O jogo ate que è legal sabe mais o problema maior è essa maldita propaganda que os proprios criadores do jogo permitiram para forçar o cliente a pagar 5 reais para tirar dos jogadores e eles consequentinente conseguir lucro forçado mais se vc tiver paciencia para esperar uma propaganda vc aproventa o jogo ......,2,309,2.9.04,2020-04-08 11:03:46
15,Camila Strictar,https://lh3.googleusercontent.com/a-/AOh14GiYOhqoY5MtOT2n0vNsul7QEOZ8KxQsc-K1gfjSFA,"O jogo é realmente muito interessante, mas nas últimas semanas, perdi o progresso do jogo três vezes. Entro no jogo e parece que acabou de ser instalado. Os devs deveria checar o que está acontecendo com o jogo.",1,238,2.9.04,2020-04-08 20:41:14
16,Angela Maria Prudencio,https://lh3.googleusercontent.com/-5spYJS2ZRbk/AAAAAAAAAAI/AAAAAAAAAAA/AMZuuclIVCwJsswZCcf5qK0_gj_5KhUECw/photo.jpg,"Jogo excelente qualidade, ele é muito bom e muito criativo. Mas poderia melhorar o custos da planta, pq e muito caro mas fora isso o jogo e impecável.❤❤",5,62,2.9.04,2020-04-22 09:59:14
17,Natalia Paiva,https://lh3.googleusercontent.com/a-/AOh14GgNwFZyQYPksw8c9buOqCKQoCow3qPGnk4NJK7f,"Estava jogando, o jogo travou. Eu saí é entrei de novo e quando vi tinha perdido todo o meu progresso, do nada!",2,5,2.9.06,2020-05-22 21:27:49
18,Warlei Azevedo Rcc,https://lh3.googleusercontent.com/a-/AOh14GiE5poVOSMKoWopfmCTprGiOAQeYtiMKhhexyOmIQY,"O jogo é ótimo. É divertido, legal e dá pra passar muito bem o tempo, o problema é que um dia entrei para jogar e tinha voltado do início, o que me desanimou um pouco a continuar.",4,259,2.9.04,2020-04-12 17:15:10
19,Rafaela Ferreira,https://lh3.googleusercontent.com/-vGgQIc7dbEc/AAAAAAAAAAI/AAAAAAAAAAA/AMZuucnzdfBJjy4GVa8Cbsv-awEihLWf7w/photo.jpg,Amei esse jogo ele é muito legal eu jogava muito adoro joga esses jogos tem da flor. Tenda pranta que joga bola emuito legal eu dei cinco estelas vc pode👍 joga eu. Falo e muito legal,5,12,2.9.06,2020-05-15 14:18:50
20,END ENDER,https://lh3.googleusercontent.com/a-/AOh14GjBr5Q5U1bqyATeZt6qi4r_nJVu9wINHneswV-n,"Amei esse jogo a EA ja me impressionou so nos graficos de certos jogos como Real Racing, UFC entre outros mas esse que jogamos eu, minha mae e meu irmao e todos gostamos esse jogo e lindo e obrigado por essa atualização me lembrou o layout do pc. ;)",5,170,2.9.04,2020-04-15 20:58:11
21,Mundo da Ana,https://lh3.googleusercontent.com/a-/AOh14GgaHanGmTCyffv893yijcLjES7i9eEXkkt986Md,"O jogo é muito bom, mais quando chega no nível 9 trava e saí do aplicativo, já desistalei vários outros apps pq pensei q o problema era a memória do meu celular q estava muito cheia, mais msm assim não adiantou ☹️",2,615,2.9.03,2020-03-22 15:21:10
22,OTÁVIOGAMEZ,https://lh3.googleusercontent.com/a-/AOh14GhNujCSS6XKwpZEsmOSzbkY3vGTrtIUaJuhwqTnjA,É muito legal vc tem que ser estratégico e pensa rápido antes que os zumbis comem seus miolos😋anúncio sem problema desliga o seu WI-FI do celular passem no meu canal no YouTube OTÁVIOGAMEZ😎,5,5,2.9.06,2020-05-09 05:11:29
23,Yan aventuras,https://lh3.googleusercontent.com/a-/AOh14GiaKmTas3OaX1oOFTNZCISi7AXxJvC-FKJhBUFl2w,Eu adoro o jogo mas dei três estrelas por o motivo eu zerei o jogo tinha todas as plantas mas fui entrar no jogo e voltou tudo do começo agora eu tô muito triste eu demorei muito tempo pra zerar e conseguir todas as plantas espero que vocês comserte isso...,3,3,2.9.06,2020-05-25 21:33:10
24,Yasmim Original,https://lh3.googleusercontent.com/-09ISGnagfao/AAAAAAAAAAI/AAAAAAAAAAA/AMZuucn4Z8rWyztZh_2uiflWDcpBCYfJDA/photo.jpg,Amo es o jogo é perfeito é muito legal se eu pudesse dar mil estrelas nesse jogo eu dava gente é muito viciante muito legal as crianças ficam muito eu amei é uma versão muito boa que nossa coloca as plantinhas lá obrigado obrigado por me deixar avaliar esse jogo magnifico acrianças serve para qualquer tipo de idade esse jogo maravilhoso é um jogo que a gente tem que lutar contra os zumbis tem muito Esporte Por que corre e é isso que eu tenho para falar é maravilhoso esse jogo parabéns aos invent,5,31,2.9.04,2020-04-16 11:27:58
25,Tiago Matos,https://lh3.googleusercontent.com/-UTJrG49xzHE/AAAAAAAAAAI/AAAAAAAAAAA/AMZuucmO00ygBU187b62mbKE_rBVyAUVwg/photo.jpg,"O jogo é bem divertido o problema é que a tela do telemóvel não vira quando o jogo está aberto porque uma parte do ecrã do telemóvel não funciona então eu viro sempre o ecrã, mas o jogo não deixa",5,143,2.9.04,2020-04-03 11:33:57
26,victor hugo vladimir viegas de azevedo,https://lh3.googleusercontent.com/a-/AOh14Gj93iyz84YogQ7TXN6SzA3lao-JhMQzwru0KgFPJw,este jogou iniciou começou tudo de novo eu termenei ele zerou pode colocar ele quando era antes e para Popcap Zerei ESse jogo Mas do Nada Zerou meu progesso voltou para o inicio to triste nao vou tentar zerar denovo porque se nao me Progesso vai zerar vai começar desde Da Fase 1 A primeira,5,4,2.9.06,2020-05-21 17:59:59
27,Victor Hugo de sobral gomes,https://lh3.googleusercontent.com/-1fTvzfmQwp0/AAAAAAAAAAI/AAAAAAAAAAA/AMZuucnYKq_v0rAGYzFiF9NMOiHtay7N_g/photo.jpg,"Gostei um pouco só não gostei de ter poucos zumbis e poucas plantlas e tambem poucas fazes,mas o que eu mais odiei foi que o girassol não se desenvolveu na noite mas parabens👏👏👏👏 pelo jogo",3,0,2.9.06,2020-05-24 17:17:16
28,Luis Mendes,https://lh3.googleusercontent.com/a-/AOh14GikPcaPbUUQ_wn9IIMbqHfTwss_yoGd4ri9YS2fmA,"Decepção no final. Após terminar o jogo, fui refazer as etapas que mais gostei, e ele deu reset em quase tudo. Que lastima, depois de tanto tempo. 👎",1,38,2.9.06,2020-05-08 15:14:31
29,Cris Cris,https://lh3.googleusercontent.com/-kI89VdJCOi8/AAAAAAAAAAI/AAAAAAAAAAA/AMZuuckdZFPhMaSgF2u-qsAGmC6OScSzuQ/photo.jpg,"O jogo e muito bom , mas está travando muito ,e muita propaganda, manda acionando o (x) excluir demora para sair e voltar pra o jogo , resumindo está horrível uma estrela e muito",1,77,2.9.04,2020-04-07 01:23:06
30,breno matos,https://lh3.googleusercontent.com/a-/AOh14GhyZtFc31T0tmaZGg_AldpBVs24CXU-yY00PTn_4A,o jogo e perfeito graficos bem legais e bonitos mais podia deixar a tempestade mais facil porque nao da pra ver nada tem que ver muito rapido mais o jogo e perfeito e incrivelmente espetacular merece 5 estrelas,5,10,2.9.04,2020-05-01 21:04:32
31,Rodrigo de Jesus Pereira,https://lh3.googleusercontent.com/-ASUg0C3jlrs/AAAAAAAAAAI/AAAAAAAAAAA/AMZuucnEtYZb8RgXUSv1VwyPlULoQaHo-g/photo.jpg,"O jogo não está funcionando, trava o tempo todo e sai, o que acontece??",1,9,2.9.06,2020-05-12 15:14:07
32,Julian Vinicius 123,https://lh3.googleusercontent.com/a-/AOh14GiRiEsASKiiaqKYZkoPWuwSBPeAOK9RCcMvLliOhQ,Muito bom o jogo essa última atualização deixou o jogo muito bom da para refazer o level q antes n dava .Amei esse jogo muito bom.so q eu cheguei na fase 9 e o jogo ele tipo n q que eu passe para a noite .mas o jogo e bom,4,106,2.9.03,2020-03-24 17:29:46
33,mundo da bagunça com manu,https://lh3.googleusercontent.com/a-/AOh14GhA5c1P-RcLZGGQuTYcWPzATnhmj2uRuU4cjxthwg,Esse jogo e bom e mais au mesmo tempo ruim quase todo tempo trava no meu celular mais e muitobacana,3,0,2.9.06,2020-05-25 22:14:26
34,Iara Rodrigues,https://lh3.googleusercontent.com/a-/AOh14Gg4jCh1GAh8OJvjeQxHCwMPT5_ezyYYCht5fHgvuw,"Já estava praticamente com 90% do jogo ganho, quando sumiu tudo, voltou para o começo do jogo e tudo foi apagado. Tava até gostando mas foi decepcionante. Desinstalando.",1,4,2.9.04,2020-04-30 08:51:09
35,Vanessa Felix,https://lh3.googleusercontent.com/a-/AOh14Givf_ADUtTfCkmIBvU7Sa3hNXQ7BzN2XUE9Rh6Y,"Eu estou na fase 9 do quarto mapa,e simplesmente travou, abro o jogo e ele fecha sozinho não vai Dr jeito nenhum, estou quase desinstalando",5,6,2.9.04,2020-04-23 10:39:13
36,Breno Rosario,https://lh3.googleusercontent.com/-nxf6dnRH2C4/AAAAAAAAAAI/AAAAAAAAAAA/AMZuuckAe_Yij9Bc4PVv8cDRgWl2X-EhIQ/photo.jpg,O jogo é legal e divertido mas vocês poderiam fazer com que o jogo se ajustasse com a rotação da tela,5,3,2.9.06,2020-05-10 11:40:48
37,Iuri Mandela,https://lh3.googleusercontent.com/a-/AOh14GjfONDj3ZTWxV0NrX-ntac76xIG84t-pGCWLKAopg,"Não tem como tirar as propagandas, toda hora tem uma.",3,1,2.9.06,2020-05-27 14:22:11
38,Vanessa marques,https://lh3.googleusercontent.com/a-/AOh14GhakbQ5p4jeEoET-TRC-lfbr7mUt7jLrpRjJ-VG,Sempre joguei mais poderia ter a opção em português! Outra coisa que seria bem legal vcs poderiam colocar email ou facebook pro nosso progresso no jogo ficar salvo. Tirando isto o jogo e otimo,5,6,2.9.04,2020-04-21 04:32:43
39,Thais Franca,https://lh3.googleusercontent.com/a-/AOh14GgjRcdHb9Ri_P2hbTucT269tfVhmWjx9EDvRivNncA,"O jogo é muito legal, bem feito. Só que o que estraga, é o fato de ter muita propaganda, toda hora. Deveriam tirar isso, porquê acaba sendo chato.",4,4,2.9.04,2020-04-18 03:01:44
40,Clerson Cronakel,https://lh3.googleusercontent.com/a-/AOh14GjKdj3IqM2hMOPpm_TM2zeGkLS8Ex6lKavsq8VJ4w,"O jogo é bom só que é muito fácil achu que deviam melhorar algumas coisas mas tirando isso, agora que terminei ficou muito fácil deviam ter trabalhado mas no adventure 2",5,15,2.9.04,2020-04-07 18:47:04
41,Hugo Lopes Rodrigues,https://lh3.googleusercontent.com/-nMzg0a7fJyU/AAAAAAAAAAI/AAAAAAAAAAA/AMZuucmpFreoN2e8k3NcA1dqm9Dm_wRMcg/photo.jpg,"Eu amei o jogo, entretanto perdi meu progresso quando já estava na fase 5 da noite na aventura 2 e tinha 10 plantas e 1 cogumelo no zen garden.",3,114,2.9.05,2020-04-29 20:21:27
42,Heloísa Corrêa,https://lh3.googleusercontent.com/-dbfQcMrjQT4/AAAAAAAAAAI/AAAAAAAAAAA/AMZuucm74ZG7x5fNz_8b4uqFrhERFXZTWw/photo.jpg,O jogo em si é bom é não apresenta nem uma propaganda eu já joguei muito esse jogo é avalio 4 estrelas porque nada é perfeito mais esse é ótimo.,4,2,2.9.06,2020-05-07 17:50:50
43,Igor Santos,https://lh3.googleusercontent.com/-ABd31w9N19w/AAAAAAAAAAI/AAAAAAAAAAA/AMZuucmflt3tW_-3o-qhUrHeYV6VaJcvpw/photo.jpg,E muito bom o jogo mas para jogar tem que ter bastante estratégia para conseguir vencer os zumbis mas tirando isso os gráficos são muito bons,5,362,2.9.05,2020-04-29 15:06:45
44,janelinha maromba,https://lh3.googleusercontent.com/a-/AOh14GgfrvNveThKCnMYEitTcJBGhsEqhwHxR67yzMTD,Esse jogo é muito top eu amei para o jogo muito ele eu tô aqui no meu celular novo muito obrigado ea você é uma das melhores empresas só não do 1000 estrelas porque não dá vcs marcarão a minha infância eu tenho oito anos e nunca vou desinstalar nunca da Silva eu adoro vcs obrigado,5,9,2.9.03,2020-04-03 12:06:05
45,Maico Mohr,https://lh3.googleusercontent.com/-efco8cwRHwo/AAAAAAAAAAI/AAAAAAAAAAA/AMZuuckH4ik7r4IuDPnYc9XHzdbSp8VP0Q/photo.jpg,Decepção joguei o jogo e de repente ele voltou do zero Aonde foi para minha carreira no game alguém me ajuda entender Além de esta cheio de propagandas poderiam diminuir um poico isso também,1,32,2.9.04,2020-04-01 22:45:17
46,Samira Regina,https://lh3.googleusercontent.com/a-/AOh14GjV7P3bQ1Fn4wU1KgaDyDe4kPauEvT8F0WrYBa3xO0,"Eu adoro esse jogo, apesar das propagandas chatas, mas ele buga e a gente perde tudo. Desenvolvedores, convertem isso, por favor. Obg",3,4,2.9.04,2020-04-14 20:12:02
47,Rafael Rolim,https://lh3.googleusercontent.com/a-/AOh14Gg0Of9W36uz3oYz9gZkE2WfZgE9_nsr3mLvWypgUdA,"Comprei o jogo a algum tempo e agora instalei para ajudar passar a quarentena, mas agora não consigo restaurar a minha compra, estou tendo que jogar ele com ads que são frequentes. Me ajudem.",1,17,2.9.04,2020-04-12 13:32:13
48,Diego Oliveira,https://lh3.googleusercontent.com/-bTm-ThWuuEw/AAAAAAAAAAI/AAAAAAAAAAA/AMZuuclMBY9KiUAPT5o2blodWKXjQHcACw/photo.jpg,Eu gosto muito desse jogo eu já tive esse jogo no meu tablet mas ele começou a ficar muito cheio tive que desabaixar eu estava na fase 10 estou abaixando de novo no celular ainda bem senti saudade.,5,5,2.9.04,2020-04-17 13:34:35
49,Yan Kelvin,https://lh3.googleusercontent.com/a-/AOh14Ghfs1pYUt_3mMimLNdUkPVEN-Mg0Klzz8fuGn4hhno,Tem a nostalgia do jogo de pc de anos atrás mas com os gráficos piores e parece que o jogo esta muito lento comparado ao plantas vs zombies 2,3,29,2.9.05,2020-05-12 23:24:40
50,Isabel Cristina Amaral,https://lh3.googleusercontent.com/-Wm1gboAfePI/AAAAAAAAAAI/AAAAAAAAAAA/AMZuucnVfepRISo-2RZejSXVr0hQUoi70A/photo.jpg,"Amo esse jogo Demais, infelizmente está travando muito e não acontecia antes , seria bom resolver isso pois não gostaria de parar de jogar 💙💝",5,13,2.9.03,2020-03-27 23:56:10
51,Alicy Flavia Lima de Morais,https://lh3.googleusercontent.com/-FkyKgvBsuGM/AAAAAAAAAAI/AAAAAAAAAAA/AMZuucl2dxh4Lz4kLcc7VGgnx99lMwe7MQ/photo.jpg,Não gostei muito pq quando vc derrota o gigante as fases que vc passou bloqueia aí não dá para vc jogar novamente só se vc desbloquear tudo de novo,4,7,2.9.03,2020-03-29 21:03:47
52,Theo Ribeiro,https://lh3.googleusercontent.com/-XPhp-PkoPw0/AAAAAAAAAAI/AAAAAAAAAAA/AMZuuckvtjSYh2Byik59FgoMBM7Gp5Er-A/photo.jpg,Esse jogo é muito bom muito mesmo todos vcs tem que jogar plantas vs zumbis,5,1,2.9.06,2020-05-19 20:00:40
53,ilan Gabriel,https://lh3.googleusercontent.com/a-/AOh14GjJUmkwrsYEIzwh0eShAE77irA7Q_Gcd25_uk_1,Olha o jogo é bom é divertido bem aventurante mais o problema é que trava ais vezes não entra ou dunada sai quando eu tou jogando e isso me deixa com muita raiva por que ais vezes presta mais ais vezes não também .,4,10,2.9.04,2020-04-07 13:26:46
54,Arthur Mariano,https://lh3.googleusercontent.com/-gSAydWhV9A4/AAAAAAAAAAI/AAAAAAAAAAA/AMZuuckTbVfM9FDYiJz2bT28B8asgyi0DQ/photo.jpg,In 2 dias já tô nu teto e muito legal acho que vc vai gosta desse jogo o planta vc Zombies 2 e um lixo esse é bom😍e muito emocionante:3 (-),5,1,2.9.06,2020-05-17 18:22:31
55,•Ray Mom back• *bad child*,https://lh3.googleusercontent.com/-Ge_udUZ0zmM/AAAAAAAAAAI/AAAAAAAAAAA/AMZuucnoNzIEYmwqTYrOXO00UvXmO53PPg/photo.jpg,"Nossa mano é muito bom super recomendo baixei hoje e até agora n tem nenhum bug e nem reclamações minhas para este app então baixem ele é muito bom, melhor jogo que baixei.❤",5,4,2.9.04,2020-04-23 10:46:05
56,fostico game,https://lh3.googleusercontent.com/a-/AOh14GieAIIvqgkkaKoENgEAdIkMdguTmKxXC5_vUVlFbg,oi eu sou o foscogame eu adorei esse jogo é incrível mas tem um problema em uma fase do nith 1 no jogo espero que este problema seja resolvido.,5,15,2.9.03,2020-03-27 20:07:16
57,Arthurjana4,https://lh3.googleusercontent.com/a-/AOh14Ggn2m_R4obkzKbHTsPmd613xraoOvvT5OgtZcTgsw,O app é muito idêntico Ao do PC mais não dou 5 estrelas pq no survavil Endless sempre trava e não dá pra entra e joga.,4,8,2.9.04,2020-04-03 17:56:46
58,Idôneo PoeticaMente,https://lh3.googleusercontent.com/a-/AOh14Gh6yfo78peOlDuX4a6rB0eKRBS20blyONFimF2dDw,"Gostaria que fosse em português, para não precisar ficar traduzindo as conquistas no google e tbm os mine games que precisam comprar moedas ...m isso desanima um pouco.",2,10,2.9.05,2020-05-08 01:07:54
59,Yndiana Alencar,https://lh3.googleusercontent.com/-Df2tPs1-Tn8/AAAAAAAAAAI/AAAAAAAAAAA/AMZuuckmoEmli9IeDyZF2-Il984f8868hA/photo.jpg,É bem legal quando vc tá de tédio sem nada pra fazer ou em um lugar sem internet que nenhum jogo seu presta aí vc joga ele bem legal,5,1,2.9.06,2020-05-21 00:26:08
60,Bruno Santinato,https://lh3.googleusercontent.com/a-/AOh14GgcdyrY4JLQ8CZVt2ksh0m7liso5BbkIdcTaDcPFQ,"Muito bom, porem nesta ultima atualização na fase das piscinas o jogo fecha inesperadamente!",5,2,2.9.04,2020-04-22 22:16:01
61,Matheus Ferreira,https://lh3.googleusercontent.com/-6sbvAcGWfx0/AAAAAAAAAAI/AAAAAAAAAAA/AMZuucldHWRnnsPN9_0zIMvC0-BhZJvznw/photo.jpg,Ótimo jogo mas eu dei quatro estrelas pq tiraram o modo survival mas ainda é muito bom,4,1,2.9.06,2020-05-15 21:25:05
62,Alexsander Oliveira,https://lh3.googleusercontent.com/a-/AOh14GgFbfDJ2Sw6ZA5TN6XbcptYX3RFrVNOYpR-f7l1,"Se eu ligo esse jogo no wifi ele lança um anúncio atrás do outro. Mas tirando o quão mercenário ele é, o jogo é ótimo.",4,10,2.9.04,2020-04-03 21:43:22
63,bergamesbr _,https://lh3.googleusercontent.com/a-/AOh14Ghiev1msbyZBQH0IcsZAsPFYJ09t0oPyAaS8ZaRjxo,"Jogo muito bom mas hj em dia eu n consigo iniciar um fase,porém consigo entrar no meu jardim e falando no jardim ia falar uma sugestão a comida podia ser toda não ia ter q comprarestou tentando ter todos os itens do jogo mas quase minhas plantas pedindo comida água aquele sprayzinho e a música fica meio difícil tirando essas coisas pequenas amo o jogo nessa nova atualização melhorou muiiiiiiiiiiiiiiiiiiiiiiiiiiito mais amei❤️👍👏👏👏🏽👏🏻👏🏻👏🏻👏🏻jogo bom merece um grande salva de Palmas 👏",4,1,2.9.04,2020-04-27 21:06:13
64,Bebela Nogueira,https://lh3.googleusercontent.com/a-/AOh14Gimni63o0mDKsLtcZmEWffKnZGU5_xU2dXZ8wpi1-A,"Só não dou 5 estrelas porque não dá pra salvar o jogo e está em inglês, mas ele é muito bom e quanto aos anúncios cansa um pouco.",4,7,2.9.05,2020-05-12 09:44:04
65,irmas carmo,https://lh3.googleusercontent.com/a-/AOh14GiM-AXdROzF39QxGZwR1wTp5GyLaR2kVrZuE5bYzQ,Ótimo aplicativo gráficos ótimo único defeito e que e inglês mais o resto está ótimo,5,1,2.9.04,2020-04-28 22:12:34
66,Fabianna Oliveira,https://lh3.googleusercontent.com/a-/AOh14Gi8gM5NkjBa8he8bFHs771enD5wSWwXApkFTU4aNA,"Jogo e ótimo, tava viciando já RS, mas quando chegar no nivel 9 para o app sair sozinho.",1,10,2.9.03,2020-03-25 19:10:53
67,Zyon Royale,https://lh3.googleusercontent.com/a-/AOh14GjL_ykHFJ1WbsexC1xMPG16G0g5vYJYJoYE2AN6Ug,Muito bom o jogo tem uma fase que é bem difícil mas isso deixa ele bem desafiador porque até diz que o jogo é de estratégia enfim dou 5 estrelas o jogo é top,5,2,2.9.04,2020-04-24 00:28:12
68,Eduardo Lazarim,https://lh3.googleusercontent.com/-q34eT_rlnMw/AAAAAAAAAAI/AAAAAAAAAAA/AMZuucktrqXA32qyXWozpDkHopwW0sM8rg/photo.jpg,Estou com falhas porque quando vou jogar não consigo entrar no jogo aí ele fala plantas vs zombies não está respondendo porfavor gosto muito do jogo e não quero parar de jogar me ajudem se puder.,5,7,2.9.03,2020-03-22 22:02:12
69,Ronaldo Nadia,https://lh3.googleusercontent.com/a-/AOh14GjitUU2LpyxmS_EOYgeqmacVcBR23ikdS44NT17,Não tem como passa da level 5 do roof pois os criadores erraram dessa faze o andamento da esteira e muito de vagar pra muito zombie,1,3,2.9.06,2020-05-17 18:34:20
70,Raquel Lima,https://lh3.googleusercontent.com/a-/AOh14Gi63wBDzbc1kTTR4cabHC4s_j6rxtAI1l6LZb6_OHg,"a fase 7 no mapa do telhado nao abre de jeiro nenhum, fica so saindo do jogo. as outras fases abrem mas essa não resolvam isso",3,7,2.9.04,2020-04-26 13:53:20
71,Bruno Sousa,https://lh3.googleusercontent.com/a-/AOh14GgHd1FKRmHfBzxc8KPgp8Sq7kdHcKKeP3yU2Qjfuw,O jogo está travando e fechando sozinho. Horrível. Sem contar a quantidade absurda de propagandas. Desinstalando.,2,7,2.9.03,2020-03-29 13:16:35
72,Cassia Dias,https://lh3.googleusercontent.com/-0im5hinfIZE/AAAAAAAAAAI/AAAAAAAAAAA/AMZuucndfLw101naNmWKJUvPUDQtgvTKpw/photo.jpg,O jogo é muito bom. Já virei várias vezes. Desinstá-lo e quando dá saudades baixo de novo. O 2 também é ótimo.,5,3,2.9.04,2020-04-15 23:02:06
73,Ruan10 gamer,https://lh3.googleusercontent.com/a-/AOh14Gjufzgym0Co9jTddWYBtI4XaTYlr5H0-UlSzDPN8g,Incrível mas poria cando no level ganhace duas plantas uma normal e outra evolução faça uma atualização que faça isso,5,9,2.9.03,2020-03-30 17:02:18
74,FORÇA GAMES,https://lh3.googleusercontent.com/a-/AOh14GjArIxhNuLZdq8zQOu8wwesBF0uwYWXEoBDLH8QMQ,"Péssima, comprei a versão sem anúncios mas continua aparecendo anúncios no jogo.",1,14,2.9.04,2020-04-10 14:32:53
75,Uniter _Mari_ Mariana_beatriz,https://lh3.googleusercontent.com/a-/AOh14Ghn5Qwvp63WW0cO2ByMGWzpejfxS-woi0Rkxyon,Esse jogo era muito legal mais agora só trava antes não travava só aparece plantas vs zumbis parou tem vez que eu vou colocar as plantas e não vai,1,22,2.9.03,2020-03-20 07:55:58
76,Pedro Seminotti,https://lh3.googleusercontent.com/a-/AOh14Gjv9hO_ZqpifiBTyUCysGXo-BhAymGLTtu83llQog,"Jogo muito bom, mas jogue com o wifi deslogado, pois é cheio de propaganda e acaba dificultando jogabilidade",5,3,2.9.05,2020-05-12 01:44:30
77,Bryan Gonçalves Silveira ramos,https://lh3.googleusercontent.com/-wp5FV6wCGB0/AAAAAAAAAAI/AAAAAAAAAAA/AMZuuclQLA9g41bXly9T40fcCVgNx5GCUA/photo.jpg,O jogo e bom mais eu consegui chegar na fase final do jogo q derrota um robô zumbi gigante fechei o jogo mais tarde eu entrei e ele começou tudo de novo do nada por favor arumen isso pq não tem como a pessoa ter paciência !,3,1,2.9.06,2020-05-30 02:58:47
78,PRO gabriel092.0,https://lh3.googleusercontent.com/-A_BlfRIhNFc/AAAAAAAAAAI/AAAAAAAAAAA/AMZuucmUGTJh8hIS1FngSRe3C4Wjh9KQgg/photo.jpg,Tem a lenda do zumbi deletado desse jogo diziam que nem a cereja esploxiva matava ele nenhuma planta matava ele os olhos dele eram vermelhos e assustador explica para min e real ou não essa lenda desse zumbi macabro.,5,2,2.9.04,2020-04-25 20:19:37
79,filmes de ação de felipe,https://lh3.googleusercontent.com/-Eu-egPpGKnA/AAAAAAAAAAI/AAAAAAAAAAA/AMZuuck1oS0tGS_Di4npjfwvoxXNzZiQYg/photo.jpg,Mano o jogo é massa mas poderiam colocar uma planta nova tipo um tomate que cospe sementes de tomate mas cospe na velocidade da luz que tal?,5,1,2.9.05,2020-05-11 19:53:13
80,Pica pau cabeça vermelha,https://lh3.googleusercontent.com/a-/AOh14GhwMyMii0tUHWdcQXFob0_QfVMjeeOhUABq6hihFA,"Sinceramente, esse jogo ficou impossivel de funcionar, além de ficar travando ele fecha sozinho.",1,58,2.9.05,2020-04-24 16:49:28
81,Celso Sordi,https://lh3.googleusercontent.com/-rHrwL0aR5m4/AAAAAAAAAAI/AAAAAAAAAAA/AMZuucnVZdLU7W_a_h0mAGafUxsjEstVdQ/photo.jpg,O jogo e muito bom eu já joguei no meu tablet mas o meu celular não aguenta o jogo mas pelo menos eu já terminei o jogo não meu tablet mas eu quero jogar de novo 😞 eu tô com saudades desse jogo faz 2 anos que eu não jogo esse jogo tô com saudades 😢😢😢😢😭😭😭😖esse era o meu jogo favorito sempre eu acordava já ia jogar ele mas tudo bem 😉 eu poso jogar o jogo 2 mas eu queria e mesmo jogar o jogo1 mas ok e muito bom obrigado criadores,5,8,2.9.04,2020-04-02 13:23:37
82,blastoise diferenciado,https://lh3.googleusercontent.com/a-/AOh14Gg8hpY-GpIfNk8lWIa0bsTBkri-YMEJShyMlLZ5,"Não está entrando no jogo ,peço ajuda dos desenvolvedores ,pois sei q o jogo é bom e isso deve ser só um bug",2,13,2.9.04,2020-04-03 14:55:32
83,Invocable brow87,https://lh3.googleusercontent.com/a-/AOh14Gh6i3q-iE7n-J4AWcHXPKaV8siii-wbAjiRXa9c-w,Muito bom mais tem um problema podia ter mais sol. para colocar logo um girasou. e planta que ataca,5,5,2.9.03,2020-03-24 18:18:34
84,Desi Barros,https://lh3.googleusercontent.com/a-/AOh14GhS7l_OH5-gk07raYfESGEDGJUV_GeOWtRCtC_XE2E,"Amo esse jogo porém no meu celular não consigo colocar a versão em português, com isso tenho dificuldade em saber algumas coisas do jogo por não entender inglês",4,9,2.9.05,2020-04-27 16:25:54
85,Arthur Feitosa,https://lh3.googleusercontent.com/-H5l0ZRIV7Yo/AAAAAAAAAAI/AAAAAAAAAAA/AMZuuck62pNcww_IIUaGXgB-A-ErRqRJ7A/photo.jpg,"Tinha que ter os 10 slots que nem o de PC sério e também o criador de zombie, mas fora isso tá muito bom.",5,5,2.9.04,2020-04-09 16:09:23
86,Felipe de Freitas Barreira,https://lh3.googleusercontent.com/a-/AOh14Ggj-6VLFaHDHsNvvQqEwd2ZCRlb6oklCLFpvFZqnA,"Só passa o anúncio ""Burguer Seara"" no ""PvZ 1"" e ""PvZ 2""",1,1,2.9.04,2020-04-19 12:30:29
87,Gray White Hat,https://lh3.googleusercontent.com/a-/AOh14GijqKnfAcArQat06EMRbyRe6VfzcQWpT1IraSM5,"Cheio de propaganda e bugs, vcs realmente surpreendem o público com uma incompetência estrondosa..",2,7,2.9.05,2020-05-03 21:55:49
88,Big Ice,https://lh3.googleusercontent.com/-0dh5KYPxXaY/AAAAAAAAAAI/AAAAAAAAAAA/AMZuuckj_2SiizvY5fbCQT0fNDrAPKiV4g/photo.jpg,"Muto bom um clássico dos Mobile e um jogo divertido, mas na questão do jogo ele e bom e acerta nas expectativas.",4,3,2.9.04,2020-04-12 14:10:08
89,Darlene Franco,https://lh3.googleusercontent.com/-ttbC_m9Vmew/AAAAAAAAAAI/AAAAAAAAAAA/AMZuucn-qU0CcPi9C6li1OXvSSWSMBvEsw/photo.jpg,"O jogo é muito legal,tem muitas etapas pela frente,mais eu vou conseguir terminar parabéns pra quem fez esse jogo maravilhoso.",5,2,2.9.05,2020-05-10 11:53:35
90,nubru br,https://lh3.googleusercontent.com/-yRL18RICzIk/AAAAAAAAAAI/AAAAAAAAAAA/AMZuuck_ldYnnLcXF06Qc6HI_EIqe-tjWw/photo.jpg,Ele fica reiniciando eu tinha zerado mais do nada aparece o anuncio e reinicia tudo,1,4,2.9.05,2020-05-09 14:15:26
91,Camila Lima,https://lh3.googleusercontent.com/a-/AOh14Gh2GsDUEHUmM-JMd0L0JMnoPJASuyTV4wIMVWuFk2M,O Nível 6 da fase pool não dá pra jogar! Quando vc seleciona a fase o meu app fecha !,1,12,2.9.04,2020-04-03 00:43:55
92,Adriely Pereira,https://lh3.googleusercontent.com/a-/AOh14GiNKUSH_qVIsU4g4I6zJQ-uP-tPJzmXQm5EfKNW,Eu odiei esse jogo ele não entra e quando entra volta pra tela inicial então espero que melhorem isso eu queria jogar mais não da eu ainda vou dar tres estrela então melhorem isso por favor,2,3,2.9.05,2020-05-06 15:40:01
93,Erick Ramos,https://lh3.googleusercontent.com/-KLaY4QN3qUI/AAAAAAAAAAI/AAAAAAAAAAA/AMZuucls45yvkjpSscoGVvDOM7KrYYCIGg/photo.jpg,Cara eu já zerei mil vezes esse jogo soque tudo e muito caro principal mente as plantas na loja,5,0,2.9.04,2020-04-18 22:26:35
94,Anna Yasmin,https://lh3.googleusercontent.com/-gpXORbTIruA/AAAAAAAAAAI/AAAAAAAAAAA/AMZuucngtTRWGv1Xw4w_p4dlQI0x-4dLqA/photo.jpg,Muito bom quanto mais vc vai passando de fase mais vc desbloqueia outras plantas muito bom😄,5,1,2.9.04,2020-04-14 20:09:01
95,Ramon Monteiro,https://lh3.googleusercontent.com/a-/AOh14GhqnfRxoFN5wEinkDEslnF2yx0iJqOaCpSxx3CQ_Q,"Não tem como salvar na nuvem,ou seja formatou perdeu o progresso.",1,13,2.9.05,2020-04-26 20:38:47
96,FALA Rayla,https://lh3.googleusercontent.com/a-/AOh14GhuNF0Q3yxsJJYKcsBpTnQUEMMJNjr9GkmYl4Kd,Legal muuto bom os gráficos estão de parabéns,5,0,2.9.06,2020-05-23 20:22:11
97,Alexandre José da Cruz,https://lh3.googleusercontent.com/-RJSQ2l6eGos/AAAAAAAAAAI/AAAAAAAAAAA/AMZuuclmSbHUWTg2UI4BK8mTdej6n9fT2A/photo.jpg,O jogo é muito bom mais atualizações só que está saindo sozinho do jogo e está demorando muito para entrar no jogo arrumem isso por favor,5,1,2.9.06,2020-05-22 17:28:39
98,Meow ʕ•ᴥ•ʔ,https://lh3.googleusercontent.com/a-/AOh14GgB07hIoLIrQJiGhktxXhP5doM5TvnzJ_rQyQhvFw,"Man eu jogava esse jogo na infância.., e fui baixar ele hoje pq bateu sdds nhéh.. 07/05/2020 E mano eu sempre adorei esse jogo, ele é demais 🤩💖💭",5,1,2.9.05,2020-05-07 19:28:16
99,Matheus Lopes Lima,https://lh3.googleusercontent.com/-4g6whSz1ZEM/AAAAAAAAAAI/AAAAAAAAAAA/AMZuucle_egLVJtO3uFEZcnrB2d2BfyMXw/photo.jpg,A jogabilidade está ótima os níveis estão melhores e com várias maneiras de se jogar,5,4,2.9.04,2020-04-05 20:16:15
