,userName,userImage,content,score,thumbsUpCount,reviewCreatedVersion,at
0,Um usuário do Google,https://lh3.googleusercontent.com/EGemoI2NTXmTsBVtJqk8jxF9rh8ApRWfsIMQSt2uE4OcpQqbFu7f7NbTK05lx80nuSijCz7sc3a277R67g,"O jogo era muito bom, eu costumava passar horas por dia jogando, mas agora se tornou monótono demais, muitos eventos repetidos, além de que está uma dificuldade imensa pra conseguir gemas, e consequentemente montar novos decks, fazendo assim com que só as pessoas que gastam dinheiro no jogo consigam de fato ter uma experiência completa e utilizar os decks meta. Estou cada vez entrando menos no jogo e pensando seriamente em parar de vez.",2,91,4.7.0,2020-05-27 03:06:17
1,edipo hoffmann,https://lh3.googleusercontent.com/a-/AOh14Gi0Y2ctV5obJikPB9huVey4SYocnP-uLUtT_syG,"Ele era o melhor jogo no começo... Podíamos jogar varias vezes, tinha duelos que davam reviravoltas emocionantes, os efeitos da maioria dos monstros Deixa isso monótono, duelos que não duram duas jogadas por conta de efeitos... efeitos que bane todas as cartas viradas, ridículo isso, nem um pouco parecido com o desenho que nos trouxe a procura do jogo.",3,1,4.7.0,2020-05-31 20:50:08
2,Emerson Nascimento,https://lh3.googleusercontent.com/-pXtQ8aCQI00/AAAAAAAAAAI/AAAAAAAAAAA/AMZuucnQyfHravRCsBwi-gFrl8JxR1rSJg/photo.jpg,O jogo é excelente. Na minha opinião só deveriam tirar as habilidades e limitar mais as cartas porque o jogo acaba ficando sem graça porque às vezes tira a chance do oponente contra-atacar. Também acho que no primeiro turno deveria começar com cinco cartas e não quatro. Mas de qualquer forma o jogo é excelente. Parabéns aos criadores...,4,408,4.7.0,2020-05-14 18:09:18
3,Ramires Cicero,https://lh3.googleusercontent.com/-x-Q5dcOgCeo/AAAAAAAAAAI/AAAAAAAAAAA/AMZuuckVa3s5fSkrMIESKI6LGGSfuC9rmA/photo.jpg,"achei mais ou menos duel links deviam por Missões para destravar cartas boas,habilidades e ,etc, também devia ter mais de dois eventos,mais personagens,modos de duelos,mais lugares para explorar,etc e além disso tudo algumas fusões de polimerização e espéciais não se realizam vc puxa todas as cartas necessárias para a invocar e no fim não invoca e acaba perdendo...sem isso tudo o jogo se torna enjoativo ao decorrer do tempo.",5,23,4.7.0,2020-05-27 22:16:54
4,LIGA DE LEÕES,https://lh3.googleusercontent.com/a-/AOh14GheBna3J54_W9fV04EHoD3vHwlmWbFBkjTLfxR8,"Um jogo muito bom, muito competitivo uma jogabilidade otima várias opções de decks ,e também o jogo sempre está atualizado e com bastante pessoas online para jogar a única coisa ruim é que eu acho o jogo meio pesado tem muitas propagandas desnecessárias mais tirrando isso um jogo nota 10...",4,1,4.7.0,2020-05-31 09:31:21
5,Caique Neves,https://lh3.googleusercontent.com/a-/AOh14GgODs2EKbH6tPCVm2-O11ac_V6k9A141X5Wgv9vtg,"O jogo é muito bom! No entanto, para ter um deck extremamente forte é necessário gastar dinheiro de verdade, ok até. No entanto, está muito caro poderiam diminuir o valor de para uns R$ 70,00 a opção de 12 pacotes na selection box por exemplo.",4,0,4.7.0,2020-05-26 22:59:09
6,Antenor Siqueira,https://lh3.googleusercontent.com/a-/AOh14GhdCd8Ag5qvAJidH5O7uKJV0r1bT4ayeIJ_tj1rrg,"Muito Bom, Portanto um erro Grave É mt fácil conseguir o Obelisco e o Slifer, que são cartas poderosíssimas. Para conseguir o Dragão Alado de Rá (O+ Power dos3) é um sacrifício enorme: Desbloquear o Marik (Dmr mt) e vencer o Yami Yugi. Aí eu vejo esse dragão Alado de Rá e me e me pergunto: Porque ele tem que ser tão ruim? Porque ele é o pior dos3 só nss gm? Consertem isso, por favor. A soma dos níveis dos monstros oferecidos como tributo é = ao nível dele, e oferecendo lifepoints,+Nivel para ele",3,52,4.7.0,2020-05-24 19:13:01
7,Robin Lima,https://lh3.googleusercontent.com/a-/AOh14Gjk6fyecbkXbaC1qBwG_4-oDyRGGwO2_emGFEBuvg,"Como um jogo pode demorar tanto pra baixar depois de instalado? E o pior, é que não baixa em segundo plano, vc é obrigado a ficar na tela do jogo para não dá erro enquanto baixa lentamente independente se vc tiver uma internet de alta velocidade. Outro problema que apareceu é que não é possível fazer o download do jogo por wi-fi, apenas por dados moveis, que absurdo!",1,2,4.7.0,2020-05-30 11:06:44
8,Adilson Martins,https://lh3.googleusercontent.com/a-/AOh14Gh2BCr5yXlLhOjOQ9gplydRuMom7ViqSQ3I2hhxhQ,"Fiquei um tempo tentando vincular a minha conta e não consegui, chegava as instruções da Konami no meu e-mail e nada de conseguir um avanço, triste eu saber que vou ter que reconquistar tudo e se eu tiver que baixar esse excelente game anime, vou ter que começar do zero, por favor façam algo para facilitar o modo de vincular a conta para não perdermos mais nossos progressos, essa é a terceira vez que baixo esse yu-gi-oh, agradeço desde já o empenho de toda a equipe, parabéns por serem tão fiéis.",4,35,4.7.0,2020-05-28 15:42:53
9,Erico Silvano,https://lh3.googleusercontent.com/-iD4IwUQ_-f8/AAAAAAAAAAI/AAAAAAAAAAA/AMZuucnzuB03QVxhq106yUcn7buJ0Y8-Gg/photo.jpg,"Parei de jogar. O jogo é bom, mas a Konami interfere demais, nerfs injustus com o único intuito de vc ter que comprar os novos pecs. A preguiça na manutenção com eventos repetitivos durate pouco espaço de tempo, enfim, o jogo poderia ser melhor se a Konami, mais uma vez, não fosse tão mercenaria e preguiçosa.",1,102,4.7.0,2020-05-18 15:27:53
10,Tiago Fonseca,https://lh3.googleusercontent.com/-kmza2ohwyfA/AAAAAAAAAAI/AAAAAAAAAAA/AMZuucmZTQtDhlaM9nrby24FFle4JPFXrQ/photo.jpg,O jogo é ótimo...O único problema dele é que alguns jogadores tem cartas quase que milagrosas para ganhar ou virar um duelo praticamente perdido...E estas tais cartas não são fáceis de conseguir ou são compradas no jogo...Estes jogadores tem que jogar entre eles para equilibrar os duelos on-line...,5,111,4.7.0,2020-05-20 21:28:17
11,Werten Guima,https://lh3.googleusercontent.com/-SvFSgbCbOko/AAAAAAAAAAI/AAAAAAAAAAA/AMZuucmNROpWQYrTaJnrBWTl72YMjb7l_g/photo.jpg,A experiência e a jogabilidade são boas. Não tive travamentos no meu A 50 visto que ví vários comentários dizendo o contrário.Tem uma grande variedade de cards e eu consegui comprar três decks estrutura só com gemas. Pra mim o jogo se mostrou bastante acessível até o momento. Ponto negativo: downloads contínuos de continuações do jogo.,5,97,4.7.0,2020-05-22 19:35:24
12,Hederson Souza,https://lh3.googleusercontent.com/a-/AOh14Gg6Z5oeFzMSHPJ5t2tJOxXrovynfTq6IsVPTbtFSA,Duel links agr se tornou um jogo capitalista. Apenas gente que poem dinheiro no game conseguem chegar longe com o jogo. A konami não tem vergonha de transformar a nossa experiencia nostalgia em dinheiro e raiva por não conseguir pegar nenhuma carta SR ou UR. O jogo claramente é manipulado para fazer com que vc pegue apenas cartas ruins e sem utilidade. A konami deveria ter vergonha.,1,28,4.7.0,2020-05-30 14:06:14
13,João Marcelo,https://lh3.googleusercontent.com/-L_pM2SfAIU0/AAAAAAAAAAI/AAAAAAAAAAA/AMZuucnRdlVkDdO0csYE__uE_pe6Bz0WTQ/photo.jpg,Ótimo o jogo a única coisa que peço é que criem novos mundos e que coloquem um evento para desbloquear esses personagens (no caso os protagonistas que são os que você desbloqueia nos mundos (eceto no olnd ) e que venham novas cartas e métodos de invocação e que a abertura do evento seja que nem o do casteloD.D.,5,46,4.7.0,2020-05-26 11:00:46
14,LΔn Heria S.,https://lh3.googleusercontent.com/a-/AOh14GjkJgYnJbgDm2egjzGb61Nd7yUhiIw-45Whm260kxs,"É bom até começar à colocar jogadores comuns contra decks comprados e enfiarem eventos até dentro do seu rabo... Ninguém dá conta de tanto evento mais, tá ficando muito saturado! E também não tem como vencer decks comprados com as cartas comuns, eles dão ""xeque-mate"" na primeira fase de batalha! O jogo começa perfeito e vai ficando cada vez mais chato e injusto com o tempo, dá desânimo. Se não querem deixar o game cair no esquecimento, consertem esse algoritmo, pq tá pura raiva e derrota.",1,476,4.7.0,2020-05-17 02:24:45
15,Gabriell Affonso,https://lh3.googleusercontent.com/a-/AOh14Gg4-LYE4XHJP1xxloQXPZL7vW8zlKPdH3-6xMzzKw,"É um bom jogo. Porém um pouco maldoso com iniciantes. Os decks prontos q se pode comprar são poderosos de mais. Oponentes conseguem invocar criaturas de Ataque 4000 com diversas imunidades a magia e armadilha, tudo isso no primeiro turno. Cartas clássicas foram ridicularizadas, Dragão branco de Olhos azuis aq não dá nem para começar. Combos que não dão chance. Vc vai enfrentar oponentes impossíveis, e claro ganhara partidas sem dar chances ao inimigo, são poucos os duelos empolgantes.",3,112,4.7.0,2020-05-28 12:11:58
16,Lucas Augusto Soares,https://lh3.googleusercontent.com/a-/AOh14GhNWy5daaLH7dsHw2Xazba-gjltVk2I-6l76YtK3Q,"Não instalem! O jogo é legal, mas se não pretendem passar metade do seu dia só jogando não instalem. Porque quando o jogo começa a ficar legal, você tem muitas cartas e consegue competir fortemente, vocês percebe que se não passar pelo menos 3 a 4 horas por dia jogando, você não dá conta! São no mínimo 2 eventos ao mesmo tempo, que você tem que fazer mais de 100 batalhas cada um, contra os mesmos bots, para ganhar cards mais ou menos. E cada 10min jogando, 6 é de animações desnecessárias!",1,232,4.7.0,2020-05-24 23:15:33
17,Denise Felix,https://lh3.googleusercontent.com/a-/AOh14Gitb2-zakmCPkIJfWiAElXDnEPs5908uF7Yth3UXg,"O jogo é bom, mas deveriam ter mais explicações, pois por exemplo como eu que nunca assisti o anime e comecei do nada... Nem na internet não consigo sanar dúvidas simples, o jogo deveria se preocupar mais com isso, ver onde empacamos e enviar umas espécies de explicações ou vídeos explicativos...",4,0,4.7.0,2020-05-30 14:47:52
18,Lucas Veronezi Felix,https://lh3.googleusercontent.com/a-/AOh14GgpWGXgN4L8AVXcFGt4I-yY22dfU3cKmuafb3z4,"Jogo excelente, mas peca muito em não vincular e salvar o progresso de forma segura. Estou recomeçando minha conta pela 3°vez por ter limpado o cachê do game, que até então havia salvo em transferência de dados como o próprio sugere.",2,1,4.7.0,2020-05-30 23:40:06
19,Neto Fernandes,https://lh3.googleusercontent.com/a-/AOh14GgD_jhFx_iLwhgLBQes16aSSemsiwmxYVnhdZRY,"O Jogo é bom no começo, mas enjoa fácil, porque tem eventos repetitivos que quase não se difere um do outro, uma raqueada que é depende mais de paciência por conta da conexão e o sistema de subir de ele. É um jogo que necessita de muito tempo de dedicação caso contrário vc fica para trás.",1,2,4.7.0,2020-05-29 15:27:40
20,Renato Teles,https://lh3.googleusercontent.com/-xR1q6oRIUXw/AAAAAAAAAAI/AAAAAAAAAAA/AMZuuclISalkQGMkE3M8cArAP18U7iEp1w/photo.jpg,"Acho muito bom, quase perfeito, mais eu gostaria de pedir que colocasem mais espaço no deck, por que quando nois jogadores vamos fazer um deck as vezes fica dificil criar um por que o espaço é so de no maximo 30 cartas e isso e pouco para quem quer criar um deck forte e personalizado. Se bem que essa é so minha opinião pessoal.",5,81,4.7.0,2020-05-25 01:04:06
21,Jefferson Santos,https://lh3.googleusercontent.com/a-/AOh14GgQt1lmaBaJ4bcx7ugMfn4JMdTcRT1_vl0GYyDV,"O jogo está precisando ajustar algumas coisas, decks de burn deveriam levar limitação no golem de lava, os caras ficam prendendo o jogo, além disso 1000 pontos por turno é muito ponto que o filme causa, se for pra continuar assim, deveria colocar a ranqueada por pontos, o jogador que atingir determinado número de ponto sobe na classificação, isso deixaria a ranqueada melhor, sem falar que é chato demais descer na classificação e jogar todas as partidas novamente para subir",3,90,4.7.0,2020-05-26 17:18:10
22,Meiriliin Vieira,https://lh3.googleusercontent.com/-ySCSWe8ADkU/AAAAAAAAAAI/AAAAAAAAAAA/AMZuucku9hi12cmkLxxkxq6bnjsCR-JbQg/photo.jpg,"O apo é bom, mas ele precisa de atualizações e adicionar dados toda a hora, oque consome muita memoria, e inclusive demora para caramba. Mas fora isso o app é super legal, os graficos são simplismente perfeitos, não travou nem nada disso, só estou desistalando por aquele unico incomodo.",3,6,4.7.0,2020-05-24 19:51:35
23,Higor Brito,https://lh3.googleusercontent.com/a-/AOh14Gj5VKmOLr6tvwHQnIVS_qPLMPZEkwvUu8zOC5s9iA,"Jogo bom mas falta balanceamento, no início você ama o jogo e é super divertido mas depois só encontra retardado que gasta um horror no jogo e monta deck meta, e você que começa agora fica caindo contra, algumas cartas que zeram o ataque do seu monstro não faz o menor sentido, e você ser obrigado a montar deck de 20 cartas o que faz a partida não durar 2 turnos que já dão otk, fica sem graça, repetitivo e super chato",3,1,4.7.0,2020-05-28 11:47:57
24,Um usuário do Google,https://lh3.googleusercontent.com/EGemoI2NTXmTsBVtJqk8jxF9rh8ApRWfsIMQSt2uE4OcpQqbFu7f7NbTK05lx80nuSijCz7sc3a277R67g,"Como nos desenhos, sempre amei. O jogo não tem problema nenhum, é bem equilibrado, é um jogo para uma boa temporada. Atualizando jogo a anos, já cheguei em níveis alto no ranking, e não comprei nada em dinheiro real no game.",5,0,4.7.0,2020-05-28 04:01:47
25,Raphael Games & facts,https://lh3.googleusercontent.com/a-/AOh14Gi1deem429TBs9KoZ7ExwZhm7wGlUwoY9rxVXTMkg,"Muito top agora é o seguinte podiam adicionar uma dublagem em português,novas falas com nome dos cards,""decks classicos"" dos personagens etc etc etc,um modo online em que poderiamos escrever algo para o oponente durante a batalha ou novas frases de provocação dos personagens...e poderiamos ter a opção de comprar um estruture deck 2 vezes e aquele deck estruture pago do yugi deveria ser de graça!",5,80,4.7.0,2020-05-18 08:54:10
26,marcia de souza,https://lh3.googleusercontent.com/a-/AOh14GjQYHbVf6botO581UOqIngP-kce1iwHWiAp3L6HWQ,"Depois dessa última atualização para o evento do aigami, ficou muito ruim de jogar, só trava e demora muito pro jogo desenvolver. Tem que sair do jogo e depois voltar pra rodar direito. Por favor arrumem isso pq logo vcs irão perder mais jogadores do que nunca...fora os que já perderam e eu serei um deles.... Jogo esse jogo Desde o início quase nunca ficou tão ruim assim pra jogar. Konami ta deixando muito pesado e sempre tem erros e coisas que atrapalham.",2,108,4.7.0,2020-05-25 06:00:58
27,joao marcelino,https://lh3.googleusercontent.com/a-/AOh14GjEeQTndtayvKVbOhat2-jK9_sMN7Jc9ERxWs-xiA,"Muito bom O problema é que com a ultima atualizacao ate a data desta mensagem o fundo dos duelos fica preto e isso acaba lagando o jogo, o que faz com que o jogo crashe isso aconteceu comigo na rankeada e algumas vezes jogando com os bots, espero que voces arrumem isso.",4,4,4.7.0,2020-05-22 13:56:26
28,MACARABE GAMES,https://lh3.googleusercontent.com/a-/AOh14GjNQ-jdRlVDT2Itpv1XTn8_Bzh_a3UxU-uTDCjdsA,"Por favor, faz uma versão Lite do jogo, tirando os seguintes: Efeito de toque, Efeito de Fundo, Download das animações. Meu celular roda super liso, mas ao decorrer do tempo o jogo começa a travar e tenho que sair do jogo diversas vezes ate ele normalozar novamente! Desde ja agradeço a comprienção",4,15,4.7.0,2020-05-17 16:23:47
29,Nilson BR2,https://lh3.googleusercontent.com/a-/AOh14Gjv1NjlQVGnwJoUnN0Vr0TeHEpbF300KDeGYUVSSw,"Muito bom. Várias opções de cards para criar decks, personagens e mundos de várias gerações do anime, msm sendo um jogo onde é preciso comparar cartas eu n senti a necessidade de gastar dinheiro, jogo e me divirto com o dinheiro q consigo no game.",5,4,4.7.0,2020-05-23 17:25:42
30,Rodrigo Carvalho,https://lh3.googleusercontent.com/a-/AOh14GijHBUVk5OewAkCEyrcrrg4FaVuCj6V4xZDc3jDCA,"Nas batalhas JXJ a escolha do oponente parece ser manipuladas para o jogador perder e não avançar na classificação, a começar pelo jogador jogando primeiro, o deck do oponente totalmente incompatível, a disposição do deck incongruente não deixando margem de vitória para com o oponente e tudo isso acontece em conjunto na partida de subir de nível, muito suspeito, este jogo não era pra ser de azar, sou grande fã da franquia, por isso estou parando de jogar este jogo.",1,98,4.7.0,2020-05-25 22:56:24
31,Vinicius Henrique,https://lh3.googleusercontent.com/-pfLFaiAFMCA/AAAAAAAAAAI/AAAAAAAAAAA/AMZuuckTivGF1rT-a3kUT_sd4PtHX8G86w/photo.jpg,"Serio mesmo Konami? Eu jogava um tempo atras,baixei dnv e meus dados não estão la,preciso começar do 0. Que eu saiba a transferencia de dados (que ja é um sistema horrivel ao inves de jm login) é p quando vc muda de celular etc,ja joguei outros jogos assim e nuncs precisei salvar o data...se f#der viu",1,9,4.7.0,2020-05-21 17:55:19
32,Ernailesson Correia Nascimento,https://lh3.googleusercontent.com/a-/AOh14Gjd7TFCm4bqQI0VlSDIChwzRDVPQqICHmeRRJL9CA,"O jogo e bom, tem ótimo gráficos, muito bem elaborado, mas a única falha são as cartas que vem nós pacotes, vem muitas cartas supérfluos, difícil conseguir cartas boas, se melhora esse quesito jogo será um sucesso.",4,0,4.7.0,2020-05-29 21:19:55
33,Gabriel Ribeiro,https://lh3.googleusercontent.com/a-/AOh14GjvOzOeR_cLQ4Wlgrvrhs6BplQjJYrnu3R348_R,"O jogo é bom mas,Né tem uma injustiça nas carta na ban list ai.Cara tem deck que é bom que passa 1-2 mês ja tem 2-3 cartas semi-limitada ou limitada.Ja Mago Negro ta um abuso de cartas poderosas e faz quase 5 meses que ta na ranked e baniram uma carta(ilusao negra) que é do arquétipo do mago negro,Mas simplesmente pouquíssimas pessoas usa essa carta(e elas usam apenas pra ""brincar"").Pfvr tenham mais consciência do que vcs fazem no jogo.",3,0,4.7.0,2020-05-26 12:58:07
34,Damião Marques,https://lh3.googleusercontent.com/a-/AOh14GgcH5VrIw4_PMqo5gdu38mFHPdSs9PGJ2gEvB_d,"Exelente,facil de aprender e muito bem feito,mas gostaria de que fosse desse para ganhar mais gemas dependendo do novel de dificuldade,tem umas provas de duelos que vc tem que quebrar a cabeça tentando descobrir o que se tem de fazer para cumprir elas e no final ser 15 gemas,e na ranqueada tambem,cada patente q vc sobe vv so ganha 10 gemas e quando chega na patente rei dos jogos vc ganha 200.É muito pouco.Mas amei o jogo,parabens aos desenvolvedores👏🏼👏🏼👏🏼",5,5,4.7.0,2020-05-22 00:26:31
35,E hora do Anime,https://lh3.googleusercontent.com/a-/AOh14GhL1d2r_kh_TfZVCtoMRKhz3Hf3fyqTPBCfrwMsjA,"Tá muito difícil conseguir os cartas de mago negro dentro do jogo, já gastei muitas gemas e até agora não consegui completar o meu deck com a quela carta,sem cartas boas fica difícil pegar o título REI DOS JOGOS nas ranqueadas, por favor,arrumem isso,porque isso faz o jogo perder a graça e vontade de jogar.e muito difícil juntar uma quantia boa de gemas.obrigado pela atenção",3,7,4.7.0,2020-05-30 14:34:41
36,Sidney Santana Junior,https://lh3.googleusercontent.com/a-/AOh14Gi-jbDOyUj7vakbEkB0XVC_8Bn2VF4wHaLNyKEngQ,"Eu tinha dado 5 estrela, mas depois que atualizei 14/05/2020. O jogo zerou minha conta, simples assim, perdi todo progresso que tinha conquistado, todas as cartas, decks, tudo. Zerado. Não tem nem mais sentindo jogar agora.",1,27,4.7.0,2020-05-14 10:19:58
37,#LUIZ# 2933,https://lh3.googleusercontent.com/a-/AOh14GhgEwTmVVxsRLwt7ayTk-5no_vVy5xe6jJ8Kr55IA,"Veio a nova atualização,mais o meu jogo tá dando erro e n baixa os dados iniciais!!!Eu tentei desinstalar,limpa os dados do app mais ND resolve!!!E o wi-fi tá sem nenhum problemas pq jogo outros jogos online e n tem um erro!!!Arruma uma solução por favor,pois gosto mt do jogo e n queria desinstala o jogo!!!",1,13,4.7.0,2020-05-20 21:09:05
38,Felipe Magno,https://lh3.googleusercontent.com/-A5GXXZ8DoNE/AAAAAAAAAAI/AAAAAAAAAAA/AMZuuckBE8qrfWekeFfv0YIgFgjaom3JPg/photo.jpg,"Devia ter um lugar para guardar as ""skins"" das cartas especiais ou não e usar como se fosse tapete ou esteira por opção do jogador mas o prismático etc no caso mudaria caso o jogador não tivesse e seria um livro de colecionáveis .",5,0,4.7.0,2020-05-27 23:11:01
39,Fabricio Ferreira,https://lh3.googleusercontent.com/a-/AOh14Gj5mcfJVjaTvbAMoHODfeyUClxbYjZy6KBaITgT,"Execelente jogo muito fiel ao anime ate os detalhes .e muita coisas legais junto a historia varias versoes 😉.no entanto não ter como salva ele no emaill e terrivel , precisei de espaço no celular achei que ficou salvo perdir todos os personagens desbloquados e todas as cartas.",5,0,4.7.0,2020-05-30 16:48:08
40,Luis Brisola,https://lh3.googleusercontent.com/a-/AOh14GhUgtgiWQtB0nK3c2kDbl2ZvbVq2bG_wVfrg5_sOQ,"Agora o jogo não está mais nem funcionando, não para de carregar e não aparece mais nada, por favor arrumem isso e quando entra o jogo o modo online continua não funcionando sempre dando tempo de comunicação esgotado ou coisa parecida. Nao está mais funcionando o modo jvj desda última quinta eu testei até em outras redes mas tá sempre dando falha de conexão e eu não tô mais conseguindo jogar online só contra os npc tirando isso o jogo e muito bom",3,15,4.7.0,2020-05-20 17:14:10
41,Rafael Brandao,https://lh3.googleusercontent.com/a-/AOh14Gj7L7WYNz1OmEhvXqPp0zlg7apU6adXDATag8cOwmQ,"Tinha dado 5 estrelas antes, porque Achei ótimo o jogo, porém deu um erro no jogo e tive que desinstalar, após instalar novamente, tive a surpresa de ver o jogo iniciando tudo do zero novamente como se eu não tivesse jogado nunca, tem que ver a possibilidade de salvar a conta por email dos players.",3,12,4.7.0,2020-05-18 09:25:42
42,Maromba gamer,https://lh3.googleusercontent.com/a-/AOh14GhVtnZ9u0zIGQwA1Gl_uWlOZ7ueX9daXNWtuvdKng,"até legal más é incrivelmente pay to Win, não jogue na rankeada se não estiver disposto a gastar quantias alta de dinheiro com cartas digitais que não servem para nada na vida real, no Brasil as coisas são caras más abrir uma (box) de Yugioh Duel links no dinheiro não tem comparação você pode comprar 3 jogos de PS4 AAA $ o jogo tem uma moeda próprio mas ela é inútil, tudo que interessa é gemas mas isso é quase limitado no jogo o drop é ridículo chega a 0,1% priorizando seu gasto de dinheiro.",1,242,4.7.0,2020-05-24 17:51:45
43,Cavaleiro das Sombras,https://lh3.googleusercontent.com/a-/AOh14GiVCqrYFJvFdvDagtoyu14lO7xhC8UVWn6wMWr-Tw,"Perdeu muitos conceitos pra mim na questão de cards que estão proibindo e por outros fatores mas o principal é o acúmulo de memória e o travamento,esse jogo trava demais fora isso é legal,mas se não mudarem as coisas nunca vai ser perfeito,não devia ter habilidades para personagens,pontos de vida devia ser 8.000 para ter partidas mais disputadas e eletrizantes devia ter cards XYZ que é aquelas cards pretas,zona de monstro e de magia e armadilha devia ser 5 e não 3 mudando tudo isso ficaria ótimo",2,22,4.7.0,2020-05-16 22:43:34
44,Mateus Ribeiro,https://lh3.googleusercontent.com/a-/AOh14GhAuLG80BrKZcUSUUrIUWxtTZrSxeyPfxfu4E9p,"O jogo parece ser bom, porém na primeira atualização deu erro tive que desinstalar, isso é chato. Darei mais uma chance ao jogo... Venho do Yu-Gi-Oh online e lá eu investia uma grana... Se bugar aqui de novo eu pulo fora.",3,0,4.7.0,2020-05-27 13:38:12
45,Lineker Elpes,https://lh3.googleusercontent.com/a-/AOh14GhW5s9q28Sqj3qUlqtf0GVAkBhRh3ZAvB_TYMZA,"É bom para se distrair mas é muito exagerado, as cartas são muito fortes e fáceis de conseguir. Quase todos os monstros têm efeitos. Eu prefiro um jogo mais clássico.",3,0,4.7.0,2020-05-27 15:58:19
46,ruhan games,https://lh3.googleusercontent.com/a-/AOh14GioEb8Y9HH4cvPloyKBmQ3Yjm2yu_m_tA6IUkGW,"o jogo era perfeito ,passava horas jogando ,mas de uns meses pra ca quando entro em um duelo o jogo trava drasticamente n consigo fazer nada gostaria q vcs resolvessem isso pois gosto muito do jogo e n gostaria de ter q exclui-lo por um motivo desse",3,0,4.7.0,2020-05-31 21:17:26
47,Crawly Fergus,https://lh3.googleusercontent.com/-LJEv1yZVmvM/AAAAAAAAAAI/AAAAAAAAAAA/AMZuuclGXhSXFv57PGe15MnH_7yK39MjlQ/photo.jpg,"Quando você vê que seu oponente usa monstros samurais pesados já pode se render, o monstro ataca em posição de defesa, ataca diretamente e ainda pode atacar duas vezes, ou seja, em um único turno, mesmo que você tenha monstros você perde a partida, acho engraçado como o deck toons não tem essa facilidade, estratégias completamente apelativas, péssima jogabilidade.",1,44,4.7.0,2020-05-18 11:35:05
48,Felipe Dutra,https://lh3.googleusercontent.com/a-/AOh14GjTZWqs94C3NjiqdJxiTVyvbumR7qxJCRRGentLTA,"O servidor da empresa é super instável, você começa o duelo online e perde pois dá algum erro de conexão maluco sem explicação. Os eventos, estão cada vez piores, não possuem drops decentes, e não enviam decks novos para o jogo. Quando ela envia um deck novo e fraco pro jogo, ela limita todo os demais de modo que o deck novo dela se torne forte, ""regulando"" o jogo e impedindo os jogadores antigos de jogarem. Simplesmente, não baixem, o jogo está com uma qualidade terrível, não está servindo nem pra manter os jogadores e não está atrativo para um iniciante.",1,2,4.7.0,2020-05-25 10:32:01
49,Emo kawai,https://lh3.googleusercontent.com/-aSGIc3PFFc4/AAAAAAAAAAI/AAAAAAAAAAA/AMZuucmHkFv9OrJgl_aFKz_fwfb2GKxYrw/photo.jpg,"Jogo muito bom e uma dlç pra joga mais podia ter tag duel(duelo em dupla) tem evento pra isso mais to falando on-line pra joga em dupla com algum amigo contra outra dupla acho que serial legal ter esse modo de jogo pra diferencia mais e nao fica tao repetitivo(minha opiniao). Recomendo muito esse jogo pra mim melhor jogo de ""yu gi oh"" Pra cell.",4,0,4.7.0,2020-05-24 14:45:08
50,wadson viana,https://lh3.googleusercontent.com/-gYFHeonEOf8/AAAAAAAAAAI/AAAAAAAAAAA/AMZuucl3hkogrrWYewzqothM9OMfiwjZLg/photo.jpg,"Jogo extremamente pay to Win onde conseguir cartas boas é a coisa mais difícil do mundo e quem paga consegue ganhar de você no 1 turno de tanto monstro de efeito e cartas com efeitos desnecessarios tirando toda a diversão dos duelos da primeira geração,simplesmente ridiculo",1,0,4.7.0,2020-05-29 08:57:49
51,Paulo Henrique,https://lh3.googleusercontent.com/a-/AOh14GheqKpmk2b3mft_iqUQwLYOe3ZqGOjcdulnLAH5pg,"Gosto do jogo porém como muitos jogadores dizem o jogo está desbalanceado, pessoas com decks normais cai contra decks extremamente difícil de se vencer, e também muitos enventos o que acaba enjoando e também não é todos que tem tempo pra jogar",4,2,4.7.0,2020-05-23 13:30:11
52,Luzia Machado,https://lh3.googleusercontent.com/-gv0pOV6CIW4/AAAAAAAAAAI/AAAAAAAAAAA/AMZuuckSf8XV-D0pTtUgzfcHD8mA3sXbaQ/photo.jpg,"O jogo agora está péssimo, trava muito e demora demais as missões, se continuar travando desse jeito vou ter que dar um tempo ou parar de jogar e me contentar com Clash Royale e Clash of clans, eu já tinha perdido duas contas nesse jogo com muitas cartas e bem upado e praticamente perdi outra conta pq não funciona, eles desequilíbriaram umas cartas e deixaram outras normais, mataram muitos decks principais e insistem nesse deck de shiranui que n nerfam.",1,2,4.7.0,2020-05-24 01:59:34
53,WELLINGTON PINHEIRO BENTO,https://lh3.googleusercontent.com/a-/AOh14Gjm2rSyB-SzMaXxQeh6CDuTx4NtQXWBeTVZoa13CCc,"E um sucesso! Seria muito bom ter essa versão para PS4, pois os jogos de yugioh do ps4 e muito pobre. Nao tem toda essa qualidade de duel links... Fica a idéia... Um modo offline seria muito bom para os m momentos que nao temos Internet para jogar...",5,3,4.7.0,2020-05-21 03:02:50
54,Pedro Antônio Ribeiro Bertasso,https://lh3.googleusercontent.com/a-/AOh14Gh0L6DqQTb50-jv_OuCZQBfCGr3LXfSq7_jPxjmTQ,"Jogo bom de mais, quem tá reclamando, reclama apenas pq não tem capacidade de se esforçar pra conseguir as cartas, as que são paid to win são boas mas tem cartas free to play fortes do mesmo jeito",5,0,4.7.0,2020-05-24 18:54:28
55,Carlos Henrique,https://lh3.googleusercontent.com/a-/AOh14GjsbfAmmn6-gq2wLEWzWrkgPAorJ1qW8z32iB2q,"Cara eu já vi as 5 temporadas do Yu-Gi-Oh clássico e eu gostei muito do final é quando eu vi o game Po man bateu uma nostalgia cara sério Man eu abaixei o game na ora e o game e muito bom cara tem muitos personagens mas tem muito mesmo tem muitas cartas a que eu mais gosto e do Dragão negro de olhos vermelhos,o dragão lindo cara o caveira incomodo,e a junção dos dois nossa muito massa cara meus deus muitas cartas raras eu até tenho o dragão divino de olhos azuis",5,1,4.7.0,2020-05-23 17:13:27
56,Francisco inacio Silva,https://lh3.googleusercontent.com/-U6M1yT_2ICc/AAAAAAAAAAI/AAAAAAAAAAA/AMZuucnIIqnXAGvagB6bk90-GRIQpjvzzQ/photo.jpg,O jogo e muito bom mas as cartas com invocação sincro tem tem muitos efeitos q destrói completamente o adversário tem partida que na segunda rodada ta tudo acabado ñ importa voce com três monstros e cartar armadilhas em campo muitos monstros sincro destroem todas as cartas do campo .as cartas sincro deveriam ter menos efeitos,4,3,4.7.0,2020-05-22 22:24:07
57,Markfull23 Alves,https://lh3.googleusercontent.com/a-/AOh14Ggc9pJCOL4mdtLu9Vyt5jSy8RAskAAN9kTb2Yi0,"O jogo e muito bom eu adoro todos os eventos as cartas que nos conseguimos tenho parabenizar a konami por isso, o jogo e muito bem feito e muito fiel as historias dos animes,mas eu vim falar mesmo foi da nova atualização,quando baixei percebi que o jogo na hora do duelo trava muito muito mesmo,meu celular e um moto c plus,espero que voces levem a serio minha resenha Obrigado",3,1,4.7.0,2020-05-22 16:03:30
58,Platadino Hendryk,https://lh3.googleusercontent.com/a-/AOh14Gi4mloxiZ8TzWbB-oQy3mlIbfH_Mvkxe1yhobpN,"O jogo trava demais , tinha que fazer downloads adicionais pra continuar o jogo , mas como meu Cell é um pouco fraco até desanimei , gosto muito do anime e do jogo mas não gostei muito da esperiencia de baixar 1000 MB.",2,0,4.7.0,2020-05-28 23:56:25
59,Batis ta,https://lh3.googleusercontent.com/-eeIVb9__JCg/AAAAAAAAAAI/AAAAAAAAAAA/AMZuucmh5Er8qeQpgVvLT4Jd2RjqMbRgfQ/photo.jpg,"Jogo muito bom, mas não gostei de baixar os arquivos adicionais sem sair do jogo e tive que deixar o celular desbloqueado até baixar, tem que esperar bastante pq era muitas mb. Espero que resolvam.",3,1,4.7.0,2020-05-22 17:03:26
60,fabio FERREIRa,https://lh3.googleusercontent.com/-PWwIrQNKbaE/AAAAAAAAAAI/AAAAAAAAAAA/AMZuuck_sxukp7xLYYJaovTcnTmCu8GRgQ/photo.jpg,"Jogo e bom mais demorou uma manhã inteira para baixar os dados l,minha internet e de excelente qualidade e o jogo que tá ruim,guando não fica travando nas partidas tem que arrumar isso.",1,2,4.7.0,2020-05-23 10:13:51
61,felipe carriel,https://lh3.googleusercontent.com/a-/AOh14Gike43PVa89drUIYIdnaTJm3hvcJqf2CEuzumsI-A,Ele muito bom sim! Porém esse negócio de ter que gastar dinheiro real para poder comprar deck completos ou avulsos já está muitisimo datado! Adoraria vazei-los com as moedas do jogo!,3,1,4.7.0,2020-05-23 07:46:48
62,Felipe Lp,https://lh3.googleusercontent.com/-sUT_JL_D-rI/AAAAAAAAAAI/AAAAAAAAAAA/AMZuuclZGPhFRaXUBMQHfMZHIJ_BH-p2AQ/photo.jpg,melhor jogo so algumas coisa que n sao como o desenho tipo sao quatro campo pra mostro e 4 campo oara magicas e armadilha e umas carta que sao usada diferente dei 5 estrela mais o fato de ter deck comprado fica muito difícil contra eles podia começar com 8 mil de vida 5carta na mão deck menino 30 carta 5zona de monstro 5 zona de magia armadilha,3,1,4.7.0,2020-05-25 16:40:03
63,Matheus Nunes,https://lh3.googleusercontent.com/-iGikFbypO5Q/AAAAAAAAAAI/AAAAAAAAAAA/AMZuuckAaB0aPBvbWECVoFfRRJoXiBjOvg/photo.jpg,"Estou com pouco tempo se jogo mas ate agora so achei 2 defeitos, repetitivo e o sistema de ""energia"" disfarçado, fora isso, é muito bom ainda mais pra quem é fã de yugioh e card games",4,2,4.7.0,2020-05-21 18:13:34
64,Cauã Henrique,https://lh3.googleusercontent.com/-nBtm8iQTeeo/AAAAAAAAAAI/AAAAAAAAAAA/AMZuucne-SpiC8kViwkFhaR81ovV2zhJWQ/photo.jpg,Jogo muito Bom igualzinho o anime os efeitos de algumas card não são igual do anime e do jogo normal na vida real mais tirando isso é muito bom jogo com gráficos muitos bons e recomendo esse jogo in vez de qualquer outro o único lado ruim é que o jogo é meio pesado pra celulares de pouco memória não consegue jogar mais tirando isso também o jogo é muito bom vcs poderiam ter como deixar o jogo mais leve por que se não fosse tão pesado esse jogo teria muito mais download mais o jogo é bom,5,0,4.7.0,2020-05-29 23:45:46
65,Matheus Pereira,https://lh3.googleusercontent.com/a-/AOh14GiDGVer1a8IVZAyskCfWY_d-mV1CTVqAoA1c5rj,"Olá, eu gostaria que vcs fizessem uma atualização não muito grande,pq meu jogo,toda vez que eu aperto para duelar contra um npc,o personagem não aparece,e toda vez que eu fico por mais de uma hora no jogo,o jogo fecha sozinho.",5,139,4.7.0,2020-05-20 22:55:31
66,Paulo Henrique,https://lh3.googleusercontent.com/-1v8j6p5-t5k/AAAAAAAAAAI/AAAAAAAAAAA/AMZuucmij1eyoaMueooZujU2BCcxhswMFg/photo.jpg,"O jogo ta muito bom com essas novas atualizações, porém, durante a fase de batalha em vez de ARRASTAR a carta atacante para atacar o monstro do oponente, acho que deveria ter a opção de ""atacar""!!",5,5,4.7.0,2020-05-15 13:17:54
67,Rayoon Oracle,https://lh3.googleusercontent.com/-2tgOFhlOCks/AAAAAAAAAAI/AAAAAAAAAAA/AMZuucngptNyrllyBwsR-gKzVsX6ubWJLw/photo.jpg,"Ótimo jogo, infelizmente para chegar longe sendo um jogador que não gasta tem que estudar muito o jogo, tem muito o que melhorar mas eu acredito que o jogo possa crescer.",4,4,4.7.0,2020-05-20 16:17:10
68,Dieguinho risada,https://lh3.googleusercontent.com/a-/AOh14GjVy5tTAX3nYyfiwWtolZfYF37faNnfGwy4uOK5bQ,muito roubado o jogo tem uma programação de pessoas enganando os jogadores para não subir na ranqueada e eles programa as caixas para não obter as melhores cartas deixa sempre no último pacote na maioria dos casos eu acho que 90% todo mundo sempre reclama disso,1,14,4.7.0,2020-05-18 12:25:53
69,Arthur Vinícius,https://lh3.googleusercontent.com/a-/AOh14GhCe0san4qw5kPue6TkSub_LRWZjZTcoRyneirVWO4,"Você pode formar um deck após 2/3 meses de farm, e até lá você vive de restos, a não ser que você resolva gastar dinheiro num deck que em algumas semanas vai tomar limitação. Pay to plau and pay to lose money :)",3,2,4.7.0,2020-05-21 11:14:31
70,Kaiqui Felipe,https://lh3.googleusercontent.com/a-/AOh14GhA23YvnL3xb4w1ZP7pWhC7AwR0W9WO5KxVRuS0dQ,Já estou jogando yu gi oh a 2 anos e pouco!e nunca me deu problema de travar o jogo comigo! E agora está começando a travar muito o jogo! O que está acontecendo.estou perdendo o tesão de jogar o JOGO! Poxa 👎👎👎,1,2,4.7.0,2020-05-26 19:57:46
71,Heitør,https://lh3.googleusercontent.com/a-/AOh14Gie-p532jAI2LncSKaw0IIgM8evDg-L6qkC90PYRA,"O jogo é muito bom, mas teve uma epoca que eu precisei desinstalar eu até salvei os dados login e senha mas agora quando instalei de novo n conseguia recuperar se puderem fazer algo a respeito até pq eu passei mt tempo nela e tinha decks raros",2,2,4.7.0,2020-05-21 18:54:54
72,Adeh Santos,https://lh3.googleusercontent.com/a-/AOh14Ggp2CuK_mykPVG67fscrjVmJamGH1iSaRwMXn8pdw,"Essa atualização 4.7.0 está com vários bugs de tela preta travando nos duelos, eu consigo jogar no máximo apenas de 8 a 10... duelos, porfavor concertem isso na próxima atualização.",5,5,4.7.0,2020-05-17 11:10:37
73,Dalmo Oliveira,https://lh3.googleusercontent.com/-gJEJHD0UyX8/AAAAAAAAAAI/AAAAAAAAAAA/AMZuucnPpY7AI60xYKV0Ae-QuAFAk1DR5Q/photo.jpg,"O game é muito bom, porém tem quedas de conexão constantes que atrapalham muito a experiência, mesmo jogando com wi-fi de 200MB de velocidade.",3,1,4.7.0,2020-05-22 15:44:02
74,Elimar Moises,https://lh3.googleusercontent.com/-fE8tbtT0Hdw/AAAAAAAAAAI/AAAAAAAAAAA/AMZuucliOsOFDLCiNwaOq347rUaHvM-B2Q/photo.jpg,"O jogo a cada dia mais caro, as cartas cada vez menos acessíveis! As box azaradas, o que torna difícil de se fazer um bom deck sem gastar muito.",2,8,4.7.0,2020-05-16 14:58:54
75,DGMP master,https://lh3.googleusercontent.com/a-/AOh14GiveGYsoIWb6Qxis3wND_97ALciqqS9LsByQjImLA,"Adorei o jogo. Gostaria muito que podes se-mos evoluir a carta (de normal para prismático), o jogo tem bons gráficos, e seria bom ter mais espaço para envocar os monstros",5,1,4.7.0,2020-05-21 04:46:45
76,Georgeles Lira Alves,https://lh3.googleusercontent.com/-l8osTq1sgZM/AAAAAAAAAAI/AAAAAAAAAAA/AMZuucmDZSIHtj2zgYQBlcNImnEbr0_AKA/photo.jpg,Os gráficos são excelentes mais a música da hora da batalha é muito alta o jogo é imenso vc tem a opção de ser o Seto Kaiba ou Yu Gi Oh e eu escolhe o Seto por causa do Dragão Branco de Olhos Azuis e é isso bye,5,0,4.7.0,2020-05-20 22:07:46
77,Carlos Alberto,https://lh3.googleusercontent.com/a-/AOh14Gj2azq73cmiQHPHUZ-K8aSN7BX3QB4oAVNLdtxN,"O jogo esta muito ruin,alem de nn ajudar o jogador f2p,no caso de decks e etc,ele tambem nn ajuda o jogador pay2win,alem qos eventos estão chatos,box q nn tem valor nenhum e falta de gemas,alem de que os eventos são sempre os mesmos,sem nenhum evento que chame atenção",1,10,4.7.0,2020-05-19 17:35:44
78,Max Gutierrez,https://lh3.googleusercontent.com/a-/AOh14Gg5jqBOg40oPEjC7VTtpcbCRPMK3JKjiKbMdQAIG2E,"de vez enquanto baixo o jogo pra ver se teve alguma melhoria, mas sempre a mesma coisa. aquela tela de receber recompensas deveria ter um botão pra coletar tudo de uma vez. isso é básico. que desleixo.",2,7,4.7.0,2020-05-18 17:02:26
79,Neilson art,https://lh3.googleusercontent.com/a-/AOh14GgbIKBujAeNu6zj2ALzVrj2RPnioV-tGbaHGpLvCQ,"O jogo é ótimo, mas ta bugado toda vez q entro numa ranqueada eu perco por causa de falha de conexão com a internet, e nao é minha internet pois alguns amigos estao relatando esse mesmo PROBLEMA! alguem concerta isso ai konami",3,2,4.7.0,2020-05-15 12:06:08
80,Ronaldo Menezes,https://lh3.googleusercontent.com/-fWoJwlof_4A/AAAAAAAAAAI/AAAAAAAAAFk/AMZuuckiLfvoW6O9_Hg8uvTY0jtRw3-_-w/photo.jpg,Cada dia eu tô ficando decepcionado com esse jogo Nunca vi tanto efeito tanta besteira todo momento nesse jogo Que tá acontecendo ultimamente para você desenvolver dois só está conseguindo fazer uma grande m**** Parabéns para vocês porque isso aqui não é mais jogo não vocês botam apelação e só dá crédito para quem tá gastando muito dinheiro e que não gasta dinheiro para vocês que se dane né Tá certo que vocês pega e já sabe onde me mete essa peste desse jogo de vocês né deu tudo redondo de cada,3,10,4.7.0,2020-05-16 23:22:26
81,Nicolas SantosAK,https://lh3.googleusercontent.com/--PBncRJJ7ok/AAAAAAAAAAI/AAAAAAAAAAA/AMZuuckRcopo_k-S1Jfz7A6qilXmU28Llw/photo.jpg,O jogo é daora epa mais é muito roubado mano o cara invocou um monstro sem atributo de 1600 de atk e ele era tipo trevas dai ele colo território das trevas que aumentava 500 de atk sabendo que o monstro mais fraco que tava na posição de atk era 1900 eu tava com 700 de pv dai do nada o monstro atk droba a força dele sem nenhuma magia e se esse monstro n tem efeito como ele fez isso 😡😡😡 roubado de mais dai eu vo jg JxJ o cara comprou aquele deck com dinheiro dai por isso ele faz duas invocação,1,5,4.7.0,2020-05-17 15:20:05
82,adilton Carvalho,https://lh3.googleusercontent.com/-az4OcWRWqQU/AAAAAAAAAAI/AAAAAAAAAAA/AMZuuckEyp4QXFqKFTeyP-h4mXnKyjnHOw/photo.jpg,Eu daria uma nota melhor se não tivesse esse erro como que voce perde o duelo sendo que foi seu adversário que deixou o tempo acaba esses tipos de erros não deveria existir em um jogo desse tamanho vocês não tão dando a atenção devida ao jogadores,1,1,4.7.0,2020-05-22 20:29:25
83,Ooga Booga,https://lh3.googleusercontent.com/a-/AOh14Gj-JfGvdit8-OhiTDgQ3jMVH2LmnSFEo2rbnYafxys,O jogo é bom mas a dificuldade para conseguir gemas é ridiculamente alta fazendo com que jogadores que não investem dinheiro real acabem saindo muito na desvantagem (Pay to Win),1,0,4.7.0,2020-05-28 17:01:48
84,Gay Chupar,https://lh3.googleusercontent.com/-1sL4BEfAhuI/AAAAAAAAAAI/AAAAAAAAAAA/AMZuuclcd_rnEkwT1XLj27U5Ds90uOX1rQ/photo.jpg,"As pessoas estão sempre se rendendo ou desconectam ! Isso é muito chato para se render deviam pagar 50 gemas, para pararem de sair das partidas!",2,0,4.7.0,2020-05-29 22:33:21
85,Yicaro Cleberson,https://lh3.googleusercontent.com/-HOGXEq8q_3I/AAAAAAAAAAI/AAAAAAAAAAA/AMZuucn_8f8NhVkOE5kDZVyMRTFu35PVNg/photo.jpg,"O jogo é ótimo. Gráficos super HD, tem diversos personagens e habilidades únicas e mais cartas do que qualquer outro jogo da Play Story.",5,0,4.7.0,2020-05-30 02:46:40
86,Keslley King's,https://lh3.googleusercontent.com/a-/AOh14GgmNaTX2_Dvp3v5HxFCPGHhHq_j6dBVHWLeYRGG,O jogo é ótimo muito bom mesmo mais eu acho que vocês deveriam adicionar as cartas antigas dos outros yugioh principalmente as do gx o marshmallow o cilindro Magico o dark hole o cyber jara o final coutdown o heav strom e outras várias cartas do gx de Playstation 2 ficaria muito melhor.,4,0,4.7.0,2020-05-23 14:39:03
87,Lucas Freitas,https://lh3.googleusercontent.com/a-/AOh14GhCDkZiVnW2ROB43L4J_I7n3YkaNVE_FAVjbZEI,O jogo é muito bom é melho que free fire nota dele é melho que free fire pessoas que fala mal é deu nota 1 porque tem preguiça de joga um jogo é tem que gasta dinheiro mais nunca gastei dinheiro é tou no ouro 6 no jogo com muita carta boa de mais,5,1,4.7.0,2020-05-27 15:32:11
88,Fernando Gomes,https://lh3.googleusercontent.com/a-/AOh14GhaUa5D19TUu91UjFUvzIUkDtN6HEfR_FkIyrGMig,"Muito bom, mas ainda aguardamos, depois de 2 anos, opção para troca de cards e uma área social do jogo. Para contato entre os amigos.",4,1,4.7.0,2020-05-23 22:59:02
89,ManoDan,https://lh3.googleusercontent.com/a-/AOh14Gg7oig8Cb7vZiYsuTGP5hx3PiWz5ClDbpVX0NV5Gg,"Muito roubado, colocar oponentes com baralhos com muitos efeitos contra outros simples, deve-se separar não por nível do oponente e sim por nível de baralho",1,3,4.7.0,2020-05-23 14:15:58
90,LINDOMBERG LUIS,https://lh3.googleusercontent.com/a-/AOh14GifEBZr1BReq8FHkpdihGgnoME8lTgPiecA1SJa,"Após essa atualização está travando bastante, isso incomoda muito, antes era fácil e limpo jogar DUEL Links, agora está estressante!",3,0,4.7.0,2020-05-27 09:35:02
91,J. Hollowheart,https://lh3.googleusercontent.com/a-/AOh14GhlAjeMkYUdy1Difrxi67i_1ziMgbPPY2RbLPmgYg,"Simplesmente INCRÍVEL, Yu-Gi-Oh! Duel Links traz a tona a nostálgica franquia de Yu Gi Oh aos nossos corações, as batalhas são dinâmicas e com as regras atualizadas. O jogo é perfeito para quem gostaria de batalhar com amigos e pessoas mundo a fora. Duel Links disponibiliza batalhas online com pessoas de todo canto do mundo através de conexões com a internet.",5,44,4.6.0,2020-05-07 01:07:55
92,Igor Mota,https://lh3.googleusercontent.com/a-/AOh14GhXEDbzZg05BcrgIsRvqnY1fBlwK5BpRBvuzqMO,"Não existe mais duelo. Nem nada de equiparação entre players. Se você pegou um cara q tem grana, e comprou um deck com combo absurdo, não existe jogo. Você só espera ele na mesma rodada invocar DOIS monstros de 4500 ATK. Não tem graça nenhuma você tentar montar um deck, já que pela lógica do jogo, não vale a NEM UM POUCO apena. Só existe quem teve a grana de comprar um deck full, e você que quer montar um deck, mas vai sempre perder por uma apelação sem sentido.",1,141,4.6.0,2020-05-07 11:38:05
93,Wellingtom Gadelha,https://lh3.googleusercontent.com/a-/AOh14GjdWwV-gJWknUM9yocVNyMRo-NAHEXodeSFDgUpNg,E top mano esse jogo desde pequeno que jogava já cm os cards e foi super incrível ver que fizeram um jogo que todos se divirtam mas gostaria de pedir algo! Vcs poderiam desenvolver um jogo de bakugan seria ótimo...,5,0,4.7.0,2020-05-30 18:06:42
94,João Luiz,https://lh3.googleusercontent.com/a-/AOh14GgxpbJhcblz7mKbHrOI9sZvqUG1lFs93na_QiuOUQ,"O jogo é bom, porém não tem como invocar os 3 dragões brancos por falta de espaço sendo que cada dragão precisa de um sacrifício de dois monstro, no início do duelo só começa com 4 cartas é pra ser 5 e a dificuldade do jogo é muito baixa tentem melhor isso e o jogo ficará perfeito",3,1,4.7.0,2020-05-17 00:16:38
95,Wagner Silva,https://lh3.googleusercontent.com/a-/AOh14GhLqXBebFQAFG-8elONBSjLTuJebLTg1l5XrcjWHw,"Os eventos estão enjoativos, está cada vez mais difícil de conseguir gemas quando se avança no jogo , o macro é muito grande, as cartas que você precisa ficam injustamente nos ultimos pacotes, isso é sacanagem com os jogadores free to play e quem joga por diversão eventualmente. O jogo facilita para quem pode pagar para jogar, deixando quem não pode de fora.",2,38,4.6.0,2020-05-03 14:02:13
96,ying brabíssimo,https://lh3.googleusercontent.com/a-/AOh14GiL6R3IrarYiraVHQWxowyCxTvYNF5Rgvk8Rmzf,"Muito top, mas dps q atualizei pra última versão, o jogo n abre, antes achava q era minha internet, mas todos os outros apps estão funcionando normalmente.",5,2,4.7.0,2020-05-17 03:59:03
97,Amderson Olegario dos santos,https://lh3.googleusercontent.com/-i4cPvNYZ8Zw/AAAAAAAAAAI/AAAAAAAAAAA/AMZuucn5Gz_vdnhk4djGTjeAAr9A4qwYDg/photo.jpg,O único defeito e perder a conta muito fácil mesmo com Konami ID . Free 2 play tem que tomar muito cuidado.! Obrigado,5,0,4.7.0,2020-05-22 18:17:44
98,Vladson Garcia,https://lh3.googleusercontent.com/a-/AOh14GiGLfm6rVOrTRe7byTLlvfj4cc60HUpLoabAfEp,"Amo o jogo, mas precisei limpar o celular e reinstalar tudo, mesmo com o ID ñ consegui recuperar minha conta do jogo, ñ quero começar tudo de novo do zero, muito burocrático a recuperação de ID antiga.",1,0,4.7.0,2020-05-21 17:18:55
99,Vitòria Alves mariano,https://lh3.googleusercontent.com/-JqB_thkvGYw/AAAAAAAAAAI/AAAAAAAAAAA/AMZuucnt0OqbXaEOByEgj9Ip2iREDjf5ew/photo.jpg,Eu tenho uma reclamação a fazer eu estáva jogando yu gi oh normalmente eu estava ganhando eu tava no bronze 7 aí sai do jogo quando entrei pra jogar o ranqueada de novo eu estava no recruta 3 isso e injusto com a pessoa além de ser difícil de subir eu voltei pro recruta 3 sendo que eu estava no bronze 7 por favor ajeitem isso,2,1,4.7.0,2020-06-01 00:51:45
