,userName,userImage,content,score,thumbsUpCount,reviewCreatedVersion,at
0,Taty Memoria,https://lh3.googleusercontent.com/a-/AAuE7mA5NgZi5ZAwZsbIMjgrh9pxoRvcpA0v2r8yl-lZiLs,Educativo e divertido. Ótimo para quem quer aprender inglés.,5,3,1.4.2,2020-01-12 00:57:09
1,Manuela Pão com nutela,https://lh3.googleusercontent.com/a-/AAuE7mCz0l7t2_Li-wlMB8a6FzDBxZROpWkYf4CZvP_u,"Ótimo esse jogo, bem desafiador e ainda é bom pra aprender inglês, mesmo n sendo fluente a gnt inventa palavras e vai aprendendo as palavras, mesmo sem saber o significado, a gnt aprende kk",5,5,1.4.2,2019-12-14 17:42:29
2,jovita narciso Matos,https://lh3.googleusercontent.com/-ISUGFLjergo/AAAAAAAAAAI/AAAAAAAAAAA/ACHi3resr6giKDG_xPcC9k0xTCMplp1sFQ/photo.jpg,Interessante ajuda me a incrementar o meu vocabulário embora haja dias que não consigo preencher todo gráfico. Poucos,5,16,1.1.8,2019-09-08 04:48:10
3,Taísa Braga,https://lh3.googleusercontent.com/a-/AAuE7mCTyIsRhbsGtgh-uJ3oO8TRbzrDqv5EBvEhLBgQTA,"Bom...mas poderia ser melhor. Quando completa todas as palavras muda de fase automaticamente, nao dando chance de anotar as palavras para consultar a traducao...ou, ter a opcao de traducao no app",2,7,1.1.7,2019-08-13 12:07:41
4,valmirpereiraleonis santos,https://lh3.googleusercontent.com/a-/AAuE7mB2Y5KjdZGtS4h-Czsk1u-ryHIwTIxvnm0ZKxLj,"Muito bom esse jogo, além de aprender muitas palavras em inglês, você exercita seu cérebro.",5,0,1.1.8,2019-11-05 16:24:27
5,Nuno Santinho,https://lh3.googleusercontent.com/a-/AAuE7mBMVSZ1idGQa3zhfG55DFqpKvExXNvuNvi4mk4X5Q,"Jogo divertido e, apesar de ser em inglês, bastante desafiante e ""bom"" para estimular o cérebro.",4,9,1.1.7,2019-08-18 18:20:48
6,Thaina Giudice,https://lh3.googleusercontent.com/a-/AAuE7mBUTRyVz5c_fGyGRDGyTfYmXC9odlshoaBKjlFkkPQ,"deveria ter a tradução de todas as palavras e explicações. porque ele não ajuda a aprender nada, so mostra a existência das palavras no vocabulário do inglês",3,8,1.1.6,2019-08-01 17:17:21
7,Daniel Bucker,https://lh3.googleusercontent.com/a-/AAuE7mAz9t8teRoiZvuNNRbAO_AIrEDuzVgGsgnyqUvEaUY,"Jogo inteligente, divertido e rápido, com uma interface bem bonita.",5,4,1.1.7,2019-08-13 16:51:03
8,Douglas Máximo,https://lh3.googleusercontent.com/a-/AAuE7mD927Ark3GfABU1GT_-7wWOoHG7OVqs81As3OjpnQ,"otimo aplicativo, uma pena nao mostrar a tradução das palavras, o que o torna inútil para quem nao possua um inglês mais fluente.",2,64,1.1.6,2019-08-03 23:54:00
9,Robson Michael Correia,https://lh3.googleusercontent.com/a-/AAuE7mAC9x9f7tYMaAFMqGUGO7JHXDYqbiPv_eFWXtzk5w,"Bom jogo, so eliminaria as publicidades...mas faz parte",4,0,1.1.7,2019-09-17 16:46:33
10,Vinicius Koehler,https://lh3.googleusercontent.com/a-/AAuE7mBmiIvjIDIInMRG56YZmVYmT2dhdSB1o1y61hivdw,Excelente até agora. Pega até linguagem informal.,5,0,1.1.7,2019-08-13 15:22:39
11,galaxysii lite,https://lh3.googleusercontent.com/a-/AAuE7mDoSiKoQdqF1G-0nEvw6g79R0tH1xUwjRg544ghYw,"It's GARBAGE! Dont waste your time! Lixo, App sem.sentido criado apenas p tentar roubar seu dinheiro. Não perca tempo c esse lixo!",1,2,,2019-03-09 06:54:26
12,Eliane Barros,https://lh3.googleusercontent.com/a-/AAuE7mAz3jIoXm1ByU-iHVbJPoMToOl4avqDehQqf1k4Ew,Jogo rápido e divertido.,5,5,1.1.7,2019-08-08 16:20:13
13,Tereza Loparic,https://lh3.googleusercontent.com/a-/AAuE7mDUJkDRp9AW4HENB5MednrPsImo3qpRDiCMZzjJ,"simples, divertido e bonito",5,4,1.0.52,2018-11-09 03:59:02
14,Álvaro Mendonça,https://lh3.googleusercontent.com/-U3A7NK4vbu8/AAAAAAAAAAI/AAAAAAAAAAA/ACHi3rf15lGuAzUvvstp4SWDjcuHxo13Xg/photo.jpg,Divertido e instrutivo,5,2,1.0.61,2019-05-11 20:30:54
15,Irla santos,https://lh3.googleusercontent.com/a-/AAuE7mDK0axuKM1KbKTngOnxKoKOzXaAheDWY3vCpVEgAw,"Bom jogo, pena estar todo em inglês. Desinstalando...",4,3,1.1.7,2019-08-12 13:04:04
16,Um usuário do Google,https://lh3.googleusercontent.com/EGemoI2NTXmTsBVtJqk8jxF9rh8ApRWfsIMQSt2uE4OcpQqbFu7f7NbTK05lx80nuSijCz7sc3a277R67g,"Muito bom, com muitos níveis! Passatempo maravilhoso.",5,36,1.0.58,2019-02-23 14:12:07
17,Jose Camargo,https://lh3.googleusercontent.com/-2JNrJx1Ffww/AAAAAAAAAAI/AAAAAAAAAAA/ACHi3rdwTGYbner2AjNIBUh7Nm_-8WSz_g/photo.jpg,Ótimo para treinar vocabulário.,5,7,1.0.52,2018-11-12 16:40:46
18,Anamaria Dentzien,https://lh3.googleusercontent.com/a-/AAuE7mC4X1FW3MRIkO3DxMAMst6Z6Dl1XzgG6iJKrn9xLg,Apaixonante. Não se consegue parar.,5,0,1.1.8,2019-09-25 19:35:37
19,Maria Luisa Auler,https://lh3.googleusercontent.com/-fKbqhHrSxI8/AAAAAAAAAAI/AAAAAAAAAAA/ACHi3rffALicz5l3Kku1ew9_kY6tjY1bWQ/photo.jpg,Otimo passatempo e bom para rever palavras,4,0,1.1.8,2019-09-08 16:07:30
20,Adelaide Cardoso Lages,https://lh3.googleusercontent.com/a-/AAuE7mAQV4cz4_0KAWG0LZu-Xp6tfwQ9T9jhx1CF_y0RLA,Dificuldade ao mudar de exetcicio,5,0,1.2.0,2019-10-17 18:28:05
21,Um usuário do Google,https://lh3.googleusercontent.com/EGemoI2NTXmTsBVtJqk8jxF9rh8ApRWfsIMQSt2uE4OcpQqbFu7f7NbTK05lx80nuSijCz7sc3a277R67g,Vcs têm rrasaum E visiante 😂😂,5,14,1.0.53,2018-11-19 15:52:00
22,Josi Ramos,https://lh3.googleusercontent.com/-D_N0anJXFKo/AAAAAAAAAAI/AAAAAAAAAAA/ACHi3reHPuwELhgkYSKLhWIpq6eDJ7cD5g/photo.jpg,Eu precisaria repicar o por quê?,3,0,,2019-12-18 07:57:17
23,Silvita Miranda,https://lh3.googleusercontent.com/-i1MQ6aAZ4to/AAAAAAAAAAI/AAAAAAAAAAA/ACHi3rckurytTXIKD0Hs6QoU8F5jpmMSbw/photo.jpg,Preciso ter mais diversidades de palavras,4,3,,2018-11-10 15:38:13
24,ademir bem de souza,https://lh3.googleusercontent.com/-s1qN1Dk0gq4/AAAAAAAAAAI/AAAAAAAAAAA/ACHi3rftAJMpC39THuuoFNIasoQ87PXanw/photo.jpg,Muito bom para aprender,5,0,,2020-01-11 14:49:13
25,Eduardo Pezzi,https://lh3.googleusercontent.com/-u9H-hGGlTcI/AAAAAAAAAAI/AAAAAAAAAAA/ACHi3rdmSebZFWBIEvMeSwKAcMJ7VqWD2w/photo.jpg,ajuda muito no vocabulário sem ser chato.,5,46,1.0.63,2019-06-03 20:08:13
26,Elisangela Pereira,https://lh3.googleusercontent.com/a-/AAuE7mDP1INuzhWsYZuazv_9EP-d1pat__0R_yJ2ajDI7E8,"O jogo não tem opção de idioma, não gostei",1,77,1.0.52,2018-11-08 14:39:32
27,Alberto Kligerman,https://lh3.googleusercontent.com/a-/AAuE7mCVEIEtEmTSwAtQJi9aDfEKFKD64CYNQCWbWrAb,Que jogo é esse! Muito bem bolado!,5,15,1.0.58,2019-02-01 19:46:00
28,nicolly santos,https://lh3.googleusercontent.com/-PkSMdNwQPbc/AAAAAAAAAAI/AAAAAAAAAAA/ACHi3rduMb3cqmItFREAG_Iavsj8fLQZ1A/photo.jpg,E muito bom.,5,0,,2019-09-19 07:06:05
29,Gizelli Nascimento,https://lh3.googleusercontent.com/a-/AAuE7mDBzDvo-CY6wYwOjB4MI-n2a5vVd5YMVdHAuuggcg,bom de se jogar,4,17,1.0.54,2018-12-28 16:22:05
30,Um usuário do Google,https://lh3.googleusercontent.com/EGemoI2NTXmTsBVtJqk8jxF9rh8ApRWfsIMQSt2uE4OcpQqbFu7f7NbTK05lx80nuSijCz7sc3a277R67g,Bom para passar o tempo ☺☺☺,5,5,1.0.52,2018-11-04 19:22:07
31,Bruno Portela,https://lh3.googleusercontent.com/a-/AAuE7mBmPo0kzj7VqqPySh9qIcBmXmRLlNT2auzRlrbi,bom para melhorar vocabulario,5,0,1.1.7,2019-08-09 02:11:50
32,iori yagami,https://lh3.googleusercontent.com/a-/AAuE7mARf1Cb9bb3wGM6pQfvIKyLKH8tkYGMt6iXUnyEzw,Muito bom mesmo✌✌✌👏👏👏,5,6,1.0.52,2018-11-06 20:54:24
33,Mauricio Luiz de Camargo,https://lh3.googleusercontent.com/a-/AAuE7mCSxol_KLy8dygolI3HX2ErcyDjUl6d1c-6jnw0VHc,Ajuda a treinar inglês,5,4,1.0.53,2018-12-09 19:22:04
34,Um usuário do Google,https://lh3.googleusercontent.com/EGemoI2NTXmTsBVtJqk8jxF9rh8ApRWfsIMQSt2uE4OcpQqbFu7f7NbTK05lx80nuSijCz7sc3a277R67g,Isabela e o bico com,4,1,,2018-11-06 13:06:46
35,Um usuário do Google,https://lh3.googleusercontent.com/EGemoI2NTXmTsBVtJqk8jxF9rh8ApRWfsIMQSt2uE4OcpQqbFu7f7NbTK05lx80nuSijCz7sc3a277R67g,Esse jogo e muito bom,5,1,,2018-10-27 01:08:29
36,Irineu Souza,https://lh3.googleusercontent.com/a-/AAuE7mAgO2SF9LHc2oO0esPYV0iTuZHBCYT9yPEQEKhK,Muito bom indico,5,3,1.0.53,2018-11-21 21:10:54
37,Um usuário do Google,https://lh3.googleusercontent.com/EGemoI2NTXmTsBVtJqk8jxF9rh8ApRWfsIMQSt2uE4OcpQqbFu7f7NbTK05lx80nuSijCz7sc3a277R67g,amei jogo maravilhoso,5,0,,2019-03-01 15:37:43
38,Renato Tomé Fedrigo,https://lh3.googleusercontent.com/a-/AAuE7mAP3GIQ4QwjcTkbBsNHvrSoe4g8ZnTeHB2qZwb4,Cachorro batata gato pipino,5,0,,2018-11-13 17:49:46
39,Um usuário do Google,https://lh3.googleusercontent.com/EGemoI2NTXmTsBVtJqk8jxF9rh8ApRWfsIMQSt2uE4OcpQqbFu7f7NbTK05lx80nuSijCz7sc3a277R67g,My frinds este app é Mara,5,0,,2018-11-05 22:33:58
40,Vitor Cesar dos Santos,https://lh3.googleusercontent.com/a-/AAuE7mBDyoKVOmRKzr-TWqRdXn_mhpFau_iUSEbUybsKTA,pesimi e ingles tudinho,1,0,,2019-07-02 12:50:35
41,André Siqueira,https://lh3.googleusercontent.com/a-/AAuE7mCEDcUCQ7CL1yIwg3dB6BXhofRXc514kiQ7oLUnww,Ótimo,5,0,1.5.1,2020-01-26 13:56:14
42,Paloma Ribeiro,https://lh3.googleusercontent.com/a-/AAuE7mAmLWflg2f8fsWRCI3PsZYgJg_bt1UnkJWzWqY5,Good brain challenge 👏🎉,5,0,1.4.2,2019-12-24 14:04:23
43,Anderson Sales,https://lh3.googleusercontent.com/-BIL1eTrWIW0/AAAAAAAAAAI/AAAAAAAAAAA/ACHi3rekbZip1ZdTV7uPOLdT4BbYrQCS4g/photo.jpg,Very good,5,0,1.4.2,2019-12-21 23:50:45
44,Maria Tereza Pregeli,https://lh3.googleusercontent.com/a-/AAuE7mBfeFTNlkqYmUnNhU_hoxao91tsUn4xrJCJ4d-69qk,Good,5,0,1.4.2,2019-12-31 18:37:17
45,And Acc,https://lh3.googleusercontent.com/-5IjWkV7m_jQ/AAAAAAAAAAI/AAAAAAAAAAA/ACHi3re85E9EXmFFW4mphnyc1eyMNZ7m_w/photo.jpg,😍,5,0,1.4.2,2020-01-04 06:51:57
46,Thiago Andrade,https://lh3.googleusercontent.com/-BNrj2qwMqXo/AAAAAAAAAAI/AAAAAAAAAAA/ACHi3rc1HeNu4PHaaYirLxOPAI8ijxYo3Q/photo.jpg,Great to increase your vocabulary.,5,0,1.3.3,2019-12-07 22:26:10
47,Yainaris Chávez Ochoa,https://lh3.googleusercontent.com/a-/AAuE7mCgFG0iit8cSbBesNRAQ5j2_TrRxub742OGzzKMR4A,Top,5,0,1.3.3,2019-12-06 19:11:20
48,Vinicius da Costa Luque,https://lh3.googleusercontent.com/a-/AAuE7mDtHgegelO5oDM6kKppFgCFpPdVVY3DbOXQEA44WLU,The best,5,0,1.3.0,2019-11-01 11:19:14
49,denis paulo,https://lh3.googleusercontent.com/a-/AAuE7mAsEjJFuULZa23H22fm6JRUxhntV_vD35Rv7H-r,Razoável,3,0,1.2.0,2019-10-31 11:39:12
50,Rodrigo Coutinho,https://lh3.googleusercontent.com/a-/AAuE7mB_MOtVYdu65HkhGS42xCxcZ93JSxpZ6mRsLt23nQ,"It's a great way to learn new words, I love it",5,0,1.1.8,2019-09-16 09:02:44
51,Fernando Costa,https://lh3.googleusercontent.com/a-/AAuE7mDcXKZWPb3UPpzQjubEtSLSp4tajKBN4TpGBwLTOQ,Super cool,5,0,1.1.8,2019-12-21 03:21:23
52,Metodologia de Melhoria de Processos,https://lh3.googleusercontent.com/-ZJgKrrExzoc/AAAAAAAAAAI/AAAAAAAAAAA/ACHi3rfeAximSk5hoEgnVg3DElznt6BnZQ/photo.jpg,Great o improve muito vocabulary wish Thais game !,5,0,1.1.7,2019-08-16 18:24:13
53,Marcelo Ribeiro,https://lh3.googleusercontent.com/-NUPrqGX3vS4/AAAAAAAAAAI/AAAAAAAAAAA/ACHi3re3981XAZOgxTMSnlQ8UbRATjSeKg/photo.jpg,very Nice to learn!,5,0,1.1.7,2019-08-10 00:58:49
54,Sergio Rod.,https://lh3.googleusercontent.com/a-/AAuE7mC4hYZOpzdAT7mCODVO2-YxRb12d38UGRusW8Js,very educational and entertaining. congrats!,5,0,1.1.7,2019-08-10 04:59:34
55,Helena Silva,https://lh3.googleusercontent.com/a-/AAuE7mDjq9NfNLhRP9lc-2q16k783hIqZjU4k4Ar1w65YA,Great to practice vocabulary!,5,0,1.1.7,2019-08-13 06:45:57
56,Marize Mattos,https://lh3.googleusercontent.com/a-/AAuE7mBl32iDI-SKq4hDtx_TOzNwzO9StfUxX3PZr831,"its wonderful to improove vocabulary,!",5,0,1.1.7,2019-08-07 08:48:41
57,Newton Falcao,https://lh3.googleusercontent.com/a-/AAuE7mBYMp4EsS8UpAWXstbSF7vQumRbUMPhCEG-Tjsz,"Great app, very nice game",5,0,1.1.7,2019-08-10 23:12:40
58,José João Bernardino da Silva Júnior,https://lh3.googleusercontent.com/a-/AAuE7mB1VBUotxzQPqgWXlNI1C1ELLwHZAiVO5qegsVBBIQ,great to memorize words mainly for who that is an English learner. Best of luck from Brazil.,5,0,1.1.7,2019-08-09 08:24:09
59,João Sousa,https://lh3.googleusercontent.com/a-/AAuE7mBs6vJZLE0kT4NowYsAR7Hg9Jqk_3TZHTJxkeyd,Good crosswords chalange.,5,0,1.1.7,2019-08-13 08:28:44
60,Macarena Hernandez,https://lh3.googleusercontent.com/-sHafecASCW4/AAAAAAAAAAI/AAAAAAAAAAA/ACHi3re7R4DAVYga-q8wu0Vo9gVPfq4Kzg/photo.jpg,Excellent app! It's very enjoyable and a good way of spending your free time!,5,0,1.1.7,2019-08-06 08:12:09
61,Mauricio Fonseca,https://lh3.googleusercontent.com/a-/AAuE7mDqhA_if-n6a89Aq31cPbqrESjLOGmyQ9x_8xXfyw,pretty nice!,5,0,1.1.7,2019-08-10 16:02:40
62,Claudia Mayer,https://lh3.googleusercontent.com/-6-vf25V_D0A/AAAAAAAAAAI/AAAAAAAAAAA/ACHi3rfwU1rhq6Fj-qtvac1mxXzH1MDCpg/photo.jpg,Great game! 🙂,5,0,1.1.7,2019-08-11 21:15:05
63,Walter Schacht,https://lh3.googleusercontent.com/-u35oJjO_Auc/AAAAAAAAAAI/AAAAAAAAAAA/ACHi3rdB3xc68of7-fom5K7PSipf9okUbg/photo.jpg,very nice!!,5,0,1.1.7,2019-08-12 00:00:22
64,Juber Roberto,https://lh3.googleusercontent.com/-r0bunKfDNwQ/AAAAAAAAAAI/AAAAAAAAAAA/ACHi3rf6X4WkxSUbLRxKbHrDXKL3CWp0lQ/photo.jpg,Excelente!,5,0,1.1.7,2019-08-29 14:34:58
65,Pedro Claro,https://lh3.googleusercontent.com/a-/AAuE7mDq8raBjAwfu1iGbkNxc9iRHBkZciUDRFc4-b2Z8Q,Too many annoying ads!!!,5,0,1.1.7,2019-08-09 04:20:19
66,Durval Silva Jr,https://lh3.googleusercontent.com/a-/AAuE7mAcV8tNf_Xloed2podTJJ5Kzmu-koSqAfEz1kgTlQ,Excelente!!!!,5,0,1.1.7,2019-08-28 08:44:30
67,milton reis,https://lh3.googleusercontent.com/a-/AAuE7mCnIWDq4-aeOiT3zDqcJ6xE_tYAtakCg9MKYYY2fQ,great!,5,0,1.1.7,2019-08-08 18:40:02
68,Maria José Elyseu,https://lh3.googleusercontent.com/a-/AAuE7mB5pRI2T7z_F1KuLjcQ2zCj5x62ZUcE_DK40kvgRQ,very good,5,0,1.1.7,2019-08-10 18:50:16
69,Mariana Fernandes,https://lh3.googleusercontent.com/a-/AAuE7mCysLvENoEzA5n3OpgITva7PAJmoZ4TsqhtIghDnA,tanto anúncio,4,0,1.1.7,2019-08-13 20:08:24
70,Presunto Guarnieri,https://lh3.googleusercontent.com/a-/AAuE7mD_8Z-1ZKpYE6uytuXL1H8gw8eHAHERJ9RPSIjv_w,top,5,0,1.1.7,2019-08-21 01:04:43
71,Evanildo Filho,https://lh3.googleusercontent.com/a-/AAuE7mBbnHVPQt3qZdx4PvXKMTFXS4yPMaekx-E_tyGpog,Good,5,0,1.1.7,2019-08-08 19:15:40
72,Luan Alves,https://lh3.googleusercontent.com/a-/AAuE7mDEKJD0TWo-bpL6OqVRImRlV_GiPUhMBx3PCJHl1Q,Fun,5,0,1.1.7,2019-08-08 07:31:37
73,Azenfall Rises,https://lh3.googleusercontent.com/a-/AAuE7mB3PjmtSd5JL8zJhWa6mZ253w0fak-wkD6ElsqWew,Educativo,5,0,1.1.7,2019-08-10 10:53:55
74,Vitor Nogueira Miranda Sá,https://lh3.googleusercontent.com/a-/AAuE7mCBtqwta-kh-E2xLL4EjV3OyPBnuhOt54oz0zyTI-k,awsome,5,0,1.1.7,2019-08-18 11:39:32
75,André Souza,https://lh3.googleusercontent.com/a-/AAuE7mCmRDWlzSx9th8D12WThFpVgicFGKHFPGkcV7JQtA,Good,5,0,1.1.7,2019-09-07 20:09:30
76,Luisa Mollo,https://lh3.googleusercontent.com/a-/AAuE7mATgIr0czpjeB3d9Mq4UzOsMqvOPKVWP-4MFbv_Ww,😍😍😍,5,0,1.1.7,2019-08-09 01:40:25
77,Filipe Fernandes,https://lh3.googleusercontent.com/a-/AAuE7mCJa-HdZNoJP-YGzqSo6XzpyHeb8vS0ELqCcjGB_g,"Shameful app, almost unplayable as you spend most of the time skipping through ads",1,3,1.1.6,2019-08-07 09:48:17
78,Cauê Corrêa,https://lh3.googleusercontent.com/a-/AAuE7mD1I9ieH6Ub9s_94uQi5s4-m-iFUgh6fcQfezVeUw,very monotonous. same type of level every time,1,0,1.1.6,2019-08-04 22:11:55
79,Ana lu,https://lh3.googleusercontent.com/a-/AAuE7mDODH3vou-WbT2ip1SU55csPKd6Nmi39spq4GDr,nao gostei,1,0,1.1.6,2019-07-28 11:02:27
80,Guilherme Yogi,https://lh3.googleusercontent.com/-f-8CvdN1lrM/AAAAAAAAAAI/AAAAAAAAAAA/ACHi3rfU47AEXj076-ClyYUMjQ6dB8m2Ug/photo.jpg,One of the greatest games i have played,5,0,1.0.65,2019-06-18 16:52:02
81,Camila Santana,https://lh3.googleusercontent.com/-_MzJEkoylMA/AAAAAAAAAAI/AAAAAAAAAAA/ACHi3rf9K46EY1m-2ZJ8skqVNS7nLsAfcA/photo.jpg,best game!,5,0,1.0.63,2019-05-30 09:55:52
82,Marcos Hering,https://lh3.googleusercontent.com/-vwp5ZJYi9qo/AAAAAAAAAAI/AAAAAAAAAAA/ACHi3rczvgnYx2CBgSdCvqCqdWmsnN9U9A/photo.jpg,Great app!,5,0,1.0.63,2019-06-10 17:26:42
83,Fay Damico,https://lh3.googleusercontent.com/a-/AAuE7mArzinlhddDQ1ImWHwZ66Ev3m3Cljb82FAe4kUM4Q,cool game,5,0,1.0.63,2019-06-03 04:59:38
84,Luciano Kazuo Tamehiro,https://lh3.googleusercontent.com/a-/AAuE7mCbHxTlXMyRmp3VEH3rTqDxUi7blqgpB52nbK3aoVQ,"The game is good, but I think weird a lot of ads.",5,0,1.0.61,2019-05-15 19:27:12
85,Jorge Aldi Dias Lima,https://lh3.googleusercontent.com/-ORqd0ZB9ekc/AAAAAAAAAAI/AAAAAAAAAAA/ACHi3rejbA-PhuSlZJwyrR4-OpE5-aH8dQ/photo.jpg,Excellent for English practicing.,5,12,1.0.59,2019-04-19 20:22:11
86,-Ryo Sakazaki,https://lh3.googleusercontent.com/a-/AAuE7mCWA8gOjPBn680hd286fuTkazLvdJvBDwE_7l46,Bem legal,5,0,1.0.59,2019-04-20 12:08:25
87,Cristina Menezes,https://lh3.googleusercontent.com/-UIc2QApOCY8/AAAAAAAAAAI/AAAAAAAAAAA/ACHi3repPVQDqVaa4nKNDoJHsc54VV3nWQ/photo.jpg,"Close to level 600 I start having problems with the videos, they won't pay after watching it, pages keeps loading and I have to close the app. Also app it's very difficult to get videos available to save coins at this point. Very rarely I'm able to watch 2 in a row receiving coins..",1,11,1.0.58,2019-02-07 16:38:08
88,Fernando Maia Jr.,https://lh3.googleusercontent.com/a-/AAuE7mAY88xbsBo7kjOaEsj5h3YG-R62HKh5WCVtQLUUnbo,Very fun!,5,1,1.0.58,2019-03-08 10:33:03
89,Gabriel César,https://lh3.googleusercontent.com/a-/AAuE7mBEnhG-E13wT8qRXJHmr3ly1J7gpmmXI-2vS4qwdA,very good and addictive game,4,2,1.0.58,2019-03-19 23:36:14
90,Illyana Barbosa,https://lh3.googleusercontent.com/a-/AAuE7mBDB06pCLPX13inMZq5DsU8qSHb7pFc_udG5rNz3w,awesome!,5,0,1.0.58,2019-04-07 13:36:48
91,Carmina Monteiro,https://lh3.googleusercontent.com/a-/AAuE7mC9JDnko7aNowx3V_lconvjQ2oEY_DCqr4Guke-Aw,only game possible,5,1,1.0.58,2019-02-20 20:43:42
92,Micheli Maria Bueno,https://lh3.googleusercontent.com/a-/AAuE7mC0lfXkvYPy5vVnASr_WPJXP1rzJpu9Y0Iq_HgrCxc,Amazing!,5,1,1.0.58,2019-02-18 13:49:06
93,Beatriz Abreu Lima,https://lh3.googleusercontent.com/a-/AAuE7mDj6RaR0FXXOkQyNMWgSRHaFUnYjTvxL4QZX3OjIA,love love love this games so much,5,4,1.0.58,2019-03-05 18:39:56
94,Lucas Ribeiro,https://lh3.googleusercontent.com/a-/AAuE7mAXV1wsAqv-5C6XTpTryDmqMiwV5V3cJqP2xmrxCA,fun!,5,0,1.0.58,2019-03-13 22:54:44
95,Adriana Rocha,https://lh3.googleusercontent.com/a-/AAuE7mBF-fOktoNvNMjjlMfZxm9HgfQ8tLPiy-T3fqloBA,it is cool,5,1,1.0.58,2019-03-17 09:17:58
96,Luiz Claro,https://lh3.googleusercontent.com/a-/AAuE7mBGoMIa8U4GLXIPoVczO92smRLOxTxkNJyvekVlAw,very inteligent,4,0,1.0.58,2019-04-13 19:34:51
97,Blenner Vinicius,https://lh3.googleusercontent.com/a-/AAuE7mAqZuBz7LXVvt2vjxn-4f-O7AGq_7L8-wsS7xrMfA,Bom... Viciante,5,0,1.0.58,2019-03-09 08:38:18
98,Christiano lage pinto,https://lh3.googleusercontent.com/a-/AAuE7mCi-aSQDpSHBcfHB9BVpTn4OTxbNHI2wJW80kMY,legal,5,3,1.0.58,2019-02-11 00:43:56
99,Diogo Aluai,https://lh3.googleusercontent.com/-tBj1abPGkBQ/AAAAAAAAAAI/AAAAAAAAAAA/ACHi3rcKFu20Xv8M1EnzsNOx0_rpFeHFrg/photo.jpg,u wot?,5,2,1.0.58,2019-02-19 12:27:00
