,userName,userImage,content,score,thumbsUpCount,reviewCreatedVersion,at
0,Alexandro Rafael Smaniotto,https://lh3.googleusercontent.com/a-/AAuE7mB68wHwQ-6N6jJhGl_uOU9a-t7oifk--MbkK948_os,"Gráficos e jogabilidade muito bons. Porém fazem de tudo para você gastar dinheiro, comprei diamantes para adquirir um rifle só que agora não posso usar até chegar a cidade do mesmo nível, e as vezes oferece recompensa dupla mas o botão fica sem ação e não abre o vídeo para assistir... Se tivesse como devolver e recuperar meu dinheiro de volta eu faria.",3,9,3.5.2,2020-02-09 22:40:55
1,Atila Alan,https://lh3.googleusercontent.com/a-/AAuE7mBVoqtTwKGiSfYGiSPKXjlxzcUwu72BskGEntiZMA,"Refiz minha avaliação pq comprei os diamantes do ""cofrinho"" e deram 3200 diamantes. Joguei e minha energia acabou. Como não queria gastar os diamantes com energia, esperei ela recarregar e, quando voltei, tive a decepcionante supresa de só estar com 1720 diamantes. Estou com a sensação de ter sido roubado. Aos desenvolvedores, espero que devolvam meus diamantes, já que o dinheiro sei que não vão devolver. Assim que receber um ou outro, refaço minha avaliação.",1,57,3.5.2,2020-02-08 18:11:48
2,Eduardo Levy,https://lh3.googleusercontent.com/a-/AAuE7mCzrrnGh605B1fQ0jVI9WPHXFfVRRvZRje3dTncyJ4,"O jogo é muito legal e empolgante, porém, com o objetivo de forçar o jogador a comprar créditos ou se tornar assinante a cada nova missão tem que melhorar a arma e esperar vários minutos para jogar. Isto desestimula ao invés de motivar. O jogador acaba cansando desta palhaçada. Deixem o jogo correr solto, existem outras formas de promover a venda de créditos e ou assinaturas.",1,8,3.5.2,2020-02-11 13:15:57
3,Um usuário do Google,https://lh3.googleusercontent.com/EGemoI2NTXmTsBVtJqk8jxF9rh8ApRWfsIMQSt2uE4OcpQqbFu7f7NbTK05lx80nuSijCz7sc3a277R67g,"Impossível jogar de forma justa. A administração do jogo só se preocupa em arranjar receitas e tolera todo o gênero de batotas: armas de sniper que disparam rajadaa e ou matam só com um tiro quando na melhor das hipóteses seriam precisos 4, nas OPS, passado menos de uma hora já há jogadores com milhões de pontos caveira, algo totalmente impossível, etc., etc. Estou seriamente a pensar em deixar de jogar.",1,1,3.5.2,2020-02-11 06:43:01
4,Clayton Quirino Constantino,https://lh3.googleusercontent.com/a-/AAuE7mClU9e_Chp0iAAMZM1wU5DYPiK_BOzltjfok-WZrw,"Um bom jogo pra horas vagas bem interessante, parabéns aos desenvolvedores. Tenho visto jogadores descontentes porque quando atualiza o jogo começa a travar, o problema é que quando atualiza o jogo fica mais pesado e se o dispositivo tiver pouca memória ram e hd e não ter um bom processador o dispositivo não consegue rodar o jogo. Aconteceu isso comigo, jogava com um Samsung Gran prime travou na 10° cidade, depois comprei um Xiaomi Redmi Note 8 Pró e já finalizei o jogo sem travar nenhuma vez.",5,2,3.5.3,2020-02-10 20:16:11
5,Douglas Cuvardic veloso,https://lh3.googleusercontent.com/-hovUIoQbYyE/AAAAAAAAAAI/AAAAAAAAAAA/ACHi3rc6j4OBCEqs720vOQo0n2Nlv1STMA/photo.jpg,"O jogo requer paciencia estratégica e lógica, estou gostando muito, pois na minha opinião Não deveria acabar os pontos que fazem agente fazer as operações Especiais como missão Diarias entre outros, pois quando as Barras acabam temos que esperar quase 1h para poder jogar novamente. Eu dei 5 Estrelas porque o jogo é muito Bommm",5,48,3.5.2,2020-02-10 23:10:40
6,Roberto Marinheiro,https://lh3.googleusercontent.com/a-/AAuE7mDrOfEOLjWhqz0FLi3JBvDHJkORntApnLJK7x6X,"O jogo até que é legal, mas quando você chega a um ponto que o incentivo à fazer compras no jogo fica inaceitável! Eles criam um cofrinho onde se acumula os diamantes, quando chega uma hora que eles dizem que pra resgatar os diamantes que ""ganhou"" você tem de pagar! Quando você vê que tem como adquirir diamantes de graça vendo publicidade.... esquece não vai ter publicidade! Nem publicidade para dobrar as moedas! Claro que todo programador tem de ganhar pelo trabalho, mas assim não vai ver 1c my",1,61,3.5.2,2020-02-09 03:44:42
7,Mauricio Ito,https://lh3.googleusercontent.com/a-/AAuE7mAUMQPBMcmYImdsJht2TqezszyGFNEU6CiNi1ra8g,"Desanimador competir contra hackers e mods e multiguerras. A cada atualização do jogo só piora a jogabilidade. Não tem como um novato competir na mesma arena de um hacker com armamento e equipamento full, não vai conseguir nem fazer a mira em algum oponente e já vai ser abatido com um único tiro. Quem procura se divertir não aconselho esse jogo pois só vai passar raiva e ficar estressado.",1,84,3.5.2,2020-02-05 21:07:47
8,Luiz Filho,https://lh3.googleusercontent.com/-bjGYC4bzSPE/AAAAAAAAAAI/AAAAAAAAAAA/ACHi3rfd8Tcc7F6jPtscYRnqcvrt2_IKmg/photo.jpg,"Estou na fase New Madison, fase 14 (Falta de Educação), e o jogo buga/bugou, pois toda vez que atiro no alvo eles ""flutuam"" em alta velocidade ao invés de andar ou correr, impedindo o avanço no jogo. Por favor arrumem isso, para eu dar 5 estrelas, pois o jogo é muito bom, mas esse bug está matando.",3,448,3.5.2,2020-02-06 12:22:35
9,Pablo Almeida,https://lh3.googleusercontent.com/a-/AAuE7mA9p8r18WCQb80b5NkOCBrFlqmZ6b8q_bX3TTPdzw,"Parou de funcionar o modo online para entrar nas arenas, fica dando erro no servidor e pede para voltar mais tarde mas já está assim a algum tempo, estava curtindo o jogo mas nem evoluir as armas não estou conseguindo através das medalhas pois diz que tem que estar conectado ao servidor",2,2,3.5.2,2020-02-10 22:37:09
10,Ana Lucia,https://lh3.googleusercontent.com/a-/AAuE7mAoDuF7Y8gqdBF-hgoIexl13auNsfvosFwFvR7K7A,"Otimos graficos jagabilidade perfeita! Senario surpriendente .. O problema e o dinheiro que vcs egisem como o cofre de diamentes e os pacotes O pacote pelo menos o inicial deveria ser no minimo R$12,500(dinheiro do jogo) e o resto pode ser pago com dinheiro de verdade E o pior e o cofre! O pacote tudo bem mas o cofre e inaceitavel!! Eu completo as missoes como pedido e obrigacao no jogo acumulo os diamante no cofre e quando eu vou abrir tem que pagar? Isso e um roubo!😤Um Absurdo!😠 Desintalei",1,160,3.5.2,2020-01-24 01:57:46
11,Ana Anna,https://lh3.googleusercontent.com/a-/AAuE7mBCp_0Qpe0a_L-Uv26OFsAHNSPjtff2pzghdbvX,Bom ótimo perfeito os gráficos são maravilhosos parabéns a os criadores o unico problema do jogo e que a maioria das coisas são pagas com dinheiro da vida real mais tirando isso o jogo e o segundo melhor jogo de tiro o primeiro melhor e free fire e também free fire Esta sendo o jogo mais jogado no momento mais esqueçam tudo que disse sniper assasin 3D e MT bom super recomendo,5,1,3.5.2,2020-02-09 21:38:31
12,Herico dos Anjos Oliveira Santana Anjos,https://lh3.googleusercontent.com/-NStIaGXHkw8/AAAAAAAAAAI/AAAAAAAAAAA/ACHi3rcdqrBXD_1GMiYqlGkF1Lg5180C7Q/photo.jpg,"Vc criadores do jogo, não acham abusivo o valor que são cobrados nesse jogo não? Eu até estou gostando do jogo e já fiz um compra!! Mais sinceramente, não vejo a necessidade de faz gastos que não tem muitas fases e que nelas tenham o gráfico diferente. Revejam isso!! Pq dessa forma será difícil manter jogadores no jogo",3,25,3.5.2,2020-02-08 12:08:13
13,Demia Lopes,https://lh3.googleusercontent.com/a-/AAuE7mCNvPH0vRbdc2gxXuxXD9Vt1tZL0ARicySl_Wwsnw,"Jogo até bom,mas quando entra na arena o sistema do jogo não é bom pq coloca vc para disputar com jogadores que tem armamento e equipamentos muito superiores ao seu, assim fica difícil disputar com quem não tem o mesmo nível no jogo. Arenas repetidas,nada se compara ao CS.",1,73,3.5.2,2020-01-25 07:10:52
14,Celso Kavalheiro,https://lh3.googleusercontent.com/a-/AAuE7mBq0rv0qTK34ryDx4iS4ElkqwP7fMzTUaCv49Ga6A,O jogo é muito bom mas enche o saco porque a cada cidade que tu desbloqueia tem que comprar uma espingarda nova e atualizar ela ao máximo pra passar pra outra cidade chegando lá tem que comprar outra e sem contar que tu faz as missões e vem oferta relâmpago nossa que massa mas tu nunca consegue comprar porque sempre falta diamantes se tu tem o valor em dinheiro tu não pode comprar. Tratar de melhorar está parte.,2,93,3.5.2,2020-01-27 08:57:50
15,Fábio Guidelli,https://lh3.googleusercontent.com/a-/AAuE7mAqKbDsOkm02Ng-ffwpv5_ZSZUjD-3r2_aKsjDg,"Jogo bacana ... mas tem travado muito e no Campo de atiradores muitos bugs como : vc mata o adversario e ele resurge atraz de vc, vc mata o adversario e nao soma sua pontuacao ou ainda pior te da ponutacao negativa. Estou fazendo Nova atualização. Estou quase deainatalando este jogo, vc elimina o adversário e o jogo não pontua a eliminação... muito ruim.",4,21,3.5.2,2020-02-05 01:28:54
16,Olavo Braga,https://lh3.googleusercontent.com/-h28PJ-VKl0s/AAAAAAAAAAI/AAAAAAAAAAA/ACHi3rdnI-kn_NczkvyKn_szogksfEg5ag/photo.jpg,"O jogo e top, mais só vou dar 3 estrela pq quando jogamos no modo online, tem divisão de patente, fica muito complicado jogar com pessoas q estar muito mais na sua frente, além do mais tem pessoas q compra, hacker de diamante, então pode comprar armas muito mais potentes. Fora isso e muito bom, parabéns.",2,22,3.5.2,2020-02-09 16:17:56
17,Daniel Bohn Donada,https://lh3.googleusercontent.com/a-/AAuE7mDP8SxuBgiStZNFIcHDSCM2LCPYCS7kPevEL81JFQ,"O jogo é legal, mas depois de um tempo, simplesmente, passou de recarregar a energia. Se a desenvolvedora quer ganhar $ então que faça jogos pagos em vez de usar esse tipo de ""estratégia"". E ainda que seja só um bug, do que me adianta um jogo legal que não posso jogar?",1,51,3.5.2,2020-02-07 13:01:15
18,Alexandre Soares,https://lh3.googleusercontent.com/a-/AAuE7mBIhSeX4W5fUSAdfDH_HKWdZAO4zjPBJCiUourQug,"Jogo muito bom e prende a sua atenção. O único ponto negativo em minha opinião, é na hora de receber os bônus por algumas missões que vc conclui com perfeição. Por diversas vezes não consigo resgatar os diamantes ou moedas, que teria que assistir a um vídeo para receber o prêmio, só que esse vídeo nunca aparece e vc perde o prêmio. Devo ter perdido hj uns 60 diamantes e umas 3000 moedas. Muito frustante!!!",4,2,3.5.2,2020-02-11 11:39:08
19,rafael nascimento,https://lh3.googleusercontent.com/--_NjTw8hz44/AAAAAAAAAAI/AAAAAAAAAAA/ACHi3rctScwBz0ZhAcC3KmVLbpD7sYnT-g/photo.jpg,Jogo cheio de propagandas. Tem mais propaganda que jogo. O jogo tenta te empurrar toda hora uma compra de alguma coisa. Você não consegue por mérito. Se não gastar seu dinheiro fica sem. Além de ser muito repetitivo.,1,2,3.5.2,2020-02-10 11:19:22
20,Elvis Lenon,https://lh3.googleusercontent.com/-WIJQ2GS0kjE/AAAAAAAAAAI/AAAAAAAAAAA/ACHi3rf8HaLPiWGVVnwTARzId5m1Tyi17Q/photo.jpg,"O jogo é bm, mas no modo arena os alvos deviam ter os níveis de equipamento balanceado, tb q tem caras q gostam de gastar no jogo eu entendo e respeito, mais acho q deveria haver separação de arenas por níveis de equipamento e de acordo com o nível entram juntos, pq as vzs a gente entra com 7k de nível com caras q tem 50k e o melhor rifle do jogo, aí a gente só perde e cai no rank e n importa o quanto jogue, e liberem um rifle a mais por city, pk é injusto economizar e n poder comprar o q quer.",4,50,3.5.2,2020-01-24 00:04:34
21,kelly Poleze,https://lh3.googleusercontent.com/a-/AAuE7mBSRJ8maDcG2gZjDLeYHlsOFVRKqgQrshWhRolMjBQ,"O gráfico é muito bom, o que não gosto é da limitação quanto à melhoria nas armas, em que são exigidos diamantes, sem que o jogo ofereça o suficiente, mesmo passando de fase. Chega um momento em que não dá para ir adiante.",3,36,3.5.2,2020-01-26 14:35:11
22,Carlos Alberto Costa,https://lh3.googleusercontent.com/-Yrn-PHe0YdQ/AAAAAAAAAAI/AAAAAAAAAAA/ACHi3rd5gw9PS1rH7idYJxp3wt7VM8Y0hw/photo.jpg,O problema demora pra carregar e a arma fica variando ñ fixa e trava asvezes não devolve a vida qnd sai do ar ou quando congela engolhe não soma os ponto ganhos o alcance da mira deveria ampliar muito mais digo tambem o alcance princpalmente +++ gostei muito dele há e+++ opções d armas para quem ñ é Prime munição mais poderosa tbm boa noite ( Good night for all you ) ok.,4,15,3.5.2,2020-02-05 20:23:02
23,Victor Ladvocat,https://lh3.googleusercontent.com/-9pGvq3DWB0M/AAAAAAAAAAI/AAAAAAAAAAA/ACHi3rdS2DoFPB62MhTf9ZArXjcoGKljsg/photo.jpg,"Jogo legal, porém te obriga a todo custo a comprar os itens. Só assim pra cumprir as missões. Outra coisa desagradável é ter que aguardar a energia encher pra voltar a jogar. A não ser que você COMPRE energia também",1,1,3.5.2,2020-02-10 02:40:00
24,100 júnior,https://lh3.googleusercontent.com/a-/AAuE7mBbZr1-CdqWw_-OXbiRPY-VPy7ydYGYCBVzaT_efw,Espero que vocês acabem com esses covardes que usam metralhadora isso está estragando um jogo que era excelente com isso muitos estão saindo do jogo além de perder a graça de jogar. Espero que melhorem e resolvam esse problema. Hoje começa mais uma batalha espero que acabem com esses covardes que usam aplicativo de metralhadora isso está estragando o jogo .,1,7,3.5.2,2020-02-10 14:48:32
25,Mychael Cabral,https://lh3.googleusercontent.com/a-/AAuE7mBjQ3IT4JqQNaLin2v68IlDWL7YTXgvFpquRqgvuQ,"vários hackers que não deixam ninguém jogar, PÉSSIMO! Eles nos matam com um único tiro, enquanto pra matá-los tem que ser mais de 50 tiros ( isso pq eu já estava no nível 20 e equipado com uma M40A5 com o dano de 1300)",1,2,3.5.3,2020-02-10 21:46:38
26,Laricarla Sena,https://lh3.googleusercontent.com/-QWOzZmbwJWc/AAAAAAAAAAI/AAAAAAAAAAA/ACHi3rfxDQWqihqfU9Kh-TxqWvyJyrJhuA/photo.jpg,"O jogo é bom, mas quando acaba sua energia não da pra você jogar, e ainda escreve: ""hora de matar os bandidos, sua energia ja foi recarregada"". Ai você vai la no jogo e não tem energia recarregada coisa nenhuma.",4,10,3.5.2,2020-02-05 12:29:08
27,Adilson Galvao,https://lh3.googleusercontent.com/a-/AAuE7mA2REpxDVU0Yt2pQy7QmbfFLiptUdJcDr6UiZ9DWJA,"Muita propaganda é questão de tempo para eu desinstalar. Melhorem isso, não é possível que os anúnciantes paguem vcs tão bem assim a ponto de vcs fingir que a propaganda é muito chato uma atrás da outra. Mas por enquanto vou usando o app, quando ficar impossível manter é só desinstalar.",3,298,3.5.2,2020-01-29 21:38:51
28,Pedro S.,https://lh3.googleusercontent.com/-kDnzxfTJpvM/AAAAAAAAAAI/AAAAAAAAAAA/ACHi3rdXhFDFcWHlR1Gw5pFtJt5s3c522Q/photo.jpg,"Porque a maior parte dos prémios oferecidos durante o jogo, nao são recuperáveis.... Tenho que limpar e reeniciar o jogo mesmo para receber os diamantes diarios. Se interrompo os vídeos para jogar, já tenho que repetir o processo. De resto está 5 estrelas",2,15,3.5.2,2020-01-27 20:13:42
29,Matheus Branco,https://lh3.googleusercontent.com/a-/AAuE7mAHQMC2J7UJ1BSxCuJsKq9_PGK2ia-4TK6M4tsDQg,"Estou indignado estou sendo roubado! Comecei a jogar tudo indo bem, do nada me ofereceram um cofrinho para juntar meus diamantes, que no final quando abrisse renderia mais, só que depois que enche não dá para pegar os diamantes sem gastar dinheiro de verdade! Depois de algum tempo eles somem com o cofrinho e logo em seguida vem dando outro cofrinho para encher e é o mesmo esquema! Eu jogo ganho os diamantes mas não tenho acesso aos mesmos! Aguardo uma resposta!!",1,289,3.5.2,2020-02-01 18:47:19
30,vivaldo junior barel,https://lh3.googleusercontent.com/-qhdUK5yWeXw/AAAAAAAAAAI/AAAAAAAAAAA/ACHi3rdA7okrw4FX_OEaikw6ErRnPS6ZLw/photo.jpg,"O jogo é excelente, porém os valores das armas e respectivas melhorias aumentam muito a cada fase. E por que o ""tiro na cabeça"" não acompanha essa evolução???",4,0,3.5.3,2020-02-09 16:21:01
31,Alessandra Brixel,https://lh3.googleusercontent.com/a-/AAuE7mCaYhXiKY_5gW-SkZG4eHa34zbxhpTn1Ja_9APuxA,"O jogo é legal até o momento que vc não consegue mais passar de fase sem pagar, triste. Tem que pagar pra que sua arma cause danos suficiente para matar o inimigo, e os valores começam em R$19,90 até o infinito...",1,1,3.5.3,2020-02-10 21:47:37
32,Douglas Henrique Barbosa,https://lh3.googleusercontent.com/a-/AAuE7mB6pcaHcJYPoQ1PBv5GNcq7t2ODvQ9ZVAsTJsWYrQ,"Esta dando vários bugs. Vc assiste um vídeo pra ganhar diamante e vc não ganha. Vc assiste um vídeo pra ganhar recompensa em dobro e não ganha. Vc mata o alvo com tiro na cabeça e não contabiliza no seu ganho... Aí não dá, vou ter que desinstalar o jogo novamente pq antes eu desinstalei por isso, da uma melhorada depois volta tulodos os problemas novamente! 😒",1,90,3.5.2,2020-01-29 13:44:54
33,Lucas de Lima Camargo,https://lh3.googleusercontent.com/a-/AAuE7mCi4bf2YWMEqtBIaTuggy6M5G1o0iWMZszhzYXc,Fraca... Chega em um ponto do jogo onde se você não investir dinheiro de verdade vai ficando impossível de se jogar... Sem falar que a cada missão preciso ver uma propaganda de 30 segundos.,1,1,3.5.2,2020-02-08 19:49:08
34,Vini 580,https://lh3.googleusercontent.com/a-/AAuE7mDtZ06AUbKbJRoSOl1fsRjXty_2c3kFrOPHOeYuVw,"Esse jogo é bem de boa. Não é cheio de frescura como alguns outros que estão famosos pós aí, mas também tem seu nível de dificuldade ao longo dos níveis, mas é um jogo bem casual e relaxado, pra se divertir e entreter mesmo. Eu recomendo.",5,405,3.5.3,2020-02-06 03:59:01
35,Carlos André Gonçalves,https://lh3.googleusercontent.com/-S8ramSrzEGY/AAAAAAAAAAI/AAAAAAAAAAA/ACHi3rfIBxZTzZ4u4HJ_WpP9y8nnWaS9ig/photo.jpg,"O jogo é difícil, no sentido de conseguir obter os armamentos e melhorias necessárias. Literalmente, o cara está sempre correndo atrás da máquina.",3,1,3.5.2,2020-02-10 20:29:01
36,pamonha nut,https://lh3.googleusercontent.com/a-/AAuE7mBteNCyVzbK7ruq8HU00tQosHd2iV71LB5VDhiH,Esse jogo é muito idiota tudo que vc pagar vc ganha toda hora no multiplayer tem sempre gente com muita vantagem no jogo só por que pagou para ganhar e todas as missões vem uma arma com desconto mas nunca com o número de diamantes que vc tem mesmo assitindo 1 milhao de videos para ganhar diamante esse jogo deveria ser excluído da play store por que isso ofende o pessoal gamer que usa habilidade e nao dinheiro para ganhar partidas,2,15,3.5.2,2020-01-28 11:26:03
37,Isabella ozana ribeiro ozana ribeiro,https://lh3.googleusercontent.com/a-/AAuE7mDosHp9nFwrL2t8JIHgWgVNWM2odE6iHbKoZgv2,"Eu gostei MUITO super recomendo não é pesado para o celular não abaixa a bateria. Porém quando eu vou atirar a câmera anda sozinha e assim é super difícil, mais tirando isso é muito bom,내 언어를 못하는 사람들에게 게임이 훌륭하다고 말하고 싶었습니다.",5,68,3.5.2,2020-02-02 16:29:54
38,Karla Larissa,https://lh3.googleusercontent.com/a-/AAuE7mBT4pEYNFQrOeEOh8VOa0K40eJpFWYhk2C4j7QE8A,"Índico a vocês é um jogo bom, às missões são tops. Eu não gostava muito,hoje já penso diferente sobres os jogos graças a esse é claro... tem propaganda porém não é toda hora e acaba não sendo tão irritante. Por fim é um bom jogo 😉",5,6,3.5.2,2020-02-06 00:11:12
39,Everton Araujo Silva,https://lh3.googleusercontent.com/a-/AAuE7mAZdxoZJTJt5fkVhhtkm-jWPEvqN91B3-367vpW1A,"O jogo é bom, feito realmente pra passar o tempo e divertir, tem opção de compras de itens mas sem ser apelativo, não tem bobagem de ficar vendo vídeos pra ganhar alguma coisa, realmente jogável vamos dizer assim. Recomendo.",5,234,3.5.2,2020-02-08 21:17:32
40,Karol Nascimento,https://lh3.googleusercontent.com/a-/AAuE7mC-nIdHmRDEMgjdZSV2TRMf2hI1aoMijLn96vJv_eI,"Um jogo bem legal, gráficos, precisão, cenas. O ruim é apenas que as armas são muito caras. Não tem como conseguir o dinheiro pra comprar, pq cada missão, tem que praticamente ir melhorando a arma.",3,0,3.5.2,2020-02-08 10:27:24
41,Pretta Denny,https://lh3.googleusercontent.com/a-/AAuE7mAS-dAxEuhtvWbI42rVD62aLycZQ3cswpWiUokJvQ,"O jogo é muito bom, mas complica qdo vc só é colocado em arena com jogadores Premium. Fora que uns palhaços acham uns bugs, que os rifles disparam como metralhadoras. Quem joga na honestidade, se lasca...",3,2,3.5.2,2020-01-26 01:49:10
42,lucas sullyvan,https://lh3.googleusercontent.com/a-/AAuE7mAYfLK_HO7Gd-h8jNGXHj0-J34X5Oz4CrRkJKWqXw,"O jogo e bom, porém as recompensas por ads trava na hora de solicita elas, e é muito difícil de ter uma arma, pra quem não tem condições de compra com dinheiro de verdade acaba sendo desanimador.",3,2,3.5.2,2020-02-07 20:52:04
43,NARA MEIRELLES,https://lh3.googleusercontent.com/-K16_Ud50hyE/AAAAAAAAAAI/AAAAAAAAAAA/ACHi3rcv_NAddhjp3m0x4lCOAwjkGhHW1A/photo.jpg,O jogo estava ótimo até a última atualização dessa semana. Não gostei da interface da nova atualização. Até desanimei de continuar jogando.,2,4,3.5.3,2020-02-07 23:38:19
44,Leonardo Garcia,https://lh3.googleusercontent.com/-Y59Cb0osxOE/AAAAAAAAAAI/AAAAAAAAAAA/ACHi3rd2NgZsVXgI-S08XconsDNeoADp9A/photo.jpg,Jogo ótimo amei só que ele é muito fácil e deveria ser muito mas muito difícil porque ele tem partes artes fáceis e é meio lá né entenderam e é isso porqueporque eles não sei é muito fácil a última fase pensei que era bem difícil mas é muito fácil só tem medo que melhora isso mas é muito bom continue evoluindo evoluindo parabéns e só tem esse probleminha aí né mas mas parabéns,5,7,3.5.2,2020-02-02 18:35:51
45,MAIQUEL BRENDON BITTENCOURT DIAS,https://lh3.googleusercontent.com/a-/AAuE7mDntFVrgmSbp6FLpafXwKlA51JhqgaQCLzaIQCa,"Cheio de propaganda a cada segundo, sistema pay to Win, vc ganha um cofre que vai todos os seus diamantes e tem que pagar dinheiro real para abrir, desinstalando!",1,8,3.5.2,2020-02-07 22:17:48
46,AS GEMEAS,https://lh3.googleusercontent.com/a-/AAuE7mC_mRhG7fzemcfJJTdHVPwOuvhvoh-Oyj5WkmjNRA,"Olha o App e muito bom,dou 5 estrelas por que ele não tem muitas propagandas,E as que tem não tem que esperar 24 segundos e o gráfico do jogo e maravilhoso!",5,1,3.5.3,2020-02-09 01:43:20
47,Nclr_Vieira,https://lh3.googleusercontent.com/a-/AAuE7mDWbGQTSLXH5xD_rvsfwVhtPV7o6Z5tvssgnW7v,Não consigo acessar a arena de atiradores e nem os mundiais.. toda vez que tento diz que não tem acesso à internet ou que o servidor está em manutenção.. o que ta acontecendo mds,5,0,3.5.3,2020-02-09 02:25:36
48,Luiz Chissini Neto,https://lh3.googleusercontent.com/-YcBK4ZNtbJ0/AAAAAAAAAAI/AAAAAAAAAAA/ACHi3rdCKxBHqZdIftdKXQWYZ0DvYiWp1g/photo.jpg,O jogo é bacana... Porém eu tinha o dinheiro necessário para comprar a arma mas daí liberou apenas para comprar com diamante ( mesmo mostrando a opção de compra com dinheiro)... Decepcionado com isso...,4,1,3.5.2,2020-02-06 21:17:21
49,Jose Carlos Flegler de Oliveira,https://lh3.googleusercontent.com/-U2ZSFWxx1Ls/AAAAAAAAAAI/AAAAAAAAAAA/ACHi3rdc2nsWm_AAmwvAFNkhnO8Iby9PJg/photo.jpg,"É um jogo de paciência e estratégia, não adianta passar para a próxima faze sem fazer caixa, porque vai ter que gastar muito para comprar e equipar as armas, as ofertas em diamantes só aparecem a mais do que você tem, então o jeito é ir na marra mesmo, eu cheguei até a cidade 21 sem gastar nenhum centavo meu. Muito bom mesmo!",5,0,3.2.8,2020-02-10 18:10:36
50,Domingos Oliveira,https://lh3.googleusercontent.com/a-/AAuE7mBguQ02TCiIrG_MRCsPgdTcVR86E5flRK1Erfvm,"Estou muito desiludido com o jogo... do inicio até agora ( nivel 38) tudo bem apesar de alguns pontos que nao contou no marcador ao longo do jogo, chego aqui pede atualização e alem de nao atualizar nao consigo entrar no jogo... ou seja depois de tanto sacrifício para chegar aqui estou a vêr que perdi todo o jogo que conquistei... vou esperar mais 3 dias, se mesmo assim nao conseguir jogar desinstalo... Tinha dado 5 estrelas, mas neste momento dou 2...",2,1,3.1.14,2020-02-11 00:16:53
51,washington cardoso,https://lh3.googleusercontent.com/a-/AAuE7mC9E2JFDb629moLTVMF8MiB5H5xxjDYjPvz_Gqjmg,"Otimo jogo, gostaria de sugerir que no PVP e no OPS MUNDIAL tivesse mais vidas para jogar, e gostaria de saber quando irá abrir a última cidade já cheguei e estou no aguardo de abrir ela, e gostaria de ressaltar que os tiros na cabeça não estão sendo computados",5,13,3.5.2,2020-01-24 20:48:21
52,Mariana Pereira De Souza Mariana,https://lh3.googleusercontent.com/a-/AAuE7mAxx28FSsMiM6pZ39H-Oka5o9KzXV8I_mQxVnB-984,O jogo é bom tem várias armas e é fácil de conseguir dinheiro e os diamantes mas nem todos tem condições de ficar retirando os diamantes do porquinho aqui vai uma ideia em vez de usar dinheiro real usar o dinheiro do jogo que é melhor,4,7,3.5.2,2020-01-26 16:30:25
53,Marcos Valério,https://lh3.googleusercontent.com/a-/AAuE7mDRxC_RRXWiGC_OPFP4eqD3LV7RPwAcDpd5lUXf,"O jogo era mto bom,agora esta um nojo jogar!atualizacao q nao deixa meu esquadrão, sniper BR CL, JOGAR O PVP.QDO ENTRO EM PVP VEM EM CAMERA LENTA,QUADRICULA E ESTA CHEIO DE HACKERS COM ARMAS DE RAJADA E BUSSOLA,MOSTRANDO LOCAL DE COMBATENTES!!! Infelizmente,vcs vao perder os q gostam desse jogo!!!alem da demora de novos desafios!!!no meu esquadrão, todos passamos os desafios e estamos a horas esperando o desbloqueio de novas areas!!!os organizadores deveriam se ater a detalhes q estragam o jogo!",1,4,3.5.2,2020-02-06 22:12:59
54,Adryan gamer,https://lh3.googleusercontent.com/a-/AAuE7mDIVChRKPblejMQ_wUZxA0_eMqRAz4wXY6guywvHA,Experiência é boa por causa da mira e cabo e muitas outras coisas que tem cada missão libera alguma coisa talvez libera diamante recarga e dinheiro e muitas outras coisas experiência de atirador Max. Sniper 3D assassin 👏👏🤜🤛,5,0,3.5.3,2020-02-09 15:18:30
55,ANDRÉ LUIZ Carpes,https://lh3.googleusercontent.com/a-/AAuE7mACrL_PUPFA2Xe3ml141xTlMDO92jXtQ8gJy5eu,É a segunda vez que jogo um game de sniper e este em 3D é fantástico. Continuarei a jogá-lo sempre que puder. Parabéns aos desenvolvedores!,5,1,3.5.2,2020-02-11 18:19:02
56,Juliana Juli Oliveira,https://lh3.googleusercontent.com/a-/AAuE7mAmJ9_rBPA8glffgLhlb1Vp6thpJd4lXGXAL1_mSg,"Ficou uma droga depois q atualizou recente. A arena online está lenta, o som mto ruim, a imagem péssima. E olha celular é mto bom para suportar esse jogo. Voltem pra atualização anterior.",2,2,3.5.2,2020-01-25 14:52:31
57,Adimilson Gomes da Silva,https://lh3.googleusercontent.com/a-/AAuE7mD6VuIwbFKAec0WDeLK2KBEkTR6F-AvlJG6b9V4_Q,O jogo é ótimo gostei já comprei a última arma do jogo e desbloqueei a última cidade só que o jogo não terminou existe uma mensagem que a próxima cidade será inserida no jogo em breve daí para frente não sei como continuar o jogo.,5,16,3.5.2,2020-02-05 18:49:55
58,Kleyton Magno,https://lh3.googleusercontent.com/-Uz23pTa1ED4/AAAAAAAAAAI/AAAAAAAAAAA/ACHi3rcJFbnEk5Ptu1zQmu471dhcpGkduQ/photo.jpg,"O jogo é bom, porém a quantia maior de diamantes tem que ser comprada e devido as missões e deveria ser inserido no qual podermos utilizá lo e não compra lo como pacotes",5,0,3.5.2,2020-02-08 21:11:16
59,Carolina tercetti Tercetti,https://lh3.googleusercontent.com/a-/AAuE7mCoJTl0ShcTy_ZgzuOEme0Nfi8pkyIZLERTGm-e,"Na minha opinião o jogo é muito top , e instale vale super apena a arma e boa o gráfico e bom e a única coisa que deveria diminuir o preços das coisas mais tirando isso o jogo é perfeito",5,10,3.5.3,2020-02-06 21:55:50
60,Eduardo Santos,https://lh3.googleusercontent.com/a-/AAuE7mBlBLEn0o19ynj1QCCPaz7QN6XgoDQtMbY4BTZUvQ,"Decepcionante , estava até bom , mas depois , todas as críticas são verdadeiras parei na fase 69 daí por diante não tem mais nada só pedem para aguardar e já se passaram quase um ano e disso não passa.o jogo termina aí , peguei até a última arma e fiz até a última atualização da arma, mas não tem oque jogar mais.",1,5,3.5.2,2020-02-08 06:38:17
61,Rafael Rosa,https://lh3.googleusercontent.com/-9sqK9VuX6lc/AAAAAAAAAAI/AAAAAAAAAAA/ACHi3rfhZX41282lDFkDsNXK2zUVwQW15A/photo.jpg,"jogo muito bom, porém o excesso de propaganda atrapalha o desempenho. E quando você junta diamantes o suficiente as ofertas com desconto do desafio diário não vem mais.",3,1,3.5.3,2020-02-06 15:10:11
62,Gil,https://lh3.googleusercontent.com/-Y2L38vRypos/AAAAAAAAAAI/AAAAAAAAAAA/ACHi3rfnzG6J5cy695PD8Tsluu3RspMWtw/photo.jpg,"Sem pagar você apenas terá uma degustação, pois depois de pouco tempo de jogo você só conseguirá evoluir se comprar armas mais potentes.",2,0,3.5.3,2020-02-09 15:26:26
63,Alexandre silva Fonseca,https://lh3.googleusercontent.com/a-/AAuE7mBiHCKymZo0QelUabWp5zDKH4ufBzCm_HO8x9lB,"O jogo não permite acesso, a barra de energia não carrega. Ele está como jogo grátis mais agora quer que seja premiom para continuar jogando. Muita sacanagem.",1,9,3.5.2,2020-02-05 20:28:10
64,Isaque Moreira,https://lh3.googleusercontent.com/-u_sP3j5UtiE/AAAAAAAAAAI/AAAAAAAAAAA/ACHi3rfpWXzurHhGBQWKqg24o0TNYCQ03A/photo.jpg,Esse jogo é muito legal porém tudo depois do nível 6 tem que comprar tem um porquinho ladrão que você tem um diamante e ele vai guardando para você depois você tem que pagar r$ 12 para resgatar os diamantes,2,0,3.5.2,2020-02-09 21:09:45
65,BlackWolf,https://lh3.googleusercontent.com/a-/AAuE7mDUuV1YUK0RXg0EH_pZMmkGnn73BbM9dy3pQa7N,"Dando duas estrelas pq as armas nesse jogo er um absurdoo de caras, e você ganha uma merreca de dinheiro nas missões. Se não comprar o pacote pra virar Premium, vai travar no jogo. Ou seja, mas um jogo que dificulta tudo só pra extorquir seu dinheiro. Aaah e sem esquece de mencionar que se sua energia acaba, você tem que esperar pra jogar. pelo amor de deus ner ? Sério isso ? Se você não for gastar no jogo, desde de já saiba que vai jogar e em algum momento vai travar em alguma missão do jogo.",2,33,3.2.8,2020-02-02 06:07:30
66,Stenio Caculo,https://lh3.googleusercontent.com/a-/AAuE7mCUJ3zbf7Fg6wMggmbOgJ0SeE8HdN7-6c_Gg2Qi,"O jogo é muito bom mas quando eu ganho os diamantes vão para o cofrinho , e quando ele fala você mereceu mas tenho que pagar os meus diamantes pesso por favor na vez de todos os jogadores que tirem o cofrinho .",5,0,3.5.2,2020-02-09 06:10:12
67,Sphera Bass,https://lh3.googleusercontent.com/a-/AAuE7mDszZtQZ1J-1GMXH6t3PJVBXHLBJKIHbsFFmv7h,"O jogo é bom. Tem.bons gráficos e as missões são boas. INFELIZMENTE em determinado momento do jogo não se consegue avançar. Você precisa dos diamantes pra conseguir comprar as armas ou fazer melhorias que se não forem feitas, você trava no jogo. Se você não tiver muito tempo e paciência pra assistir vários vídeos e aceitar os anúncios, você tem que comprar os diamantes. O jogo é bom, e entendo que os criadores visam lucro por ele. Mas esta maneira de conseguir o dinheiro chega a ser predadora.",2,42,3.1.14,2020-01-15 22:07:32
68,Alessandro Bruch,https://lh3.googleusercontent.com/a-/AAuE7mDhD4fTKCZfTIyKcN8imSWi1xsUzkeO91ct_6oIKA,Ótimo jogo! Bem otimizado! Com excelente gráficos e anúncio fiel ao jogo (não aquelas mentiras que estamos vendo nos anúncios ..)!,5,0,3.5.2,2020-02-09 18:30:18
69,diego Santos,https://lh3.googleusercontent.com/a-/AAuE7mCY5VUDckNF5H07fX6sRNQuUbZB31YsB2oQVIXuXw,Não estou conseguindo jogar online batalha mais ...não consigo entrar mais o que tá acontecendo antes era bom mais agora não consigo mais .. só dá que o servidor está em manutenção,3,0,3.5.2,2020-02-10 00:32:06
70,Flavio Pereira Damacena,https://lh3.googleusercontent.com/-UDUIJksmaZs/AAAAAAAAAAI/AAAAAAAAAAA/ACHi3re05ifyxpaJQof8wbgL4l932wPB5w/photo.jpg,Jogo bacana mas pediu atualização e não volto mais a funcionar... Pior q agr vo ter q gasta franquia pra desinstalar o jogo e instalar o mesmo pra ver c volta a funcionar ou baixar outro!,2,0,3.5.2,2020-02-10 22:40:49
71,Jaqueline Vital,https://lh3.googleusercontent.com/a-/AAuE7mCh1toMvTm0HM82kl7gOArfoeOFA3nGpx4vTAbZvQ,"Excelente jogo de ação,fico na expectativa para não errar o tiro e nem matar o refém, como se eu estivesse no próprio jogo.",5,0,3.5.3,2020-02-08 18:39:33
72,Joao Soares,https://lh3.googleusercontent.com/a-/AAuE7mAo3LV-1S5V1nGfo9cMqbtZawIRb1xEp47rmnkxO-w,"Ótima jogabilidade. Atualmente, travando DEMAIS, já tô preocupado com o que pode ser.... Atualização senhores, já é hora...vá impressão que dá não é de as melhores.",4,0,3.5.2,2020-01-30 21:45:01
73,Mauricio C.,https://lh3.googleusercontent.com/-P7Bet5Hmc5A/AAAAAAAAAAI/AAAAAAAAAAA/ACHi3rePD93mm2S6aVzTr8-KH_htnzZ_Iw/photo.jpg,"Jogo muito ruim, no começo você evolui muito rapido, depois no pvp ele te coloca em arenas com jogadores premium, fica inviável de competir! Você precisa sempre de muitos tiros para obter uma morte, mas um premium te mata com um tiro apenas, competir como? Só vale a pena se for Premium. Além disso, não roda offline como o nome diz!",1,59,3.1.14,2020-01-21 23:04:21
74,Orlando Martins Dos Santos,https://lh3.googleusercontent.com/a-/AAuE7mCcpzGBExChXztdfg4uyrpdMePGyZsDsqG305Nz,vamos ver se melhorou às falhas que tinha quando foi lançado se tiver arrumado eu dou cinco estrelas Estou em uma fase que tem quase um ano que não consigo passar que em cima do prédio vc tem que matar vários bandidos de uma vez vc até consegui matar duas ou três levas de bandidos más quando chegar na última vc morre estou de saco cheio,3,1,3.5.2,2020-02-08 07:15:44
75,Odair Ventrice,https://lh3.googleusercontent.com/a-/AAuE7mAHc9l989cR52nQffbl7nfQl4YOMoAKBuWZ725mnw,Pensamento lógico!!! Hj tem várias opções de jogos!!! É difícil um desenvolvedor entender q energia não se acaba? Quanto mais tempo o jogando estiver na sua plataforma mais propagando devo investir? Uma coisa leva a outra. pq nos tempos de hj devo esperar pra jogar??? Desenvolvedor me explique duas coisas: como assim na missão diária eu uso 1 energia? Pera aí.. Missão diária n serve pra vc pegar prêmios??? Pq devo gastar pra personalizar meu atirador? Se não vejo ele! Tão de brincadeira!,1,127,3.2.8,2020-01-24 14:54:23
76,lucas santos,https://lh3.googleusercontent.com/a-/AAuE7mC9dmw3xqOzbA4Ff0GNirVJsqzbFzzxWXLBia1n-g,"Um bom jogo, tenho curtido bastante tanto jogar offline quanto na arena de atiradores. Só o que acho que tem de melhorar é o balanceamento entre os players na partida, pois eu, com distintivo lobo, já cansei de cair em partidas onde haviam atiradores leão e até caveira tinha aos montes (já perdi muitos pontos por conta de morrer pra eles várias vezes seguidas com apenas 1 tiro, sem poder fazer nada).",4,56,3.2.8,2020-01-28 23:41:31
77,Hellbulldozer Indiao,https://lh3.googleusercontent.com/a-/AAuE7mAJdHKkqspyMGvEUkejpukhxMKG4Xyty_KWbyH6tw,"Evoluir, é algo que não existe neste jogo sem gastar dinheiro real! As armas e equipamentos , são absurdamente caros para se conseguir comprar apenas concluindo missões, que não bastassem ficar quase de graça, ainda existe a limitação da energia para se cumprir cada uma, que se acabar, vc precisa esperar para recuperar o mínimo! A recompensa, mal dá para melhorar a pior arma do jogo, imagina comprar uma. Aliás muitas delas vc só adquire sendo Premium! Desinstalando sem arrependimentos!",1,43,3.1.14,2020-01-16 21:34:03
78,André Souza,https://lh3.googleusercontent.com/a-/AAuE7mA7pmtwLTICIQNNKlXchhO6nsCy0HFARGZSy5wIog,"O jogo até que é bom, mas depois de hoje fiquei com a impressão de que os programadores devem ter implementado uma maneira de você não evoluir a não ser que você gaste com dinheiro de verdade. Na arena por mais que você evolua parece que sempre está no inicío conseguindo um bom resultado aqui ou ali, até tenho minhas dúvidas se alguns jogadores são reais ou se são do próprio jogo para impedir que você evolua nas ligas e queira comprar armas melhores com dinheiro de verdade. Desinstalei!!!!",2,73,3.2.8,2020-01-27 23:30:08
79,Alison Assunção,https://lh3.googleusercontent.com/a-/AAuE7mDtNUAUySYYGYU3x23MfPyRf8WUE-lT4UwoGac2Uu8,"Adoro o jogo,pela segunda vez já finalizei apesar de todas as dificuldades já que o valor pago pelas missões não é o suficiente para melhora o rifle em cada cidade. Problema é que agora tá cheio de hacker no PVP com armas que nem existe na plataforma, estão no meio de jogadores de nível iniciante, tirando toda a graça do jogo. Quando conseguirem corrigir essa falha mudo a avaliação okay.",1,16,3.2.8,2020-02-04 21:05:27
80,Aline Nogueira,https://lh3.googleusercontent.com/a-/AAuE7mAmENcCt6hB2gXx0g_9MWril__-4shwagTbqtOU8A,"O jogo é bom, mas já tem tanta coisa pra comprar nele podia pelo menos deixar o cofrinho sem precisar, achei um absurdo desnecessario.",3,0,3.5.2,2020-02-06 09:59:12
81,Matheus Marinho,https://lh3.googleusercontent.com/-XxgYevdclkY/AAAAAAAAAAI/AAAAAAAAAAA/ACHi3rdsNLsgMt6AybJPH8e5sF3Bx_EM8g/photo.jpg,"Recomendo, um jogo muito top, e viciante, no começo fiquei em dúvida se valia apena instalar, mas vale muito apena, RECOMENDOOOO!",5,0,3.5.2,2020-02-11 04:57:38
82,alisson silva,https://lh3.googleusercontent.com/a-/AAuE7mAr8IAbG7DCna4a2B26pBCPdJ7S3KSXVIN-sJDAVQ,O jogo é bom mas mas mods estraga o jogo daqueles que querem jogar honestamente tem esse novo mod que além de munição infinita localiza os outros Snipes após morrer a primeira vez. enfim quem joga sem mod so serve para elevar o nível dos trapaceiro me arrependi de ter gastado dinheiro para evoluir meu sniper estou muito insatisfeito não com o jogo mas com os trapaceiro que jogam e não vejo nada por parte do desenvolvedor para conter essa galera uma vez que vc pode jogar online mesmo com os mods.,1,5,3.5.2,2020-02-11 08:35:32
83,Gaby souza Ms,https://lh3.googleusercontent.com/a-/AAuE7mD07I8N76IKJbNBuWq52qtVK1LSWlTYVIjEWELWDME,"Um ótimo jogo ,mais quando vc passa por todas as fases fica chato ,não muda de cenário ,não muda de cidade ou região é isso se torna chato , e exige muito ,as melhores armas a gente só pode possuir se comprar pacote ,um jogo bom ,mais eu acredito que pode melhorar mais .. principalmente se fizerem isso ,poder fazer diversos mapas com cidades e regiões difetentes ficava ótimo 🥰",3,12,3.2.8,2020-02-03 21:43:04
84,ĎLemuel -ENSJ,https://lh3.googleusercontent.com/a-/AAuE7mDgbJ4tsOUA31w8P99Qfv1V6GVLAu-jwtihajML-PA,"Se forem baixar o jogo, super recomendo, mas tenho algo a detalhar para os desenvolvedores. Entendo o fator econômico, vocês precisam do dinheiro para continuar o projeto de um jogo tão fantástico, o problema é que vocês pegam pesado no quesito. Não falo das propagandas, assisto com prazer até umas 10 seguidas, o problema maior está no fato de vocês nos impedirem de jogar ao querer que compremos energia com dinheiro real. Além disso, melhorar as armas torna o jogo muito Pay-To-Win. O gráfico, a ideia, o tempo de resposta tem tudo pra dar certo. Façam como o PUBG ou o CS, não criem Pay-To-Win, criem Skins para armas, tornem a cabeça do Atirador visível, e coloquem boinas bonitas, luvas mais estilosas. Coloquem tiro personalizado, por exemplo, ao atirar com determinada Skin de arma façam sair estrelas do cano, nem sempre o que queremos é um game realista. Coloquem um drone atirador no jogo pra gente controlar a distância e cobrem por esse drone. E pelo amor de qualquer coisa, retirem essa compra de energia, pois pode ter certeza, não vou pagar pra jogar, posso até comprar Skins diferenciadas, mas jamais me verá gastando dinheiro real só porquê não querem me deixar jogar, por mais que quando eu começo a jogar eu goste de ir horas a fim... . Melhorem o sistema de patentes. Ajustem o tiro futuro, pois ele tem muitas falhas, e corrijam o gráfico de impacto da bala, pois ele não está bem feito. Ademais: Parabéns pela excelente ideia!!!",3,62,3.1.14,2020-01-20 10:44:34
85,Adriano Rinques,https://lh3.googleusercontent.com/a-/AAuE7mBbnrawL86mpV5bdR1crUP3logtitx6w-kdkd7Ikg,"O jogo é muito bom, mas existe propagandas em excesso, no meu smartphone ocorre bugs na hora de assistir um vídeo para ganhar 20x diamantes e assistir um vídeo para ganhar a recompensa em dobro. As propagandas de armas em promoção sempre vem com um valor que o usuário não possui. E o cofrinho de diamantes, poderia render menos diamantes, mas que fosse grátis.",3,16,3.1.14,2020-01-16 00:54:29
86,Márcio Márcio,https://lh3.googleusercontent.com/-UZsQT6P0grE/AAAAAAAAAAI/AAAAAAAAAAA/ACHi3rdku2pf37nZ1KkgqNEG2AXfG549BA/photo.jpg,"Muito bom! Jogo sem muitos protocolos e enfeites. Prático e fácil de aprender, além de que as cenas são bem legais.",5,0,3.5.2,2020-02-09 08:27:57
87,Xiteey,https://lh3.googleusercontent.com/a-/AAuE7mBRY4cbATLyu-mnFlskKEb-ZwQBsdq53ANLD7iAwQ,"Ótimo jogo, além de ser leve, dá pra passar várias horas jogando, mas eu queria que tirassem a energia. O jogo é feito pensando em jogar por várias horas, então não faz sentido ter essa função, e melhorem também, diminuindo o preço dos equipamentos, mas tirando isso, o jogo está ótimo, os desenvolvedores estão de parabéns.",5,885,3.1.14,2020-01-13 21:32:04
88,Hugo Francia,https://lh3.googleusercontent.com/a-/AAuE7mCip7wbHEAhAH5kryjHXxyT5_KadLGu9y4JOkMbGQ,"Gosto muito deste jogo, porém acho sacanagem ser obrigado a gastar dinheiro para avançar no jogo. Em certo ponto não é possível aprimorar o rifle com ouro, só usando tokkens de batalha e aparentemente a única forma de conseguir tokkens é pagando. Mesma coisa com o cofrinho, ganhei cristais como recompensa e pra abrir o cofrinho tem que pagar tambem, o jogo tem que disponibilizar uma forma de progredir sem essa obrigação.",3,38,3.2.8,2020-01-31 21:14:19
89,Victor Mendes,https://lh3.googleusercontent.com/-fDqL990jPis/AAAAAAAAAAI/AAAAAAAAAAA/ACHi3rcFpMdZVNyQLBeDGX9SXn1JY2TYgg/photo.jpg,"Joguei por um tempo e até gostei mas chega um momento que fica inviável, tem que pagar pra conseguir avançar, principalmente se for no PvP, que diga se de passagem, tá infestado de hackers usando metralhadora nas partidas, a cada 5 partidas, pelo menos em 3 tem um hacker na sala. Pra um jogo que constantemente te mostra que sem dinheiro tu não vais avançar, ter que lidar com os hackers torna tudo muito mais desagradável. Acho um jogo muito injusto quando se trata de competição e evolução.",1,482,3.1.13,2020-01-25 13:37:16
90,Franklin Dantas,https://lh3.googleusercontent.com/a-/AAuE7mCXY7SnxdXlZtKou0CywcVWKH1DNcsP0wlDRrAB,Jogo possui muitas propagandas e tenta vender pacotes o tempo todo ao jogador pra evoluir. Muito apelo comercial e pouca diversão.,1,0,3.5.2,2020-02-10 22:26:49
91,Rogerio Salles,https://lh3.googleusercontent.com/a-/AAuE7mDoByk_tvZ8_kxt5ULv3Lt-EDeWqMARh25GGYRA3Q,"Um bom jogo para se destrair, lembrando que é um passa tempo virtual. Gostaria deixar um lembrete: Faça parte do jogo, mas não deixei que o jogo seja parte de você, domínio mas não aceite que ele domine você. Abraços a todos jogos e boa competição.😉",5,0,3.1.14,2020-02-10 19:59:43
92,William Santana Lima,https://lh3.googleusercontent.com/a-/AAuE7mBhrF7pDQ6mcFKDx4yqRg9kOJGlUhj6YQJ7KXZMPw,"O jogo é bacana tem gráfico razoável, controles com boa sensibilidade e tem uma certa realidade virtual.",4,0,3.5.2,2020-02-11 10:38:35
93,Flávio Costa,https://lh3.googleusercontent.com/a-/AAuE7mA_sTTC582dz4LSKnpADStNqyKaaCh6bY_VBEaj,O jogo é legal. Mas tudo você tem que pagar com dinheiro de verdade... tenho certeza que vai ter uma missão que só vou conseguir passar se gastar dinheiro... até o momento o jogo está de boa,3,0,3.5.2,2020-02-08 11:09:56
94,Luis Carlos Pereira,https://lh3.googleusercontent.com/a-/AAuE7mB3LXJNbtvs8_aAfbTQHIsGjXTunt72uFaXmv32,"Adorei o jogo super fácil e intuitivo até comprei dois pacotes (diamantes e dinheiro) e add minha conta do Google para salvar o progresso do jogo. Algumas horas depois tive um problema é tentei reinstalar o jogo e não trouxe os créditos que tinha comprado horas antes e o progresso do jogo, pois já estava com melhorias nas armas e bem a frente nas fases e não restaurou nada...",4,36,3.2.8,2020-01-17 10:57:00
95,Lucas Peixoto,https://lh3.googleusercontent.com/a-/AAuE7mBgA5n3--SPxcTyAZg20ulXIGh1w1rnGBTtVqpHxSc,"O jogo é até bom, mas a uma propaganda enganosa para fazer com que os jogadores gastem o dinheiro, assim que se inicia em uma cidade nova é entregue um cofrinho, sem ter a opção de rejeitar e os diamantes das missões que vc já conquistou vão para o cofrinho com a promessa de que vc vai abrir o mesmo e ter uma renda extra, mas é cobrado um valor para quando abrir o cofre, sendo que as moedas já pertencem ao jogador, pois o mesmo a conquistou durante as missões. Deveriam ser processados.",1,52,3.2.8,2020-01-31 19:19:59
96,Lucas Viana,https://lh3.googleusercontent.com/a-/AAuE7mBBX4Fpr9MyZ_j48pT2Ufhn4sxFJ1TyenYf8vAXDg,"Refazendo meu comentário. Muito bom o Jogo. Já passei da cidade ROHZ-EH TOW. Queria saber dos desenvolvedores do jogo se ainda vira mais atualizações pra continuar avançando de cidade em cidade, só aparece um helicóptero escrito no meio da tela: EM BREVE. Hoje no jogo só jogo os desafios PVP, missões mundiais e missão diária. Senão terei que desinstalar o jogo e baixar outro.",5,42,3.2.8,2020-01-20 15:22:19
97,Ana Regina Rodrigues da Silva,https://lh3.googleusercontent.com/-zAyWSTaaWcs/AAAAAAAAAAI/AAAAAAAAAAA/ACHi3rdUJ8N3jcK6RiDaoAblUsgleU95sg/photo.jpg,É um ótimo jogo em relação aos outros de tiro ele é bem realista. Porém tem uma parte em q nós temos que matar 3 atiradores . Nessa parte o tiro tem que ser na cabeça pra eles poderem morrer . O ruim é que se vc ñ acertar na cabeça eles ñ caem eles te olham é começam a te atirar é a tua vida ñ diminui é isso ñ faz sentido né Mas eu amei o jogo é eu recomendo tá!!! 😃😁❤,5,27,3.2.8,2020-01-25 12:24:48
98,Enzo Araújo,https://lh3.googleusercontent.com/-x2q-l5JbvFA/AAAAAAAAAAI/AAAAAAAAAAA/ACHi3re566JwqBBC-nDhwjxBamMhdL5Hew/photo.jpg,E o melhor jogo de tiro que eu ja vi estalen esse jogo e muito legal.se vocês fizeram esse jogo vocês conseguem fazer um jogo de vida real bem legal né. Se você istalar você vai gostar essa e a minha avaliação. Se foce mais de 5 eu dava 1000,5,2,3.5.2,2020-01-29 12:47:31
99,Godoy,https://lh3.googleusercontent.com/a-/AAuE7mCzgtbwL0KxZLOkMKXdjqb6-BQQyJfiIhmg5YtTmA,"O jogo e bom, mas os anuncios longos o torna chato e sem opção de cancelar o anuncio vc e obrigado assistir ate o final deisinstalando ja.",1,1,3.5.2,2020-02-04 17:04:34
