,userName,userImage,content,score,thumbsUpCount,reviewCreatedVersion,at
0,Rita Ponciano,https://lh3.googleusercontent.com/-nlxRj32RYLY/AAAAAAAAAAI/AAAAAAAAAAA/AMZuuclGMZw6ofYxMxOxQTKoesRvP5X_qA/photo.jpg,"App sensacional, muito bom e incrível. Não tem falha no sistema, nada, mas seria melhor se o App fosse off line pois qualquer um poderia usar em lugares sem internet como uma roça ou mesmo pessoas que não tenham internet na sua casa. Fora isso o App é muito bom.✌👏👏👌",5,2,9.4.13,2020-05-31 22:52:18
1,Caetano Guerra,https://lh3.googleusercontent.com/a-/AOh14GiLGJox1snxzWyKrGFstH40cA2b1o4VVhNm_3bsYQ,"Jogo gostoso de se jogar, tem varias opções de batalha, e tem um design consideravelmente bonito, porém, tem muito pay to win, e isso acaba levemente estragando levemente a gameplay. Dou 4 estrelas pelo o fato de que o modo online n requer que vc tenha habilidade no jogo, apenas que vc tenha dinheiro, deixando a gameplay um pouco chata como disse anteriormente. Fora isso, o jogo é gostoso e até agr n vi nenhum bug",4,51,9.4.12,2020-05-27 09:52:23
2,Nícolas Amarante,https://lh3.googleusercontent.com/a-/AOh14GhVqmCiC1VCAVCA_tCSkxca0S9ntgCfSX83tTovCw,"O jogo é otimo,graficos otimos, mas tem uma coisa que é muito chato com quem não tem gemas. Na loja de personagens tem muitos personagens caros, principalmente os dos eventos e das ofertas. Talves na proxima atualização poderia baixar os preços, e almentar os herois que poderiam ser comprados com ouro tirando isso eu acho que todo mundo deveria conhecer esse jogo",5,131,9.4.12,2020-05-29 02:25:12
3,Vinicius Estarnek,https://lh3.googleusercontent.com/-zqOq-GExcCg/AAAAAAAAAAI/AAAAAAAAAAA/AMZuucmB7tmTsWsW4taM4mRJK67FtUy6bg/photo.jpg,"O jogo é um jogo divertido e com uma variedades de coisas e objetivos, mais tem algumas coisas imcompletas, um exemplo é que demora demais para chocar os ovos e procriá-los e um ovo épico demora 3 dias para procriar e chocar. Outro exemplo é que a fonte de procriação poderia dar para acontecer 2 procriações ao mesmo tempo e a incubadora poderia ter 2 lugares para poder chocar caso tenha um ovo que demore para chocar. Tirando isso o jogo é muito bom para jogar sozinho ou com amigos",3,72,9.4.12,2020-05-24 15:28:32
4,Luiza_TheFoxAngel _,https://lh3.googleusercontent.com/a-/AOh14Giv1hhrIRH3WUD5ya68nhakrh2TJ0HI2UM-HB0Y,"O Monster Legends está tendo o mesmo problema que o Dragon City, ele começa a carregar para que eu possa entrar e quando chega nos 72% ele para e não continua carregando. Este problema ocorre em ambos jogos e não consigo acessar nenhum deles. Pesso que consertem os jogos para que eu possa jogar meu jogo livremente.",1,52,9.4.10,2020-05-14 22:06:45
5,Joao hildesley sousa araujo Hildesley sousa araujo,https://lh3.googleusercontent.com/-lOaw3aqfmnU/AAAAAAAAAAI/AAAAAAAAAAA/AMZuuckugS-cq3beWumrnkqpLAk7Kri6Nw/photo.jpg,o jogo ele é muito bom os gráficos tipo isso aí foi o primeiro jogo sem ser o do free fire que eu gostei muito ele tem ótimos gráficos como eu já falei e também por isso eu vou dar 5 estrelas para ele ele é muito bom tem dragões eu já cansei o nível 100 e por isso dou 5 estrelas amei MT esse jogo é muito bom então foi essa a minha opinião 😎,5,5,9.4.11,2020-05-20 15:32:58
6,Anderson LuisStanki,https://lh3.googleusercontent.com/-oJ0KBm6tj8Q/AAAAAAAAAAI/AAAAAAAAAAA/AMZuuck0o8CU-kYrROFxLnf98B2xevHMOg/photo.jpg,"Eu adorei o jogo, vc consegue evoluir ""rapidamente"" maais, quanto mais raro o dragão, mais tempo ele leva na procriação e na incubação... Poderia ser algumas horas normal, mais leva dias... Por favor, é o melhor jogo de dragão que tem, mais ajeitem isso, URGENTE",5,0,9.4.12,2020-05-29 21:17:29
7,Rafael Calixto,https://lh3.googleusercontent.com/a-/AOh14GhksjjX7WWgkGcwo0HkLztyv8-AJklcFXFzz3QlHQ,"Olha não tenho o que falar sobre o jogo ele e muito bom, porém, desde ontem (atualização) deu um bug monstruso no jogo e até agora não me responderam nada, isso está afetando minha jogabilidade então se vocês puderem arrumar isso eu agradeço.",3,2,9.4.13,2020-05-30 16:01:07
8,hudson hudson,https://lh3.googleusercontent.com/a-/AOh14GiDN76UhVHxQh-NE7cVdUu0_93zTRET-ThRUk4V,"As novas atualizações deixaram o jogo pesado e com um certo desequilíbrio por isso retiro as 5 estrelas e deixo 3. Os novos monstros Míticos são difíceis de conseguir e deixaram as partidas desequilibradas apesar disso ainda é um bom jogo para passar o tempo dinâmico mas não é mais simples, batalhar com o tempo fica monótono sem novidade.",3,55,9.4.10,2020-05-13 01:30:45
9,Mara Souza,https://lh3.googleusercontent.com/a-/AOh14GiMl4Qwa42rj9_wuGM8wkyOrl_zoy0fkuOhwlpRVg,"O jogo tem muitos defeito, as maratonas sao horríveis, e sem conta que é um jogo que requer tanta gema e ouro pra coisas muito caras, poderiam libera coisas para ganhar gemas, maçãs, ouro ou ate mesmo os mostros, como o dragon cit melhorou em tudo, por que sao quase os mesmo defeitos. O jogo esta com varios bugs, as horas de cada coisas sao muito demoradas chegam a leva 2 a 3 dias. Eu espero que possam melhorar este jogo",2,52,9.4.12,2020-05-23 18:07:56
10,Bluerry Berry,https://lh3.googleusercontent.com/a-/AOh14Gj9vnndB0QLmyvMPUa03wW2cSEW5S4QNVt_vKPR,"Sim, é um jogo muito bom. Porém, nele surgem e desaparecem bugs estranhos, pelo menos eu meu Tablet, como, por exemplo, não conseguir entrar de forma alguma nas equipes por um ""erro"" sem sentido.",3,0,9.4.12,2020-05-27 11:51:35
11,Tallys Henrique Lima de Souza,https://lh3.googleusercontent.com/-zj2Fgr6cv48/AAAAAAAAAAI/AAAAAAAAAAA/AMZuucmyQRhJVONk8l62BAjsibFHN-NBuQ/photo.jpg,"O jogo é muito bom muitas variações de monstros os gráficos são incríveis, mas o novo elemento (mítico), acho que deveria ter uma raridade e um elemento igual ao lendário, mas o jogo é muito bom mesmo, tbm acho que deveria ter um guardião dos ovos, pensa nisso social point",5,53,9.4.10,2020-05-12 09:34:43
12,Marcos Machado,https://lh3.googleusercontent.com/a-/AOh14GiQBij_OIDORlvGCGn1zDSsRDEUFcYGrg3AXHG4fw,"O jogo é perfeito,distrai bastante mas poderia ter uma melhora em questão da comida (sendo mais barata e uma quantidade razoável) e doação de monstros. E sobre o Registro de procriação,poderia acabar com o bug de não conseguir ver as possíveis combinações.",5,23,9.4.11,2020-05-18 21:52:43
13,Luiz Carlos,https://lh3.googleusercontent.com/a-/AOh14GgvTONJEvJFeI14gV1uoKFlWGT-tvPdVyly58bpNw,"Mano, consegue ser mais pesado q o pubg rodando UHD, meu tel é o pocophone F1 então já sabem a potência e qnd eu início o jogo ele buga cara, demora pra carregar, como assim, meu tel roda tudo da playstore com gráficos no máximo a 60fps, menos o fortnite pq só tem 30fps ainda",1,0,9.4.13,2020-05-29 13:50:52
14,Itachudo,https://lh3.googleusercontent.com/a-/AOh14Gh5OkFJ-IPNmqprthKFYekn_BQGCVp0lz47We64,"A minhas ilhas,monstros,habitats,eventos masmorras,baus etc,nao estao carregando eu ja reinstalei o jogo,ja limpei os dados e tudo mais, e continua a mesma coisa.pesso q me ajudem a resolver esse problema",3,1,9.4.13,2020-05-31 01:55:11
15,Patricia Oliveira,https://lh3.googleusercontent.com/a-/AOh14GhgdF7YxEd-LVZTUzLzCw6VyK6jl2T7nZ2chfee2g,"Desde essa última atualização, não consigo jogar, o jogo tá inteiro em inglês e só aparece círculo em tudo, não sei o que houve, mas já limpei cachê e já fiz de tudo, espaço meus telefones tem! Corrijam isso logo!!!!",1,0,9.4.13,2020-05-30 20:30:56
16,Cristiano Araujo,https://lh3.googleusercontent.com/a-/AOh14GhpN9djHTgdc2PaMvmS95PHj3YXCiLPbW3xUruoYA,"O jogo está muito bom. No entanto, não consigo batalhar nas masmorras heróicas. Sempre que acesso tenho que recarregar, sendo assim, não consigo batalhar nas warmasters, em especial as que já consegui o monstro.",3,13,9.4.12,2020-05-22 10:28:14
17,Two Players,https://lh3.googleusercontent.com/a-/AOh14Gi-t3lXslnuDAFNeyNAIrF0cOXJtbTES1UsuGU4IQ,Feliz sexto aniversário Monster legends. Eu gosto muito do jogo mas para mim está muito difícil para pegar jóias se vocês podessem adicionar alguma maneira ou modo para pegar mais jóias grátis eu agradeceria. Obrigado! E parabéns!!,5,1,9.4.13,2020-05-31 00:21:53
18,Anthony Rodrigues,https://lh3.googleusercontent.com/a-/AOh14GiYRLXQC0OEw_HbvUGOc6PrxHvOyCVcRVTK4SX-Aw,"Eu adoro esse jogo, Jógo deis que eu era pequeno mais tem um problema os npcs do modo ""online"" eles estão muito difíceis de enfrentar porque estão ""espertos demais"" digamos assim, então só queriam que deixem eles menos impossíveis de enfrentar, o jogo é muito vissiante recomendo.",5,2,9.4.11,2020-05-21 15:49:52
19,Matheus guimaraes Rosa,https://lh3.googleusercontent.com/a-/AOh14Gid2QBMACF3TTt2hdItjSNkrLQVp-d1WhZGxi0,"Jogo ótimo, jogo todo dia principalmente pelas recompensas diárias, porém podia fazer as missões darem certo eu já fiz as de pesquisa e não ganhei nada, se pudessem ajeitar isso e me derem as gemas eu agradeço, fora isso os gráficos são bons e a jogabilidade e ótimo obrigado pelo ótimo jogo",5,19,9.4.12,2020-05-27 13:11:15
20,robert william,https://lh3.googleusercontent.com/a-/AOh14GgPJm0yv1WBfjmQDidPvIf0hux49KzOH4mAQZTzOA,"O jogo é muito bom, só poderia fazer com que tivesse uma opção para que os ovos que são feitos no laboratório fossem pro estoque ao invés de ir para a incubadora, isso ajudaria demais",4,0,9.4.13,2020-05-28 14:13:05
21,gustavo lopes,https://lh3.googleusercontent.com/a-/AOh14GhY0-ocoYvf15Gru8dwqYRpLomqVk8Qt_1aU80U5A,"Eu tinha dado 4 estrelas, mas voltei atrás na avaliação. Todo hora o jogo apresenta erros e bugs, trava e as animações apresentam pontos pretos e distorcidos. Era um jogo bom, porém parece está perdendo a qualidade.",2,3,9.4.11,2020-05-21 11:06:16
22,Domingos Sávio,https://lh3.googleusercontent.com/a-/AOh14Gjsxr9_Yj49K5FcAFLGULyAQAQq7Y59g_RXe1QFmg,"Jogo mercenário!!!! TUDO precisa de diamante, devia ter outros modos de conseguir patas de urso para batalhar além de somente conectar com o Facebook, JOGO MERCENÁRIO!!!!",4,0,9.4.13,2020-05-30 15:25:56
23,Nicolas Graminho,https://lh3.googleusercontent.com/-NEbGKa3hzq8/AAAAAAAAAAI/AAAAAAAAAAA/AMZuucnfnKMt_eJf272AX-SPXFbW9r3Epw/photo.jpg,Esse jogo e irado e incrivel tenho 8 personagens como eu não tenho e do tipo cavera eu tenho o fogo eu ja falei quatos personagens eu tenho falta farios a credita que eu esperei 2 dias e mudou o ovo hoje acho que falta uns 😕 não sei ta. Eu tuve que conpetor uma noite enteieinha para conseguir um pet e novas ilha espero gostar do jogo bejus até mais tchau.,5,2,9.4.11,2020-05-22 11:22:00
24,Valmira Santos,https://lh3.googleusercontent.com/-xQ_TuKxT5to/AAAAAAAAAAI/AAAAAAAAAAA/AMZuucn2qJAl1AS0sTImq1hq-xu-UNWlwg/photo.jpg,"É muito bom! Os desenhos são otimos,design maravilhoso,personagens muito bem feitos e com descrições muito engraçadas. Eu não vi nada ruim até agora então... recomendo!",5,0,9.4.11,2020-05-21 12:48:44
25,valdenor silva,https://lh3.googleusercontent.com/a-/AOh14Gj0wkzB11jvS2DkyKdXoqSIpeGOd0TUZIVfjvcw-w,"O jogo é muito bom mais falta mais opção de colher comida, pois quando aumentamos a produçao de alimentos,gastamos o dinheiro de comprar as ilhas!",5,0,9.4.13,2020-05-30 22:03:03
26,ZOIÃO Animatios,https://lh3.googleusercontent.com/a-/AOh14Gh16wZMe8Zdzh6Sq2vwv6V_sHV1gJzau-Y1UQP0,Jogo muito bom muito bom mesmo por iquanto vou deixar so 4 estrelas talvez dps eu mudo. Porque porque eu achei que dps de tanta atualisação o jogo deixo o modo multyplyer muito bugado tipo meu monstros level 20 e como comecei de novo no jogo e sou level 18 ta meio enjusto. Porque mal comecei e ja tem monstros level 50 level 100 no mutiplayer. Espero que vcs ajeitem isso porque tem varios missoes que precisa do multiplyer. E quase nunca tem como jogar ;-; alem disso perdi tanto TR.,4,1,9.4.10,2020-05-18 20:47:23
27,valter italo,https://lh3.googleusercontent.com/-sxa-1T5gwnQ/AAAAAAAAAAI/AAAAAAAAAE0/AMZuucnbHjOk1rK8s2d7foLCTwGgS7pGhg/photo.jpg,Jogo muito bom a muito tempo que eu jogo e nuca tinha visto um jogo da tantos presentes que é ótimo pós nos crescemos muito rápido e a cada vez mais queremos pega esse monstros massa.,5,0,9.4.12,2020-05-27 11:50:50
28,João Pedro Conceição de Souza,https://lh3.googleusercontent.com/-njhf75ijlc0/AAAAAAAAAAI/AAAAAAAAAAA/AMZuucl65M4rJIeQEn7ZSTCACpEHMbicMA/photo.jpg,Bom o jogo até que é legal mas se tivesse mas deveria ter como conseguir mais jóias as promoções que podemos comprar com jóias cobram uma quantidade de jóias difícil de conseguir e com um tempo muito curto .,4,0,9.4.10,2020-05-16 14:36:40
29,chrisethalia 2,https://lh3.googleusercontent.com/a-/AOh14GhA8uEf5wFcZWcFz1rtyqHBGBq9UIMw9eSNwsEc,"Gosto do jogo porém falta mais áreas para batalharmos com nossos monstros mais ñ masmorras eu confesso q as faço por obrigação rsrs Mas falo de duelos online onde poderíamos lutar com monstros contra alguém de verdade,Mas algo q ñ precisemos gastar jóia por isso ...Sabe q nem nos outros jogos um pvp online ia fazer o Ml ficar muito show...",3,1,9.4.10,2020-05-14 09:58:16
30,Daniani Rodrigues,https://lh3.googleusercontent.com/a-/AOh14GjJzgn4dV-w_OJiunETdH4fw6sz6HI2f0Wnm8hOGQ,Já foi bom. Mas depois da última atualização não funciona mais como deveria. E não conta com suporte técnico para ajudar.,1,0,9.4.13,2020-05-30 12:01:02
31,Edivaldo Silva,https://lh3.googleusercontent.com/a-/AOh14GgvCsBXEnAEOWFByZxW7sf6qwquiZ934jNFOasQWQ,Tem que melhora mais pois cuando eu vou pro duelo mutijogador tem jogadores lv100 ou 60 e etc e tambem e injustu oque voce faz com nos que sempre cuamdo tem aquele evento de cards nunca da pra pergar um lendario ou epico em tão eu sugiru que melhores esses erros ou problemas que ninguem gosta disso ok minha sugestão e essa a ai por favor comcorda com eu🙏🙏👍,2,0,9.4.12,2020-05-30 22:30:00
32,uxux uxux,https://lh3.googleusercontent.com/-ToBR-c9HXew/AAAAAAAAAAI/AAAAAAAAAAA/AMZuucmAN91l0pJP4ij-eRDVi9PX_BmL2A/photo.jpg,"Não havia nenhum aviso prévio de que não era possível conseguir fichas pro desafio de 72 horas usando diamantes na roleta. Gastei meus diamantes girando a roleta e quando fui ver, não havia ganhado as fichas. Isso me desmotivou bastante no jogo mas é só uma nota. O jogo é muito bom, com bastante coisa pra fazer, gráfico bom, oportunidades de conseguir monstros melhores, etc",5,156,9.4.9,2020-05-09 09:34:53
33,Marcus Araujo,https://lh3.googleusercontent.com/-ihNbSwd2gZQ/AAAAAAAAAAI/AAAAAAAAAAA/AMZuucmQgaTIxQTyvyPzK4N7M66XgWu2kA/photo.jpg,"Otimo jogo, porém esta demorando muito para liberar uma ilha do mapa da aventura, isso é um pouco desanimador.",5,0,9.4.12,2020-05-27 11:31:26
34,fogo gamer,https://lh3.googleusercontent.com/a-/AOh14Gji_JTfJ9x5FdmZz4Od9aS8GhMgaAYrkRbZHzC3,Monster Legends é um jogo bem legal para quando você está entediado eu quando você fazer login Você pode falar com seus amigos que eu também acho bem legal nesse jogo o criador foi bem direitinho todo mundo eles são mas esse jogo copiar um jogo chamado Dragon City,5,1,9.4.11,2020-05-19 23:16:36
35,Soares Mark,https://lh3.googleusercontent.com/-dlL2z4L6Pu0/AAAAAAAAAAI/AAAAAAAAAAA/AMZuuck3NUPnlhrqfpMttE_93__TUR2zdQ/photo.jpg,"Jogo esse jogo há anos, atualmente depois reclamação o jogo está travando não consigo acessar.....e muito comercial tbm dificilmente indicaria para alguém.",1,2,9.4.13,2020-05-29 21:33:45
36,Ivair Daneli Junior,https://lh3.googleusercontent.com/-KlbkcEzsKg0/AAAAAAAAAAI/AAAAAAAAAAA/AMZuuckK_s_vs73P_UFMSdVaG3c_SJFKCw/photo.jpg,Muito bom pena que tem coisa que demora muito tempo pra ficar pronto como os ovos e atualizações e remoção de pedras e muito caro.,5,2,9.4.10,2020-05-14 08:03:55
37,João Gil Cardoso,https://lh3.googleusercontent.com/a-/AOh14Gg2vmQ3pEf5uVuSJOWmVBTy9NSR9F0aRH7MBIjU,"Incrível jogo, não tive nenhum erro caso aconteça um irei relatar, mas o jogo mereces uma salva de palmas pois é divertido, continuem com um bom trabalho Social Point.",5,0,9.4.13,2020-05-29 11:41:36
38,Maurício Silveira,https://lh3.googleusercontent.com/-RrUeLexPszI/AAAAAAAAAAI/AAAAAAAAAAA/AMZuucnTxMcZUsW07pyoaLAHj5lrq7Cjnw/photo.jpg,"Otimo , mas as recompensas poderiam ser mais altas nas masmorras e desafios.ex: ouro e comida. Antes eu podia usar itens nas masmorras e mapa de aventuras agora nao so acumulo itens sem ter onde usar.",5,0,9.4.12,2020-05-27 21:23:13
39,Angelica Angelica,https://lh3.googleusercontent.com/a-/AOh14Gh_RrunhEIVC8rohVUxUICheYhDcvAlj-kEAWFnew,"Amava muito o jogo ,com tempo só desânimo, como vcs colocam monstros novos se nem espaço temos ,ridículo isso ,se tem monstros novos e com habitat novos coloquem espaço no jogo o mínimo, está ficando injusto jogar pvp e guerras, pensem 1 pouco ou parem de fazer monstros novos simples, deixem de pensar só em dinheiro!!! Pois muitos jogadores pararam de jogar e são jogadores que amavam o jogo e se desanimaram pela injustiça!! Acordem !!! Quando melhorarem dou 5 estrelas de novo...",1,225,9.4.9,2020-05-11 18:33:05
40,Vinicius De Paulo,https://lh3.googleusercontent.com/a-/AOh14Ggw32ZPvR7_CbKn_Z6wp0vRjLGBDL5hC88_RRnfZA,"O jogo é muito bom, me lembra o Dragon City, a dinâmica do jogo é muito semelhante, porém com algumas características aperfeiçoadas, como nos combates por exemplo, onde os 3 integrantes do time podem lutar ao mesmo tempo e o registro das procriações, impedindo uma fusão repetitiva dos monstros além de outros aspectos pertinentes que são muito positivos no App. Gostei bastante, indico demais, é um ótimo entretenimento e para mim foi uma experiência bastante proveitosa.",5,281,9.4.5,2020-03-31 14:39:33
41,Frazão FF,https://lh3.googleusercontent.com/-FJSS1HNSjc0/AAAAAAAAAAI/AAAAAAAAAAA/AMZuucln-xH9k7wmiYMXAwMUD0OAgldFSQ/photo.jpg,"Booom, só deveria ser mais fácil obter gema... Embora seja esse o meio em que o jogo lucra, ou seja, se torna até compreensível.",5,1,9.4.12,2020-05-24 08:45:33
42,Marcos Aurélio,https://lh3.googleusercontent.com/-Dwm8opHBVTc/AAAAAAAAAAI/AAAAAAAAAAA/AMZuuckDh-COQRAPLUyYvdj9zHMXhPb4uw/photo.jpg,"O jogo é bom. Mas ele não abre. Para em 72% e não carrega mais. Muito decepcionante. Por favor desenvolvedores, consertem esse erro.",3,0,9.4.12,2020-05-27 16:58:27
43,Fabiana Carla Silvy Bloot,https://lh3.googleusercontent.com/-Wogbf0VBXxA/AAAAAAAAAAI/AAAAAAAAAAA/AMZuucm6KX8MbEd6-ToCBcIN6QAWm_SqZg/photo.jpg,Muito bom mas deveria ter uma opção na loja para aparecerem apenas dragões (ou habitates ) que dessem de comprar com dinheiro (do jogo ),4,0,9.4.11,2020-05-19 22:32:06
44,Vitor Reis,https://lh3.googleusercontent.com/-Pvo8Zoy4T60/AAAAAAAAAAI/AAAAAAAAAAA/AMZuuckBWeBfT8RzJpx0sPmsCnK396cJYQ/photo.jpg,"Jogo ta muito ruim toda vez que eu ganho uma coisa aparece , algo de errado esta acontecendo ai reinicia o jogo eu perco a minha recompensa isso ta muito horrivel.",1,1,9.4.13,2020-05-27 10:41:07
45,Klinsmann Batista,https://lh3.googleusercontent.com/-0ALd354_AWs/AAAAAAAAAAI/AAAAAAAAAAA/AMZuucls2_cjYie5UVWfk4FkVAorve8Frw/photo.jpg,"O jogo é excelente, porém na masmorra de runas é muito desproporcional a chances de conseguir uma runa de nivel X, completei a masmorra mais de 8 vezes na esperança de conseguir e só vem de nível V, devia ser mais equilibrado,no maximo q já consegui foi nível VII e apenas uma vez até hj n vi mais nem uma, pfv arrumem isso deixem mais equilibrado...",2,21,9.4.9,2020-05-06 20:22:39
46,Renan Souza,https://lh3.googleusercontent.com/-XllyOM9Ldsc/AAAAAAAAAAI/AAAAAAAAAAA/AMZuucm3Mwmb20IBXwjmJ_Abm_DdTCWI1Q/photo.jpg,O Jogo não carrega fica toda hora dando erro concertem esse problema por favor não consigo entrar no meu próprio jogo por favor concertem isso é um ótimo jogo concertem isso pfvr eu preciso e quero jogar por favor ok podem fazer isso façam por favor pela mor de Deus quero jogar ok é isso ok obg pela sua atenção e só isso concertem ok não rejeitem meu pedido por favor obg e obg,3,2,9.4.10,2020-05-14 20:55:58
47,Juan Hafid,https://lh3.googleusercontent.com/a-/AOh14Gh4GbioqfoA9V-H1x3JJxR-1LwAdxlleH21QrUgjLo,"O jogo em si sempre foi muito bem elaborado, com gráficos legais, jogabilidade incrível. O fato é que que determinados monstros, como os lendários estão cada vez mais ordinários. Outro problema é que nessa última atualização, não conseguimos mais utilizar os ítens durante as batalhas.",5,64,9.4.9,2020-05-06 15:16:57
48,Neydson Olliver,https://lh3.googleusercontent.com/a-/AOh14GgHTcDR7Sq8IQg1tijjn76P_1SwXUGRv95zYZ3h,"Otimo jogo, so poderia melhorar a qiestao dos habitates para poder comprar mais pois tem muitos monstros e agora nao podemos comprar mais, e tambem a questao dos valores (passe elite, runas, monstros etc...) Muito caros, tanto com joias como com dinheiro vivo.",5,0,9.4.6,2020-05-08 11:37:30
49,Marcelo Myra,https://lh3.googleusercontent.com/a-/AOh14Ggu0ucYzDnd9XX2TKhox9dtVF0Hu1KX_-kwuPxeKA,Todos os jogos desse estilo me dão tédio... exceto Monster Legends. Jogo muito bom com potencial absurdo.,5,0,9.4.13,2020-05-30 22:44:25
50,Rangel Luis Ribeiro Nogueira,https://lh3.googleusercontent.com/-p8JOmRfQPCE/AAAAAAAAAAI/AAAAAAAAAAA/AMZuuclNAUIQM9IYe4Gil5le-3B-vpIteA/photo.jpg,"Mais elementos no jogo com diferentes combinações,aumentar o nível dos lendários,mais monstros lendários procriaveis,mais ilhas,novos monstros lendários mais fortes pois os místicos estão muito muito fortes,igualar os níveis como por exemplo:místico 150 e lendarios 150.Ter novas classes e níveis mais elevados no jogo,deixando os monstros até nível 200 por exemplo,e novos ataques novos ataques nos monstros,e nas batalhas ao invés de 4 ataques ser cinco.E poderia ter batalhas em duplas",5,263,9.4.5,2020-03-28 20:18:28
51,Vitória Sarahas,https://lh3.googleusercontent.com/-1TfILlKA_P8/AAAAAAAAAAI/AAAAAAAAAAA/AMZuucnescLQ7AGvvAN2yHtjtxuZAKDTVA/photo.jpg,"Amo esse jogo muito bom por isso, que estou dando 5 estrelas esse, jogo foi a primeira coisa que eu, instalei quando ganhei meu celular, por que meu irmão que me indico , Ameiiiiii muitoo 😍😍😍😍😍😍😍😍",5,0,9.4.11,2020-05-26 11:27:30
52,KAELL BRUTO KAELL BRUTO,https://lh3.googleusercontent.com/-0C-DmpJjYNc/AAAAAAAAAAI/AAAAAAAAAAA/AMZuuclQhTKN7PEnt7nbjLv9ge-89hYqCA/photo.jpg,"Um dos melhores jogos que já joguei, não tenho reclamações sobre o jogo ! Recomendo bastante baixarem. Vocês não se arrependerá !",5,0,9.4.12,2020-05-27 03:18:41
53,Um usuário do Google,https://lh3.googleusercontent.com/EGemoI2NTXmTsBVtJqk8jxF9rh8ApRWfsIMQSt2uE4OcpQqbFu7f7NbTK05lx80nuSijCz7sc3a277R67g,"um jogo exepicional não existe igual maravilhoso realmente viciante,mas se não fosse pelos conteúdos caros no jogo.muitos caros mesmo. Eu gastaria com ele sem problema.os gráficos são ótimos,mas uma coisa que me irrita são as restrições nas guerras.eu simplesmente não posso usar os lendários,isso é irritante.realmente algo desnecessário que deve ser tirado.",4,71,9.4.6,2020-04-23 19:18:30
54,Yurizin 09,https://lh3.googleusercontent.com/a-/AOh14GgBSut1X087zJiuESKW-7Pd9O54m3d8PTlLhdeR8jw,"O jogo em si é muito bom, o que está me incomodando é o preço muito alto do passe, tenho vontade de adquirir pois jogo bastante o jogo, mas 74,99$ é muito caro, se pensassem melhor, veriam que diminuir um pouco o preço faria até vender mais",4,1,9.4.6,2020-05-04 11:32:05
55,LucasGames_10,https://lh3.googleusercontent.com/a-/AOh14Gh3P4yo9SR6UKr3dmHOD2LlrAnpVUXzwJjMeQl6,"Eu comecei a jogar ontem à noite, e eu já estou gostando muito dele! Realmente a dinâmica dele é bem interessante, como eu já jogo Dragon City a um bom tempo, e Monster Legends e Dragon City são bem parecidos, eu estou tendo até facilidade no Monster Legends, enfim, eu gostei muito do jogo, parabéns, SocialPoint, por esse incrível jogo!",5,222,9.4.2,2020-03-07 00:29:27
56,MD Ojeda,https://lh3.googleusercontent.com/a-/AOh14GiHFErDqpx8MyuXShNPmtssOYxtbSQfwOQEHyFsaw,"Preciso de ajuda,dos desenvolvedores do jogo eu formatei meu celular recunectei na minha conta,mas eu quero meus monstros de volta gastei dinheiro no jogo tava cheio de montros,gemas,comida,ouro etc.. o jogo tá fazendo eu começar tudo de novo sendo que já conectei na minha conta antiga por favor desenvolvedores me ajudem....!!!!! Por favor....!!!",4,226,9.4.3,2020-03-20 19:12:59
57,Eder Terra,https://lh3.googleusercontent.com/-dVHPbjyGz9g/AAAAAAAAAAI/AAAAAAAAAAA/AMZuucncuiRakAbwZFw49m9MnO_ZOZPncg/photo.jpg,"O jogo é ótimo, mas na próxima atualização poderiam adicionar a opção de assistir as batalhas antigas no modo multiplayer. Isso ajudaria a saber se o monstro na equipe de defesa estaria sendo útil ou não.",5,2,9.4.9,2020-05-23 09:02:57
58,RaviTop1 mito,https://lh3.googleusercontent.com/a-/AOh14GinmWpbdH2LksEigDY-b7sf-7jBJ1udttNyz6UUkw,Muito bom o jogo jogo a muito tempo tenho varias contas mas eu acho que ele poderia atualizar ficaria mais divertido mais desafios mais monstros mas é muito bom o jogo eu recomendo.,5,0,9.4.12,2020-05-27 09:00:12
59,Tiago Vale,https://lh3.googleusercontent.com/-LIaCWIjqYsc/AAAAAAAAAAI/AAAAAAAAAAA/AMZuuckdscvt_pmecvN1drdsHyV7FgpHUg/photo.jpg,"Jogo muito bom e viciante. Mas bloqueia muitas vezes e algumas delas não dá mesmo para jogar. Fora isso, 5*",4,0,9.4.13,2020-05-30 19:45:01
60,MJ Knight,https://lh3.googleusercontent.com/a-/AOh14Ggx0MgsZPBSmEWoBYR08TUxHGiyK-VwDuaytFNL,"então, o jogo é exelente, jogo ha maisde 4 anos, no cmeço e um pouco dificil, masqunto mais você joga, mais experiencia voce ganha, e uma dica é achar uma boa guilda para jogar, e de preferencia com amigos, então nao va por esses comentarios de que o jogo não e bom, que favorece mais os que tem dinheiro, claro que quem tem o passe premiun ganha mais coisas, mas no meu caso nunca prescisei gastar um real com o jogo e estou nivel 77, entao baixem recomendo, terao uma boa experiencia!",5,72,9.4.3,2020-03-18 12:25:00
61,Henrique Trindade,https://lh3.googleusercontent.com/-XdCTLBBOiPM/AAAAAAAAAAI/AAAAAAAAAAA/AMZuucl0iv6TTvxSaHOGs4r2NggHa9QYUg/photo.jpg,Eu recomendo porque os monstros são muito criativos é se ligarem o jogo ao Facebook recebem um mostro muito bom sem sequer fazerem no quase nada.,5,0,9.4.10,2020-05-14 07:05:46
62,Joao Batista,https://lh3.googleusercontent.com/-HMrfTLv4whY/AAAAAAAAAAI/AAAAAAAAAAA/AMZuucmrNe8scT0l_m0G-VVvPMefd_aZ1A/photo.jpg,"Eu jogo esse jogo a muito tempo entro todos os dias pois ele é meu único passa tempo, mas as coisas desse aplicativo são muito caras e não é fácil ganhar diamantes nele e eu não tenho condições de colocar dinheiro nele pra comprar essas coisas só queria que as coisas fossem mais baratas pra poder comprar personagens mais fortes só isso que tenho a falar sobre esse jogo.",3,74,9.4.6,2020-04-08 23:47:24
63,canal christofferplay,https://lh3.googleusercontent.com/a-/AOh14GgczCOJGdaR2z6WRUjaodHr2IE_Xrha0h2C98ek,A textura do jogo ainda pode melhorar mais a jogabilidade e perfeita e a quantidade de dragoes tambem e mereçe quatro estrelas,4,0,9.4.11,2020-05-20 10:01:54
64,Império 3.1.3,https://lh3.googleusercontent.com/-69pYSOqB9E0/AAAAAAAAAAI/AAAAAAAAAAA/AMZuucmTtVcSxbK-m8heMbLcHGCnmSjaLQ/photo.jpg,Há uns tempos foi me tirada a liderança do meu clã por estar 7 dias sem entrar no jogo porque fiquei sem telemóvel... mas o atual lider do clã está há mais de um mês sem entrar no jogo e não perde a liderança... o meu clã não faz batalha nenhuma porque ele não entra no jogo e nem tem mais ninguém para entrar em batalha... isto é muita injustiça,5,0,9.4.6,2020-05-07 18:29:54
65,THE BLACK,https://lh3.googleusercontent.com/-C0TTni2kOAk/AAAAAAAAAAI/AAAAAAAAAAA/AMZuucmoT0ta6GEuPY1OjK_UHidUD6gNcw/photo.jpg,"Gosto bastante do jogo em si, porém ultimamente tem ocorrido um problema que não permite que eu entre em guilda alguma, mesmo que ela esteja aberta e com até no máximo 4 membros, quando eu coloco para entrar aparece uma mensagem dizendo que a guilda está cheia ou não está aceitando mais solicitações. Por favor, resolvam isso logo. Obrigado",3,97,9.4.8,2020-05-02 10:26:24
66,Danilo Balestero,https://lh3.googleusercontent.com/a-/AOh14Gg5md5BmYl0hscK9I3IaBuaHbqzxNY5TYUshH-B,"O sistema de batalha desse jogo é incrível e vc pode formar várias estratégias, mas pra mim é ridículo o fato de você ter q pagar ouro e até GEMAS para desequipar runas e relíquias dos monstros, uma bela tática dos desenvolvedores gananciosos de forçar o jogador a gastar com microtransações. Mas fora isso o jogo é fantástico e recomendo muito",4,102,9.4.2,2020-03-16 11:18:00
67,Luan Chaguian,https://lh3.googleusercontent.com/a-/AOh14Gjt64fmaoEyQTQjLCBFgYuAyLDleSXm_WJinOSHCw,"Eu amava esse jogo mais infelizmente estão acabando com ele, só estão pensando no dinheiro, tornar um jogo com um futuro brilhante em um jogo só pra ricos foi ser muito burro.",1,5,9.4.10,2020-05-12 13:20:16
68,Juvenal Bordini,https://lh3.googleusercontent.com/-LmUwBMbe_ro/AAAAAAAAAAI/AAAAAAAAAAA/AMZuuclZh8I0GerT8u1z4FbdwO_b0qOK8g/photo.jpg,Maratonas são horríveis são praticamente Full cash o jogo te obriga a gastar para poder ter monstros usáveis se não fica só nv 100 e os renegados pior ideia que colocaram no jogo sinceramente tá ruim vontade de n jogar mais a e agora tem mítico só pago e as maratona tão pior do que antes eles n tão tem aí para os jogadores só querem dinheiro N recomendo pra ninguém,1,68,9.4.9,2020-05-03 14:05:25
69,Nenem Silva,https://lh3.googleusercontent.com/-WDGLQCC5BRM/AAAAAAAAAAI/AAAAAAAAAAA/AMZuucl5C6mUtVi_exKaL1mkDECFfZhNPA/photo.jpg,"Poderíamos ter mais opções de ilhas ... O que vai acontecer quando se comprar todos as ilhas de colocar os abitarte, gostei da atualização mais poderia aumentar mais um pouco o número de lutas nas masmorroras de 4 para 10 só falta só lamentar as batalhas das masmorras, e outra coisa no jogo pvp o chato vc perde mais troféus de que ganha fica chato também",5,197,9.4.8,2020-04-21 08:37:10
70,Junior Monteiro,https://lh3.googleusercontent.com/a-/AOh14GglypaqXL8He-wxyHonHdZUYNeDhURRMRY85d4b,"O jogo é muito bom. Porém tem ficado difícil.. a Social point.. tem usado de muita sabedoria em relação aos mitcos os que elas deram até a gora só 2 presta e na corrida só a ciberiel presta. O resto é só tanker inútil. O melhor mítico que é o blaz custa só 150,00 reais aí é complicado jogar assim. Até os monstros do passe mensal são meia boca tirando a froman... Então Social point. pelosmenos para quem paga o passe mensal deveria ganhar monstros bons e não meia boca como vcs tem mandado...",3,36,9.4.9,2020-05-04 10:11:52
71,Angelo Graboski Paimel,https://lh3.googleusercontent.com/a-/AOh14GgPa48X-nNPhxLnmkqPm5nrQWUefHjcyu3KgWT_zg,Acho que as coisas e pacotes dentro do jogo poderiam ser um pouco mais barato. Mas em si o jogo é muito bom!,4,0,9.4.12,2020-05-24 14:16:52
72,Rodrigo Ieira,https://lh3.googleusercontent.com/-GGy3G7fU7lQ/AAAAAAAAAAI/AAAAAAAAAAA/AMZuucm1JmYq8RuF9fu6R_DID-4TDziVrA/photo.jpg,O jogo não está dando oportunidade de consegui um lendário vip . Ajudem lá e mas podia dar mas gemas nas torres de batalha pois o preço de um monstro lendário é um absurdo e sem falar que eu jogo este jogo desde eu tinha 17 anos e nunca vi ganhar prêmio por jogar ha tanto tempo . minhas críticas para que jogo fique melhor .,2,30,9.4.7,2020-04-19 19:13:06
73,WolfPro,https://lh3.googleusercontent.com/a-/AOh14Gg3-YJxX79BE5hAv26y1kNO5LA-dd3aBah1L1KG,O jogo e MT bem desenvolvido mais acho q vcs tinham q facilitar o pedidos de amigos pq n e fácil como estar mas tirando isso e MT bom gostei MT do jogo 🆗,5,0,9.4.12,2020-05-30 19:08:27
74,Letícia Ananias Trancoso,https://lh3.googleusercontent.com/-7Pt6t1pr98w/AAAAAAAAAAI/AAAAAAAAAAA/AMZuucmPX63LqOYWwvgZ43ZYJKdgAzi1iQ/photo.jpg,"Jogo ótimo, o melhor que já joguei. Mas vocês poderiam diminuir os preços e dar a opção para tudo de comprar por moedas, e além disso,o jogo trava muito,o que dificulta pata jogar. Tirando isso é o melhor jogo que já joguei. Ótimo jogo. Vocês estão de parabéns!",5,13,9.4.6,2020-04-09 13:22:30
75,Luciano Cobein,https://lh3.googleusercontent.com/a-/AOh14GhDozPnV4o13f5Kg4TVyQMqF8xwY449cOcNyFHmFg,"Jogo muito bom e divertido gosto muito do gráfico dos monstros,são diferentes dos outros a forma de batalha tbm é bem interessante e olha que não sou fã de batalhas desse tipo mas esse jogo me conquistou fora o monstagram haha vou colecionar todos ^^ obrigado social point",5,8,9.4.9,2020-05-03 11:28:57
76,Joel Carlos Silva sousa Silva,https://lh3.googleusercontent.com/-uMiwGwxUY-M/AAAAAAAAAAI/AAAAAAAAAAA/AMZuuckW2t_s9z_KmDXyhM4C_Rx259wRJg/photo.jpg,"Esse jogo é muito legal no começo você compra um ovo, a gente tem que esperar o ovo chocar mas você pode fazer acelerar, quando o seu monstro chega ao nível 4 ele evolui, mas ele não é o seu primeiro monstro, quando você chega você já tem um monstro evoluido e com 2 monstros nível 4 você pode procriar e você choca você ganha mais 1 monstro e você pode participar em batalhas",5,10,9.4.6,2020-04-10 06:26:27
77,Albertina Salmoria,https://lh3.googleusercontent.com/--bpL399Y7nc/AAAAAAAAAAI/AAAAAAAAAAA/AMZuucn9EIRtHTGs0OMeHQaMClRLMZKL8g/photo.jpg,"Muito massa eu gostei do tema e de poder procriar e o estilo de batalha então eu acho que podia melhorar o estilo de batalha , sim eu sei eu elogiei o estilo de de batalha mas podia melhorar mas além disso tudo é massa",5,0,9.4.10,2020-05-15 14:04:20
78,Fernando Antônio,https://lh3.googleusercontent.com/a-/AOh14GgXA_Y_rIqkevfO5vnWuQ8_rpDNX11MFTodYtwDPg,"Eu gostaria que vcs devolvessem minha antiga conta, não sei pq ela sumiu, eu troquei de aparelho e minha conta não apareceu de volta, agora voltou tudo do começo dinovo, aí desanima, me ajudem por favor, eu já estava em um nível nem alto perdi todos os meus monstros.😔",1,12,9.4.11,2020-05-19 16:32:13
79,O MUNDO DOS GAMES,https://lh3.googleusercontent.com/a-/AOh14Gh51kPxD46V129-WwWMIxogtrPOEHLh3tEeShJYmQ,"é um otimo jogo! jogo há mais ou menos um mês , mais seus mizeraveis como que vcs colocam eu, pra gasta 30 mil de moedas e só vem nivel 100 pra cima com os meus de nivel 40 e nivel 30 seus filha da pulta!😒",4,0,9.4.11,2020-05-23 12:26:01
80,Guilherme Fritz,https://lh3.googleusercontent.com/-S7KMLQ5Bqwo/AAAAAAAAAAI/AAAAAAAAAAA/AMZuucnqa9Nlh20Vu6gzE_YmIIWCrZ-Xvw/photo.jpg,"Muito intuitivo e com uma boa interface, e claro uma boa história.",5,0,9.4.12,2020-05-29 10:15:51
81,Pudim Imp,https://lh3.googleusercontent.com/a-/AOh14Gg2Vj3RpXkfcK7Tvq2MOZGXAykvG-DD5ji2f1GHIQ,Cara mano... Oq eu mais temia aconteceu... O jogo se tornou totalmente pay to win cara existe a classe mítica q é a fodona do jogo mais pagar mais de 100 reais em um passe q te fornece 2 mítico e mtos benefícios é um absurdo mano eu jogo desde o Facebook e fico triste com oq o jogo se tornou.,3,3,9.4.9,2020-05-10 20:51:27
82,Alex Júnior,https://lh3.googleusercontent.com/a-/AOh14Gh2YoGpk3pVmpvIbZ0HzUZoYdbwMZp3wvNbM-9o4w,"Baixei o jogo recentemente e até então não tive problemas com ele.. porém do nada o jogo simplesmente parou de funcionar no meu celular (Moto G7 Play) eu entro no jogo e ele fica travado (não é internet, nem problema de desempenho do aparelho) não sei ao certo o por que disso ter acontecido",4,6,9.4.3,2020-03-22 22:28:03
83,Kauã_ V,https://lh3.googleusercontent.com/a-/AOh14GgdaHbsBS77V3JE0MYL45_ded2pgrJStohAmHjh3w,"Jogo muito bom, porém na ""Masmorra De Ouro e Comida"" vocês poderiam melhorar os itens que ganhamos nela, ou até mesmo só na roleta. Por que se a pessoa está com os monstros nível 60 (por aí) os prêmios da masmorra não ajudam na maioria das vezes Ex: Eu sou nível 85 com meus monstros e algumas recompensas não ajudam como o 2,5k de ouro e 2,5k de comida, por mais que a comida seja muito importante 2,5k é muito pouco ou até mesmo o ouro que que é outra coisa muito importante",5,4,9.4.9,2020-05-07 13:15:40
84,MarceloXD 10 #ツ,https://lh3.googleusercontent.com/a-/AOh14GiFcl5NvhT2s-ff0J8qQddcEIwXdVOZVGJ_0eNIyQ,"Muito bom o jogo vários eventos e promoções, mas precisa de atualizações muitas das vezes não conseguimos entra no jogo",5,0,9.4.12,2020-05-23 21:25:41
85,Vanessasousa Carneiro,https://lh3.googleusercontent.com/-JJZMoVzG2qw/AAAAAAAAAAI/AAAAAAAAAAA/AMZuuck8Ze8h4g38viNx5I1ybFsqKWrbhw/photo.jpg,"Simplesmente o melhor jogo de todos os tempos,mas eu acho que pra ficar melhor,as batalhas deveriam ser em tempo real,e os monstros ter mais de dois elementos,e tambem vocês da social point poderiam adicionar novos elementos no jogo,e ainda ter a opção de batalhas em duplas em tempo real!",5,43,9.4.6,2020-04-07 14:52:26
86,David Hilbert,https://lh3.googleusercontent.com/-KCORz6zNIAs/AAAAAAAAAAI/AAAAAAAAAAA/AMZuucknBmkq0K1bR8D3zS2wzQnHOkopQg/photo.jpg,"O jogo em si é bom mas a conexão com a internet é muito instavel, mesmo com uma boa internet onde consigo acessar qualquer função q precise dela, no jogo não consigo, desconecta toda hora e isso me prejudica muito, ultimamente tenho perdido incrivel nú.ero de recompensas por causa desse problema. E sinceramente já estou ficando com ódio a ponto de dar um hate no jogo.",3,9,9.4.3,2020-03-22 22:47:50
87,Isac Mota,https://lh3.googleusercontent.com/-QiHzAC3TE4U/AAAAAAAAAAI/AAAAAAAAAAA/AMZuuckHs_1SI_Dcm7FH-fr227nYUCxijQ/photo.jpg,"A social point tá forçando o povo a desinstalar o jogo, tá difícil de conseguir as coisas agora e com esse mítico ai pioro tudo, tá difícil de conseguir jóias agora pioro de vez, eu só quero ver o povo desinstalar esse jogo e a empresa se manifestar, o jogo todo é com dinheiro não dá assim, tem muitas pessoas que jogam o monster e não paga nada, ai meu amigo a social point só quer o dinheiro o povo, não tá nem aí pra ninguém",1,79,9.4.2,2020-03-08 12:48:07
88,Raphael Rapha,https://lh3.googleusercontent.com/-B9rzmqMCe7I/AAAAAAAAAAI/AAAAAAAAAAA/AMZuuckCEi4LJyN9mD87lb0EZFwnNv0k7A/photo.jpg,"Vim aqui mostrar minha indignação, primeiramente por tirarem o chat de suporte de dentro do jogo, segundo falar sobre o multi jogador, onde varias vezes eu apertava pra ir lutar e o jogo crashava fazendo com que eu perdesse sem ao menos lutar, e tbm sobre a roleta, pois quando finalmente entra, duelo ganho, mas quando vou girar a roleta da multiplayer indisponivel e nao ganho o premio. Sinceramente se nao arrumarem isso infelizmente é um adeus o jogo.",1,35,9.4.7,2020-04-12 16:17:06
89,Tiago Ferreira,https://lh3.googleusercontent.com/a-/AOh14GhBvnWFnypagphSjD9DXGKaxuETgqvTtRNeLsQw,Estarei dando 3 estrelas até arrumar o Monster Wood que para mim não aparece e já sou nível 22 e antigamente aparecia mal VC entrava no jogo como conta iniciante torna se aborrecido ver outros jogadores tendo mais vantagens que VC em relação as jóias.,3,2,9.4.9,2020-05-07 07:57:34
90,Pedro Craft Henrique Gomes Coutinho,https://lh3.googleusercontent.com/a-/AOh14GiaQDGZPTVyuYjG0ijoiTBlnILCePegI9ZQMpatFQ,Eu gosto muito do jogo mais eles tiraram a loja de videos dava varios intens e monstros legais agora ficou um pouco chato enquanto isso o jogo e legal,4,0,9.4.11,2020-05-18 11:51:08
91,bielzin mc,https://lh3.googleusercontent.com/-GzXSd8Ox8iM/AAAAAAAAAAI/AAAAAAAAAAA/AMZuucnSytWCszynIC3hDhtUu_pfd1-_lw/photo.jpg,"Mano ja joguei esse jogo a 4 anos atrás, voltei a jogar ontem eu uma coisa que vocês não arrumaram é a quantidade de resistencia no mínimo deveria ser 10 pq 4 não da para fazer nada, o jogo e ótimo só isso que estraga o jogo e muito, mudem isso por favor",2,5,9.4.7,2020-04-14 18:44:51
92,Dog Pedro1,https://lh3.googleusercontent.com/a-/AOh14Gial_4k_xnCpcheBvV4UoRA-6Tv1NyZbJaJzCta,"Definitivamente o melhor jogo de criação de monstros que já joguei! Gráficos legais, PvP divertido, só acho que as gemas são muito caras de comprar, deveria diminuir um pouco o preço! Parabéns pelo jogo.",5,6,9.4.7,2020-04-22 12:57:30
93,Foxythebr,https://lh3.googleusercontent.com/a-/AOh14GjA_5GnFj3Dk27HBuh9o-Jpk6wXMXFzL3uME27gPw,O jogo é incrível simplesmente incrível voce pode combinar monstros para ter um de planta e choque por exemplo e ótimo nao tem bugs incrivel👍🏻,5,0,9.4.12,2020-05-27 21:33:46
94,Denilson Pontes,https://lh3.googleusercontent.com/a-/AOh14GimKviBeOK0UOXd0GQv-7AbgpXViHbUwsMRNEhL,"jogo muito critivo e dinamico.,,. bom de mais,.,. aparentemente parecido com dragao cyti porem muito bom,..,",5,0,9.4.10,2020-05-15 22:47:33
95,Davy Alex,https://lh3.googleusercontent.com/a-/AOh14Gjjw5wgOR2rTUZqkswn8wTiJdk6PG3KwhXC_pdm,O jogo e otimo nao trava nada eu recomendo muito e tipo uma fisao de Dragom siti e poquemom e muito daora i eles trabalharao duro no jogo tem ilhas a jogabilidade e ótima muito bom.,5,2,9.4.10,2020-05-14 14:04:34
96,sandra lima,https://lh3.googleusercontent.com/-lEOLvqkSkPY/AAAAAAAAAAI/AAAAAAAAAAA/AMZuucmaltMGO1BCghv5oUn04p0turpGOw/photo.jpg,"Jogo horrível. Como que fazem um jogo que não dá para jogar? Eu entro nele e não saí dos 72% por cento. Eu quero jogar, mas não entra.",1,1,9.4.12,2020-05-27 13:20:11
97,Kitty Bell,https://lh3.googleusercontent.com/-HSH8OXiY7TY/AAAAAAAAAAI/AAAAAAAAAAA/AMZuuckfyWrRK3dqG36o66nZUHUvLSdn0w/photo.jpg,"O game é muito bom, excelentes gráficos,boa jogabilidade,prático... Além de conter um Tutorial fácil de entender. Recomendo,garanto que você terá uma grande experiência!",5,7,9.4.6,2020-04-04 14:14:48
98,lucas YT,https://lh3.googleusercontent.com/-uH-BXJ9G9kY/AAAAAAAAAAI/AAAAAAAAAAA/AMZuucnSqnur1AmGcnhoCpseI7iypFLk0w/photo.jpg,"Acho que seria muito bom se tivesse, no mapa de aventuras, uma explicação sobre como funciona a pontuação. Seria muito útil e ajudaria bastante os players a saberem como conseguir mais estrelas.",5,26,9.4.7,2020-04-20 12:59:36
99,Everaldo Ventura,https://lh3.googleusercontent.com/-QAWPNfShpYM/AAAAAAAAAAI/AAAAAAAAAAA/AMZuucnVHqG6r2tFTKXw2RIWJxSrsq_i8Q/photo.jpg,"Melhor jogo da vida. Mesmo com seus bugs e tals, perfeito.",5,0,9.4.11,2020-05-19 00:05:50
