,userName,userImage,content,score,thumbsUpCount,reviewCreatedVersion,at
0,Robert Rosa,https://lh3.googleusercontent.com/-hPBjvMJyDOc/AAAAAAAAAAI/AAAAAAAAAAA/AMZuucmF0TkwN6R5Vjbt0em1jRfgJrxL5Q/photo.jpg,"Bem, estou dando 5 estrelas pelo gráfico e pela jogabilidade e história que sempre foram muito bom. Porém de um tempo pra cá, não está dando pra jogar mais. Trava o tempo todo, não roda os bônus, não funciona mais. Eu amo esse jogo, mas por gentileza, convertem esses erros, ou então não terá como continuar jogando ok.",5,23,3.57.0,2020-05-06 19:49:57
1,Cindy Christal,https://lh3.googleusercontent.com/a-/AOh14Gg3stvKxBDVmgoNn7D2AoN6_QPVxZzZ6KZSzAySkQ,"Péssimo. Não instalem. Eu jogo desde o ano de 2018 e cada vez mais o jogo está ficando injusto com os jogadores. Os jogos da Murka tem muita desigualdade nos eventos, e eles não dão valor ao feedback do jogador. Estou decepcionada!",1,4,3.58.0,2020-05-29 00:33:58
2,WALTER COSTA,https://lh3.googleusercontent.com/a-/AOh14Giv_h8IXQ3vLC_1ZLDzup5TChbZtc9yWLcYu8iq,Já tinha mandado uma mensagem sobre o que aconteceu com minhas fases de 1677 e agora retornou pra primeira fase já desinstalei e instalei de novo e não volta minhas fases de muito tempo jogando acredito que não a outra pessoa que chegou nessa fase de 1678 fase agora deu defeito e estou na 1 fase ? Dureza....,1,19,3.56.0,2020-04-21 19:05:29
3,Flavio Rodrigues,https://lh3.googleusercontent.com/-NtBFFNvmD6I/AAAAAAAAAAI/AAAAAAAAAAA/AMZuucnFCXkPX2dnhcEBtYcwEtZ3w-D2UA/photo.jpg,Já dei 5 estrelas antes. Mais hoje não tá valendo nada. Estou no nível 246 a mais de três meses. Não ganho nada e não passo de nível. Já tentei voltar ao nível 01 e começar tudo de novo. Porém desinstalo e estalo novamente e nada acontece. Volta pro mesmo nível. Detalhes... Não estou logado com o jogo no Facebook. Por favor murka ajuda ai. Pq assim tá difícil!,2,7,3.57.0,2020-05-10 09:42:26
4,Rogerio Mercês,https://lh3.googleusercontent.com/a-/AOh14GglBNyR-xO6i6uYsqQD8-NJykXG6LzoE21GaxUE,"Estava com um problema, e o suporte prontamente me atendeu, e resolveu meu problema bem rápido, meus parabéns pelo atendimento.",5,1,3.57.0,2020-05-12 12:22:45
5,Joao Rodovalho batista,https://lh3.googleusercontent.com/-0dh28UELB94/AAAAAAAAAAI/AAAAAAAAAAA/AMZuucm1ghBA9wFNzMU8xHKpBWljra27ww/photo.jpg,"Pagar creditos em valores reais, pra ganhar valores virtuais. Vão todos tomar no cu! Bando de estelionatarios.",1,0,3.57.0,2020-05-21 00:41:16
6,Jeferson Souza,https://lh3.googleusercontent.com/-D_doMk5nCTM/AAAAAAAAAAI/AAAAAAAAAAA/AMZuuckxBg77r-6cg3xRcFfHAE4JPE4_ww/photo.jpg,Tá muito difícil o Jogo não paga nada! 8 meses jogando e não saio do nível 99 Por que nunca ganho nada .. Não desinstalei ainda por que não ocupa muito espaço....,1,7,3.56.0,2020-04-11 00:57:09
7,Marcelo Fernandes,https://lh3.googleusercontent.com/-59_iDjxRQEM/AAAAAAAAAAI/AAAAAAAAAAA/AMZuuckX7_LQxKwE4hSAb_EeZbNf8eXe7Q/photo.jpg,Ficou muito ruim este jogo estou restslando varias vezes ele parasempre no mesmo lugar esta de sacanagem Esse jogo nao esta dando creditos nenhum vcs tem que faciligar poxa o jo so se encontra travado ou seja nao dar nada,1,3,3.56.0,2020-04-28 16:39:51
8,Maria Natalícia Gomes,https://lh3.googleusercontent.com/-ot1DatjzR4Y/AAAAAAAAAAI/AAAAAAAAAAA/AMZuucn2Ei8QKyoN2ZCfUeJEWLeYc431Qg/photo.jpg,Estou muito triste antes acabava os meus créditos eu desinstalava e começava tudo de novo agora não dá mais. Vcs podiam deixar como antes ou dar bônus maiores.,1,23,3.56.0,2020-04-28 15:27:40
9,Luzinete Menezes,https://lh3.googleusercontent.com/-27Wif95gBWY/AAAAAAAAAAI/AAAAAAAAAAA/AMZuuckk7WAZegzKXv3ENs1IbwLVCAFHoA/photo.jpg,Por esse jogo ta travando muito as fazes extra não ta dzndo créditos ta ruim demais quero conseguir mais créditos altos pra min passar as fazes,2,10,3.56.0,2020-04-11 19:56:28
10,joão eduardo vieira de camargo,https://lh3.googleusercontent.com/a-/AOh14GhnjArwiKaoIqoaIsr3_d9kkGF4OY7d530rW0qt4Lo,Bons graficos e um bom divertimento,5,0,3.58.0,2020-05-23 19:34:23
11,Sérgio Souza,https://lh3.googleusercontent.com/-RgwepCVWxfg/AAAAAAAAAAI/AAAAAAAAAAA/AMZuucnf-_QgCC8566bJwRdkHz786jXxLg/photo.jpg,Porque não consigo baixar esse jogo Ele saiu do aplicativo Ou não existe mais,1,4,3.56.0,2020-05-24 18:33:49
12,Demétrio Pinheiro,https://lh3.googleusercontent.com/a-/AOh14GhwzPr1wKxJLBV435PT-xOpVfsF-2ZnYUr5_p7GiQ,"Está difícil de jogar o Scatter Slots. O jogo trava muito, nas rodadas normais e no Bônus Horário. Ganhei rolando Max Bet, Um Bilhão e quinhentos e setenta e um milhões. O jogo não contabilizou. Entrei em contato com o suporte várias vezes e não resolveram. Muito triste isso.",1,35,3.54.0,2020-02-10 10:50:51
13,Eduardo A. Vieira,https://lh3.googleusercontent.com/a-/AOh14GhC8OeTBCQevFQdp-y4-LsV-1tHhTDUYiCWBEcHUA,Não sei porquê eu gosto desse jogo Deve ser pelas músicas clássicas,5,1,3.56.0,2020-04-25 10:30:47
14,Francisco carlos costa,https://lh3.googleusercontent.com/-1isEbig1hJw/AAAAAAAAAAI/AAAAAAAAAAA/AMZuucnSjk4b7HniANrev4yEk-TZXAchIg/photo.jpg,"Não atualizou virou um lixo, agora se vc perder tem que comprar.",1,12,3.56.0,2020-05-01 20:13:50
15,Wagner Gonçalves de Oliveira,https://lh3.googleusercontent.com/-OIXRSIeCRzk/AAAAAAAAAAI/AAAAAAAAAAA/AMZuuckOM5dOdmNnLtlzBokg4sxqRZvepw/photo.jpg,"Gosto bastante desse jogo,..... só que está tendo um grande porém, está travando muito, .....eu vivo desinstalando e reinstalando do que jogando . Será que há uma solução para está melhorando? Sem mais , Sendo assim , Só agradece.",2,19,3.53.1,2020-01-30 23:34:02
16,Acosy,https://lh3.googleusercontent.com/a-/AOh14GgTMW8VFaaNbAORtu_io6AAjwO6gkZSCtykZRgB,"Estou no nível 46, conheci o jogo pela oferta que vcs fizeram no IMVU, de que se chegasse ao nível 32 ganhava 4k de créditos, mais achei viciante, ainda mais que agora eu descobri como passar de todas as fases com algumas combinações de tempo de click",5,13,3.50.1,2019-12-28 15:35:59
17,Alerson Cesar,https://lh3.googleusercontent.com/a-/AOh14Gj9Rj0poPoubrwbn-EfIS1ESlxTDDX6wIuv5pew2w,"Muito ruim enquanto vc ta em aposta baixa te paga um bom valor quando vc aumenta a aposta comeca a so tirar ate zerar pra vc ter q gastar dinheiro os bonus custam a vir e quando vem te pagam pouco cansei de desistalar e instalar de novo pra ver se melhora ,nao aconselho a baixar !!!",1,8,3.54.0,2020-03-04 10:49:02
18,televisao nove9,https://lh3.googleusercontent.com/a-/AOh14GhElWriAH-OIE-iGksTkJAMrNGTBcxC_1sbPerErA,"5 estrelas pelo suporte , mas ainda estou testando o jogo . Pelo menos vc é atendido.",5,0,3.56.0,2020-04-21 18:20:43
19,Caio Henrrique Dias,https://lh3.googleusercontent.com/-U11mopiR98U/AAAAAAAAAAI/AAAAAAAAAAA/AMZuuclm0DgMMy9kpUFv8uLSXYKdrQ6ToA/photo.jpg,Só acho que deveria ter mas opções para ganhar moedas sem ter que comprar !,5,0,3.55.0,2020-03-14 02:47:40
20,Marcos Vinicius Moreira Christo,https://lh3.googleusercontent.com/a-/AOh14GgdHkK0OM1wJDN4hlP0dlNs8hRNjkWwGOTDgA04Og,Por isso que eu digo estava com mais de mil e duzentos créditos mais ou menos no vinte cinco fui descansar um pouco e recarregar um pouco o celular quando fui voltar a jogar voltou para o início não compensa nada chegar em um nível para continuar ganhando e zera tudo qual a desculpa agora vcs não vão retonar de onde eu estava por isso eu dou nota zero já é difícil chegar nesse nível e ai vão zeran tudo pra mim começar de novo como fica é complicado esse regulamento parei vou até e xcluir ele,1,10,3.53.1,2020-02-06 03:39:27
21,Crys Cordeiro,https://lh3.googleusercontent.com/a-/AOh14Gg3wQLyqWqzZ6JZxhWlmvfeEYpMz_-bn3H-va7YIQ,"Bom jogo, ótimos gráficos. Vamos ver ao longo do tempo, então darei ou tirarei estrelinhas...",4,7,3.52.1,2020-01-25 17:31:26
22,Marcos Paulo Paulo,https://lh3.googleusercontent.com/-8FRm0daId1o/AAAAAAAAAAI/AAAAAAAAAAA/AMZuucnKnf2dmMQS4kCyyTMyCeWD51f-4w/photo.jpg,E muito bom mas estar travando muito tenho que reiniciar sempre e perco tudo o que tenho.,5,0,3.51.0,2020-03-10 18:39:05
23,Mario Augusto Pereira,https://lh3.googleusercontent.com/-6_0vGcJEFOo/AAAAAAAAAAI/AAAAAAAAAAA/AMZuucm9ytqhU0OkOEvddpRelrkDJHyDrg/photo.jpg,Tirando os gráficos. Jogo sem graça e nada emocionante. Acaba sendo enjoativo.,2,2,3.50.1,2019-12-25 20:24:23
24,Francisco Carvalho,https://lh3.googleusercontent.com/-waIGvcLBpQo/AAAAAAAAAAI/AAAAAAAAAAA/AMZuucmCKEWwylLWtcw5GBNYK0cBP_NGCQ/photo.jpg,Este jogo só chega a carregar 25%.,2,0,3.56.0,2020-04-22 03:58:42
25,Paulo Lima,https://lh3.googleusercontent.com/-AZxlbV9Cj3Y/AAAAAAAAAAI/AAAAAAAAAAA/AMZuuckCeP7C3AEbaMFLWX9hdDAcusDPEg/photo.jpg,"Porque não dá pra reiniciar esse jogo, antigamente dava,parem com essa frescura e deixem a gente joga, quero começar de novo e não tem como, além de não pagar nada, agora inventaram mais essa Obs; não precisa nem responder, já estou cansado das desculpinha esfarrapadas de vocês",1,0,,2020-05-31 17:31:45
26,Helio Henrique,https://lh3.googleusercontent.com/-4NmaBQgB884/AAAAAAAAAAI/AAAAAAAAAAA/AMZuuckfR9GIHOWn_lsxy5dUjrScthiFfA/photo.jpg,"Gostaria de saber como voltar ao inicio do jogo ? Estou instalando e comessa do nivel 119 onde perdi meus creditos todo. As fazes adiante sao dificeis. Gostaria de comecar do inicio novamente com12.000.00.Ha possibilidades? Gostaria de saber. Dou cinco estrelas,mas se podesse daria 1000000000000000000000000000.",5,1,,2020-04-30 20:02:43
27,Selso Oliveira,https://lh3.googleusercontent.com/-2vBopuQIjS4/AAAAAAAAAAI/AAAAAAAAAAA/AMZuucmnryeP67Kb8hisD8qCCV-r2mmzLw/photo.jpg,"Muito bom , excelente gráficos, muito bom mesmo.",5,0,3.54.0,2020-02-18 19:21:15
28,Pedroevaldeni Luna,https://lh3.googleusercontent.com/-CntqfCN0xkA/AAAAAAAAAAI/AAAAAAAAAAA/AMZuucn50-qPsealNWsIVSQDdlFSeevUjQ/photo.jpg,Boa noite...desista lei o jogo e reinstalei porém abre sempre na última fase que eu jogava fase 80 ...porque não abre na fase 1...,5,0,,2020-05-13 19:18:44
29,Topstrike1.6@gmail.com 2004 Tiago,https://lh3.googleusercontent.com/-4Mi1qRT5l1Q/AAAAAAAAAAI/AAAAAAAAAAA/AMZuucn0X1PYXUOSzKS0jC1JxAuc4wmLGQ/photo.jpg,Ainda agora saquei o jogo e ja bloqueou...nem ao 10 nivel chegou😓,1,2,3.52.1,2020-01-27 13:28:43
30,Nery Esteter,https://lh3.googleusercontent.com/-12efp2EKLKU/AAAAAAAAAAI/AAAAAAAAAAA/AMZuucks1YIeaeBcvs86jh8zUsT7W5vcsw/photo.jpg,"O jogo é muito bom, porém se joga somente em apostas máximas, não sai prêmios e o saldo acaba rápido, jogando com apostas menores sempre sai linhas boas ou mais free spins e bônus game",3,5,3.28.2,2018-11-14 11:30:56
31,Renato Medeiros,https://lh3.googleusercontent.com/a-/AOh14Gh-zlBsKM11b2HlgeiEfMsdnQY7ZGI0UIHto6TBAQ,"JOGO PODRE! Foi só eu faturar grátis 120 milhões de moedas que me tirou tudo rapidinho me deixando só com 28 mil sem poder jogar. Agora não vou comprar, pois sei que esse Slot mais tira do que dá! Aliás, ele não tira, ele DEPENA! 😢😂😂😂",5,9,3.46.0,2019-10-27 14:26:41
32,Marcelo de Souza Bittencourt,https://lh3.googleusercontent.com/-4vDkhffFBtE/AAAAAAAAAAI/AAAAAAAAAAA/AMZuucnQnyI2fkAek6Ept7oWuUpyEz3G2Q/photo.jpg,Esta travando sempre. Para voltar a atuar tem que desinstalar e perco todos os meus beneficios.,4,2,3.49.0,2019-12-12 13:36:14
33,Jackson Henrique,https://lh3.googleusercontent.com/a-/AOh14Gj7qCwO4p1JTukJFNf05t9eldLA4tIs2_shpc-img,"Eu adorei o jogo, principalmente por ganhar prêmios tao grandes. Porem precisa otimizar mais o app jogo ta consumindo muito bateria e as vezes da umas travadas.",5,27,3.34.1,2019-04-25 03:56:28
34,Edward Andrade,https://lh3.googleusercontent.com/a-/AOh14Gh8RR3qZlfX0wn-G4RcectEA4WyXozPrFZeIPw60VE,"Só uma resposta de vcs bem rápida , OK O que vcs ganham com a dificuldade imposta pelo jogo???",1,7,,2020-05-24 22:14:26
35,Moreno Fortinelly,https://lh3.googleusercontent.com/a-/AOh14Gh21dVL3Etq6T-Pb8J-fmwvUy_0LpP-CMhmTBiFBg,"Estou no IMVU completei o nv 51 e nao recebi os 17,048k de Coins. Alguem pode ajudar?",1,1,3.51.1,2020-01-21 18:38:16
36,Orestes Ferreira,https://lh3.googleusercontent.com/-4bLOp97Pmcg/AAAAAAAAAAI/AAAAAAAAAAA/AMZuuclIgwm3sBEk8t1oMDQZhRToMGCcmQ/photo.jpg,"Bom dia. bom servico. agradavel passatempo. Sempre tudo bem?hihihihihi. Grato. 06.09.2019. DESEJO há equipa de trabalho um bom fim de semana. 11.10.2019. Boa tarde, Srs. Programadores. A melhor fortuna é a paz e a saúde. Perdi a minha namorada no dia 26fev. Sois a minha companhia e apoio. PARABÉNS. Dinheiro é o mal de toda a sociedade. À coisas bem mais importantes a que ninguém sabe dar VALOR. É pena....... obrigado por tudo. 12.10.2o19.....(A minha namorada era desde 1972....). BOA NOITE E GRAT",5,4,3.45.0,2019-10-12 19:20:07
37,Um usuário do Google,https://lh3.googleusercontent.com/EGemoI2NTXmTsBVtJqk8jxF9rh8ApRWfsIMQSt2uE4OcpQqbFu7f7NbTK05lx80nuSijCz7sc3a277R67g,gostei muito do jogo. A criatividade das fases e gráficos são realmente impressiona. parabéns,5,0,,2019-03-19 18:37:36
38,Anabela Barbosa,https://lh3.googleusercontent.com/-HyynygNkKkQ/AAAAAAAAAAI/AAAAAAAAAAA/AMZuucnQgA0Gmg_i00VQ64Z-wCl-UXzcCA/photo.jpg,Dá poucos prémios. Gasta o nosso dinheiro num instante. Mas é muito bom e gosto muito,4,1,3.27.0,2018-10-20 08:01:35
39,LUKAS TAVARES designer,https://lh3.googleusercontent.com/a-/AOh14GiKsErvPEezJOZ4EUflHUvHFJxC4rM_3KZdHJsU1w,Gostei do jogo bem divertido ótimo passa tempo,5,0,3.58.1,2020-06-01 00:35:53
40,Wallace Trindade,https://lh3.googleusercontent.com/-k-DuoLQzvgY/AAAAAAAAAAI/AAAAAAAAAAA/AMZuucnce9iESE1DUMPY_cQqBpSNHUxIlg/photo.jpg,Muito bom mais quando chega no lv 44 o jogo trava não sei porque.,3,1,,2020-01-07 01:52:16
41,Karol Ana,https://lh3.googleusercontent.com/-kZGTqkclE-Y/AAAAAAAAAAI/AAAAAAAAAAA/AMZuucnh18e8DXWiXVopyX0gJW5D8juWYg/photo.jpg,Porcaris de game roba as miedas que se ganha. Desinstalando,1,0,,2020-04-21 21:02:55
42,Manuel Pires,https://lh3.googleusercontent.com/-NnTxbkpSWEE/AAAAAAAAAAI/AAAAAAAAAAA/AMZuuckJ5ilTI5F6KHsfhzQQZWx-19tsDA/photo.jpg,"Não tem lógica os prémios que dá, ex:aposta de 1000 e dá prémios de 80, melhorem isso um pouco",1,24,3.43.1,2019-10-05 21:14:10
43,Nunes Pereira,https://lh3.googleusercontent.com/-LO7cFM07kZM/AAAAAAAAAAI/AAAAAAAAAAA/AMZuucnJbJacS2OHpcVvaLUfexLy7IM0jg/photo.jpg,Como pode eu estar no nivel 129 e derrepente voltar para o nivel 82? Como se eu nao tivesse passado todos aquelas fazes?,1,0,3.45.0,2019-10-21 18:39:51
44,Um usuário do Google,https://lh3.googleusercontent.com/EGemoI2NTXmTsBVtJqk8jxF9rh8ApRWfsIMQSt2uE4OcpQqbFu7f7NbTK05lx80nuSijCz7sc3a277R67g,e otimo mais e só um jogo qualquer q não se ganha nada . e só um passa tempo mesmo.,3,9,3.33.0,2019-03-31 18:20:44
45,Luciene Maria De Lima Dantas,https://lh3.googleusercontent.com/a-/AOh14Ggq-Qf-_kJsCSQK83es8bvmMxp2lG1vAl3gO7yxdw,Muito legal jogo bom para correto não vejo nada do que fala que não presta e excelente,5,3,3.49.0,2019-12-23 09:44:43
46,Leonardo Sousa,https://lh3.googleusercontent.com/a-/AOh14GjR14HFax19sglBR_H6gm5cr3jrqklSgS-hSTFtFRE,"legalzinho mas não passa de um jogo automático, sem desafios... só relaxar.",4,5,3.32.0,2019-03-02 18:07:53
47,Patricia Alexandra Cardoso De Araujo,https://lh3.googleusercontent.com/a-/AOh14Gi7q5NcI0-galESawMvSVwKZFIx40JbnFiiKqTr,ADOREI!! Lindos gráficos. Um bom passatempo.,5,5,3.31.0,2019-02-05 19:40:17
48,Tiburtino Pereira,https://lh3.googleusercontent.com/-G2uCdaGFuJM/AAAAAAAAAAI/AAAAAAAAAAA/AMZuuclUw_Vyc2byjuLHE6EuVsYl-ruOyA/photo.jpg,Este e bem divertido so nao libera e o que vc ganha no jogo...,5,0,3.58.0,2020-05-30 05:21:48
49,Um usuário do Google,https://lh3.googleusercontent.com/EGemoI2NTXmTsBVtJqk8jxF9rh8ApRWfsIMQSt2uE4OcpQqbFu7f7NbTK05lx80nuSijCz7sc3a277R67g,estou no nivel trezentos e dez e agora e ganhava bônus alto vários diamantes agora só ganho três e baixou o bônus.oi porque se eu estou na fase 310 e lá no cantinho do slots na fase 25 esta cadeada eu tinha vários dias vip e agora vocês tiraram quando vocês atualizaram ve se me devolve os meus créditos não consegui mais passar as faces.,4,1,,2019-04-02 10:16:25
50,Joao Roberto Monteiro,https://lh3.googleusercontent.com/-CaymKH_ePHQ/AAAAAAAAAAI/AAAAAAAAAAA/AMZuucljTOVi2n76yuNpo49GeN8pWuwxkg/photo.jpg,tentei mas não entra da código de erro 910? tirei o caesar slot e mesmo assim continua! !,2,5,,2018-12-24 16:15:30
51,Granado Imóveis Litoral,https://lh3.googleusercontent.com/a-/AOh14Ghk_MF7CTYpu8RWPWfT-jnCIqwcTC5OfRZir-MA,Adoro Excelente o melhor slot que já joguei,5,0,3.50.1,2019-12-30 08:47:57
52,Carlos Albano Peixoto Figueira Henriques,https://lh3.googleusercontent.com/a-/AOh14GhLljOM3gw0wtzzsTomAjOBVLN2KBcBtQCeyW25yg,Jogo vom bom grafismo mas pouco apelativo. Miito repetitivo r ppuco aliciante no qie toca a prémios e bónus.,5,3,3.36.0,2019-06-07 12:55:48
53,elias medianeira dos santos,https://lh3.googleusercontent.com/a-/AOh14Gg6Cer6CyYz5JG70rsCiDwIWV4pWll7TlIRRIQihw,Só uma 🌟 porque ela não paga nada.....o bonus e difícil cair....arrumem isso dai do uma avaliação melhor,1,5,3.27.0,2018-10-15 10:32:25
54,José Arrilson,https://lh3.googleusercontent.com/-yGh7pQ2Vsss/AAAAAAAAAAI/AAAAAAAAAAA/AMZuucnbxjSHQkwMtDLBDH4jxUqU89Kkuw/photo.jpg,por favor gostaria muito atendido pois gosto muito desse jogo posso dizer. que estou viciado ele é o melhor com uma execào consome muito e paga pouco arrumem isso fazer o que se nao soluçao é poblema meu irmâo,5,6,3.34.1,2019-10-03 13:37:08
55,Clarice Clarice da Conceição de Jesus,https://lh3.googleusercontent.com/a-/AOh14GjMFWidmiFDVP78nEHfMZ3LgyAtcaV6Zhf1FhErUQ,esse jogo não tem como explicar as coisas em português não porque eu não estou entendendo nada vix😠da um jeito de bota em português,5,5,3.37.0,2019-06-18 10:53:09
56,Moacir Galego Galego,https://lh3.googleusercontent.com/-TT2FtQ2n-6E/AAAAAAAAAAI/AAAAAAAAAAA/AMZuuckxMMfNfbWNCbmha4RbbS8hsZVOfw/photo.jpg,Jogo bom só não consigo voltar no início do jogo,3,0,3.58.0,2020-05-27 18:06:29
57,Almir Pereira,https://lh3.googleusercontent.com/-pi23T3bonf4/AAAAAAAAAAI/AAAAAAAAAAA/AMZuucm_8acNFTwGpZwrxa8VuJTScK6tvg/photo.jpg,Estou jogando mas quando perco quero voltar no começo não da porque,1,0,3.58.0,2020-05-25 11:13:31
58,Um usuário do Google,https://lh3.googleusercontent.com/EGemoI2NTXmTsBVtJqk8jxF9rh8ApRWfsIMQSt2uE4OcpQqbFu7f7NbTK05lx80nuSijCz7sc3a277R67g,"Muito bom, podem baixar vcs iram gosta muito podem baixar, não tem anúncios",5,0,,2019-03-07 23:13:43
59,Antonio dos Reis dos Santos Reis,https://lh3.googleusercontent.com/a-/AOh14Gjk_cuqQXyF_HHq1zMNnDzQaGcg1nMomV5WFiBgyw,Estava ótimo mais travou e não abre,5,0,3.55.0,2020-03-17 13:25:14
60,francisca Bandeira,https://lh3.googleusercontent.com/-rBrhNv5NIFY/AAAAAAAAAAI/AAAAAAAAAAA/AMZuuckKdFfeOVn39qHoSvy-Hh0Umi3DzA/photo.jpg,Gostei desse jogo. Seu desenho gráfico é ótimo.,5,6,3.43.1,2019-10-04 17:40:52
61,Rosangela Santos,https://lh3.googleusercontent.com/-9v8BRIGSiIo/AAAAAAAAAAI/AAAAAAAAAAA/AMZuucmVvKir0B_B8GFC0Mr8cTQ0ofjKkg/photo.jpg,Eu queria saber porque quando eu desinstalo o jogo e baixo de novo ele volta pra mesma face e nao do comeco como antes,2,0,,2020-03-19 08:50:27
62,Danda,https://lh3.googleusercontent.com/a-/AOh14GgXKZ260j4jzSpLHS06DVZQH09yqmv1i43aUIvaVQ,"Muito bom , só seria melhor ter outras idiomas , tirando isso Maravilhoso",5,1,3.50.1,2019-12-27 15:31:22
63,Nielson Pekas,https://lh3.googleusercontent.com/-G3sCXNSolos/AAAAAAAAAAI/AAAAAAAAAAA/AMZuuckqAbFzanxbKKjZbulfoDPUuosbEw/photo.jpg,Otimo jogo!!! O melhor dessa categoria Graficos perfeitos!!!,5,9,3.48.1,2019-11-22 19:33:47
64,Marcelo Fernandes,https://lh3.googleusercontent.com/-BtOWminaHwo/AAAAAAAAAAI/AAAAAAAAAAA/AMZuucktkgzStZZ-RXzdkt0V9v5KKJ90gg/photo.jpg,está muito difícil vcs não estão facilitando nada facilita mas um pouco,5,0,3.43.0,2020-02-27 19:22:53
65,Elice Dos Santos,https://lh3.googleusercontent.com/-CKlZS0ApTPk/AAAAAAAAAAI/AAAAAAAAAAA/AMZuucnTNr3XEyATc0YQOAamRH0FVs0jlw/photo.jpg,O jogo é muito viciante,5,0,3.57.0,2020-05-21 11:53:29
66,Um usuário do Google,https://lh3.googleusercontent.com/EGemoI2NTXmTsBVtJqk8jxF9rh8ApRWfsIMQSt2uE4OcpQqbFu7f7NbTK05lx80nuSijCz7sc3a277R67g,bons graficos.bom jogo para te divertires.,4,13,3.32.0,2019-02-20 19:01:10
67,José Carlos da Silva,https://lh3.googleusercontent.com/a-/AOh14GiAX1VKz2Dc3WW58Ud9y5dPlRBN161lbSJ_qcACqQ,Jogo divertido Vamos ver o que acontece quando acabar os créditos!,5,2,3.30.0,2019-01-10 22:25:25
68,Roberto Benício,https://lh3.googleusercontent.com/-FCLjq9A1_Ug/AAAAAAAAAAI/AAAAAAAAAAA/AMZuuckUEd2tMdU2YPepYK5kJjxO2C2v6A/photo.jpg,Excelente temática.... adorei!,5,0,,2020-05-16 13:39:14
69,Rivanildo Almeida,https://lh3.googleusercontent.com/-L2rcpzhQjoc/AAAAAAAAAAI/AAAAAAAAAAA/AMZuuck8LyvxDlDqlyz-hgsrAbCpcrFkzQ/photo.jpg,Pode ficar melhor,5,0,3.57.0,2020-05-21 13:59:28
70,Victor arthur da silva,https://lh3.googleusercontent.com/a-/AOh14Gh8bYI0HaS8tWp2KLq3nbU4eyLmNfWU8lLZXMkQV00,Muito bom o jogo,4,0,3.58.0,2020-05-24 02:00:45
71,Ana Mendes,https://lh3.googleusercontent.com/a-/AOh14Gg4KDI3R4bafYj5Q2ZjnRwlLa-tIP8hE2dQovm9Ng,Bom jogo para passar o tempo e diferente pois tem objectivos,5,10,3.30.0,2018-12-30 13:11:15
72,Douglas Mucke,https://lh3.googleusercontent.com/-AfqrjGnm8kM/AAAAAAAAAAI/AAAAAAAAAAA/AMZuucmkRIjqbFq3jj-5ydAVG-YKYwqcVg/photo.jpg,gostei muito do jogo cheguei estar ganhando 350 milhões dai acabei perdendo tudo nota 10,5,1,,2018-12-31 17:28:28
73,Barao du que,https://lh3.googleusercontent.com/a-/AOh14GiPJyDVeJAnCWcgWMvHicRWgf8KbxvmLplKnFRpag,"Gostei por enquanto, poucas propagadas.",3,0,3.55.0,2020-03-10 10:33:51
74,Maria João Costa,https://lh3.googleusercontent.com/-UyTXaQqM9s4/AAAAAAAAAAI/AAAAAAAAAAA/AMZuuckvaH_l00U5271UKgsAS-4uKXhsuw/photo.jpg,Ainda agora comecei a jogar por isso não tenho uma ideia completamente formada mas lá chegarei...,5,0,3.47.0,2019-11-09 08:49:27
75,Luciano Pimentel,https://lh3.googleusercontent.com/a-/AOh14GgKaLljIyaYRhNipBrpZGxsQ7au7dbqL2K3QZBw,"jogo excelente, tem uma falha ou outra, sem propagandas, recomendo.",5,2,3.30.0,2019-01-20 19:36:12
76,Alirio Ventura,https://lh3.googleusercontent.com/-pU_EQ1MNuRs/AAAAAAAAAAI/AAAAAAAAAAA/AMZuuclXP3sP5O6fkvupyGlSKa_BDdcxCg/photo.jpg,Ótimo mais tá travando,5,0,3.55.0,2020-03-25 08:58:06
77,Antonio Lucio Morais Da Silva Lucio Morais,https://lh3.googleusercontent.com/-26Lb9A26Kfs/AAAAAAAAAAI/AAAAAAAAAAA/AMZuuclxfHj1MGsp-UgobFsLfbyFCliBoA/photo.jpg,Top depois que baixei não paro mais de joga,5,0,3.56.0,2020-04-23 21:05:08
78,Patricia Fontes,https://lh3.googleusercontent.com/-Ot8uAbpaS2o/AAAAAAAAAAI/AAAAAAAAAAA/AMZuuckXBzUB6YR1w9sJOjqEXtqbTKIafA/photo.jpg,Eu adoro este jogo é pena não dá dinheiro verdadeiro.,5,0,,2020-05-24 15:51:02
79,kide mumu,https://lh3.googleusercontent.com/-EpTXVhMmtIc/AAAAAAAAAAI/AAAAAAAAAAA/AMZuuclIrrp-xUK8gAQuULGhovGESKW_qQ/photo.jpg,muito bom só queria poder levar esse dinheiro será a teria como,5,5,3.34.0,2019-04-18 15:48:17
80,Paulo Zoran,https://lh3.googleusercontent.com/a-/AOh14GjvOwqkbl4Bl6z6LoFwBsCaf4bFn7v_m5YXBrvdXA,ótimo passa tempo,5,0,3.58.0,2020-05-25 01:33:45
81,Antonio Carlos Conceição,https://lh3.googleusercontent.com/a-/AOh14GiXdP7RX4OZcgmJEHC1w4WLR5uE4VJRPmBasP9y,"Ótimo jogo,parabéns.",5,0,3.56.0,2020-04-21 11:10:00
82,Ilidio Pinho,https://lh3.googleusercontent.com/a-/AOh14GjlqCqChAOg0TxPs_FYGE3a8yEyhGYpUuyrnp1ZLA,Bom jogo para passar o tempo,5,0,3.56.0,2020-04-22 12:21:05
83,Jorge Fonseca,https://lh3.googleusercontent.com/-PGnci6XcmIg/AAAAAAAAAAI/AAAAAAAAAAA/AMZuuclLcmfPmkjWfV3esGx4n66EEWeqmg/photo.jpg,É porreiro 😎 mas dá poucas moedas,5,0,3.56.0,2020-04-04 04:47:01
84,simone mania de chinelos,https://lh3.googleusercontent.com/a-/AOh14GjPv1y1xiLI0Mo2ngL1dh2pLoLD5vtKeTecncUWtQ8,simplismente top melhor jogo topppppp,5,19,3.57.0,2020-05-17 17:47:19
85,Paulo Mendes,https://lh3.googleusercontent.com/-8be0C4N_CGU/AAAAAAAAAAI/AAAAAAAAAAA/AMZuuclV1E5tnoAilmrc6XyFwh6_Ppw-Kg/photo.jpg,Porque esta travando?,5,0,3.55.0,2020-03-13 21:13:32
86,Duda Souza,https://lh3.googleusercontent.com/-SMQq9NFvZJA/AAAAAAAAAAI/AAAAAAAAAAA/AMZuucnlpW5WbFULsMdM-LtLCmXpqk7bOQ/photo.jpg,O jogo e ótimo,5,0,3.56.0,2020-04-27 15:36:36
87,Mario Duarte,https://lh3.googleusercontent.com/-w8b8VqrIILs/AAAAAAAAAAI/AAAAAAAAAAA/AMZuuck4IxPZ7n0g9e53O-zMHZOukzFKLQ/photo.jpg,Jogo muito bom,4,0,3.55.0,2020-03-13 06:46:20
88,Regina Xavier,https://lh3.googleusercontent.com/-tkeNWymoS-w/AAAAAAAAAAI/AAAAAAAAAAA/AMZuuckoYmMtqF9kbaEximwu2Q96wnZJ6w/photo.jpg,O jogo e otimo parabéns,5,0,3.56.0,2020-04-20 14:52:39
89,Maria Ivanete Ruaro,https://lh3.googleusercontent.com/-ZeSBmo8VGqU/AAAAAAAAAAI/AAAAAAAAAAA/AMZuucnCGEKuIq309qZ01wW3zXx88SMCpg/photo.jpg,gosto muito deste jogo,5,2,3.55.0,2020-03-26 17:31:03
90,Claudio Gomes,https://lh3.googleusercontent.com/-Rk3f0eYLIVc/AAAAAAAAAAI/AAAAAAAAAAA/AMZuucnAydZhW0dPqKwgVVds4rpBFKCCtg/photo.jpg,Gostei muito parabéns,5,0,3.56.0,2020-04-27 02:32:14
91,benhur Medina,https://lh3.googleusercontent.com/-C3tn_UlM0Ho/AAAAAAAAAAI/AAAAAAAAAAA/AMZuucmaaMHPPDEzcTT8PSCMoD5mzpWcDg/photo.jpg,poderia travar menos. o jogo é muito bom,5,1,3.38.0,2019-07-19 07:53:42
92,Adalto Avelino,https://lh3.googleusercontent.com/a-/AOh14GjyAdzq8oAGZy6KfugZLqspiqJTT-wNCOKeQ-YrEmQ,"Um, Passa Tempo Bastante Real. kkkkk.",3,1,3.39.0,2019-07-28 20:11:27
93,Wellington Sousa,https://lh3.googleusercontent.com/-fsjQnkW1HF0/AAAAAAAAAAI/AAAAAAAAAAA/AMZuuclN0wBaAFCEuGNECvItCfAIggcx8Q/photo.jpg,Toppp o melhor jogo,5,0,3.55.0,2020-03-16 16:19:53
94,Paulo Dias Nogueira,https://lh3.googleusercontent.com/-cNW7dSzUm9s/AAAAAAAAAAI/AAAAAAAAAAA/AMZuucmyPhnAofLBymmNpmH5GTyR5E3Ajg/photo.jpg,Gosto de MUITAS diversão,5,0,3.56.0,2020-04-26 18:11:11
95,Ronaldo Alves,https://lh3.googleusercontent.com/-RP6gu6pAO8A/AAAAAAAAAAI/AAAAAAAAAJA/AMZuuck_zccGZbRDuXCHQ1kNRfm9CksY9g/photo.jpg,"Estava ótimo,mas está abrindo e desligando",2,21,3.29.1,2018-12-06 21:53:29
96,Eloisio Alves,https://lh3.googleusercontent.com/-p64kkC1_2ic/AAAAAAAAAAI/AAAAAAAAAAA/AMZuuck1r4TJfPYqoUnf9XZuMeBmVYE2sQ/photo.jpg,Simplesmente magnífico estão de parabéns.,5,1,,2018-09-15 18:22:53
97,Priscila Bittencurt,https://lh3.googleusercontent.com/a-/AOh14GjktiByMAc6_TZ-Vr9Zq96kHYXkJ5026Ntqmo10kg,Adorei muito bom o jogo era pra ter jogos iguais a este..,5,0,3.46.0,2019-10-23 11:30:40
98,Um usuário do Google,https://lh3.googleusercontent.com/EGemoI2NTXmTsBVtJqk8jxF9rh8ApRWfsIMQSt2uE4OcpQqbFu7f7NbTK05lx80nuSijCz7sc3a277R67g,Bom jogo obrigado,5,0,3.55.0,2020-03-21 17:31:20
99,Carlos Sanches,https://lh3.googleusercontent.com/a-/AOh14Gi_RLKZe8G3pfPkygnf2t3nicPWVo9FLexFYLbjMw,"muito bom, mas quando acaba o crédito já era.",4,0,,2019-05-24 11:35:28
